{"tk8hm5fcel":{"type":"new","id":"tk8hm5fcel","color":"#d4dde4","size":27,"x":203,"y":356.5,"tool":"Text","time":1585762666095,"txt":"hdjsns"},"tk8hm5gw2g":{"type":"new","id":"tk8hm5gw2g","color":"#d4dde4","size":27,"x":239,"y":374.5,"tool":"Text","time":1585762668101,"txt":"djdkkd"},"tk8hm5id5i":{"type":"new","id":"tk8hm5id5i","color":"#d4dde4","size":27,"x":320,"y":277.5,"tool":"Text","time":1585762670008,"txt":"dhdhd"},"tk8hm5k4qz":{"type":"new","id":"tk8hm5k4qz","color":"#d4dde4","size":27,"x":138,"y":228.5,"tool":"Text","time":1585762672304,"txt":"ehehdh"},"tk8hm5luc0":{"type":"new","id":"tk8hm5luc0","color":"#d4dde4","size":27,"x":138,"y":269,"tool":"Text","time":1585762674518,"txt":""},"rk8hm5pjhd":{"type":"rect","id":"rk8hm5pjhd","color":"#d4dde4","size":10,"x":126,"y":446,"x2":342,"y2":623,"tool":"Rectangle","time":1585762679298},"sk8hm5shna":{"type":"straight","id":"sk8hm5shna","color":"#d4dde4","size":10,"x":160,"y":436,"tool":"Straight line","time":1585762683131,"x2":302,"y2":194},"sk8hm5t9ip":{"type":"straight","id":"sk8hm5t9ip","color":"#d4dde4","size":10,"x":306,"y":493,"tool":"Straight line","time":1585762684132,"x2":206,"y2":209},"sk8hm5u82j":{"type":"straight","id":"sk8hm5u82j","color":"#d4dde4","size":10,"x":222,"y":730,"tool":"Straight line","time":1585762685379,"x2":302,"y2":409},"sk8hm5v03b":{"type":"straight","id":"sk8hm5v03b","color":"#d4dde4","size":10,"x":316,"y":764,"tool":"Straight line","time":1585762686389,"x2":172,"y2":470},"sk8hm5vsbb":{"type":"straight","id":"sk8hm5vsbb","color":"#d4dde4","size":10,"x":156,"y":798,"tool":"Straight line","time":1585762687403,"x2":296,"y2":533},"sk8hm5xpod":{"type":"straight","id":"sk8hm5xpod","color":"#d4dde4","size":10,"x":305,"y":798,"tool":"Straight line","time":1585762689934,"x2":305,"y2":798}}