{"sjp5wstz72":{"type":"straight","id":"sjp5wstz72","color":"#ffdc00","size":10,"x":163,"y":143,"tool":"Straight line","time":1543696099970,"x2":392,"y2":146},"sjp5wsv2qk":{"type":"straight","id":"sjp5wsv2qk","color":"#ffdc00","size":10,"x":399,"y":148,"tool":"Straight line","time":1543696101395,"x2":258,"y2":343},"sjp5wsvxps":{"type":"straight","id":"sjp5wsvxps","color":"#ffdc00","size":10,"x":254,"y":342,"tool":"Straight line","time":1543696102509,"x2":127,"y2":271},"sjp5wswkou":{"type":"straight","id":"sjp5wswkou","color":"#ffdc00","size":10,"x":126,"y":275,"tool":"Straight line","time":1543696103336,"x2":138,"y2":460},"sjp5wsx7wx":{"type":"straight","id":"sjp5wsx7wx","color":"#ffdc00","size":10,"x":133,"y":452,"tool":"Straight line","time":1543696104170,"x2":363,"y2":534},"sjp5wsxvln":{"type":"straight","id":"sjp5wsxvln","color":"#ffdc00","size":10,"x":349,"y":532,"tool":"Straight line","time":1543696105025,"x2":408,"y2":359},"sjp5wsyj8f":{"type":"straight","id":"sjp5wsyj8f","color":"#ffdc00","size":10,"x":398,"y":358,"tool":"Straight line","time":1543696105881,"x2":166,"y2":205},"sjp5wsz72n":{"type":"straight","id":"sjp5wsz72n","color":"#ffdc00","size":10,"x":163,"y":138,"tool":"Straight line","time":1543696106735,"x2":168,"y2":188},"sjp5wt3h7c":{"type":"straight","id":"sjp5wt3h7c","color":"#ffdc00","size":29,"x":151,"y":65,"tool":"Straight line","time":1543696112283,"x2":337,"y2":533}}