{"lk8emvwdee":{"type":"line","id":"lk8emvwdee","color":"#3d9970","size":10,"tool":"Pencil","time":1585582507664,"_children":[{"type":"child","parent":"lk8emvwdee","x":264,"y":172,"tool":"Pencil"},{"type":"child","parent":"lk8emvwdee","x":279,"y":205,"tool":"Pencil"},{"type":"child","parent":"lk8emvwdee","x":287,"y":280,"tool":"Pencil"},{"type":"child","parent":"lk8emvwdee","x":288,"y":307,"tool":"Pencil"},{"type":"child","parent":"lk8emvwdee","x":289,"y":311,"tool":"Pencil"},{"type":"child","parent":"lk8emvwdee","x":340,"y":309,"tool":"Pencil"},{"type":"child","parent":"lk8emvwdee","x":604,"y":308,"tool":"Pencil"},{"type":"child","parent":"lk8emvwdee","x":729,"y":313,"tool":"Pencil"},{"type":"child","parent":"lk8emvwdee","x":742,"y":315,"tool":"Pencil"},{"type":"child","parent":"lk8emvwdee","x":747,"y":255,"tool":"Pencil"},{"type":"child","parent":"lk8emvwdee","x":733,"y":224,"tool":"Pencil"},{"type":"child","parent":"lk8emvwdee","x":730,"y":216,"tool":"Pencil"},{"type":"child","parent":"lk8emvwdee","x":729,"y":216,"tool":"Pencil"},{"type":"child","parent":"lk8emvwdee","x":670,"y":222,"tool":"Pencil"},{"type":"child","parent":"lk8emvwdee","x":561,"y":222,"tool":"Pencil"},{"type":"child","parent":"lk8emvwdee","x":484,"y":216,"tool":"Pencil"},{"type":"child","parent":"lk8emvwdee","x":433,"y":210,"tool":"Pencil"},{"type":"child","parent":"lk8emvwdee","x":399,"y":202,"tool":"Pencil"},{"type":"child","parent":"lk8emvwdee","x":386,"y":196,"tool":"Pencil"},{"type":"child","parent":"lk8emvwdee","x":370,"y":180,"tool":"Pencil"},{"type":"child","parent":"lk8emvwdee","x":350,"y":161,"tool":"Pencil"},{"type":"child","parent":"lk8emvwdee","x":336,"y":156,"tool":"Pencil"},{"type":"child","parent":"lk8emvwdee","x":312,"y":158,"tool":"Pencil"},{"type":"child","parent":"lk8emvwdee","x":298,"y":161,"tool":"Pencil"},{"type":"child","parent":"lk8emvwdee","x":286,"y":163,"tool":"Pencil"},{"type":"child","parent":"lk8emvwdee","x":281,"y":164,"tool":"Pencil"},{"type":"child","parent":"lk8emvwdee","x":273,"y":164,"tool":"Pencil"},{"type":"child","parent":"lk8emvwdee","x":268,"y":164,"tool":"Pencil"},{"type":"child","parent":"lk8emvwdee","x":267,"y":164,"tool":"Pencil"},{"type":"child","parent":"lk8emvwdee","x":264,"y":165,"tool":"Pencil"},{"type":"child","parent":"lk8emvwdee","x":260,"y":168,"tool":"Pencil"},{"type":"child","parent":"lk8emvwdee","x":259,"y":168,"tool":"Pencil"},{"type":"child","parent":"lk8emvwdee","x":259,"y":170,"tool":"Pencil"},{"type":"child","parent":"lk8emvwdee","x":261,"y":171,"tool":"Pencil"},{"type":"child","parent":"lk8emvwdee","x":262,"y":171,"tool":"Pencil"},{"type":"child","parent":"lk8emvwdee","x":262,"y":171,"tool":"Pencil"}]},"lk8emvzijp":{"type":"line","id":"lk8emvzijp","color":"#3d9970","size":10,"tool":"Pencil","time":1585582511733,"_children":[{"type":"child","parent":"lk8emvzijp","x":921,"y":136,"tool":"Pencil"},{"type":"child","parent":"lk8emvzijp","x":924,"y":170,"tool":"Pencil"},{"type":"child","parent":"lk8emvzijp","x":939,"y":319,"tool":"Pencil"},{"type":"child","parent":"lk8emvzijp","x":957,"y":425,"tool":"Pencil"},{"type":"child","parent":"lk8emvzijp","x":965,"y":463,"tool":"Pencil"},{"type":"child","parent":"lk8emvzijp","x":967,"y":463,"tool":"Pencil"},{"type":"child","parent":"lk8emvzijp","x":1066,"y":452,"tool":"Pencil"},{"type":"child","parent":"lk8emvzijp","x":1269,"y":447,"tool":"Pencil"},{"type":"child","parent":"lk8emvzijp","x":1297,"y":447,"tool":"Pencil"}]},"lk8emw0its":{"type":"line","id":"lk8emw0its","color":"#3d9970","size":10,"tool":"Pencil","time":1585582513039,"_children":[{"type":"child","parent":"lk8emw0its","x":1253,"y":410,"tool":"Pencil"},{"type":"child","parent":"lk8emw0its","x":1260,"y":412,"tool":"Pencil"},{"type":"child","parent":"lk8emw0its","x":1310,"y":439,"tool":"Pencil"},{"type":"child","parent":"lk8emw0its","x":1334,"y":452,"tool":"Pencil"},{"type":"child","parent":"lk8emw0its","x":1338,"y":456,"tool":"Pencil"},{"type":"child","parent":"lk8emw0its","x":1320,"y":460,"tool":"Pencil"},{"type":"child","parent":"lk8emw0its","x":1302,"y":469,"tool":"Pencil"},{"type":"child","parent":"lk8emw0its","x":1297,"y":473,"tool":"Pencil"}]},"lk8emw1rt2":{"type":"line","id":"lk8emw1rt2","color":"#3d9970","size":10,"tool":"Pencil","time":1585582514659,"_children":[{"type":"child","parent":"lk8emw1rt2","x":882,"y":157,"tool":"Pencil"},{"type":"child","parent":"lk8emw1rt2","x":887,"y":153,"tool":"Pencil"},{"type":"child","parent":"lk8emw1rt2","x":913,"y":119,"tool":"Pencil"},{"type":"child","parent":"lk8emw1rt2","x":916,"y":105,"tool":"Pencil"},{"type":"child","parent":"lk8emw1rt2","x":916,"y":103,"tool":"Pencil"},{"type":"child","parent":"lk8emw1rt2","x":929,"y":122,"tool":"Pencil"},{"type":"child","parent":"lk8emw1rt2","x":936,"y":127,"tool":"Pencil"},{"type":"child","parent":"lk8emw1rt2","x":944,"y":133,"tool":"Pencil"},{"type":"child","parent":"lk8emw1rt2","x":952,"y":138,"tool":"Pencil"},{"type":"child","parent":"lk8emw1rt2","x":956,"y":140,"tool":"Pencil"},{"type":"child","parent":"lk8emw1rt2","x":958,"y":143,"tool":"Pencil"},{"type":"child","parent":"lk8emw1rt2","x":959,"y":144,"tool":"Pencil"}]},"lk8emw35su":{"type":"line","id":"lk8emw35su","color":"#3d9970","size":10,"tool":"Pencil","time":1585582516460,"_children":[{"type":"child","parent":"lk8emw35su","x":918,"y":47,"tool":"Pencil"},{"type":"child","parent":"lk8emw35su","x":920,"y":48,"tool":"Pencil"},{"type":"child","parent":"lk8emw35su","x":932,"y":64,"tool":"Pencil"},{"type":"child","parent":"lk8emw35su","x":947,"y":67,"tool":"Pencil"},{"type":"child","parent":"lk8emw35su","x":960,"y":64,"tool":"Pencil"},{"type":"child","parent":"lk8emw35su","x":970,"y":57,"tool":"Pencil"},{"type":"child","parent":"lk8emw35su","x":974,"y":55,"tool":"Pencil"}]},"lk8emw3r15":{"type":"line","id":"lk8emw3r15","color":"#3d9970","size":10,"tool":"Pencil","time":1585582517222,"_children":[{"type":"child","parent":"lk8emw3r15","x":967,"y":39,"tool":"Pencil"},{"type":"child","parent":"lk8emw3r15","x":970,"y":51,"tool":"Pencil"},{"type":"child","parent":"lk8emw3r15","x":982,"y":112,"tool":"Pencil"},{"type":"child","parent":"lk8emw3r15","x":984,"y":121,"tool":"Pencil"}]},"lk8emw4mpw":{"type":"line","id":"lk8emw4mpw","color":"#3d9970","size":10,"tool":"Pencil","time":1585582518363,"_children":[{"type":"child","parent":"lk8emw4mpw","x":1334,"y":394,"tool":"Pencil"},{"type":"child","parent":"lk8emw4mpw","x":1381,"y":427,"tool":"Pencil"},{"type":"child","parent":"lk8emw4mpw","x":1412,"y":450,"tool":"Pencil"},{"type":"child","parent":"lk8emw4mpw","x":1412,"y":451,"tool":"Pencil"}]},"lk8emw52ko":{"type":"line","id":"lk8emw52ko","color":"#3d9970","size":10,"tool":"Pencil","time":1585582518937,"_children":[{"type":"child","parent":"lk8emw52ko","x":1381,"y":436,"tool":"Pencil"},{"type":"child","parent":"lk8emw52ko","x":1381,"y":436,"tool":"Pencil"},{"type":"child","parent":"lk8emw52ko","x":1366,"y":455,"tool":"Pencil"},{"type":"child","parent":"lk8emw52ko","x":1357,"y":465,"tool":"Pencil"}]}}