{"rjpod6ipgt":{"type":"rect","id":"rjpod6ipgt","color":"#001f3f","size":10,"x":241,"y":191,"x2":533,"y2":400,"tool":"Rectangle","time":1544812003667},"rjpod6jd6v":{"type":"rect","id":"rjpod6jd6v","color":"#001f3f","size":10,"x":478,"y":322,"x2":762,"y2":609,"tool":"Rectangle","time":1544812004535},"sjpod70kl6":{"type":"straight","id":"sjpod70kl6","color":"#001f3f","size":10,"x":644,"y":228,"tool":"Straight line","time":1544812026824,"x2":1187,"y2":376},"sjpod71zcx":{"type":"straight","id":"sjpod71zcx","color":"#001f3f","size":10,"x":1157,"y":349,"tool":"Straight line","time":1544812028645,"x2":1198,"y2":381},"sjpod72lsb":{"type":"straight","id":"sjpod72lsb","color":"#001f3f","size":10,"x":1186,"y":385,"tool":"Straight line","time":1544812029448,"x2":1150,"y2":387},"sjpod74ofj":{"type":"straight","id":"sjpod74ofj","color":"#001f3f","size":10,"x":668,"y":702,"tool":"Straight line","time":1544812032135,"x2":1166,"y2":595},"sjpod75nr2":{"type":"straight","id":"sjpod75nr2","color":"#001f3f","size":10,"x":1109,"y":583,"tool":"Straight line","time":1544812033409,"x2":1168,"y2":596},"sjpod767t7":{"type":"straight","id":"sjpod767t7","color":"#001f3f","size":10,"x":1162,"y":603,"tool":"Straight line","time":1544812034130,"x2":1127,"y2":665},"sjpod76ygq":{"type":"straight","id":"sjpod76ygq","color":"#001f3f","size":10,"x":960,"y":524,"tool":"Straight line","time":1544812035088,"x2":1292,"y2":497},"sjpod77gtx":{"type":"straight","id":"sjpod77gtx","color":"#001f3f","size":10,"x":1242,"y":484,"tool":"Straight line","time":1544812035751,"x2":1290,"y2":491},"sjpod78rie":{"type":"straight","id":"sjpod78rie","color":"#001f3f","size":10,"x":1291,"y":498,"tool":"Straight line","time":1544812037429,"x2":1265,"y2":530},"ljpod7ajmd":{"type":"line","id":"ljpod7ajmd","color":"#001f3f","size":10,"tool":"Pencil","time":1544812039745,"_children":[{"type":"child","parent":"ljpod7ajmd","x":235,"y":743,"tool":"Pencil"},{"type":"child","parent":"ljpod7ajmd","x":318,"y":722,"tool":"Pencil"},{"type":"child","parent":"ljpod7ajmd","x":462,"y":691,"tool":"Pencil"},{"type":"child","parent":"ljpod7ajmd","x":488,"y":683,"tool":"Pencil"},{"type":"child","parent":"ljpod7ajmd","x":528,"y":675,"tool":"Pencil"},{"type":"child","parent":"ljpod7ajmd","x":531,"y":673,"tool":"Pencil"},{"type":"child","parent":"ljpod7ajmd","x":534,"y":673,"tool":"Pencil"}]},"ljpod7bj7b":{"type":"line","id":"ljpod7bj7b","color":"#001f3f","size":10,"tool":"Pencil","time":1544812041020,"_children":[{"type":"child","parent":"ljpod7bj7b","x":486,"y":665,"tool":"Pencil"},{"type":"child","parent":"ljpod7bj7b","x":507,"y":668,"tool":"Pencil"},{"type":"child","parent":"ljpod7bj7b","x":523,"y":668,"tool":"Pencil"},{"type":"child","parent":"ljpod7bj7b","x":523,"y":668,"tool":"Pencil"}]},"ljpod7c4l6":{"type":"line","id":"ljpod7c4l6","color":"#001f3f","size":10,"tool":"Pencil","time":1544812041789,"_children":[{"type":"child","parent":"ljpod7c4l6","x":520,"y":693,"tool":"Pencil"},{"type":"child","parent":"ljpod7c4l6","x":535,"y":672,"tool":"Pencil"},{"type":"child","parent":"ljpod7c4l6","x":537,"y":668,"tool":"Pencil"},{"type":"child","parent":"ljpod7c4l6","x":538,"y":663,"tool":"Pencil"}]},"ljpod7edu7":{"type":"line","id":"ljpod7edu7","color":"#001f3f","size":10,"tool":"Pencil","time":1544812044716,"_children":[{"type":"child","parent":"ljpod7edu7","x":390,"y":501,"tool":"Pencil"},{"type":"child","parent":"ljpod7edu7","x":430,"y":462,"tool":"Pencil"},{"type":"child","parent":"ljpod7edu7","x":473,"y":416,"tool":"Pencil"},{"type":"child","parent":"ljpod7edu7","x":473,"y":415,"tool":"Pencil"},{"type":"child","parent":"ljpod7edu7","x":473,"y":411,"tool":"Pencil"},{"type":"child","parent":"ljpod7edu7","x":472,"y":406,"tool":"Pencil"}]},"ljpod7fali":{"type":"line","id":"ljpod7fali","color":"#001f3f","size":10,"tool":"Pencil","time":1544812045894,"_children":[{"type":"child","parent":"ljpod7fali","x":451,"y":413,"tool":"Pencil"},{"type":"child","parent":"ljpod7fali","x":455,"y":413,"tool":"Pencil"},{"type":"child","parent":"ljpod7fali","x":468,"y":409,"tool":"Pencil"},{"type":"child","parent":"ljpod7fali","x":478,"y":409,"tool":"Pencil"}]},"ljpod7fqeq":{"type":"line","id":"ljpod7fqeq","color":"#001f3f","size":10,"tool":"Pencil","time":1544812046462,"_children":[{"type":"child","parent":"ljpod7fqeq","x":476,"y":417,"tool":"Pencil"},{"type":"child","parent":"ljpod7fqeq","x":474,"y":441,"tool":"Pencil"},{"type":"child","parent":"ljpod7fqeq","x":473,"y":452,"tool":"Pencil"},{"type":"child","parent":"ljpod7fqeq","x":472,"y":454,"tool":"Pencil"},{"type":"child","parent":"ljpod7fqeq","x":468,"y":461,"tool":"Pencil"},{"type":"child","parent":"ljpod7fqeq","x":457,"y":479,"tool":"Pencil"}]},"ljpod7iwf1":{"type":"line","id":"ljpod7iwf1","color":"#001f3f","size":10,"tool":"Pencil","time":1544812050566,"_children":[{"type":"child","parent":"ljpod7iwf1","x":344,"y":576,"tool":"Pencil"},{"type":"child","parent":"ljpod7iwf1","x":507,"y":523,"tool":"Pencil"},{"type":"child","parent":"ljpod7iwf1","x":606,"y":482,"tool":"Pencil"},{"type":"child","parent":"ljpod7iwf1","x":631,"y":464,"tool":"Pencil"},{"type":"child","parent":"ljpod7iwf1","x":635,"y":462,"tool":"Pencil"}]},"ljpod7jn0v":{"type":"line","id":"ljpod7jn0v","color":"#001f3f","size":10,"tool":"Pencil","time":1544812051524,"_children":[{"type":"child","parent":"ljpod7jn0v","x":614,"y":459,"tool":"Pencil"},{"type":"child","parent":"ljpod7jn0v","x":632,"y":460,"tool":"Pencil"},{"type":"child","parent":"ljpod7jn0v","x":641,"y":464,"tool":"Pencil"},{"type":"child","parent":"ljpod7jn0v","x":629,"y":489,"tool":"Pencil"}]},"ljpod7l1a1":{"type":"line","id":"ljpod7l1a1","color":"#001f3f","size":10,"tool":"Pencil","time":1544812053335,"_children":[{"type":"child","parent":"ljpod7l1a1","x":278,"y":516,"tool":"Pencil"},{"type":"child","parent":"ljpod7l1a1","x":290,"y":473,"tool":"Pencil"},{"type":"child","parent":"ljpod7l1a1","x":315,"y":384,"tool":"Pencil"},{"type":"child","parent":"ljpod7l1a1","x":349,"y":302,"tool":"Pencil"},{"type":"child","parent":"ljpod7l1a1","x":470,"y":293,"tool":"Pencil"},{"type":"child","parent":"ljpod7l1a1","x":592,"y":380,"tool":"Pencil"},{"type":"child","parent":"ljpod7l1a1","x":624,"y":459,"tool":"Pencil"},{"type":"child","parent":"ljpod7l1a1","x":628,"y":467,"tool":"Pencil"}]},"ljpod7mkm7":{"type":"line","id":"ljpod7mkm7","color":"#001f3f","size":10,"tool":"Pencil","time":1544812055326,"_children":[{"type":"child","parent":"ljpod7mkm7","x":646,"y":475,"tool":"Pencil"},{"type":"child","parent":"ljpod7mkm7","x":856,"y":273,"tool":"Pencil"},{"type":"child","parent":"ljpod7mkm7","x":1007,"y":197,"tool":"Pencil"},{"type":"child","parent":"ljpod7mkm7","x":1000,"y":200,"tool":"Pencil"}]},"ljpod7n5mq":{"type":"line","id":"ljpod7n5mq","color":"#001f3f","size":10,"tool":"Pencil","time":1544812056082,"_children":[{"type":"child","parent":"ljpod7n5mq","x":922,"y":193,"tool":"Pencil"},{"type":"child","parent":"ljpod7n5mq","x":972,"y":183,"tool":"Pencil"},{"type":"child","parent":"ljpod7n5mq","x":1012,"y":178,"tool":"Pencil"},{"type":"child","parent":"ljpod7n5mq","x":1019,"y":181,"tool":"Pencil"},{"type":"child","parent":"ljpod7n5mq","x":1024,"y":194,"tool":"Pencil"},{"type":"child","parent":"ljpod7n5mq","x":1010,"y":211,"tool":"Pencil"},{"type":"child","parent":"ljpod7n5mq","x":994,"y":238,"tool":"Pencil"}]}}