{"ljp2byfzl9":{"type":"line","id":"ljp2byfzl9","color":"#1913B0","size":"10","tool":"Pencil","_children":[{"type":"child","parent":"ljp2byfzl9","x":378,"y":235,"tool":"Pencil"},{"type":"child","parent":"ljp2byfzl9","x":379,"y":239,"tool":"Pencil"},{"type":"child","parent":"ljp2byfzl9","x":464,"y":483,"tool":"Pencil"},{"type":"child","parent":"ljp2byfzl9","x":505,"y":571,"tool":"Pencil"},{"type":"child","parent":"ljp2byfzl9","x":548,"y":523,"tool":"Pencil"},{"type":"child","parent":"ljp2byfzl9","x":687,"y":387,"tool":"Pencil"},{"type":"child","parent":"ljp2byfzl9","x":700,"y":360,"tool":"Pencil"},{"type":"child","parent":"ljp2byfzl9","x":676,"y":596,"tool":"Pencil"},{"type":"child","parent":"ljp2byfzl9","x":708,"y":600,"tool":"Pencil"},{"type":"child","parent":"ljp2byfzl9","x":715,"y":594,"tool":"Pencil"}]},"ljp2byhqdv":{"type":"line","id":"ljp2byhqdv","color":"#1913B0","size":"10","tool":"Pencil","_children":[{"type":"child","parent":"ljp2byhqdv","x":518,"y":165,"tool":"Pencil"},{"type":"child","parent":"ljp2byhqdv","x":518,"y":166,"tool":"Pencil"},{"type":"child","parent":"ljp2byhqdv","x":651,"y":184,"tool":"Pencil"}]},"ljp2byi04d":{"type":"line","id":"ljp2byi04d","color":"#1913B0","size":"10","tool":"Pencil","_children":[{"type":"child","parent":"ljp2byi04d","x":780,"y":158,"tool":"Pencil"},{"type":"child","parent":"ljp2byi04d","x":780,"y":158,"tool":"Pencil"},{"type":"child","parent":"ljp2byi04d","x":770,"y":232,"tool":"Pencil"},{"type":"child","parent":"ljp2byi04d","x":781,"y":326,"tool":"Pencil"},{"type":"child","parent":"ljp2byi04d","x":781,"y":326,"tool":"Pencil"}]},"ljp2byii7u":{"type":"line","id":"ljp2byii7u","color":"#1913B0","size":"10","tool":"Pencil","_children":[{"type":"child","parent":"ljp2byii7u","x":647,"y":289,"tool":"Pencil"},{"type":"child","parent":"ljp2byii7u","x":639,"y":287,"tool":"Pencil"},{"type":"child","parent":"ljp2byii7u","x":587,"y":259,"tool":"Pencil"},{"type":"child","parent":"ljp2byii7u","x":560,"y":246,"tool":"Pencil"},{"type":"child","parent":"ljp2byii7u","x":525,"y":254,"tool":"Pencil"},{"type":"child","parent":"ljp2byii7u","x":476,"y":314,"tool":"Pencil"},{"type":"child","parent":"ljp2byii7u","x":492,"y":390,"tool":"Pencil"},{"type":"child","parent":"ljp2byii7u","x":512,"y":389,"tool":"Pencil"},{"type":"child","parent":"ljp2byii7u","x":504,"y":401,"tool":"Pencil"},{"type":"child","parent":"ljp2byii7u","x":414,"y":480,"tool":"Pencil"},{"type":"child","parent":"ljp2byii7u","x":405,"y":483,"tool":"Pencil"},{"type":"child","parent":"ljp2byii7u","x":325,"y":398,"tool":"Pencil"},{"type":"child","parent":"ljp2byii7u","x":297,"y":307,"tool":"Pencil"},{"type":"child","parent":"ljp2byii7u","x":307,"y":263,"tool":"Pencil"},{"type":"child","parent":"ljp2byii7u","x":314,"y":255,"tool":"Pencil"},{"type":"child","parent":"ljp2byii7u","x":308,"y":292,"tool":"Pencil"},{"type":"child","parent":"ljp2byii7u","x":266,"y":395,"tool":"Pencil"},{"type":"child","parent":"ljp2byii7u","x":259,"y":437,"tool":"Pencil"},{"type":"child","parent":"ljp2byii7u","x":338,"y":498,"tool":"Pencil"},{"type":"child","parent":"ljp2byii7u","x":347,"y":503,"tool":"Pencil"},{"type":"child","parent":"ljp2byii7u","x":325,"y":511,"tool":"Pencil"},{"type":"child","parent":"ljp2byii7u","x":335,"y":521,"tool":"Pencil"},{"type":"child","parent":"ljp2byii7u","x":384,"y":541,"tool":"Pencil"},{"type":"child","parent":"ljp2byii7u","x":385,"y":585,"tool":"Pencil"},{"type":"child","parent":"ljp2byii7u","x":385,"y":635,"tool":"Pencil"},{"type":"child","parent":"ljp2byii7u","x":521,"y":728,"tool":"Pencil"},{"type":"child","parent":"ljp2byii7u","x":481,"y":725,"tool":"Pencil"},{"type":"child","parent":"ljp2byii7u","x":397,"y":733,"tool":"Pencil"},{"type":"child","parent":"ljp2byii7u","x":411,"y":738,"tool":"Pencil"},{"type":"child","parent":"ljp2byii7u","x":555,"y":724,"tool":"Pencil"},{"type":"child","parent":"ljp2byii7u","x":696,"y":641,"tool":"Pencil"},{"type":"child","parent":"ljp2byii7u","x":621,"y":527,"tool":"Pencil"},{"type":"child","parent":"ljp2byii7u","x":569,"y":487,"tool":"Pencil"},{"type":"child","parent":"ljp2byii7u","x":523,"y":391,"tool":"Pencil"}]}}