{"lju8l0uwu4":{"type":"line","id":"lju8l0uwu4","color":"#ff4136","size":10,"tool":"Pencil","time":1554741629365,"_children":[{"type":"child","parent":"lju8l0uwu4","x":645,"y":375,"tool":"Pencil"},{"type":"child","parent":"lju8l0uwu4","x":699,"y":359,"tool":"Pencil"},{"type":"child","parent":"lju8l0uwu4","x":778,"y":355,"tool":"Pencil"},{"type":"child","parent":"lju8l0uwu4","x":796,"y":390,"tool":"Pencil"},{"type":"child","parent":"lju8l0uwu4","x":737,"y":451,"tool":"Pencil"},{"type":"child","parent":"lju8l0uwu4","x":699,"y":511,"tool":"Pencil"},{"type":"child","parent":"lju8l0uwu4","x":724,"y":562,"tool":"Pencil"},{"type":"child","parent":"lju8l0uwu4","x":844,"y":565,"tool":"Pencil"},{"type":"child","parent":"lju8l0uwu4","x":931,"y":570,"tool":"Pencil"},{"type":"child","parent":"lju8l0uwu4","x":925,"y":632,"tool":"Pencil"}]},"lju8l0vvpy":{"type":"line","id":"lju8l0vvpy","color":"#ff4136","size":10,"tool":"Pencil","time":1554741630621,"_children":[{"type":"child","parent":"lju8l0vvpy","x":1132,"y":488,"tool":"Pencil"}]},"lju8l0vwl2":{"type":"line","id":"lju8l0vwl2","color":"#ff4136","size":10,"tool":"Pencil","time":1554741630645,"_children":[{"type":"child","parent":"lju8l0vwl2","x":2153.1,"y":1090.7,"tool":"Pencil"}]}}