{"rju7bcb6h8":{"type":"rect","id":"rju7bcb6h8","color":"#85144b","size":10,"x":361,"y":125,"x2":691,"y2":348,"tool":"Rectangle","time":1554664898504},"lju7bce9qa":{"type":"line","id":"lju7bce9qa","color":"#85144b","size":10,"tool":"Pencil","time":1554664902506,"_children":[{"type":"child","parent":"lju7bce9qa","x":500,"y":219,"tool":"Pencil"},{"type":"child","parent":"lju7bce9qa","x":520,"y":218,"tool":"Pencil"},{"type":"child","parent":"lju7bce9qa","x":608,"y":210,"tool":"Pencil"},{"type":"child","parent":"lju7bce9qa","x":676,"y":230,"tool":"Pencil"},{"type":"child","parent":"lju7bce9qa","x":710,"y":256,"tool":"Pencil"},{"type":"child","parent":"lju7bce9qa","x":748,"y":276,"tool":"Pencil"},{"type":"child","parent":"lju7bce9qa","x":769,"y":279,"tool":"Pencil"},{"type":"child","parent":"lju7bce9qa","x":773,"y":280,"tool":"Pencil"}]},"sju7bcgtgf":{"type":"straight","id":"sju7bcgtgf","color":"#85144b","size":10,"x":476,"y":283,"tool":"Straight line","time":1554664905808,"x2":608,"y2":192},"sju7bchvll":{"type":"straight","id":"sju7bchvll","color":"#85144b","size":10,"x":688,"y":168,"tool":"Straight line","time":1554664907178,"x2":890,"y2":359}}