{"ljp77p2yzm":{"type":"line","id":"ljp77p2yzm","color":"#f012be","size":10,"tool":"Pencil","time":1543774867132,"_children":[{"type":"child","parent":"ljp77p2yzm","x":317,"y":121,"tool":"Pencil"},{"type":"child","parent":"ljp77p2yzm","x":345,"y":192,"tool":"Pencil"},{"type":"child","parent":"ljp77p2yzm","x":353,"y":235,"tool":"Pencil"},{"type":"child","parent":"ljp77p2yzm","x":352,"y":238,"tool":"Pencil"},{"type":"child","parent":"ljp77p2yzm","x":289,"y":222,"tool":"Pencil"},{"type":"child","parent":"ljp77p2yzm","x":256,"y":190,"tool":"Pencil"},{"type":"child","parent":"ljp77p2yzm","x":362,"y":127,"tool":"Pencil"},{"type":"child","parent":"ljp77p2yzm","x":437,"y":128,"tool":"Pencil"},{"type":"child","parent":"ljp77p2yzm","x":384,"y":181,"tool":"Pencil"},{"type":"child","parent":"ljp77p2yzm","x":348,"y":198,"tool":"Pencil"},{"type":"child","parent":"ljp77p2yzm","x":425,"y":168,"tool":"Pencil"},{"type":"child","parent":"ljp77p2yzm","x":430,"y":197,"tool":"Pencil"},{"type":"child","parent":"ljp77p2yzm","x":397,"y":247,"tool":"Pencil"},{"type":"child","parent":"ljp77p2yzm","x":457,"y":250,"tool":"Pencil"},{"type":"child","parent":"ljp77p2yzm","x":447,"y":267,"tool":"Pencil"},{"type":"child","parent":"ljp77p2yzm","x":277,"y":303,"tool":"Pencil"},{"type":"child","parent":"ljp77p2yzm","x":234,"y":288,"tool":"Pencil"},{"type":"child","parent":"ljp77p2yzm","x":254,"y":250,"tool":"Pencil"},{"type":"child","parent":"ljp77p2yzm","x":305,"y":176,"tool":"Pencil"},{"type":"child","parent":"ljp77p2yzm","x":416,"y":168,"tool":"Pencil"},{"type":"child","parent":"ljp77p2yzm","x":439,"y":236,"tool":"Pencil"},{"type":"child","parent":"ljp77p2yzm","x":349,"y":329,"tool":"Pencil"},{"type":"child","parent":"ljp77p2yzm","x":213,"y":375,"tool":"Pencil"},{"type":"child","parent":"ljp77p2yzm","x":151,"y":247,"tool":"Pencil"},{"type":"child","parent":"ljp77p2yzm","x":170,"y":174,"tool":"Pencil"},{"type":"child","parent":"ljp77p2yzm","x":208,"y":178,"tool":"Pencil"},{"type":"child","parent":"ljp77p2yzm","x":281,"y":239,"tool":"Pencil"},{"type":"child","parent":"ljp77p2yzm","x":285,"y":245,"tool":"Pencil"}]},"sjp77p61r5":{"type":"straight","id":"sjp77p61r5","color":"#f012be","size":10,"x":402,"y":137,"tool":"Straight line","time":1543774871114,"x2":711,"y2":158}}