{"ljp278n6u0":{"type":"line","id":"ljp278n6u0","color":"#1913B0","size":"10","tool":"Pencil","_children":[{"type":"child","parent":"ljp278n6u0","x":228,"y":410,"tool":"Pencil"},{"type":"child","parent":"ljp278n6u0","x":234,"y":513,"tool":"Pencil"},{"type":"child","parent":"ljp278n6u0","x":245,"y":532,"tool":"Pencil"},{"type":"child","parent":"ljp278n6u0","x":219,"y":426,"tool":"Pencil"}]},"ljp278nqg4":{"type":"line","id":"ljp278nqg4","color":"#1913B0","size":"10","tool":"Pencil","_children":[{"type":"child","parent":"ljp278nqg4","x":318,"y":252,"tool":"Pencil"},{"type":"child","parent":"ljp278nqg4","x":187,"y":334,"tool":"Pencil"},{"type":"child","parent":"ljp278nqg4","x":115,"y":403,"tool":"Pencil"},{"type":"child","parent":"ljp278nqg4","x":106,"y":423,"tool":"Pencil"},{"type":"child","parent":"ljp278nqg4","x":163,"y":382,"tool":"Pencil"},{"type":"child","parent":"ljp278nqg4","x":272,"y":354,"tool":"Pencil"},{"type":"child","parent":"ljp278nqg4","x":319,"y":354,"tool":"Pencil"},{"type":"child","parent":"ljp278nqg4","x":318,"y":384,"tool":"Pencil"},{"type":"child","parent":"ljp278nqg4","x":318,"y":398,"tool":"Pencil"}]},"ljp278t1ei":{"type":"line","id":"ljp278t1ei","color":"#1913B0","size":"10","tool":"Pencil","_children":[{"type":"child","parent":"ljp278t1ei","x":45,"y":457,"tool":"Pencil"},{"type":"child","parent":"ljp278t1ei","x":-227,"y":444,"tool":"Pencil"}]}}