{"ljx1rvunlz":{"type":"line","id":"ljx1rvunlz","color":"#ff4136","size":10,"tool":"Pencil","time":1560860236830,"_children":[{"type":"child","parent":"ljx1rvunlz","x":375,"y":102,"tool":"Pencil"},{"type":"child","parent":"ljx1rvunlz","x":375,"y":103,"tool":"Pencil"},{"type":"child","parent":"ljx1rvunlz","x":400,"y":148,"tool":"Pencil"},{"type":"child","parent":"ljx1rvunlz","x":408,"y":164,"tool":"Pencil"},{"type":"child","parent":"ljx1rvunlz","x":409,"y":162,"tool":"Pencil"},{"type":"child","parent":"ljx1rvunlz","x":416,"y":138,"tool":"Pencil"},{"type":"child","parent":"ljx1rvunlz","x":419,"y":118,"tool":"Pencil"},{"type":"child","parent":"ljx1rvunlz","x":421,"y":115,"tool":"Pencil"},{"type":"child","parent":"ljx1rvunlz","x":422,"y":113,"tool":"Pencil"},{"type":"child","parent":"ljx1rvunlz","x":422,"y":113,"tool":"Pencil"}]},"ljx1rvvp7d":{"type":"line","id":"ljx1rvvp7d","color":"#ff4136","size":10,"tool":"Pencil","time":1560860238176,"_children":[{"type":"child","parent":"ljx1rvvp7d","x":463,"y":111,"tool":"Pencil"},{"type":"child","parent":"ljx1rvvp7d","x":463,"y":112,"tool":"Pencil"},{"type":"child","parent":"ljx1rvvp7d","x":463,"y":145,"tool":"Pencil"},{"type":"child","parent":"ljx1rvvp7d","x":463,"y":148,"tool":"Pencil"}]},"ljx1rvw9ud":{"type":"line","id":"ljx1rvw9ud","color":"#ff4136","size":10,"tool":"Pencil","time":1560860238920,"_children":[{"type":"child","parent":"ljx1rvw9ud","x":454,"y":73,"tool":"Pencil"},{"type":"child","parent":"ljx1rvw9ud","x":455,"y":73,"tool":"Pencil"},{"type":"child","parent":"ljx1rvw9ud","x":463,"y":73,"tool":"Pencil"},{"type":"child","parent":"ljx1rvw9ud","x":462,"y":75,"tool":"Pencil"}]},"ljx1rvx006":{"type":"line","id":"ljx1rvx006","color":"#ff4136","size":10,"tool":"Pencil","time":1560860239863,"_children":[{"type":"child","parent":"ljx1rvx006","x":518,"y":115,"tool":"Pencil"},{"type":"child","parent":"ljx1rvx006","x":516,"y":115,"tool":"Pencil"},{"type":"child","parent":"ljx1rvx006","x":508,"y":120,"tool":"Pencil"},{"type":"child","parent":"ljx1rvx006","x":507,"y":178,"tool":"Pencil"},{"type":"child","parent":"ljx1rvx006","x":532,"y":185,"tool":"Pencil"},{"type":"child","parent":"ljx1rvx006","x":552,"y":172,"tool":"Pencil"},{"type":"child","parent":"ljx1rvx006","x":552,"y":171,"tool":"Pencil"}]},"ljx1rvxstm":{"type":"line","id":"ljx1rvxstm","color":"#ff4136","size":10,"tool":"Pencil","time":1560860240903,"_children":[{"type":"child","parent":"ljx1rvxstm","x":558,"y":129,"tool":"Pencil"},{"type":"child","parent":"ljx1rvxstm","x":558,"y":130,"tool":"Pencil"},{"type":"child","parent":"ljx1rvxstm","x":559,"y":151,"tool":"Pencil"},{"type":"child","parent":"ljx1rvxstm","x":559,"y":156,"tool":"Pencil"}]},"ljx1rvye3z":{"type":"line","id":"ljx1rvye3z","color":"#ff4136","size":10,"tool":"Pencil","time":1560860241665,"_children":[{"type":"child","parent":"ljx1rvye3z","x":558,"y":78,"tool":"Pencil"},{"type":"child","parent":"ljx1rvye3z","x":558,"y":78,"tool":"Pencil"},{"type":"child","parent":"ljx1rvye3z","x":557,"y":78,"tool":"Pencil"},{"type":"child","parent":"ljx1rvye3z","x":557,"y":76,"tool":"Pencil"},{"type":"child","parent":"ljx1rvye3z","x":557,"y":80,"tool":"Pencil"}]}}