{"ljveql99cw":{"type":"line","id":"ljveql99cw","color":"#2ecc40","size":10,"tool":"Pencil","time":1557290558649,"_children":[{"type":"child","parent":"ljveql99cw","x":136.7,"y":78.2,"tool":"Pencil"},{"type":"child","parent":"ljveql99cw","x":142,"y":102.2,"tool":"Pencil"},{"type":"child","parent":"ljveql99cw","x":154.9,"y":134.2,"tool":"Pencil"},{"type":"child","parent":"ljveql99cw","x":184.7,"y":132.9,"tool":"Pencil"},{"type":"child","parent":"ljveql99cw","x":204.4,"y":131.6,"tool":"Pencil"},{"type":"child","parent":"ljveql99cw","x":215.6,"y":162.9,"tool":"Pencil"}]},"ljveqla1tf":{"type":"line","id":"ljveqla1tf","color":"#2ecc40","size":10,"tool":"Pencil","time":1557290559672,"_children":[{"type":"child","parent":"ljveqla1tf","x":183.3,"y":65.1,"tool":"Pencil"}]},"ljveqla2ac":{"type":"line","id":"ljveqla2ac","color":"#2ecc40","size":10,"tool":"Pencil","time":1557290559690,"_children":[{"type":"child","parent":"ljveqla2ac","x":245,"y":318.3,"tool":"Pencil"},{"type":"child","parent":"ljveqla2ac","x":221.6,"y":126.4,"tool":"Pencil"},{"type":"child","parent":"ljveqla2ac","x":253.8,"y":329.5,"tool":"Pencil"}]},"ljveqlbm6i":{"type":"line","id":"ljveqlbm6i","color":"#2ecc40","size":10,"tool":"Pencil","time":1557290561703,"_children":[{"type":"child","parent":"ljveqlbm6i","x":161.6,"y":214.3,"tool":"Pencil"},{"type":"child","parent":"ljveqlbm6i","x":155.9,"y":238.2,"tool":"Pencil"},{"type":"child","parent":"ljveqlbm6i","x":167.3,"y":282.3,"tool":"Pencil"},{"type":"child","parent":"ljveqlbm6i","x":182.1,"y":295.9,"tool":"Pencil"},{"type":"child","parent":"ljveqlbm6i","x":192.9,"y":310.7,"tool":"Pencil"}]},"ljveqlc3gj":{"type":"line","id":"ljveqlc3gj","color":"#2ecc40","size":10,"tool":"Pencil","time":1557290562326,"_children":[{"type":"child","parent":"ljveqlc3gj","x":277.1,"y":93.3,"tool":"Pencil"}]},"ljveqlc48s":{"type":"line","id":"ljveqlc48s","color":"#2ecc40","size":10,"tool":"Pencil","time":1557290562356,"_children":[{"type":"child","parent":"ljveqlc48s","x":290.5,"y":127.3,"tool":"Pencil"},{"type":"child","parent":"ljveqlc48s","x":327.9,"y":199.2,"tool":"Pencil"},{"type":"child","parent":"ljveqlc48s","x":361.6,"y":477,"tool":"Pencil"},{"type":"child","parent":"ljveqlc48s","x":367.3,"y":481,"tool":"Pencil"}]}}