{"lk8emqlrni":{"type":"line","id":"lk8emqlrni","color":"#7fdbff","size":10,"tool":"Pencil","time":1585582259936,"_children":[{"type":"child","parent":"lk8emqlrni","x":594,"y":307,"tool":"Pencil"},{"type":"child","parent":"lk8emqlrni","x":594,"y":308,"tool":"Pencil"},{"type":"child","parent":"lk8emqlrni","x":566,"y":349,"tool":"Pencil"},{"type":"child","parent":"lk8emqlrni","x":512,"y":390,"tool":"Pencil"},{"type":"child","parent":"lk8emqlrni","x":499,"y":399,"tool":"Pencil"},{"type":"child","parent":"lk8emqlrni","x":497,"y":401,"tool":"Pencil"}]},"lk8emqmgm10":{"type":"line","id":"lk8emqmgm10","color":"#7fdbff","size":10,"tool":"Pencil","time":1585582260829,"_children":[{"type":"child","parent":"lk8emqmgm10","x":499,"y":277,"tool":"Pencil"},{"type":"child","parent":"lk8emqmgm10","x":500,"y":276,"tool":"Pencil"},{"type":"child","parent":"lk8emqmgm10","x":621,"y":276,"tool":"Pencil"},{"type":"child","parent":"lk8emqmgm10","x":687,"y":279,"tool":"Pencil"},{"type":"child","parent":"lk8emqmgm10","x":636,"y":363,"tool":"Pencil"},{"type":"child","parent":"lk8emqmgm10","x":587,"y":402,"tool":"Pencil"},{"type":"child","parent":"lk8emqmgm10","x":591,"y":405,"tool":"Pencil"},{"type":"child","parent":"lk8emqmgm10","x":783,"y":414,"tool":"Pencil"},{"type":"child","parent":"lk8emqmgm10","x":909,"y":443,"tool":"Pencil"},{"type":"child","parent":"lk8emqmgm10","x":916,"y":447,"tool":"Pencil"}]},"lk8emqnh79":{"type":"line","id":"lk8emqnh79","color":"#7fdbff","size":10,"tool":"Pencil","time":1585582262152,"_children":[{"type":"child","parent":"lk8emqnh79","x":672,"y":307,"tool":"Pencil"},{"type":"child","parent":"lk8emqnh79","x":672,"y":308,"tool":"Pencil"},{"type":"child","parent":"lk8emqnh79","x":692,"y":352,"tool":"Pencil"},{"type":"child","parent":"lk8emqnh79","x":920,"y":358,"tool":"Pencil"},{"type":"child","parent":"lk8emqnh79","x":1164,"y":157,"tool":"Pencil"},{"type":"child","parent":"lk8emqnh79","x":1205,"y":97,"tool":"Pencil"},{"type":"child","parent":"lk8emqnh79","x":1058,"y":126,"tool":"Pencil"},{"type":"child","parent":"lk8emqnh79","x":684,"y":424,"tool":"Pencil"},{"type":"child","parent":"lk8emqnh79","x":480,"y":635,"tool":"Pencil"},{"type":"child","parent":"lk8emqnh79","x":382,"y":715,"tool":"Pencil"},{"type":"child","parent":"lk8emqnh79","x":342,"y":744,"tool":"Pencil"},{"type":"child","parent":"lk8emqnh79","x":340,"y":745,"tool":"Pencil"}]}}