{"lk7kpbx76i":{"type":"line","id":"lk7kpbx76i","color":"#2ecc40","size":10,"tool":"Pencil","time":1583772628498,"_children":[{"type":"child","parent":"lk7kpbx76i","x":341,"y":203,"tool":"Pencil"},{"type":"child","parent":"lk7kpbx76i","x":341,"y":204,"tool":"Pencil"},{"type":"child","parent":"lk7kpbx76i","x":341,"y":245,"tool":"Pencil"},{"type":"child","parent":"lk7kpbx76i","x":339,"y":278,"tool":"Pencil"},{"type":"child","parent":"lk7kpbx76i","x":339,"y":279,"tool":"Pencil"},{"type":"child","parent":"lk7kpbx76i","x":368,"y":273,"tool":"Pencil"},{"type":"child","parent":"lk7kpbx76i","x":404,"y":252,"tool":"Pencil"},{"type":"child","parent":"lk7kpbx76i","x":411,"y":247,"tool":"Pencil"},{"type":"child","parent":"lk7kpbx76i","x":411,"y":251,"tool":"Pencil"},{"type":"child","parent":"lk7kpbx76i","x":411,"y":256,"tool":"Pencil"},{"type":"child","parent":"lk7kpbx76i","x":411,"y":262,"tool":"Pencil"},{"type":"child","parent":"lk7kpbx76i","x":411,"y":264,"tool":"Pencil"}]},"lk7kpbydec":{"type":"line","id":"lk7kpbydec","color":"#2ecc40","size":10,"tool":"Pencil","time":1583772630006,"_children":[{"type":"child","parent":"lk7kpbydec","x":414,"y":247,"tool":"Pencil"},{"type":"child","parent":"lk7kpbydec","x":414,"y":248,"tool":"Pencil"},{"type":"child","parent":"lk7kpbydec","x":414,"y":266,"tool":"Pencil"},{"type":"child","parent":"lk7kpbydec","x":413,"y":274,"tool":"Pencil"}]},"lk7kpbyyfu":{"type":"line","id":"lk7kpbyyfu","color":"#2ecc40","size":10,"tool":"Pencil","time":1583772630759,"_children":[{"type":"child","parent":"lk7kpbyyfu","x":420,"y":221,"tool":"Pencil"},{"type":"child","parent":"lk7kpbyyfu","x":420,"y":221,"tool":"Pencil"}]},"lk7kpbzjnf":{"type":"line","id":"lk7kpbzjnf","color":"#2ecc40","size":10,"tool":"Pencil","time":1583772631525,"_children":[{"type":"child","parent":"lk7kpbzjnf","x":452,"y":251,"tool":"Pencil"},{"type":"child","parent":"lk7kpbzjnf","x":453,"y":251,"tool":"Pencil"},{"type":"child","parent":"lk7kpbzjnf","x":477,"y":249,"tool":"Pencil"},{"type":"child","parent":"lk7kpbzjnf","x":480,"y":250,"tool":"Pencil"},{"type":"child","parent":"lk7kpbzjnf","x":459,"y":268,"tool":"Pencil"},{"type":"child","parent":"lk7kpbzjnf","x":440,"y":280,"tool":"Pencil"},{"type":"child","parent":"lk7kpbzjnf","x":442,"y":280,"tool":"Pencil"},{"type":"child","parent":"lk7kpbzjnf","x":469,"y":275,"tool":"Pencil"},{"type":"child","parent":"lk7kpbzjnf","x":493,"y":268,"tool":"Pencil"}]},"lk7kpc0jcy":{"type":"line","id":"lk7kpc0jcy","color":"#2ecc40","size":10,"tool":"Pencil","time":1583772632812,"_children":[{"type":"child","parent":"lk7kpc0jcy","x":516,"y":225,"tool":"Pencil"},{"type":"child","parent":"lk7kpc0jcy","x":516,"y":225,"tool":"Pencil"}]},"lk7kpc1h02":{"type":"line","id":"lk7kpc1h02","color":"#2ecc40","size":10,"tool":"Pencil","time":1583772634022,"_children":[{"type":"child","parent":"lk7kpc1h02","x":524,"y":218,"tool":"Pencil"},{"type":"child","parent":"lk7kpc1h02","x":524,"y":218,"tool":"Pencil"},{"type":"child","parent":"lk7kpc1h02","x":524,"y":227,"tool":"Pencil"},{"type":"child","parent":"lk7kpc1h02","x":523,"y":230,"tool":"Pencil"}]},"lk7kpc22fi":{"type":"line","id":"lk7kpc22fi","color":"#2ecc40","size":10,"tool":"Pencil","time":1583772634812,"_children":[{"type":"child","parent":"lk7kpc22fi","x":590,"y":238,"tool":"Pencil"},{"type":"child","parent":"lk7kpc22fi","x":590,"y":238,"tool":"Pencil"},{"type":"child","parent":"lk7kpc22fi","x":588,"y":239,"tool":"Pencil"},{"type":"child","parent":"lk7kpc22fi","x":593,"y":248,"tool":"Pencil"},{"type":"child","parent":"lk7kpc22fi","x":598,"y":259,"tool":"Pencil"},{"type":"child","parent":"lk7kpc22fi","x":590,"y":264,"tool":"Pencil"},{"type":"child","parent":"lk7kpc22fi","x":574,"y":266,"tool":"Pencil"},{"type":"child","parent":"lk7kpc22fi","x":565,"y":263,"tool":"Pencil"}]},"lk7kpc3mny":{"type":"line","id":"lk7kpc3mny","color":"#2ecc40","size":10,"tool":"Pencil","time":1583772636818,"_children":[{"type":"child","parent":"lk7kpc3mny","x":721,"y":221,"tool":"Pencil"},{"type":"child","parent":"lk7kpc3mny","x":721,"y":221,"tool":"Pencil"},{"type":"child","parent":"lk7kpc3mny","x":716,"y":221,"tool":"Pencil"},{"type":"child","parent":"lk7kpc3mny","x":716,"y":225,"tool":"Pencil"}]},"lk7kpc421c":{"type":"line","id":"lk7kpc421c","color":"#2ecc40","size":10,"tool":"Pencil","time":1583772637375,"_children":[{"type":"child","parent":"lk7kpc421c","x":717,"y":233,"tool":"Pencil"},{"type":"child","parent":"lk7kpc421c","x":716,"y":234,"tool":"Pencil"}]},"lk7kpc4kb0":{"type":"line","id":"lk7kpc4kb0","color":"#2ecc40","size":10,"tool":"Pencil","time":1583772638034,"_children":[{"type":"child","parent":"lk7kpc4kb0","x":726,"y":213,"tool":"Pencil"},{"type":"child","parent":"lk7kpc4kb0","x":726,"y":213,"tool":"Pencil"},{"type":"child","parent":"lk7kpc4kb0","x":722,"y":214,"tool":"Pencil"},{"type":"child","parent":"lk7kpc4kb0","x":722,"y":224,"tool":"Pencil"},{"type":"child","parent":"lk7kpc4kb0","x":723,"y":247,"tool":"Pencil"},{"type":"child","parent":"lk7kpc4kb0","x":734,"y":259,"tool":"Pencil"},{"type":"child","parent":"lk7kpc4kb0","x":751,"y":269,"tool":"Pencil"},{"type":"child","parent":"lk7kpc4kb0","x":754,"y":271,"tool":"Pencil"},{"type":"child","parent":"lk7kpc4kb0","x":742,"y":276,"tool":"Pencil"},{"type":"child","parent":"lk7kpc4kb0","x":720,"y":282,"tool":"Pencil"}]},"lk7kpc5ldz":{"type":"line","id":"lk7kpc5ldz","color":"#2ecc40","size":10,"tool":"Pencil","time":1583772639362,"_children":[{"type":"child","parent":"lk7kpc5ldz","x":773,"y":253,"tool":"Pencil"},{"type":"child","parent":"lk7kpc5ldz","x":774,"y":253,"tool":"Pencil"},{"type":"child","parent":"lk7kpc5ldz","x":793,"y":245,"tool":"Pencil"},{"type":"child","parent":"lk7kpc5ldz","x":796,"y":234,"tool":"Pencil"},{"type":"child","parent":"lk7kpc5ldz","x":786,"y":226,"tool":"Pencil"},{"type":"child","parent":"lk7kpc5ldz","x":773,"y":232,"tool":"Pencil"},{"type":"child","parent":"lk7kpc5ldz","x":761,"y":254,"tool":"Pencil"},{"type":"child","parent":"lk7kpc5ldz","x":758,"y":269,"tool":"Pencil"},{"type":"child","parent":"lk7kpc5ldz","x":768,"y":276,"tool":"Pencil"},{"type":"child","parent":"lk7kpc5ldz","x":802,"y":280,"tool":"Pencil"},{"type":"child","parent":"lk7kpc5ldz","x":812,"y":279,"tool":"Pencil"}]},"lk7kpc6ua2":{"type":"line","id":"lk7kpc6ua2","color":"#2ecc40","size":10,"tool":"Pencil","time":1583772640981,"_children":[{"type":"child","parent":"lk7kpc6ua2","x":864,"y":226,"tool":"Pencil"},{"type":"child","parent":"lk7kpc6ua2","x":863,"y":226,"tool":"Pencil"},{"type":"child","parent":"lk7kpc6ua2","x":854,"y":226,"tool":"Pencil"},{"type":"child","parent":"lk7kpc6ua2","x":851,"y":231,"tool":"Pencil"},{"type":"child","parent":"lk7kpc6ua2","x":854,"y":254,"tool":"Pencil"},{"type":"child","parent":"lk7kpc6ua2","x":869,"y":270,"tool":"Pencil"},{"type":"child","parent":"lk7kpc6ua2","x":878,"y":277,"tool":"Pencil"},{"type":"child","parent":"lk7kpc6ua2","x":875,"y":279,"tool":"Pencil"},{"type":"child","parent":"lk7kpc6ua2","x":865,"y":280,"tool":"Pencil"}]},"lk7kpc7rqt":{"type":"line","id":"lk7kpc7rqt","color":"#2ecc40","size":10,"tool":"Pencil","time":1583772642184,"_children":[{"type":"child","parent":"lk7kpc7rqt","x":921,"y":224,"tool":"Pencil"},{"type":"child","parent":"lk7kpc7rqt","x":920,"y":224,"tool":"Pencil"},{"type":"child","parent":"lk7kpc7rqt","x":916,"y":227,"tool":"Pencil"},{"type":"child","parent":"lk7kpc7rqt","x":917,"y":237,"tool":"Pencil"},{"type":"child","parent":"lk7kpc7rqt","x":938,"y":256,"tool":"Pencil"},{"type":"child","parent":"lk7kpc7rqt","x":942,"y":265,"tool":"Pencil"},{"type":"child","parent":"lk7kpc7rqt","x":929,"y":274,"tool":"Pencil"}]},"lk7kpc8jzs":{"type":"line","id":"lk7kpc8jzs","color":"#2ecc40","size":10,"tool":"Pencil","time":1583772643208,"_children":[{"type":"child","parent":"lk7kpc8jzs","x":972,"y":230,"tool":"Pencil"},{"type":"child","parent":"lk7kpc8jzs","x":973,"y":230,"tool":"Pencil"},{"type":"child","parent":"lk7kpc8jzs","x":977,"y":235,"tool":"Pencil"},{"type":"child","parent":"lk7kpc8jzs","x":976,"y":265,"tool":"Pencil"},{"type":"child","parent":"lk7kpc8jzs","x":972,"y":278,"tool":"Pencil"},{"type":"child","parent":"lk7kpc8jzs","x":970,"y":278,"tool":"Pencil"},{"type":"child","parent":"lk7kpc8jzs","x":968,"y":278,"tool":"Pencil"},{"type":"child","parent":"lk7kpc8jzs","x":972,"y":278,"tool":"Pencil"},{"type":"child","parent":"lk7kpc8jzs","x":980,"y":277,"tool":"Pencil"},{"type":"child","parent":"lk7kpc8jzs","x":984,"y":276,"tool":"Pencil"}]},"lk7kpc9r5x":{"type":"line","id":"lk7kpc9r5x","color":"#2ecc40","size":10,"tool":"Pencil","time":1583772644755,"_children":[{"type":"child","parent":"lk7kpc9r5x","x":1026,"y":226,"tool":"Pencil"},{"type":"child","parent":"lk7kpc9r5x","x":1026,"y":226,"tool":"Pencil"},{"type":"child","parent":"lk7kpc9r5x","x":1026,"y":236,"tool":"Pencil"},{"type":"child","parent":"lk7kpc9r5x","x":1026,"y":251,"tool":"Pencil"},{"type":"child","parent":"lk7kpc9r5x","x":1035,"y":263,"tool":"Pencil"},{"type":"child","parent":"lk7kpc9r5x","x":1041,"y":263,"tool":"Pencil"},{"type":"child","parent":"lk7kpc9r5x","x":1048,"y":252,"tool":"Pencil"},{"type":"child","parent":"lk7kpc9r5x","x":1051,"y":241,"tool":"Pencil"},{"type":"child","parent":"lk7kpc9r5x","x":1051,"y":234,"tool":"Pencil"},{"type":"child","parent":"lk7kpc9r5x","x":1047,"y":229,"tool":"Pencil"},{"type":"child","parent":"lk7kpc9r5x","x":1031,"y":226,"tool":"Pencil"},{"type":"child","parent":"lk7kpc9r5x","x":1028,"y":226,"tool":"Pencil"}]},"lk7kpcb1f9":{"type":"line","id":"lk7kpcb1f9","color":"#2ecc40","size":10,"tool":"Pencil","time":1583772646421,"_children":[{"type":"child","parent":"lk7kpcb1f9","x":1085,"y":227,"tool":"Pencil"},{"type":"child","parent":"lk7kpcb1f9","x":1085,"y":227,"tool":"Pencil"},{"type":"child","parent":"lk7kpcb1f9","x":1085,"y":245,"tool":"Pencil"},{"type":"child","parent":"lk7kpcb1f9","x":1085,"y":250,"tool":"Pencil"}]},"lk7kpcbq1e":{"type":"line","id":"lk7kpcbq1e","color":"#2ecc40","size":10,"tool":"Pencil","time":1583772647306,"_children":[{"type":"child","parent":"lk7kpcbq1e","x":1089,"y":224,"tool":"Pencil"},{"type":"child","parent":"lk7kpcbq1e","x":1089,"y":225,"tool":"Pencil"},{"type":"child","parent":"lk7kpcbq1e","x":1108,"y":244,"tool":"Pencil"},{"type":"child","parent":"lk7kpcbq1e","x":1122,"y":256,"tool":"Pencil"},{"type":"child","parent":"lk7kpcbq1e","x":1124,"y":256,"tool":"Pencil"},{"type":"child","parent":"lk7kpcbq1e","x":1120,"y":241,"tool":"Pencil"},{"type":"child","parent":"lk7kpcbq1e","x":1119,"y":226,"tool":"Pencil"},{"type":"child","parent":"lk7kpcbq1e","x":1119,"y":224,"tool":"Pencil"}]},"lk7kpchtcx":{"type":"line","id":"lk7kpchtcx","color":"#2ecc40","size":10,"opacity":0.2,"tool":"Pencil","time":1583772655204,"_children":[{"type":"child","parent":"lk7kpchtcx","x":266,"y":486,"tool":"Pencil"},{"type":"child","parent":"lk7kpchtcx","x":266,"y":486,"tool":"Pencil"},{"type":"child","parent":"lk7kpchtcx","x":381,"y":470,"tool":"Pencil"},{"type":"child","parent":"lk7kpchtcx","x":484,"y":461,"tool":"Pencil"},{"type":"child","parent":"lk7kpchtcx","x":489,"y":461,"tool":"Pencil"}]},"lk7kpcjpya":{"type":"line","id":"lk7kpcjpya","color":"#2ecc40","size":10,"opacity":0.8,"tool":"Pencil","time":1583772657673,"_children":[{"type":"child","parent":"lk7kpcjpya","x":308,"y":436,"tool":"Pencil"},{"type":"child","parent":"lk7kpcjpya","x":308,"y":436,"tool":"Pencil"},{"type":"child","parent":"lk7kpcjpya","x":308,"y":498,"tool":"Pencil"},{"type":"child","parent":"lk7kpcjpya","x":311,"y":565,"tool":"Pencil"},{"type":"child","parent":"lk7kpcjpya","x":313,"y":571,"tool":"Pencil"}]},"lk7kpcntw7":{"type":"line","id":"lk7kpcntw7","color":"#d76fae","size":10,"opacity":0.8,"tool":"Pencil","time":1583772663002,"_children":[{"type":"child","parent":"lk7kpcntw7","x":104,"y":387,"tool":"Pencil"},{"type":"child","parent":"lk7kpcntw7","x":104,"y":387,"tool":"Pencil"}]},"lk7kpcrn7n":{"type":"line","id":"lk7kpcrn7n","color":"#d76fae","size":50,"opacity":0.8,"tool":"Pencil","time":1583772667945,"_children":[{"type":"child","parent":"lk7kpcrn7n","x":202,"y":416,"tool":"Pencil"},{"type":"child","parent":"lk7kpcrn7n","x":201,"y":417,"tool":"Pencil"},{"type":"child","parent":"lk7kpcrn7n","x":222,"y":438,"tool":"Pencil"},{"type":"child","parent":"lk7kpcrn7n","x":271,"y":442,"tool":"Pencil"},{"type":"child","parent":"lk7kpcrn7n","x":337,"y":420,"tool":"Pencil"},{"type":"child","parent":"lk7kpcrn7n","x":347,"y":411,"tool":"Pencil"},{"type":"child","parent":"lk7kpcrn7n","x":347,"y":411,"tool":"Pencil"}]},"lk7kpcuecf":{"type":"line","id":"lk7kpcuecf","color":"#d76fae","size":1,"opacity":0.8,"tool":"Pencil","time":1583772671542,"_children":[{"type":"child","parent":"lk7kpcuecf","x":268,"y":251,"tool":"Pencil"},{"type":"child","parent":"lk7kpcuecf","x":269,"y":250,"tool":"Pencil"},{"type":"child","parent":"lk7kpcuecf","x":537,"y":250,"tool":"Pencil"},{"type":"child","parent":"lk7kpcuecf","x":724,"y":250,"tool":"Pencil"},{"type":"child","parent":"lk7kpcuecf","x":735,"y":250,"tool":"Pencil"},{"type":"child","parent":"lk7kpcuecf","x":735,"y":250,"tool":"Pencil"},{"type":"child","parent":"lk7kpcuecf","x":735,"y":250,"tool":"Pencil"},{"type":"child","parent":"lk7kpcuecf","x":734,"y":249,"tool":"Pencil"}]},"lk7kpcx0cb":{"type":"line","id":"lk7kpcx0cb","color":"#d76fae","size":50,"opacity":0.8,"tool":"Pencil","time":1583772674893,"_children":[{"type":"child","parent":"lk7kpcx0cb","x":482,"y":198,"tool":"Pencil"},{"type":"child","parent":"lk7kpcx0cb","x":482,"y":198,"tool":"Pencil"},{"type":"child","parent":"lk7kpcx0cb","x":473,"y":240,"tool":"Pencil"},{"type":"child","parent":"lk7kpcx0cb","x":443,"y":303,"tool":"Pencil"},{"type":"child","parent":"lk7kpcx0cb","x":403,"y":313,"tool":"Pencil"},{"type":"child","parent":"lk7kpcx0cb","x":348,"y":307,"tool":"Pencil"},{"type":"child","parent":"lk7kpcx0cb","x":330,"y":296,"tool":"Pencil"},{"type":"child","parent":"lk7kpcx0cb","x":348,"y":259,"tool":"Pencil"},{"type":"child","parent":"lk7kpcx0cb","x":419,"y":211,"tool":"Pencil"},{"type":"child","parent":"lk7kpcx0cb","x":528,"y":201,"tool":"Pencil"},{"type":"child","parent":"lk7kpcx0cb","x":654,"y":213,"tool":"Pencil"},{"type":"child","parent":"lk7kpcx0cb","x":717,"y":228,"tool":"Pencil"},{"type":"child","parent":"lk7kpcx0cb","x":771,"y":230,"tool":"Pencil"},{"type":"child","parent":"lk7kpcx0cb","x":819,"y":227,"tool":"Pencil"},{"type":"child","parent":"lk7kpcx0cb","x":833,"y":223,"tool":"Pencil"},{"type":"child","parent":"lk7kpcx0cb","x":835,"y":222,"tool":"Pencil"}]},"sk7kpfdux2":{"type":"straight","id":"sk7kpfdux2","color":"#b10dc9","size":10,"x":242,"y":292,"tool":"Straight line","time":1583772790042,"x2":553,"y2":515},"sk7kpffjyp":{"type":"straight","id":"sk7kpffjyp","color":"#b10dc9","size":10,"x":584,"y":135,"tool":"Straight line","time":1583772792239,"x2":349,"y2":634},"sk7kpfgih4":{"type":"straight","id":"sk7kpfgih4","color":"#b10dc9","size":10,"x":445,"y":164,"tool":"Straight line","time":1583772793482,"x2":736,"y2":530}}