{"tjp24ghux3":{"type":"new","id":"tjp24ghux3","color":"#1913b0","size":27,"x":333,"y":328,"tool":"Text","txt":""},"tjp24gii8f":{"type":"new","id":"tjp24gii8f","color":"#1913b0","size":27,"x":478,"y":466.5,"tool":"Text"},"rjp24hs77o":{"type":"rect","id":"rjp24hs77o","color":"#1913b0","size":"10","x":273,"y":205,"x2":615,"y2":216,"tool":"Rectangle"},"rjp24hxuhl":{"type":"rect","id":"rjp24hxuhl","color":"#1913b0","size":"10","x":427,"y":107,"x2":416,"y2":384,"tool":"Rectangle"},"rjp24i86be":{"type":"rect","id":"rjp24i86be","color":"#1913b0","size":"10","x":298,"y":70,"x2":628,"y2":357,"tool":"Rectangle"},"tjp24idu6u":{"type":"new","id":"tjp24idu6u","color":"#1913b0","size":27,"x":478,"y":507,"tool":"Rectangle"},"tjp24ierqo":{"type":"new","id":"tjp24ierqo","color":"#1913b0","size":27,"x":478,"y":547.5,"tool":"Rectangle"},"tjp24if9i9":{"type":"new","id":"tjp24if9i9","color":"#1913b0","size":27,"x":478,"y":588,"tool":"Rectangle"},"tjp24iflq5":{"type":"new","id":"tjp24iflq5","color":"#1913b0","size":27,"x":478,"y":628.5,"tool":"Rectangle"},"tjp24ifyvb":{"type":"new","id":"tjp24ifyvb","color":"#1913b0","size":27,"x":478,"y":669,"tool":"Rectangle"},"tjp24igb2u":{"type":"new","id":"tjp24igb2u","color":"#1913b0","size":27,"x":478,"y":709.5,"tool":"Rectangle"},"tjp24igxaw":{"type":"new","id":"tjp24igxaw","color":"#1913b0","size":27,"x":478,"y":750,"tool":"Rectangle"},"tjp24ih6ei":{"type":"new","id":"tjp24ih6ei","color":"#1913b0","size":27,"x":478,"y":790.5,"tool":"Rectangle"},"tjp24ihevn":{"type":"new","id":"tjp24ihevn","color":"#1913b0","size":27,"x":478,"y":831,"tool":"Rectangle"}}