{"tk800iddqi":{"type":"new","id":"tk800iddqi","color":"#0074d9","size":27,"x":647,"y":336.5,"tool":"Text","time":1584698398522,"txt":"Bertold Brecht"},"tk800lcz0l":{"type":"new","id":"tk800lcz0l","color":"#000000","size":21,"x":910,"y":120.5,"tool":"Text","time":1584698537960,"txt":"Biografie"},"tk800lo3do":{"type":"new","id":"tk800lo3do","color":"#000000","size":21,"x":910,"y":152,"tool":"Text","time":1584698552373,"txt":""},"tk800ma0x2":{"type":"new","id":"tk800ma0x2","color":"#000000","size":21,"x":899,"y":154.5,"tool":"Text","time":1584698580796},"rk800mrjkl":{"type":"rect","id":"rk800mrjkl","color":"#000000","size":6,"x":632,"y":301,"x2":834,"y2":359,"tool":"Rectangle","time":1584698603509},"sk800n2ex2":{"type":"straight","id":"sk800n2ex2","color":"#000000","size":6,"x":784,"y":297,"tool":"Straight line","time":1584698617589,"x2":904,"y2":115},"lk800nh3m5":{"type":"line","id":"lk800nh3m5","color":"#000000","size":6,"tool":"Pencil","time":1584698636623,"_children":[{"type":"child","parent":"lk800nh3m5","x":910,"y":147,"tool":"Pencil"},{"type":"child","parent":"lk800nh3m5","x":910,"y":147,"tool":"Pencil"}]},"tk800nmc62":{"type":"new","id":"tk800nmc62","color":"#000000","size":21,"x":918,"y":156.5,"tool":"Text","time":1584698643412,"txt":"geboren in Ausburg 1898"},"lk800oztv8":{"type":"line","id":"lk800oztv8","color":"#000000","size":6,"tool":"Pencil","time":1584698707552,"_children":[{"type":"child","parent":"lk800oztv8","x":910,"y":184,"tool":"Pencil"},{"type":"child","parent":"lk800oztv8","x":910,"y":184,"tool":"Pencil"}]},"tk800p4src":{"type":"new","id":"tk800p4src","color":"#000000","size":21,"x":920,"y":191.5,"tool":"Text","time":1584698713993,"txt":"1918 erstes Theaterstück ,,Baal\""},"lk800qrsmd":{"type":"line","id":"lk800qrsmd","color":"#000000","size":6,"tool":"Pencil","time":1584698790451,"_children":[{"type":"child","parent":"lk800qrsmd","x":910,"y":214,"tool":"Pencil"},{"type":"child","parent":"lk800qrsmd","x":910,"y":214,"tool":"Pencil"}]},"tk800rrubn":{"type":"new","id":"tk800rrubn","color":"#000000","size":21,"x":1125,"y":226.5,"tool":"Text","time":1584698837176,"txt":""},"tk800ruimt":{"type":"new","id":"tk800ruimt","color":"#000000","size":21,"x":1125,"y":226.5,"tool":"Text","time":1584698840639},"tk800s32l1":{"type":"new","id":"tk800s32l1","color":"#000000","size":21,"x":921,"y":223.5,"tool":"Text","time":1584698851728,"txt":"1928 Für ,,Trommeln in der Nacht\" erhält er den Kleist-Preis"},"tk800txmne":{"type":"new","id":"tk800txmne","color":"#000000","size":21,"x":966,"y":244.5,"tool":"Text","time":1584698937981,"txt":""},"lk800u7fgr":{"type":"line","id":"lk800u7fgr","color":"#000000","size":6,"tool":"Pencil","time":1584698950709,"_children":[{"type":"child","parent":"lk800u7fgr","x":911,"y":243,"tool":"Pencil"},{"type":"child","parent":"lk800u7fgr","x":911,"y":243,"tool":"Pencil"}]},"tk800ugnar":{"type":"new","id":"tk800ugnar","color":"#000000","size":21,"x":921,"y":252.5,"tool":"Text","time":1584698962629,"txt":"1933 wandert er nach Skandinaiven aus und 1941 nach Kalifornien"},"tk800x19xr":{"type":"new","id":"tk800x19xr","color":"#000000","size":21,"x":324,"y":267.5,"tool":"Text","time":1584699082682,"txt":""},"sk800y7ebe":{"type":"straight","id":"sk800y7ebe","color":"#000000","size":1,"x":924,"y":270,"tool":"Straight line","time":1584699137268,"x2":925,"y2":285},"sk800ybczc":{"type":"straight","id":"sk800ybczc","color":"#000000","size":1,"x":925,"y":285,"tool":"Straight line","time":1584699142403,"x2":944,"y2":285},"sk800ydsm9":{"type":"straight","id":"sk800ydsm9","color":"#000000","size":1,"x":942,"y":281,"tool":"Straight line","time":1584699145559,"x2":950,"y2":285},"sk800yhz2e":{"type":"straight","id":"sk800yhz2e","color":"#000000","size":1,"x":950,"y":285,"tool":"Straight line","time":1584699150974,"x2":942,"y2":290},"tk800yprfp":{"type":"new","id":"tk800yprfp","color":"#000000","size":13,"x":958,"y":290.5,"tool":"Text","time":1584699161074,"txt":"lebt die folgenden Jahre im Exil aufgrund des Nationalsozialismus und Hitler"},"lk800zr7un":{"type":"line","id":"lk800zr7un","color":"#000000","size":1,"tool":"Pencil","time":1584699209611,"_children":[{"type":"child","parent":"lk800zr7un","x":915,"y":304,"tool":"Pencil"},{"type":"child","parent":"lk800zr7un","x":915,"y":304,"tool":"Pencil"}]},"lk800zwgam":{"type":"line","id":"lk800zwgam","color":"#000000","size":1,"tool":"Pencil","time":1584699216396,"_children":[{"type":"child","parent":"lk800zwgam","x":147,"y":709,"tool":"Pencil"},{"type":"child","parent":"lk800zwgam","x":147,"y":709,"tool":"Pencil"}]},"lk80102i5x":{"type":"line","id":"lk80102i5x","color":"#000000","size":6,"tool":"Pencil","time":1584699224239,"_children":[{"type":"child","parent":"lk80102i5x","x":913,"y":314,"tool":"Pencil"},{"type":"child","parent":"lk80102i5x","x":913,"y":314,"tool":"Pencil"}]},"tk801084610":{"type":"new","id":"tk801084610","color":"#000000","size":21,"x":922,"y":324.5,"tool":"Text","time":1584699231511,"txt":"1948 kehrt er nach Deutschland zurück"},"sk8011mk5u":{"type":"straight","id":"sk8011mk5u","color":"#000000","size":1,"x":930,"y":335,"tool":"Straight line","time":1584699296888,"x2":930,"y2":348},"sk8011rrl6":{"type":"straight","id":"sk8011rrl6","color":"#000000","size":1,"x":931,"y":348,"tool":"Straight line","time":1584699303638,"x2":947,"y2":349},"sk8011ultf":{"type":"straight","id":"sk8011ultf","color":"#000000","size":1,"x":947,"y":349,"tool":"Straight line","time":1584699307316,"x2":938,"y2":343},"sk8011wg5h":{"type":"straight","id":"sk8011wg5h","color":"#000000","size":1,"x":946,"y":349,"tool":"Straight line","time":1584699309704,"x2":941,"y2":352},"tk801221vr":{"type":"new","id":"tk801221vr","color":"#000000","size":13,"x":954,"y":349.5,"tool":"Text","time":1584699316967,"txt":"probt dort mit seiner Ehefrau (Schauspielerin) in Ostberlin seine Dramatheorie"},"lk8013t4jg":{"type":"line","id":"lk8013t4jg","color":"#000000","size":7,"tool":"Pencil","time":1584699398711,"_children":[{"type":"child","parent":"lk8013t4jg","x":917,"y":376,"tool":"Pencil"},{"type":"child","parent":"lk8013t4jg","x":917,"y":376,"tool":"Pencil"}]},"tk8013yaop":{"type":"new","id":"tk8013yaop","color":"#000000","size":22,"x":932,"y":393,"tool":"Text","time":1584699405422,"txt":""},"tk8014olhb":{"type":"new","id":"tk8014olhb","color":"#000000","size":22,"x":932,"y":393,"tool":"Text","time":1584699439503,"txt":"1954 das Theater am Schiffbauerdamm wird die Spielstätte"},"tk80164yc7":{"type":"new","id":"tk80164yc7","color":"#000000","size":22,"x":938,"y":416,"tool":"Text","time":1584699507354,"txt":"seines heute noch berühmten Berliner Ensembles"},"lk801812zs":{"type":"line","id":"lk801812zs","color":"#000000","size":5,"tool":"Pencil","time":1584699595654,"_children":[{"type":"child","parent":"lk801812zs","x":918,"y":434,"tool":"Pencil"},{"type":"child","parent":"lk801812zs","x":918,"y":434,"tool":"Pencil"}]},"tk80184tsl":{"type":"new","id":"tk80184tsl","color":"#000000","size":19,"x":930,"y":443.5,"tool":"Text","time":1584699600513,"txt":""},"tk8018s6g6":{"type":"new","id":"tk8018s6g6","color":"#000000","size":19,"x":934,"y":439.5,"tool":"Text","time":1584699630768,"txt":"1956 stirbt er in Berlin"},"sk8019y27r":{"type":"straight","id":"sk8019y27r","color":"#000000","size":11,"x":37,"y":526,"tool":"Straight line","time":1584699685049,"x2":37,"y2":526},"sk801ao2th":{"type":"straight","id":"sk801ao2th","color":"#000000","size":6,"x":654,"y":301,"tool":"Straight line","time":1584699718766,"x2":499,"y2":129},"tk801b6zgg":{"type":"new","id":"tk801b6zgg","color":"#000000","size":21,"x":206,"y":276.5,"tool":"Text","time":1584699743271,"txt":""},"tk801bh1jk":{"type":"new","id":"tk801bh1jk","color":"#000000","size":21,"x":362,"y":137.5,"tool":"Text","time":1584699756307,"txt":"Dramatheorie"},"lk801buwcq":{"type":"line","id":"lk801buwcq","color":"#000000","size":6,"tool":"Pencil","time":1584699774271,"_children":[{"type":"child","parent":"lk801buwcq","x":162,"y":179,"tool":"Pencil"},{"type":"child","parent":"lk801buwcq","x":162,"y":179,"tool":"Pencil"}]},"tk801bynou":{"type":"new","id":"tk801bynou","color":"#000000","size":21,"x":170,"y":187.5,"tool":"Text","time":1584699779137,"txt":"wurde nur in kurzen Schriften übermittelt"},"sk801dd4gw":{"type":"straight","id":"sk801dd4gw","color":"#000000","size":4,"x":134,"y":188,"tool":"Straight line","time":1584699844544,"x2":134,"y2":203},"sk801df45n":{"type":"straight","id":"sk801df45n","color":"#000000","size":4,"x":134,"y":203,"tool":"Straight line","time":1584699847123,"x2":150,"y2":202},"sk801diq7g":{"type":"straight","id":"sk801diq7g","color":"#000000","size":4,"x":146,"y":196,"tool":"Straight line","time":1584699851806,"x2":150,"y2":202},"sk801djrrr":{"type":"straight","id":"sk801djrrr","color":"#000000","size":4,"x":150,"y":202,"tool":"Straight line","time":1584699853193,"x2":145,"y2":210},"tk801dpf3r":{"type":"new","id":"tk801dpf3r","color":"#000000","size":18,"x":157,"y":211,"tool":"Text","time":1584699860520,"txt":"Arbeitsjournale,Notizen,Vorträge usw."},"tk801ej3ka":{"type":"new","id":"tk801ej3ka","color":"#000000","size":18,"x":155,"y":710,"tool":"Text","time":1584699898945,"txt":""},"lk801erhau":{"type":"line","id":"lk801erhau","color":"#000000","size":9,"tool":"Pencil","time":1584699909809,"_children":[{"type":"child","parent":"lk801erhau","x":136,"y":239,"tool":"Pencil"},{"type":"child","parent":"lk801erhau","x":136,"y":239,"tool":"Pencil"}]},"tk801evzex":{"type":"new","id":"tk801evzex","color":"#000000","size":25,"x":147,"y":249.5,"tool":"Text","time":1584699915643,"txt":""},"tk801fiopt":{"type":"new","id":"tk801fiopt","color":"#000000","size":22,"x":148,"y":257,"tool":"Text","time":1584699945067,"txt":""},"tk801fn3gt":{"type":"new","id":"tk801fn3gt","color":"#000000","size":22,"x":146,"y":246,"tool":"Text","time":1584699950780,"txt":""},"tk801fxgbi":{"type":"new","id":"tk801fxgbi","color":"#000000","size":16,"x":150,"y":250,"tool":"Text","time":1584699964221,"txt":""},"tk801g14uc":{"type":"new","id":"tk801g14uc","color":"#000000","size":16,"x":145,"y":243,"tool":"Text","time":1584699968975,"txt":"nennt seine Theaterkunst nicht-aristotelisch"},"sk801hwf8e":{"type":"straight","id":"sk801hwf8e","color":"#000000","size":3,"x":127,"y":248,"tool":"Straight line","time":1584700056194,"x2":127,"y2":262},"sk801i02bj":{"type":"straight","id":"sk801i02bj","color":"#000000","size":3,"x":127,"y":262,"tool":"Straight line","time":1584700060906,"x2":140,"y2":262},"sk801i13gh":{"type":"straight","id":"sk801i13gh","color":"#000000","size":3,"x":140,"y":262,"tool":"Straight line","time":1584700062240,"x2":137,"y2":257},"sk801i4ipb":{"type":"straight","id":"sk801i4ipb","color":"#000000","size":3,"x":139,"y":262,"tool":"Straight line","time":1584700066678,"x2":134,"y2":267},"tk801i9lf3":{"type":"new","id":"tk801i9lf3","color":"#000000","size":16,"x":150,"y":270,"tool":"Text","time":1584700073255,"txt":""},"tk801id6it":{"type":"new","id":"tk801id6it","color":"#000000","size":16,"x":146,"y":267,"tool":"Text","time":1584700077910,"txt":"da er auf die stregen Strukturen des klassischen Theaters Verzichtete"},"lk801jml05":{"type":"line","id":"lk801jml05","color":"#000000","size":3,"tool":"Pencil","time":1584700136746,"_children":[{"type":"child","parent":"lk801jml05","x":133,"y":286,"tool":"Pencil"},{"type":"child","parent":"lk801jml05","x":133,"y":286,"tool":"Pencil"}]},"lk801jrnvr":{"type":"line","id":"lk801jrnvr","color":"#000000","size":7,"tool":"Pencil","time":1584700143330,"_children":[{"type":"child","parent":"lk801jrnvr","x":133,"y":286,"tool":"Pencil"},{"type":"child","parent":"lk801jrnvr","x":133,"y":286,"tool":"Pencil"}]},"tk801k6isq":{"type":"new","id":"tk801k6isq","color":"#000000","size":16,"x":143,"y":292,"tool":"Text","time":1584700162587,"txt":""},"tk801k8c3z":{"type":"new","id":"tk801k8c3z","color":"#000000","size":16,"x":147,"y":283,"tool":"Text","time":1584700164961},"tk801kab8j":{"type":"new","id":"tk801kab8j","color":"#000000","size":16,"x":139,"y":294,"tool":"Text","time":1584700167499},"tk801kcrow":{"type":"new","id":"tk801kcrow","color":"#000000","size":16,"x":139,"y":291,"tool":"Text","time":1584700170681,"txt":"das Geschehen in seine Theaterstücken entfaltet sich wie"},"tk801leo8c":{"type":"new","id":"tk801leo8c","color":"#000000","size":16,"x":139,"y":310,"tool":"Text","time":1584700219807,"txt":"Ausschnitte eines Erzählten Bilderbogens "},"lk801mn9x5":{"type":"line","id":"lk801mn9x5","color":"#000000","size":3,"tool":"Pencil","time":1584700277613,"_children":[{"type":"child","parent":"lk801mn9x5","x":136,"y":334,"tool":"Pencil"},{"type":"child","parent":"lk801mn9x5","x":136,"y":334,"tool":"Pencil"}]},"lk801mtxr4":{"type":"line","id":"lk801mtxr4","color":"#000000","size":8,"tool":"Pencil","time":1584700286247,"_children":[{"type":"child","parent":"lk801mtxr4","x":137,"y":335,"tool":"Pencil"},{"type":"child","parent":"lk801mtxr4","x":137,"y":335,"tool":"Pencil"}]},"tk801mxikz":{"type":"new","id":"tk801mxikz","color":"#000000","size":24,"x":145,"y":343,"tool":"Text","time":1584700290885,"txt":""},"tk801naywk":{"type":"new","id":"tk801naywk","color":"#000000","size":18,"x":149,"y":347,"tool":"Text","time":1584700308327,"txt":""},"tk801nel2u":{"type":"new","id":"tk801nel2u","color":"#000000","size":18,"x":143,"y":341,"tool":"Text","time":1584700313011,"txt":""},"tk801ntepk":{"type":"new","id":"tk801ntepk","color":"#000000","size":18,"x":146,"y":345,"tool":"Text","time":1584700332220,"txt":""},"tk801o5hbe":{"type":"new","id":"tk801o5hbe","color":"#000000","size":15,"x":148,"y":343.5,"tool":"Text","time":1584700347865,"txt":""},"tk801o93ai":{"type":"new","id":"tk801o93ai","color":"#000000","size":15,"x":146,"y":341.5,"tool":"Text","time":1584700352544,"txt":"Zuschauer sollte mit Wissbegierde und Neugier geweckt werden"},"lk801plpgk":{"type":"line","id":"lk801plpgk","color":"#000000","size":2,"tool":"Pencil","time":1584700415552,"_children":[{"type":"child","parent":"lk801plpgk","x":136,"y":366,"tool":"Pencil"},{"type":"child","parent":"lk801plpgk","x":136,"y":366,"tool":"Pencil"}]},"lk801ptenh":{"type":"line","id":"lk801ptenh","color":"#000000","size":6,"tool":"Pencil","time":1584700425529,"_children":[{"type":"child","parent":"lk801ptenh","x":137,"y":366,"tool":"Pencil"},{"type":"child","parent":"lk801ptenh","x":137,"y":366,"tool":"Pencil"}]},"tk801pxqk3":{"type":"new","id":"tk801pxqk3","color":"#000000","size":21,"x":143,"y":373.5,"tool":"Text","time":1584700431144,"txt":""},"tk801qgmz6":{"type":"new","id":"tk801qgmz6","color":"#000000","size":16,"x":144,"y":374,"tool":"Text","time":1584700455643,"txt":"Zuschauer sollte sich nicht mit der Figur identifizieren"},"sk801rv3pw":{"type":"straight","id":"sk801rv3pw","color":"#000000","size":3,"x":138,"y":383,"tool":"Straight line","time":1584700521044,"x2":138,"y2":394},"sk801rw7pw":{"type":"straight","id":"sk801rw7pw","color":"#000000","size":3,"x":138,"y":394,"tool":"Straight line","time":1584700522484,"x2":150,"y2":394},"sk801rx3yj":{"type":"straight","id":"sk801rx3yj","color":"#000000","size":3,"x":150,"y":394,"tool":"Straight line","time":1584700523691,"x2":148,"y2":390},"sk801ryodu":{"type":"straight","id":"sk801ryodu","color":"#000000","size":3,"x":150,"y":397,"tool":"Straight line","time":1584700525675,"x2":146,"y2":401},"tk801ugaa1":{"type":"new","id":"tk801ugaa1","color":"#000000","size":16,"x":152,"y":402,"tool":"Text","time":1584700641817,"txt":"sondern sich kritisch und distanziert mit dem Geschehen auseinandersetzen"},"sk801w5fv1":{"type":"straight","id":"sk801w5fv1","color":"#000000","size":3,"x":138,"y":410,"tool":"Straight line","time":1584700721070,"x2":138,"y2":428},"sk801w6co2":{"type":"straight","id":"sk801w6co2","color":"#000000","size":3,"x":138,"y":428,"tool":"Straight line","time":1584700722249,"x2":154,"y2":428},"sk801w75g1":{"type":"straight","id":"sk801w75g1","color":"#000000","size":3,"x":154,"y":428,"tool":"Straight line","time":1584700723285,"x2":148,"y2":423},"sk801w93eq":{"type":"straight","id":"sk801w93eq","color":"#000000","size":3,"x":154,"y":429,"tool":"Straight line","time":1584700725803,"x2":149,"y2":431},"tk801wc6b2":{"type":"new","id":"tk801wc6b2","color":"#000000","size":16,"x":154,"y":431,"tool":"Text","time":1584700729796,"txt":"und es sollten auf Missstände und auf unwürdige gesellschaftliche Verhältnisse "},"tk801y70xj":{"type":"new","id":"tk801y70xj","color":"#000000","size":16,"x":155,"y":449,"tool":"Text","time":1584700816438,"txt":"aufmerksam gemacht werden"},"lk801yw6rl":{"type":"line","id":"lk801yw6rl","color":"#000000","size":3,"tool":"Pencil","time":1584700849046,"_children":[{"type":"child","parent":"lk801yw6rl","x":142,"y":468,"tool":"Pencil"},{"type":"child","parent":"lk801yw6rl","x":142,"y":468,"tool":"Pencil"}]},"lk801z1lr4":{"type":"line","id":"lk801z1lr4","color":"#000000","size":6,"tool":"Pencil","time":1584700856068,"_children":[{"type":"child","parent":"lk801z1lr4","x":142,"y":470,"tool":"Pencil"},{"type":"child","parent":"lk801z1lr4","x":142,"y":470,"tool":"Pencil"}]},"tk801z832d":{"type":"new","id":"tk801z832d","color":"#000000","size":15,"x":147,"y":476.5,"tool":"Text","time":1584700864468,"txt":"Ziel war Veränderung "},"sk801zzeo6":{"type":"straight","id":"sk801zzeo6","color":"#000000","size":2,"x":143,"y":489,"tool":"Straight line","time":1584700899877,"x2":143,"y2":501},"sk80202xpg":{"type":"straight","id":"sk80202xpg","color":"#000000","size":2,"x":143,"y":501,"tool":"Straight line","time":1584700904455,"x2":154,"y2":501},"sk80203oj4":{"type":"straight","id":"sk80203oj4","color":"#000000","size":2,"x":154,"y":501,"tool":"Straight line","time":1584700905415,"x2":148,"y2":496},"sk8020537d":{"type":"straight","id":"sk8020537d","color":"#000000","size":2,"x":156,"y":501,"tool":"Straight line","time":1584700907240,"x2":152,"y2":505},"tk80224n610":{"type":"new","id":"tk80224n610","color":"#000000","size":15,"x":163,"y":500.5,"tool":"Text","time":1584700999975,"txt":""},"tk80225wla":{"type":"new","id":"tk80225wla","color":"#000000","size":15,"x":160,"y":506.5,"tool":"Text","time":1584701001624,"txt":"verlangt vom Zuschauer Entscheidungen und soll Handlungsmöglichkeiten vorgeben   "},"tk8023xon8":{"type":"new","id":"tk8023xon8","color":"#000000","size":15,"x":145,"y":533.5,"tool":"Text","time":1584701084273,"txt":""},"sk8024c6ta":{"type":"straight","id":"sk8024c6ta","color":"#000000","size":8,"x":746,"y":362,"tool":"Straight line","time":1584701103070,"x2":745,"y2":545},"tk8024jdu8":{"type":"new","id":"tk8024jdu8","color":"#000000","size":24,"x":662,"y":570,"tool":"Text","time":1584701112394,"txt":"Darstellung"},"lk8024z8gs":{"type":"line","id":"lk8024z8gs","color":"#000000","size":8,"tool":"Pencil","time":1584701133023,"_children":[{"type":"child","parent":"lk8024z8gs","x":569,"y":588,"tool":"Pencil"},{"type":"child","parent":"lk8024z8gs","x":569,"y":588,"tool":"Pencil"}]},"lk80252dhq":{"type":"line","id":"lk80252dhq","color":"#000000","size":8,"tool":"Pencil","time":1584701137006,"_children":[{"type":"child","parent":"lk80252dhq","x":567,"y":637,"tool":"Pencil"},{"type":"child","parent":"lk80252dhq","x":567,"y":637,"tool":"Pencil"}]},"lk802556t5":{"type":"line","id":"lk802556t5","color":"#000000","size":8,"tool":"Pencil","time":1584701140653,"_children":[{"type":"child","parent":"lk802556t5","x":566,"y":695,"tool":"Pencil"},{"type":"child","parent":"lk802556t5","x":566,"y":695,"tool":"Pencil"}]},"tk8025da6g":{"type":"new","id":"tk8025da6g","color":"#000000","size":18,"x":575,"y":595,"tool":"Text","time":1584701151142,"txt":"Schauspieler sollte sich nicht in die Rolle einfügen sondern Distanz wahren"},"sk8026u1yy":{"type":"straight","id":"sk8026u1yy","color":"#000000","size":4,"x":552,"y":588,"tool":"Straight line","time":1584701219534,"x2":552,"y2":609},"sk8026vc4e":{"type":"straight","id":"sk8026vc4e","color":"#000000","size":4,"x":552,"y":609,"tool":"Straight line","time":1584701221198,"x2":564,"y2":609},"sk8026wh910":{"type":"straight","id":"sk8026wh910","color":"#000000","size":4,"x":564,"y":609,"tool":"Straight line","time":1584701222678,"x2":564,"y2":609},"sk8026wmcv":{"type":"straight","id":"sk8026wmcv","color":"#000000","size":4,"x":564,"y":609,"tool":"Straight line","time":1584701222861,"x2":564,"y2":609},"sk8026xkk3":{"type":"straight","id":"sk8026xkk3","color":"#000000","size":4,"x":564,"y":609,"tool":"Straight line","time":1584701224092,"x2":561,"y2":600},"sk80270788":{"type":"straight","id":"sk80270788","color":"#000000","size":4,"x":565,"y":610,"tool":"Straight line","time":1584701227504,"x2":557,"y2":618},"tk80274txx":{"type":"new","id":"tk80274txx","color":"#000000","size":18,"x":569,"y":615,"tool":"Text","time":1584701233504,"txt":"er zitiert sie nur "},"tk80280gvt":{"type":"new","id":"tk80280gvt","color":"#000000","size":18,"x":575,"y":648,"tool":"Text","time":1584701274520,"txt":"keine Illusion sondern so realistisch wie möglich "},"lk8029hca5":{"type":"line","id":"lk8029hca5","color":"#000000","size":4,"tool":"Pencil","time":1584701343032,"_children":[{"type":"child","parent":"lk8029hca5","x":565,"y":668,"tool":"Pencil"},{"type":"child","parent":"lk8029hca5","x":565,"y":668,"tool":"Pencil"}]},"tk8029s9pn":{"type":"new","id":"tk8029s9pn","color":"#000000","size":18,"x":569,"y":676,"tool":"Text","time":1584701357191,"txt":"Schauspieler wurden entlarvt: so dass der Zuschauer erkennt das es nur Schauspiel ist"},"tk802bpi1z":{"type":"new","id":"tk802bpi1z","color":"#000000","size":18,"x":573,"y":703,"tool":"Text","time":1584701446919,"txt":"Benutzt mannigfaltige Bühnentechnik"},"tk802eovvr":{"type":"new","id":"tk802eovvr","color":"#000000","size":18,"x":708,"y":199,"tool":"Text","time":1584701586091,"txt":""},"tk802eq6dg":{"type":"new","id":"tk802eq6dg","color":"#000000","size":18,"x":660,"y":141,"tool":"Text","time":1584701587776}}