{"ljp1jzaups":{"type":"line","id":"ljp1jzaups","color":"#1913b0","size":10,"tool":"Pencil","_children":[{"type":"child","parent":"ljp1jzaups","x":214,"y":45,"tool":"Pencil"},{"type":"child","parent":"ljp1jzaups","x":214,"y":57,"tool":"Pencil"},{"type":"child","parent":"ljp1jzaups","x":220,"y":111,"tool":"Pencil"},{"type":"child","parent":"ljp1jzaups","x":221,"y":117,"tool":"Pencil"},{"type":"child","parent":"ljp1jzaups","x":222,"y":117,"tool":"Pencil"},{"type":"child","parent":"ljp1jzaups","x":284,"y":117,"tool":"Pencil"},{"type":"child","parent":"ljp1jzaups","x":416,"y":117,"tool":"Pencil"},{"type":"child","parent":"ljp1jzaups","x":556,"y":117,"tool":"Pencil"},{"type":"child","parent":"ljp1jzaups","x":625,"y":117,"tool":"Pencil"},{"type":"child","parent":"ljp1jzaups","x":705,"y":117,"tool":"Pencil"},{"type":"child","parent":"ljp1jzaups","x":788,"y":117,"tool":"Pencil"},{"type":"child","parent":"ljp1jzaups","x":895,"y":117,"tool":"Pencil"},{"type":"child","parent":"ljp1jzaups","x":1005,"y":117,"tool":"Pencil"},{"type":"child","parent":"ljp1jzaups","x":1084,"y":117,"tool":"Pencil"},{"type":"child","parent":"ljp1jzaups","x":1151,"y":117,"tool":"Pencil"},{"type":"child","parent":"ljp1jzaups","x":1164,"y":117,"tool":"Pencil"},{"type":"child","parent":"ljp1jzaups","x":1169,"y":117,"tool":"Pencil"}]},"ljp1jzcq2c":{"type":"line","id":"ljp1jzcq2c","color":"#1913b0","size":10,"tool":"Pencil","_children":[{"type":"child","parent":"ljp1jzcq2c","x":212,"y":46,"tool":"Pencil"},{"type":"child","parent":"ljp1jzcq2c","x":225,"y":46,"tool":"Pencil"},{"type":"child","parent":"ljp1jzcq2c","x":385,"y":51,"tool":"Pencil"},{"type":"child","parent":"ljp1jzcq2c","x":558,"y":51,"tool":"Pencil"},{"type":"child","parent":"ljp1jzcq2c","x":676,"y":51,"tool":"Pencil"},{"type":"child","parent":"ljp1jzcq2c","x":755,"y":47,"tool":"Pencil"},{"type":"child","parent":"ljp1jzcq2c","x":820,"y":46,"tool":"Pencil"},{"type":"child","parent":"ljp1jzcq2c","x":848,"y":42,"tool":"Pencil"},{"type":"child","parent":"ljp1jzcq2c","x":902,"y":41,"tool":"Pencil"},{"type":"child","parent":"ljp1jzcq2c","x":943,"y":38,"tool":"Pencil"},{"type":"child","parent":"ljp1jzcq2c","x":984,"y":38,"tool":"Pencil"},{"type":"child","parent":"ljp1jzcq2c","x":1034,"y":38,"tool":"Pencil"},{"type":"child","parent":"ljp1jzcq2c","x":1066,"y":38,"tool":"Pencil"},{"type":"child","parent":"ljp1jzcq2c","x":1088,"y":39,"tool":"Pencil"},{"type":"child","parent":"ljp1jzcq2c","x":1140,"y":46,"tool":"Pencil"},{"type":"child","parent":"ljp1jzcq2c","x":1156,"y":50,"tool":"Pencil"},{"type":"child","parent":"ljp1jzcq2c","x":1159,"y":53,"tool":"Pencil"},{"type":"child","parent":"ljp1jzcq2c","x":1163,"y":67,"tool":"Pencil"},{"type":"child","parent":"ljp1jzcq2c","x":1166,"y":82,"tool":"Pencil"},{"type":"child","parent":"ljp1jzcq2c","x":1169,"y":94,"tool":"Pencil"},{"type":"child","parent":"ljp1jzcq2c","x":1169,"y":102,"tool":"Pencil"},{"type":"child","parent":"ljp1jzcq2c","x":1170,"y":109,"tool":"Pencil"},{"type":"child","parent":"ljp1jzcq2c","x":1171,"y":110,"tool":"Pencil"}]},"ljp1jzf0gd":{"type":"line","id":"ljp1jzf0gd","color":"#1913b0","size":10,"tool":"Pencil","_children":[{"type":"child","parent":"ljp1jzf0gd","x":308,"y":52,"tool":"Pencil"},{"type":"child","parent":"ljp1jzf0gd","x":308,"y":60,"tool":"Pencil"},{"type":"child","parent":"ljp1jzf0gd","x":308,"y":82,"tool":"Pencil"},{"type":"child","parent":"ljp1jzf0gd","x":309,"y":89,"tool":"Pencil"},{"type":"child","parent":"ljp1jzf0gd","x":310,"y":97,"tool":"Pencil"},{"type":"child","parent":"ljp1jzf0gd","x":311,"y":104,"tool":"Pencil"},{"type":"child","parent":"ljp1jzf0gd","x":311,"y":108,"tool":"Pencil"},{"type":"child","parent":"ljp1jzf0gd","x":312,"y":114,"tool":"Pencil"},{"type":"child","parent":"ljp1jzf0gd","x":314,"y":116,"tool":"Pencil"}]},"ljp1jzgbcv":{"type":"line","id":"ljp1jzgbcv","color":"#1913b0","size":10,"tool":"Pencil","_children":[{"type":"child","parent":"ljp1jzgbcv","x":394,"y":57,"tool":"Pencil"},{"type":"child","parent":"ljp1jzgbcv","x":395,"y":68,"tool":"Pencil"},{"type":"child","parent":"ljp1jzgbcv","x":395,"y":88,"tool":"Pencil"},{"type":"child","parent":"ljp1jzgbcv","x":396,"y":107,"tool":"Pencil"},{"type":"child","parent":"ljp1jzgbcv","x":399,"y":119,"tool":"Pencil"},{"type":"child","parent":"ljp1jzgbcv","x":400,"y":127,"tool":"Pencil"},{"type":"child","parent":"ljp1jzgbcv","x":401,"y":126,"tool":"Pencil"}]},"ljp1jzhdlq":{"type":"line","id":"ljp1jzhdlq","color":"#1913b0","size":10,"tool":"Pencil","_children":[{"type":"child","parent":"ljp1jzhdlq","x":498,"y":52,"tool":"Pencil"},{"type":"child","parent":"ljp1jzhdlq","x":499,"y":68,"tool":"Pencil"},{"type":"child","parent":"ljp1jzhdlq","x":501,"y":94,"tool":"Pencil"},{"type":"child","parent":"ljp1jzhdlq","x":501,"y":108,"tool":"Pencil"},{"type":"child","parent":"ljp1jzhdlq","x":503,"y":113,"tool":"Pencil"},{"type":"child","parent":"ljp1jzhdlq","x":503,"y":116,"tool":"Pencil"}]},"ljp1jzii110":{"type":"line","id":"ljp1jzii110","color":"#1913b0","size":10,"tool":"Pencil","_children":[{"type":"child","parent":"ljp1jzii110","x":606,"y":48,"tool":"Pencil"},{"type":"child","parent":"ljp1jzii110","x":608,"y":67,"tool":"Pencil"},{"type":"child","parent":"ljp1jzii110","x":611,"y":88,"tool":"Pencil"},{"type":"child","parent":"ljp1jzii110","x":613,"y":98,"tool":"Pencil"},{"type":"child","parent":"ljp1jzii110","x":614,"y":107,"tool":"Pencil"},{"type":"child","parent":"ljp1jzii110","x":615,"y":117,"tool":"Pencil"},{"type":"child","parent":"ljp1jzii110","x":616,"y":121,"tool":"Pencil"},{"type":"child","parent":"ljp1jzii110","x":617,"y":123,"tool":"Pencil"}]},"ljp1jzjpcl":{"type":"line","id":"ljp1jzjpcl","color":"#1913b0","size":10,"tool":"Pencil","_children":[{"type":"child","parent":"ljp1jzjpcl","x":743,"y":45,"tool":"Pencil"},{"type":"child","parent":"ljp1jzjpcl","x":743,"y":53,"tool":"Pencil"},{"type":"child","parent":"ljp1jzjpcl","x":746,"y":80,"tool":"Pencil"},{"type":"child","parent":"ljp1jzjpcl","x":749,"y":98,"tool":"Pencil"},{"type":"child","parent":"ljp1jzjpcl","x":751,"y":104,"tool":"Pencil"},{"type":"child","parent":"ljp1jzjpcl","x":752,"y":109,"tool":"Pencil"},{"type":"child","parent":"ljp1jzjpcl","x":752,"y":112,"tool":"Pencil"}]},"ljp1jzkwiy":{"type":"line","id":"ljp1jzkwiy","color":"#1913b0","size":10,"tool":"Pencil","_children":[{"type":"child","parent":"ljp1jzkwiy","x":832,"y":46,"tool":"Pencil"},{"type":"child","parent":"ljp1jzkwiy","x":833,"y":47,"tool":"Pencil"},{"type":"child","parent":"ljp1jzkwiy","x":839,"y":71,"tool":"Pencil"},{"type":"child","parent":"ljp1jzkwiy","x":843,"y":86,"tool":"Pencil"},{"type":"child","parent":"ljp1jzkwiy","x":846,"y":98,"tool":"Pencil"},{"type":"child","parent":"ljp1jzkwiy","x":847,"y":105,"tool":"Pencil"},{"type":"child","parent":"ljp1jzkwiy","x":848,"y":110,"tool":"Pencil"},{"type":"child","parent":"ljp1jzkwiy","x":848,"y":113,"tool":"Pencil"},{"type":"child","parent":"ljp1jzkwiy","x":851,"y":117,"tool":"Pencil"},{"type":"child","parent":"ljp1jzkwiy","x":851,"y":117,"tool":"Pencil"}]},"ljp1jzm0hk":{"type":"line","id":"ljp1jzm0hk","color":"#1913b0","size":10,"tool":"Pencil","_children":[{"type":"child","parent":"ljp1jzm0hk","x":946,"y":37,"tool":"Pencil"},{"type":"child","parent":"ljp1jzm0hk","x":948,"y":46,"tool":"Pencil"},{"type":"child","parent":"ljp1jzm0hk","x":949,"y":71,"tool":"Pencil"},{"type":"child","parent":"ljp1jzm0hk","x":949,"y":90,"tool":"Pencil"},{"type":"child","parent":"ljp1jzm0hk","x":950,"y":98,"tool":"Pencil"},{"type":"child","parent":"ljp1jzm0hk","x":951,"y":103,"tool":"Pencil"},{"type":"child","parent":"ljp1jzm0hk","x":951,"y":105,"tool":"Pencil"},{"type":"child","parent":"ljp1jzm0hk","x":953,"y":108,"tool":"Pencil"},{"type":"child","parent":"ljp1jzm0hk","x":953,"y":112,"tool":"Pencil"}]},"ljp1jznbtn":{"type":"line","id":"ljp1jznbtn","color":"#1913b0","size":10,"tool":"Pencil","_children":[{"type":"child","parent":"ljp1jznbtn","x":1051,"y":41,"tool":"Pencil"},{"type":"child","parent":"ljp1jznbtn","x":1051,"y":48,"tool":"Pencil"},{"type":"child","parent":"ljp1jznbtn","x":1051,"y":73,"tool":"Pencil"},{"type":"child","parent":"ljp1jznbtn","x":1051,"y":89,"tool":"Pencil"},{"type":"child","parent":"ljp1jznbtn","x":1052,"y":96,"tool":"Pencil"},{"type":"child","parent":"ljp1jznbtn","x":1052,"y":104,"tool":"Pencil"},{"type":"child","parent":"ljp1jznbtn","x":1053,"y":106,"tool":"Pencil"},{"type":"child","parent":"ljp1jznbtn","x":1052,"y":110,"tool":"Pencil"}]},"ljp1jzpu1z":{"type":"line","id":"ljp1jzpu1z","color":"#1913b0","size":10,"tool":"Pencil","_children":[{"type":"child","parent":"ljp1jzpu1z","x":255,"y":67,"tool":"Pencil"},{"type":"child","parent":"ljp1jzpu1z","x":252,"y":93,"tool":"Pencil"},{"type":"child","parent":"ljp1jzpu1z","x":252,"y":101,"tool":"Pencil"},{"type":"child","parent":"ljp1jzpu1z","x":252,"y":96,"tool":"Pencil"}]},"ljp1jzqvdt":{"type":"line","id":"ljp1jzqvdt","color":"#1913b0","size":10,"tool":"Pencil","_children":[{"type":"child","parent":"ljp1jzqvdt","x":348,"y":69,"tool":"Pencil"},{"type":"child","parent":"ljp1jzqvdt","x":350,"y":69,"tool":"Pencil"},{"type":"child","parent":"ljp1jzqvdt","x":359,"y":76,"tool":"Pencil"},{"type":"child","parent":"ljp1jzqvdt","x":362,"y":85,"tool":"Pencil"},{"type":"child","parent":"ljp1jzqvdt","x":358,"y":98,"tool":"Pencil"},{"type":"child","parent":"ljp1jzqvdt","x":358,"y":100,"tool":"Pencil"},{"type":"child","parent":"ljp1jzqvdt","x":374,"y":101,"tool":"Pencil"},{"type":"child","parent":"ljp1jzqvdt","x":375,"y":101,"tool":"Pencil"}]},"ljp1jzs01k":{"type":"line","id":"ljp1jzs01k","color":"#1913b0","size":10,"tool":"Pencil","_children":[{"type":"child","parent":"ljp1jzs01k","x":431,"y":73,"tool":"Pencil"},{"type":"child","parent":"ljp1jzs01k","x":432,"y":70,"tool":"Pencil"},{"type":"child","parent":"ljp1jzs01k","x":444,"y":66,"tool":"Pencil"},{"type":"child","parent":"ljp1jzs01k","x":455,"y":71,"tool":"Pencil"},{"type":"child","parent":"ljp1jzs01k","x":452,"y":86,"tool":"Pencil"},{"type":"child","parent":"ljp1jzs01k","x":442,"y":89,"tool":"Pencil"},{"type":"child","parent":"ljp1jzs01k","x":445,"y":88,"tool":"Pencil"},{"type":"child","parent":"ljp1jzs01k","x":451,"y":92,"tool":"Pencil"},{"type":"child","parent":"ljp1jzs01k","x":455,"y":97,"tool":"Pencil"},{"type":"child","parent":"ljp1jzs01k","x":455,"y":99,"tool":"Pencil"},{"type":"child","parent":"ljp1jzs01k","x":452,"y":106,"tool":"Pencil"},{"type":"child","parent":"ljp1jzs01k","x":435,"y":110,"tool":"Pencil"},{"type":"child","parent":"ljp1jzs01k","x":426,"y":103,"tool":"Pencil"}]},"ljp1jztkqw":{"type":"line","id":"ljp1jztkqw","color":"#1913b0","size":10,"tool":"Pencil","_children":[{"type":"child","parent":"ljp1jztkqw","x":538,"y":68,"tool":"Pencil"},{"type":"child","parent":"ljp1jztkqw","x":534,"y":81,"tool":"Pencil"},{"type":"child","parent":"ljp1jztkqw","x":533,"y":90,"tool":"Pencil"},{"type":"child","parent":"ljp1jztkqw","x":534,"y":94,"tool":"Pencil"},{"type":"child","parent":"ljp1jztkqw","x":558,"y":95,"tool":"Pencil"},{"type":"child","parent":"ljp1jztkqw","x":561,"y":94,"tool":"Pencil"},{"type":"child","parent":"ljp1jztkqw","x":558,"y":90,"tool":"Pencil"},{"type":"child","parent":"ljp1jztkqw","x":557,"y":90,"tool":"Pencil"},{"type":"child","parent":"ljp1jztkqw","x":560,"y":104,"tool":"Pencil"},{"type":"child","parent":"ljp1jztkqw","x":560,"y":104,"tool":"Pencil"}]},"ljp1jzuv42":{"type":"line","id":"ljp1jzuv42","color":"#1913b0","size":10,"tool":"Pencil","_children":[{"type":"child","parent":"ljp1jzuv42","x":654,"y":67,"tool":"Pencil"},{"type":"child","parent":"ljp1jzuv42","x":655,"y":67,"tool":"Pencil"},{"type":"child","parent":"ljp1jzuv42","x":676,"y":67,"tool":"Pencil"},{"type":"child","parent":"ljp1jzuv42","x":676,"y":67,"tool":"Pencil"}]},"ljp1jzvp51":{"type":"line","id":"ljp1jzvp51","color":"#1913b0","size":10,"tool":"Pencil","_children":[{"type":"child","parent":"ljp1jzvp51","x":654,"y":69,"tool":"Pencil"},{"type":"child","parent":"ljp1jzvp51","x":653,"y":70,"tool":"Pencil"},{"type":"child","parent":"ljp1jzvp51","x":654,"y":81,"tool":"Pencil"},{"type":"child","parent":"ljp1jzvp51","x":654,"y":88,"tool":"Pencil"},{"type":"child","parent":"ljp1jzvp51","x":655,"y":89,"tool":"Pencil"},{"type":"child","parent":"ljp1jzvp51","x":661,"y":82,"tool":"Pencil"},{"type":"child","parent":"ljp1jzvp51","x":664,"y":79,"tool":"Pencil"},{"type":"child","parent":"ljp1jzvp51","x":670,"y":80,"tool":"Pencil"},{"type":"child","parent":"ljp1jzvp51","x":678,"y":86,"tool":"Pencil"},{"type":"child","parent":"ljp1jzvp51","x":680,"y":89,"tool":"Pencil"},{"type":"child","parent":"ljp1jzvp51","x":680,"y":95,"tool":"Pencil"},{"type":"child","parent":"ljp1jzvp51","x":674,"y":102,"tool":"Pencil"},{"type":"child","parent":"ljp1jzvp51","x":665,"y":107,"tool":"Pencil"},{"type":"child","parent":"ljp1jzvp51","x":658,"y":111,"tool":"Pencil"},{"type":"child","parent":"ljp1jzvp51","x":651,"y":107,"tool":"Pencil"}]},"ljp1jzxblm":{"type":"line","id":"ljp1jzxblm","color":"#1913b0","size":10,"tool":"Pencil","_children":[{"type":"child","parent":"ljp1jzxblm","x":808,"y":62,"tool":"Pencil"},{"type":"child","parent":"ljp1jzxblm","x":803,"y":64,"tool":"Pencil"},{"type":"child","parent":"ljp1jzxblm","x":789,"y":74,"tool":"Pencil"},{"type":"child","parent":"ljp1jzxblm","x":784,"y":80,"tool":"Pencil"},{"type":"child","parent":"ljp1jzxblm","x":783,"y":89,"tool":"Pencil"},{"type":"child","parent":"ljp1jzxblm","x":787,"y":100,"tool":"Pencil"},{"type":"child","parent":"ljp1jzxblm","x":793,"y":101,"tool":"Pencil"},{"type":"child","parent":"ljp1jzxblm","x":796,"y":101,"tool":"Pencil"},{"type":"child","parent":"ljp1jzxblm","x":800,"y":97,"tool":"Pencil"},{"type":"child","parent":"ljp1jzxblm","x":801,"y":91,"tool":"Pencil"},{"type":"child","parent":"ljp1jzxblm","x":794,"y":87,"tool":"Pencil"},{"type":"child","parent":"ljp1jzxblm","x":789,"y":87,"tool":"Pencil"},{"type":"child","parent":"ljp1jzxblm","x":784,"y":88,"tool":"Pencil"}]},"ljp1jzynd2":{"type":"line","id":"ljp1jzynd2","color":"#1913b0","size":10,"tool":"Pencil","_children":[{"type":"child","parent":"ljp1jzynd2","x":866,"y":62,"tool":"Pencil"},{"type":"child","parent":"ljp1jzynd2","x":867,"y":62,"tool":"Pencil"},{"type":"child","parent":"ljp1jzynd2","x":891,"y":62,"tool":"Pencil"},{"type":"child","parent":"ljp1jzynd2","x":892,"y":64,"tool":"Pencil"},{"type":"child","parent":"ljp1jzynd2","x":888,"y":80,"tool":"Pencil"},{"type":"child","parent":"ljp1jzynd2","x":875,"y":101,"tool":"Pencil"},{"type":"child","parent":"ljp1jzynd2","x":870,"y":111,"tool":"Pencil"},{"type":"child","parent":"ljp1jzynd2","x":870,"y":112,"tool":"Pencil"},{"type":"child","parent":"ljp1jzynd2","x":871,"y":117,"tool":"Pencil"}]},"ljp1jzzwhi":{"type":"line","id":"ljp1jzzwhi","color":"#1913b0","size":10,"tool":"Pencil","_children":[{"type":"child","parent":"ljp1jzzwhi","x":874,"y":81,"tool":"Pencil"},{"type":"child","parent":"ljp1jzzwhi","x":876,"y":81,"tool":"Pencil"},{"type":"child","parent":"ljp1jzzwhi","x":889,"y":87,"tool":"Pencil"},{"type":"child","parent":"ljp1jzzwhi","x":890,"y":89,"tool":"Pencil"},{"type":"child","parent":"ljp1jzzwhi","x":892,"y":90,"tool":"Pencil"}]},"ljp1k00td3":{"type":"line","id":"ljp1k00td3","color":"#1913b0","size":10,"tool":"Pencil","_children":[{"type":"child","parent":"ljp1k00td3","x":990,"y":66,"tool":"Pencil"},{"type":"child","parent":"ljp1k00td3","x":987,"y":65,"tool":"Pencil"},{"type":"child","parent":"ljp1k00td3","x":993,"y":59,"tool":"Pencil"},{"type":"child","parent":"ljp1k00td3","x":1011,"y":56,"tool":"Pencil"},{"type":"child","parent":"ljp1k00td3","x":1014,"y":65,"tool":"Pencil"},{"type":"child","parent":"ljp1k00td3","x":1001,"y":81,"tool":"Pencil"},{"type":"child","parent":"ljp1k00td3","x":999,"y":87,"tool":"Pencil"},{"type":"child","parent":"ljp1k00td3","x":997,"y":96,"tool":"Pencil"},{"type":"child","parent":"ljp1k00td3","x":1003,"y":103,"tool":"Pencil"},{"type":"child","parent":"ljp1k00td3","x":1026,"y":104,"tool":"Pencil"},{"type":"child","parent":"ljp1k00td3","x":1028,"y":102,"tool":"Pencil"},{"type":"child","parent":"ljp1k00td3","x":1022,"y":92,"tool":"Pencil"},{"type":"child","parent":"ljp1k00td3","x":1016,"y":86,"tool":"Pencil"},{"type":"child","parent":"ljp1k00td3","x":1008,"y":85,"tool":"Pencil"},{"type":"child","parent":"ljp1k00td3","x":996,"y":80,"tool":"Pencil"},{"type":"child","parent":"ljp1k00td3","x":988,"y":75,"tool":"Pencil"},{"type":"child","parent":"ljp1k00td3","x":985,"y":72,"tool":"Pencil"}]},"ljp1k02cir":{"type":"line","id":"ljp1k02cir","color":"#1913b0","size":10,"tool":"Pencil","_children":[{"type":"child","parent":"ljp1k02cir","x":1112,"y":71,"tool":"Pencil"},{"type":"child","parent":"ljp1k02cir","x":1110,"y":70,"tool":"Pencil"},{"type":"child","parent":"ljp1k02cir","x":1093,"y":75,"tool":"Pencil"},{"type":"child","parent":"ljp1k02cir","x":1080,"y":73,"tool":"Pencil"},{"type":"child","parent":"ljp1k02cir","x":1075,"y":68,"tool":"Pencil"},{"type":"child","parent":"ljp1k02cir","x":1077,"y":58,"tool":"Pencil"},{"type":"child","parent":"ljp1k02cir","x":1091,"y":55,"tool":"Pencil"},{"type":"child","parent":"ljp1k02cir","x":1102,"y":66,"tool":"Pencil"},{"type":"child","parent":"ljp1k02cir","x":1105,"y":76,"tool":"Pencil"},{"type":"child","parent":"ljp1k02cir","x":1107,"y":86,"tool":"Pencil"},{"type":"child","parent":"ljp1k02cir","x":1102,"y":92,"tool":"Pencil"},{"type":"child","parent":"ljp1k02cir","x":1096,"y":97,"tool":"Pencil"},{"type":"child","parent":"ljp1k02cir","x":1095,"y":98,"tool":"Pencil"},{"type":"child","parent":"ljp1k02cir","x":1093,"y":100,"tool":"Pencil"},{"type":"child","parent":"ljp1k02cir","x":1093,"y":100,"tool":"Pencil"}]},"ljp1k0721h":{"type":"line","id":"ljp1k0721h","color":"#1913b0","size":10,"tool":"Pencil","_children":[{"type":"child","parent":"ljp1k0721h","x":1103,"y":124,"tool":"Pencil"},{"type":"child","parent":"ljp1k0721h","x":1098,"y":143,"tool":"Pencil"},{"type":"child","parent":"ljp1k0721h","x":1069,"y":174,"tool":"Pencil"},{"type":"child","parent":"ljp1k0721h","x":989,"y":210,"tool":"Pencil"},{"type":"child","parent":"ljp1k0721h","x":792,"y":242,"tool":"Pencil"},{"type":"child","parent":"ljp1k0721h","x":633,"y":242,"tool":"Pencil"},{"type":"child","parent":"ljp1k0721h","x":572,"y":231,"tool":"Pencil"},{"type":"child","parent":"ljp1k0721h","x":527,"y":222,"tool":"Pencil"},{"type":"child","parent":"ljp1k0721h","x":440,"y":209,"tool":"Pencil"},{"type":"child","parent":"ljp1k0721h","x":383,"y":198,"tool":"Pencil"},{"type":"child","parent":"ljp1k0721h","x":345,"y":190,"tool":"Pencil"},{"type":"child","parent":"ljp1k0721h","x":321,"y":184,"tool":"Pencil"},{"type":"child","parent":"ljp1k0721h","x":299,"y":171,"tool":"Pencil"},{"type":"child","parent":"ljp1k0721h","x":274,"y":156,"tool":"Pencil"},{"type":"child","parent":"ljp1k0721h","x":264,"y":148,"tool":"Pencil"},{"type":"child","parent":"ljp1k0721h","x":257,"y":143,"tool":"Pencil"},{"type":"child","parent":"ljp1k0721h","x":256,"y":142,"tool":"Pencil"}]},"ljp1k08g9i":{"type":"line","id":"ljp1k08g9i","color":"#1913b0","size":10,"tool":"Pencil","_children":[{"type":"child","parent":"ljp1k08g9i","x":253,"y":143,"tool":"Pencil"},{"type":"child","parent":"ljp1k08g9i","x":253,"y":153,"tool":"Pencil"},{"type":"child","parent":"ljp1k08g9i","x":255,"y":182,"tool":"Pencil"},{"type":"child","parent":"ljp1k08g9i","x":257,"y":185,"tool":"Pencil"}]},"ljp1k099l5":{"type":"line","id":"ljp1k099l5","color":"#1913b0","size":10,"tool":"Pencil","_children":[{"type":"child","parent":"ljp1k099l5","x":263,"y":141,"tool":"Pencil"},{"type":"child","parent":"ljp1k099l5","x":264,"y":141,"tool":"Pencil"},{"type":"child","parent":"ljp1k099l5","x":270,"y":141,"tool":"Pencil"},{"type":"child","parent":"ljp1k099l5","x":277,"y":141,"tool":"Pencil"},{"type":"child","parent":"ljp1k099l5","x":281,"y":140,"tool":"Pencil"},{"type":"child","parent":"ljp1k099l5","x":282,"y":140,"tool":"Pencil"}]},"ljp1k0f96q":{"type":"line","id":"ljp1k0f96q","color":"#1913b0","size":10,"tool":"Pencil","_children":[{"type":"child","parent":"ljp1k0f96q","x":202,"y":264,"tool":"Pencil"},{"type":"child","parent":"ljp1k0f96q","x":202,"y":295,"tool":"Pencil"},{"type":"child","parent":"ljp1k0f96q","x":202,"y":319,"tool":"Pencil"},{"type":"child","parent":"ljp1k0f96q","x":202,"y":333,"tool":"Pencil"},{"type":"child","parent":"ljp1k0f96q","x":204,"y":337,"tool":"Pencil"},{"type":"child","parent":"ljp1k0f96q","x":321,"y":337,"tool":"Pencil"},{"type":"child","parent":"ljp1k0f96q","x":627,"y":337,"tool":"Pencil"},{"type":"child","parent":"ljp1k0f96q","x":913,"y":337,"tool":"Pencil"},{"type":"child","parent":"ljp1k0f96q","x":1082,"y":337,"tool":"Pencil"},{"type":"child","parent":"ljp1k0f96q","x":1154,"y":337,"tool":"Pencil"},{"type":"child","parent":"ljp1k0f96q","x":1156,"y":337,"tool":"Pencil"},{"type":"child","parent":"ljp1k0f96q","x":1173,"y":337,"tool":"Pencil"},{"type":"child","parent":"ljp1k0f96q","x":1183,"y":339,"tool":"Pencil"},{"type":"child","parent":"ljp1k0f96q","x":1191,"y":339,"tool":"Pencil"},{"type":"child","parent":"ljp1k0f96q","x":1187,"y":339,"tool":"Pencil"}]},"ljp1k0hdd5":{"type":"line","id":"ljp1k0hdd5","color":"#1913b0","size":10,"tool":"Pencil","_children":[{"type":"child","parent":"ljp1k0hdd5","x":204,"y":260,"tool":"Pencil"},{"type":"child","parent":"ljp1k0hdd5","x":205,"y":259,"tool":"Pencil"},{"type":"child","parent":"ljp1k0hdd5","x":364,"y":260,"tool":"Pencil"},{"type":"child","parent":"ljp1k0hdd5","x":634,"y":260,"tool":"Pencil"},{"type":"child","parent":"ljp1k0hdd5","x":833,"y":260,"tool":"Pencil"},{"type":"child","parent":"ljp1k0hdd5","x":917,"y":260,"tool":"Pencil"},{"type":"child","parent":"ljp1k0hdd5","x":1016,"y":260,"tool":"Pencil"},{"type":"child","parent":"ljp1k0hdd5","x":1051,"y":261,"tool":"Pencil"},{"type":"child","parent":"ljp1k0hdd5","x":1081,"y":261,"tool":"Pencil"},{"type":"child","parent":"ljp1k0hdd5","x":1117,"y":264,"tool":"Pencil"},{"type":"child","parent":"ljp1k0hdd5","x":1141,"y":264,"tool":"Pencil"},{"type":"child","parent":"ljp1k0hdd5","x":1158,"y":263,"tool":"Pencil"},{"type":"child","parent":"ljp1k0hdd5","x":1178,"y":263,"tool":"Pencil"},{"type":"child","parent":"ljp1k0hdd5","x":1184,"y":263,"tool":"Pencil"},{"type":"child","parent":"ljp1k0hdd5","x":1189,"y":264,"tool":"Pencil"},{"type":"child","parent":"ljp1k0hdd5","x":1193,"y":273,"tool":"Pencil"},{"type":"child","parent":"ljp1k0hdd5","x":1193,"y":294,"tool":"Pencil"},{"type":"child","parent":"ljp1k0hdd5","x":1193,"y":308,"tool":"Pencil"},{"type":"child","parent":"ljp1k0hdd5","x":1193,"y":318,"tool":"Pencil"},{"type":"child","parent":"ljp1k0hdd5","x":1193,"y":328,"tool":"Pencil"},{"type":"child","parent":"ljp1k0hdd5","x":1194,"y":330,"tool":"Pencil"},{"type":"child","parent":"ljp1k0hdd5","x":1194,"y":334,"tool":"Pencil"},{"type":"child","parent":"ljp1k0hdd5","x":1194,"y":334,"tool":"Pencil"}]},"ljp1k0js1c":{"type":"line","id":"ljp1k0js1c","color":"#1913b0","size":10,"tool":"Pencil","_children":[{"type":"child","parent":"ljp1k0js1c","x":282,"y":263,"tool":"Pencil"},{"type":"child","parent":"ljp1k0js1c","x":282,"y":277,"tool":"Pencil"},{"type":"child","parent":"ljp1k0js1c","x":281,"y":302,"tool":"Pencil"},{"type":"child","parent":"ljp1k0js1c","x":280,"y":313,"tool":"Pencil"},{"type":"child","parent":"ljp1k0js1c","x":280,"y":321,"tool":"Pencil"},{"type":"child","parent":"ljp1k0js1c","x":280,"y":326,"tool":"Pencil"},{"type":"child","parent":"ljp1k0js1c","x":280,"y":329,"tool":"Pencil"},{"type":"child","parent":"ljp1k0js1c","x":280,"y":331,"tool":"Pencil"},{"type":"child","parent":"ljp1k0js1c","x":280,"y":334,"tool":"Pencil"},{"type":"child","parent":"ljp1k0js1c","x":280,"y":334,"tool":"Pencil"}]},"ljp1k0l3di":{"type":"line","id":"ljp1k0l3di","color":"#1913b0","size":10,"tool":"Pencil","_children":[{"type":"child","parent":"ljp1k0l3di","x":247,"y":287,"tool":"Pencil"},{"type":"child","parent":"ljp1k0l3di","x":241,"y":293,"tool":"Pencil"},{"type":"child","parent":"ljp1k0l3di","x":239,"y":293,"tool":"Pencil"},{"type":"child","parent":"ljp1k0l3di","x":233,"y":292,"tool":"Pencil"},{"type":"child","parent":"ljp1k0l3di","x":231,"y":290,"tool":"Pencil"},{"type":"child","parent":"ljp1k0l3di","x":227,"y":284,"tool":"Pencil"},{"type":"child","parent":"ljp1k0l3di","x":227,"y":280,"tool":"Pencil"},{"type":"child","parent":"ljp1k0l3di","x":233,"y":276,"tool":"Pencil"},{"type":"child","parent":"ljp1k0l3di","x":242,"y":275,"tool":"Pencil"},{"type":"child","parent":"ljp1k0l3di","x":247,"y":275,"tool":"Pencil"},{"type":"child","parent":"ljp1k0l3di","x":254,"y":286,"tool":"Pencil"},{"type":"child","parent":"ljp1k0l3di","x":254,"y":298,"tool":"Pencil"},{"type":"child","parent":"ljp1k0l3di","x":250,"y":310,"tool":"Pencil"},{"type":"child","parent":"ljp1k0l3di","x":241,"y":319,"tool":"Pencil"},{"type":"child","parent":"ljp1k0l3di","x":238,"y":320,"tool":"Pencil"},{"type":"child","parent":"ljp1k0l3di","x":238,"y":320,"tool":"Pencil"}]},"ljp1k0n1ux":{"type":"line","id":"ljp1k0n1ux","color":"#1913b0","size":10,"tool":"Pencil","_children":[{"type":"child","parent":"ljp1k0n1ux","x":1095,"y":263,"tool":"Pencil"},{"type":"child","parent":"ljp1k0n1ux","x":1096,"y":272,"tool":"Pencil"},{"type":"child","parent":"ljp1k0n1ux","x":1098,"y":291,"tool":"Pencil"},{"type":"child","parent":"ljp1k0n1ux","x":1098,"y":307,"tool":"Pencil"},{"type":"child","parent":"ljp1k0n1ux","x":1098,"y":318,"tool":"Pencil"},{"type":"child","parent":"ljp1k0n1ux","x":1098,"y":328,"tool":"Pencil"},{"type":"child","parent":"ljp1k0n1ux","x":1098,"y":334,"tool":"Pencil"},{"type":"child","parent":"ljp1k0n1ux","x":1099,"y":337,"tool":"Pencil"}]},"ljp1k0o2hz":{"type":"line","id":"ljp1k0o2hz","color":"#1913b0","size":10,"tool":"Pencil","_children":[{"type":"child","parent":"ljp1k0o2hz","x":1134,"y":285,"tool":"Pencil"},{"type":"child","parent":"ljp1k0o2hz","x":1135,"y":285,"tool":"Pencil"},{"type":"child","parent":"ljp1k0o2hz","x":1137,"y":294,"tool":"Pencil"},{"type":"child","parent":"ljp1k0o2hz","x":1138,"y":308,"tool":"Pencil"},{"type":"child","parent":"ljp1k0o2hz","x":1138,"y":317,"tool":"Pencil"},{"type":"child","parent":"ljp1k0o2hz","x":1138,"y":318,"tool":"Pencil"}]},"ljp1k0ortq":{"type":"line","id":"ljp1k0ortq","color":"#1913b0","size":10,"tool":"Pencil","_children":[{"type":"child","parent":"ljp1k0ortq","x":1134,"y":287,"tool":"Pencil"},{"type":"child","parent":"ljp1k0ortq","x":1129,"y":289,"tool":"Pencil"},{"type":"child","parent":"ljp1k0ortq","x":1121,"y":298,"tool":"Pencil"},{"type":"child","parent":"ljp1k0ortq","x":1120,"y":299,"tool":"Pencil"}]},"ljp1k0pgha":{"type":"line","id":"ljp1k0pgha","color":"#1913b0","size":10,"tool":"Pencil","_children":[{"type":"child","parent":"ljp1k0pgha","x":1126,"y":322,"tool":"Pencil"},{"type":"child","parent":"ljp1k0pgha","x":1129,"y":322,"tool":"Pencil"},{"type":"child","parent":"ljp1k0pgha","x":1142,"y":319,"tool":"Pencil"},{"type":"child","parent":"ljp1k0pgha","x":1146,"y":317,"tool":"Pencil"}]},"ljp1k0qspf":{"type":"line","id":"ljp1k0qspf","color":"#1913b0","size":10,"tool":"Pencil","_children":[{"type":"child","parent":"ljp1k0qspf","x":385,"y":267,"tool":"Pencil"},{"type":"child","parent":"ljp1k0qspf","x":382,"y":273,"tool":"Pencil"},{"type":"child","parent":"ljp1k0qspf","x":378,"y":295,"tool":"Pencil"},{"type":"child","parent":"ljp1k0qspf","x":377,"y":313,"tool":"Pencil"},{"type":"child","parent":"ljp1k0qspf","x":376,"y":321,"tool":"Pencil"},{"type":"child","parent":"ljp1k0qspf","x":375,"y":326,"tool":"Pencil"},{"type":"child","parent":"ljp1k0qspf","x":375,"y":332,"tool":"Pencil"},{"type":"child","parent":"ljp1k0qspf","x":375,"y":335,"tool":"Pencil"}]},"ljp1k0rptk":{"type":"line","id":"ljp1k0rptk","color":"#1913b0","size":10,"tool":"Pencil","_children":[{"type":"child","parent":"ljp1k0rptk","x":318,"y":291,"tool":"Pencil"},{"type":"child","parent":"ljp1k0rptk","x":318,"y":289,"tool":"Pencil"},{"type":"child","parent":"ljp1k0rptk","x":324,"y":281,"tool":"Pencil"},{"type":"child","parent":"ljp1k0rptk","x":334,"y":281,"tool":"Pencil"},{"type":"child","parent":"ljp1k0rptk","x":337,"y":292,"tool":"Pencil"},{"type":"child","parent":"ljp1k0rptk","x":329,"y":303,"tool":"Pencil"},{"type":"child","parent":"ljp1k0rptk","x":328,"y":305,"tool":"Pencil"},{"type":"child","parent":"ljp1k0rptk","x":332,"y":317,"tool":"Pencil"},{"type":"child","parent":"ljp1k0rptk","x":346,"y":323,"tool":"Pencil"},{"type":"child","parent":"ljp1k0rptk","x":352,"y":326,"tool":"Pencil"},{"type":"child","parent":"ljp1k0rptk","x":365,"y":326,"tool":"Pencil"}]},"ljp1k0t8q0":{"type":"line","id":"ljp1k0t8q0","color":"#1913b0","size":10,"tool":"Pencil","_children":[{"type":"child","parent":"ljp1k0t8q0","x":415,"y":291,"tool":"Pencil"},{"type":"child","parent":"ljp1k0t8q0","x":414,"y":286,"tool":"Pencil"},{"type":"child","parent":"ljp1k0t8q0","x":419,"y":280,"tool":"Pencil"},{"type":"child","parent":"ljp1k0t8q0","x":424,"y":280,"tool":"Pencil"},{"type":"child","parent":"ljp1k0t8q0","x":431,"y":286,"tool":"Pencil"},{"type":"child","parent":"ljp1k0t8q0","x":428,"y":298,"tool":"Pencil"},{"type":"child","parent":"ljp1k0t8q0","x":430,"y":298,"tool":"Pencil"},{"type":"child","parent":"ljp1k0t8q0","x":454,"y":299,"tool":"Pencil"},{"type":"child","parent":"ljp1k0t8q0","x":447,"y":313,"tool":"Pencil"},{"type":"child","parent":"ljp1k0t8q0","x":419,"y":320,"tool":"Pencil"},{"type":"child","parent":"ljp1k0t8q0","x":418,"y":321,"tool":"Pencil"}]},"ljp1k0uf56":{"type":"line","id":"ljp1k0uf56","color":"#1913b0","size":10,"tool":"Pencil","_children":[{"type":"child","parent":"ljp1k0uf56","x":486,"y":260,"tool":"Pencil"},{"type":"child","parent":"ljp1k0uf56","x":486,"y":261,"tool":"Pencil"},{"type":"child","parent":"ljp1k0uf56","x":486,"y":293,"tool":"Pencil"},{"type":"child","parent":"ljp1k0uf56","x":486,"y":316,"tool":"Pencil"},{"type":"child","parent":"ljp1k0uf56","x":486,"y":323,"tool":"Pencil"},{"type":"child","parent":"ljp1k0uf56","x":486,"y":324,"tool":"Pencil"},{"type":"child","parent":"ljp1k0uf56","x":486,"y":331,"tool":"Pencil"},{"type":"child","parent":"ljp1k0uf56","x":486,"y":333,"tool":"Pencil"},{"type":"child","parent":"ljp1k0uf56","x":486,"y":335,"tool":"Pencil"}]},"ljp1k0vf74":{"type":"line","id":"ljp1k0vf74","color":"#1913b0","size":10,"tool":"Pencil","_children":[{"type":"child","parent":"ljp1k0vf74","x":510,"y":281,"tool":"Pencil"},{"type":"child","parent":"ljp1k0vf74","x":510,"y":283,"tool":"Pencil"},{"type":"child","parent":"ljp1k0vf74","x":506,"y":297,"tool":"Pencil"},{"type":"child","parent":"ljp1k0vf74","x":507,"y":304,"tool":"Pencil"},{"type":"child","parent":"ljp1k0vf74","x":531,"y":304,"tool":"Pencil"},{"type":"child","parent":"ljp1k0vf74","x":534,"y":302,"tool":"Pencil"},{"type":"child","parent":"ljp1k0vf74","x":534,"y":297,"tool":"Pencil"},{"type":"child","parent":"ljp1k0vf74","x":533,"y":296,"tool":"Pencil"},{"type":"child","parent":"ljp1k0vf74","x":532,"y":297,"tool":"Pencil"},{"type":"child","parent":"ljp1k0vf74","x":534,"y":318,"tool":"Pencil"},{"type":"child","parent":"ljp1k0vf74","x":535,"y":319,"tool":"Pencil"}]},"ljp1k0wjlp":{"type":"line","id":"ljp1k0wjlp","color":"#1913b0","size":10,"tool":"Pencil","_children":[{"type":"child","parent":"ljp1k0wjlp","x":568,"y":265,"tool":"Pencil"},{"type":"child","parent":"ljp1k0wjlp","x":568,"y":275,"tool":"Pencil"},{"type":"child","parent":"ljp1k0wjlp","x":573,"y":302,"tool":"Pencil"},{"type":"child","parent":"ljp1k0wjlp","x":574,"y":317,"tool":"Pencil"},{"type":"child","parent":"ljp1k0wjlp","x":574,"y":326,"tool":"Pencil"},{"type":"child","parent":"ljp1k0wjlp","x":574,"y":336,"tool":"Pencil"},{"type":"child","parent":"ljp1k0wjlp","x":575,"y":337,"tool":"Pencil"}]},"ljp1k0xc1g":{"type":"line","id":"ljp1k0xc1g","color":"#1913b0","size":10,"tool":"Pencil","_children":[{"type":"child","parent":"ljp1k0xc1g","x":608,"y":284,"tool":"Pencil"},{"type":"child","parent":"ljp1k0xc1g","x":615,"y":285,"tool":"Pencil"},{"type":"child","parent":"ljp1k0xc1g","x":619,"y":285,"tool":"Pencil"},{"type":"child","parent":"ljp1k0xc1g","x":630,"y":286,"tool":"Pencil"},{"type":"child","parent":"ljp1k0xc1g","x":633,"y":286,"tool":"Pencil"}]},"ljp1k0xvuq":{"type":"line","id":"ljp1k0xvuq","color":"#1913b0","size":10,"tool":"Pencil","_children":[{"type":"child","parent":"ljp1k0xvuq","x":614,"y":287,"tool":"Pencil"},{"type":"child","parent":"ljp1k0xvuq","x":615,"y":297,"tool":"Pencil"},{"type":"child","parent":"ljp1k0xvuq","x":617,"y":306,"tool":"Pencil"},{"type":"child","parent":"ljp1k0xvuq","x":635,"y":301,"tool":"Pencil"},{"type":"child","parent":"ljp1k0xvuq","x":636,"y":300,"tool":"Pencil"},{"type":"child","parent":"ljp1k0xvuq","x":640,"y":307,"tool":"Pencil"},{"type":"child","parent":"ljp1k0xvuq","x":639,"y":317,"tool":"Pencil"},{"type":"child","parent":"ljp1k0xvuq","x":628,"y":322,"tool":"Pencil"},{"type":"child","parent":"ljp1k0xvuq","x":623,"y":322,"tool":"Pencil"}]},"rjpcbluq00":{"type":"rect","id":"rjpcbluq00","color":"#7fdbff","size":10,"x":387,"y":534,"x2":674,"y2":813,"tool":"Rectangle","time":1544083762283},"tjpcblyrrp":{"type":"new","id":"tjpcblyrrp","color":"#7fdbff","size":27,"x":570,"y":607,"tool":"Text","time":1544083767535,"txt":"Here"},"tjpcbm0qes":{"type":"new","id":"tjpcbm0qes","color":"#7fdbff","size":27,"x":779,"y":734,"tool":"Text","time":1544083770075,"txt":"Or HEre"},"tjpcbm3ccc":{"type":"new","id":"tjpcbm3ccc","color":"#7fdbff","size":27,"x":805,"y":538,"tool":"Text","time":1544083773439,"txt":"click there"},"tjpcbm5nbe":{"type":"new","id":"tjpcbm5nbe","color":"#7fdbff","size":27,"x":805,"y":579,"tool":"Text","time":1544083776455,"txt":""},"ljpcbmwdvy":{"type":"line","id":"ljpcbmwdvy","color":"#ff1a0f","size":10,"tool":"Pencil","time":1544083811095,"_children":[{"type":"child","parent":"ljpcbmwdvy","x":1101,"y":122,"tool":"Pencil"},{"type":"child","parent":"ljpcbmwdvy","x":1100,"y":122,"tool":"Pencil"},{"type":"child","parent":"ljpcbmwdvy","x":1078,"y":123,"tool":"Pencil"},{"type":"child","parent":"ljpcbmwdvy","x":1073,"y":124,"tool":"Pencil"},{"type":"child","parent":"ljpcbmwdvy","x":1070,"y":127,"tool":"Pencil"},{"type":"child","parent":"ljpcbmwdvy","x":1070,"y":127,"tool":"Pencil"},{"type":"child","parent":"ljpcbmwdvy","x":1068,"y":131,"tool":"Pencil"},{"type":"child","parent":"ljpcbmwdvy","x":1068,"y":131,"tool":"Pencil"}]},"ljpcbmxlwe":{"type":"line","id":"ljpcbmxlwe","color":"#ff1a0f","size":10,"tool":"Pencil","time":1544083812695,"_children":[{"type":"child","parent":"ljpcbmxlwe","x":1105,"y":118,"tool":"Pencil"},{"type":"child","parent":"ljpcbmxlwe","x":1105,"y":118,"tool":"Pencil"},{"type":"child","parent":"ljpcbmxlwe","x":1116,"y":149,"tool":"Pencil"},{"type":"child","parent":"ljpcbmxlwe","x":1122,"y":159,"tool":"Pencil"},{"type":"child","parent":"ljpcbmxlwe","x":1122,"y":159,"tool":"Pencil"}]},"ljpcbnoif2":{"type":"line","id":"ljpcbnoif2","color":"#ff1a0f","size":10,"tool":"Pencil","time":1544083847535,"_children":[{"type":"child","parent":"ljpcbnoif2","x":937,"y":389,"tool":"Pencil"},{"type":"child","parent":"ljpcbnoif2","x":945,"y":396,"tool":"Pencil"},{"type":"child","parent":"ljpcbnoif2","x":1140,"y":581,"tool":"Pencil"},{"type":"child","parent":"ljpcbnoif2","x":1176,"y":626,"tool":"Pencil"}]},"sjpcbnz44w":{"type":"straight","id":"sjpcbnz44w","color":"#ff1a0f","size":10,"x":1206,"y":478,"tool":"Straight line","time":1544083861281,"x2":1030,"y2":634},"sjpcbnzqkz":{"type":"straight","id":"sjpcbnzqkz","color":"#ff1a0f","size":10,"x":1030,"y":634,"tool":"Straight line","time":1544083862077,"x2":1159,"y2":702},"sjpcbo0o8f":{"type":"straight","id":"sjpcbo0o8f","color":"#ff1a0f","size":10,"x":1159,"y":702,"tool":"Straight line","time":1544083863315,"x2":1302,"y2":676},"sjpcbo1dci":{"type":"straight","id":"sjpcbo1dci","color":"#ff1a0f","size":10,"x":1302,"y":676,"tool":"Straight line","time":1544083864195,"x2":1316,"y2":473},"sjpcbo1zwq":{"type":"straight","id":"sjpcbo1zwq","color":"#ff1a0f","size":10,"x":1316,"y":473,"tool":"Straight line","time":1544083865006,"x2":1230,"y2":541},"sjpcbo2n8o":{"type":"straight","id":"sjpcbo2n8o","color":"#ff1a0f","size":10,"x":1230,"y":541,"tool":"Straight line","time":1544083865845,"x2":1230,"y2":541},"sjpcbo2s0m":{"type":"straight","id":"sjpcbo2s0m","color":"#ff1a0f","size":10,"x":1230,"y":541,"tool":"Straight line","time":1544083866017,"x2":1230,"y2":541},"sjpcbo3awm":{"type":"straight","id":"sjpcbo3awm","color":"#ff1a0f","size":10,"x":1230,"y":541,"tool":"Straight line","time":1544083866715,"x2":1210,"y2":477}}