{"lk8ge6l8oh":{"type":"line","id":"lk8ge6l8oh","color":"#000000","size":10,"tool":"Pencil","time":1585688821950,"_children":[{"type":"child","parent":"lk8ge6l8oh","x":109,"y":165,"tool":"Pencil"}]},"tk8ge6pj3k":{"type":"new","id":"tk8ge6pj3k","color":"#000000","size":27,"x":210,"y":129.5,"tool":"Text","time":1585688827520},"tk8ge6q6nq":{"type":"new","id":"tk8ge6q6nq","color":"#000000","size":27,"x":288,"y":85.5,"tool":"Text","time":1585688828383,"txt":"DE_310320"},"tk8ge70b00":{"type":"new","id":"tk8ge70b00","color":"#000000","size":27,"x":272,"y":209.5,"tool":"Text","time":1585688841456,"txt":""},"lk8ge71skk":{"type":"line","id":"lk8ge71skk","color":"#000000","size":10,"tool":"Pencil","time":1585688843432,"_children":[{"type":"child","parent":"lk8ge71skk","x":464,"y":192,"tool":"Pencil"},{"type":"child","parent":"lk8ge71skk","x":466,"y":204,"tool":"Pencil"},{"type":"child","parent":"lk8ge71skk","x":492,"y":220,"tool":"Pencil"},{"type":"child","parent":"lk8ge71skk","x":535,"y":214,"tool":"Pencil"},{"type":"child","parent":"lk8ge71skk","x":550,"y":190,"tool":"Pencil"}]},"lk8ge78moj":{"type":"line","id":"lk8ge78moj","color":"#000000","size":10,"tool":"Pencil","time":1585688852281,"_children":[{"type":"child","parent":"lk8ge78moj","x":622,"y":222,"tool":"Pencil"}]},"lk8ge78r6l":{"type":"line","id":"lk8ge78r6l","color":"#000000","size":10,"tool":"Pencil","time":1585688852469,"_children":[{"type":"child","parent":"lk8ge78r6l","x":621,"y":222,"tool":"Pencil"}]},"lk8ge7994u":{"type":"line","id":"lk8ge7994u","color":"#000000","size":10,"tool":"Pencil","time":1585688853097,"_children":[{"type":"child","parent":"lk8ge7994u","x":643,"y":212,"tool":"Pencil"}]},"lk8ge79cbz":{"type":"line","id":"lk8ge79cbz","color":"#000000","size":10,"tool":"Pencil","time":1585688853280,"_children":[{"type":"child","parent":"lk8ge79cbz","x":631,"y":215,"tool":"Pencil"}]},"lk8ge7ascy":{"type":"line","id":"lk8ge7ascy","color":"#000000","size":10,"tool":"Pencil","time":1585688855055,"_children":[{"type":"child","parent":"lk8ge7ascy","x":635,"y":226,"tool":"Pencil"}]},"lk8ge7awv3":{"type":"line","id":"lk8ge7awv3","color":"#000000","size":10,"tool":"Pencil","time":1585688855556,"_children":[{"type":"child","parent":"lk8ge7awv3","x":644,"y":225,"tool":"Pencil"}]},"lk8ge7cvpx":{"type":"line","id":"lk8ge7cvpx","color":"#000000","size":10,"tool":"Pencil","time":1585688857818,"_children":[{"type":"child","parent":"lk8ge7cvpx","x":323,"y":209,"tool":"Pencil"}]},"lk8ge7d0b1":{"type":"line","id":"lk8ge7d0b1","color":"#000000","size":10,"tool":"Pencil","time":1585688857990,"_children":[{"type":"child","parent":"lk8ge7d0b1","x":329,"y":209,"tool":"Pencil"}]},"lk8ge7d56c":{"type":"line","id":"lk8ge7d56c","color":"#000000","size":10,"tool":"Pencil","time":1585688858157,"_children":[{"type":"child","parent":"lk8ge7d56c","x":336,"y":209,"tool":"Pencil"}]},"lk8ge7daco":{"type":"line","id":"lk8ge7daco","color":"#000000","size":10,"tool":"Pencil","time":1585688858331,"_children":[{"type":"child","parent":"lk8ge7daco","x":340,"y":209,"tool":"Pencil"}]},"lk8ge7gvzf":{"type":"line","id":"lk8ge7gvzf","color":"#000000","size":10,"tool":"Pencil","time":1585688862989,"_children":[{"type":"child","parent":"lk8ge7gvzf","x":419,"y":197,"tool":"Pencil"},{"type":"child","parent":"lk8ge7gvzf","x":385,"y":224,"tool":"Pencil"},{"type":"child","parent":"lk8ge7gvzf","x":381,"y":213,"tool":"Pencil"},{"type":"child","parent":"lk8ge7gvzf","x":379,"y":215,"tool":"Pencil"},{"type":"child","parent":"lk8ge7gvzf","x":375,"y":215,"tool":"Pencil"},{"type":"child","parent":"lk8ge7gvzf","x":378,"y":208,"tool":"Pencil"},{"type":"child","parent":"lk8ge7gvzf","x":359,"y":223,"tool":"Pencil"},{"type":"child","parent":"lk8ge7gvzf","x":339,"y":251,"tool":"Pencil"},{"type":"child","parent":"lk8ge7gvzf","x":399,"y":211,"tool":"Pencil"},{"type":"child","parent":"lk8ge7gvzf","x":383,"y":195,"tool":"Pencil"},{"type":"child","parent":"lk8ge7gvzf","x":328,"y":227,"tool":"Pencil"}]},"lk8ge7jfi5":{"type":"line","id":"lk8ge7jfi5","color":"#000000","size":10,"tool":"Pencil","time":1585688866297,"_children":[{"type":"child","parent":"lk8ge7jfi5","x":671,"y":185,"tool":"Pencil"},{"type":"child","parent":"lk8ge7jfi5","x":649,"y":173,"tool":"Pencil"},{"type":"child","parent":"lk8ge7jfi5","x":637,"y":174,"tool":"Pencil"},{"type":"child","parent":"lk8ge7jfi5","x":641,"y":180,"tool":"Pencil"},{"type":"child","parent":"lk8ge7jfi5","x":676,"y":180,"tool":"Pencil"},{"type":"child","parent":"lk8ge7jfi5","x":683,"y":166,"tool":"Pencil"},{"type":"child","parent":"lk8ge7jfi5","x":682,"y":172,"tool":"Pencil"},{"type":"child","parent":"lk8ge7jfi5","x":657,"y":231,"tool":"Pencil"},{"type":"child","parent":"lk8ge7jfi5","x":641,"y":249,"tool":"Pencil"},{"type":"child","parent":"lk8ge7jfi5","x":629,"y":245,"tool":"Pencil"}]},"lk8ge7kq6s":{"type":"line","id":"lk8ge7kq6s","color":"#000000","size":10,"tool":"Pencil","time":1585688867955,"_children":[{"type":"child","parent":"lk8ge7kq6s","x":463,"y":281,"tool":"Pencil"},{"type":"child","parent":"lk8ge7kq6s","x":499,"y":278,"tool":"Pencil"},{"type":"child","parent":"lk8ge7kq6s","x":497,"y":279,"tool":"Pencil"},{"type":"child","parent":"lk8ge7kq6s","x":475,"y":335,"tool":"Pencil"},{"type":"child","parent":"lk8ge7kq6s","x":449,"y":345,"tool":"Pencil"},{"type":"child","parent":"lk8ge7kq6s","x":447,"y":342,"tool":"Pencil"}]},"lk8ge7lbug":{"type":"line","id":"lk8ge7lbug","color":"#000000","size":10,"tool":"Pencil","time":1585688868721,"_children":[{"type":"child","parent":"lk8ge7lbug","x":516,"y":301,"tool":"Pencil"},{"type":"child","parent":"lk8ge7lbug","x":546,"y":300,"tool":"Pencil"}]},"lk8ge7ll1b":{"type":"line","id":"lk8ge7ll1b","color":"#000000","size":10,"tool":"Pencil","time":1585688869232,"_children":[{"type":"child","parent":"lk8ge7ll1b","x":507,"y":321,"tool":"Pencil"}]},"lk8ge7ma5a":{"type":"line","id":"lk8ge7ma5a","color":"#000000","size":10,"tool":"Pencil","time":1585688869953,"_children":[{"type":"child","parent":"lk8ge7ma5a","x":513,"y":332,"tool":"Pencil"},{"type":"child","parent":"lk8ge7ma5a","x":559,"y":330,"tool":"Pencil"},{"type":"child","parent":"lk8ge7ma5a","x":559,"y":331,"tool":"Pencil"}]}}