{"lk8e581gbq":{"type":"line","id":"lk8e581gbq","color":"#b10dc9","size":10,"tool":"Pencil","time":1585552841359,"_children":[{"type":"child","parent":"lk8e581gbq","x":544,"y":219,"tool":"Pencil"},{"type":"child","parent":"lk8e581gbq","x":563,"y":247,"tool":"Pencil"},{"type":"child","parent":"lk8e581gbq","x":656,"y":322,"tool":"Pencil"},{"type":"child","parent":"lk8e581gbq","x":815,"y":344,"tool":"Pencil"},{"type":"child","parent":"lk8e581gbq","x":894,"y":298,"tool":"Pencil"}]},"lk8e581ux5":{"type":"line","id":"lk8e581ux5","color":"#b10dc9","size":10,"tool":"Pencil","time":1585552841438,"_children":[{"type":"child","parent":"lk8e581ux5","x":865,"y":247,"tool":"Pencil"},{"type":"child","parent":"lk8e581ux5","x":805,"y":282,"tool":"Pencil"},{"type":"child","parent":"lk8e581ux5","x":653,"y":382,"tool":"Pencil"},{"type":"child","parent":"lk8e581ux5","x":581,"y":452,"tool":"Pencil"},{"type":"child","parent":"lk8e581ux5","x":536,"y":495,"tool":"Pencil"}]},"lk8e5829lz":{"type":"line","id":"lk8e5829lz","color":"#b10dc9","size":10,"tool":"Pencil","time":1585552841487,"_children":[{"type":"child","parent":"lk8e5829lz","x":474,"y":509,"tool":"Pencil"},{"type":"child","parent":"lk8e5829lz","x":527,"y":517,"tool":"Pencil"},{"type":"child","parent":"lk8e5829lz","x":735,"y":539,"tool":"Pencil"},{"type":"child","parent":"lk8e5829lz","x":821,"y":540,"tool":"Pencil"}]},"lk8e582km1":{"type":"line","id":"lk8e582km1","color":"#b10dc9","size":10,"tool":"Pencil","time":1585552841796,"_children":[{"type":"child","parent":"lk8e582km1","x":865,"y":548,"tool":"Pencil"},{"type":"child","parent":"lk8e582km1","x":863,"y":495,"tool":"Pencil"},{"type":"child","parent":"lk8e582km1","x":810,"y":242,"tool":"Pencil"}]}}