{"tjp1e2wgys":{"type":"new","id":"tjp1e2wgys","color":"#1913b0","size":27,"x":270,"y":450,"tool":"Text"},"tjp1e2z5jr":{"type":"new","id":"tjp1e2z5jr","color":"#1913b0","size":27,"x":434,"y":515,"tool":"Text","txt":""},"ljp45bx9w2":{"type":"line","id":"ljp45bx9w2","color":"#1913b0","size":42,"tool":"Pencil","_children":[{"type":"child","parent":"ljp45bx9w2","x":292,"y":66,"tool":"Pencil"},{"type":"child","parent":"ljp45bx9w2","x":291,"y":70,"tool":"Pencil"},{"type":"child","parent":"ljp45bx9w2","x":289,"y":92,"tool":"Pencil"},{"type":"child","parent":"ljp45bx9w2","x":287,"y":123,"tool":"Pencil"},{"type":"child","parent":"ljp45bx9w2","x":286,"y":156,"tool":"Pencil"},{"type":"child","parent":"ljp45bx9w2","x":285,"y":197,"tool":"Pencil"},{"type":"child","parent":"ljp45bx9w2","x":283,"y":247,"tool":"Pencil"},{"type":"child","parent":"ljp45bx9w2","x":283,"y":285,"tool":"Pencil"},{"type":"child","parent":"ljp45bx9w2","x":280,"y":341,"tool":"Pencil"},{"type":"child","parent":"ljp45bx9w2","x":275,"y":395,"tool":"Pencil"},{"type":"child","parent":"ljp45bx9w2","x":273,"y":448,"tool":"Pencil"},{"type":"child","parent":"ljp45bx9w2","x":270,"y":495,"tool":"Pencil"},{"type":"child","parent":"ljp45bx9w2","x":268,"y":539,"tool":"Pencil"},{"type":"child","parent":"ljp45bx9w2","x":268,"y":598,"tool":"Pencil"},{"type":"child","parent":"ljp45bx9w2","x":268,"y":631,"tool":"Pencil"},{"type":"child","parent":"ljp45bx9w2","x":267,"y":667,"tool":"Pencil"},{"type":"child","parent":"ljp45bx9w2","x":267,"y":679,"tool":"Pencil"},{"type":"child","parent":"ljp45bx9w2","x":269,"y":689,"tool":"Pencil"}]},"ljp45bytmw":{"type":"line","id":"ljp45bytmw","color":"#1913b0","size":42,"tool":"Pencil","_children":[{"type":"child","parent":"ljp45bytmw","x":287,"y":48,"tool":"Pencil"},{"type":"child","parent":"ljp45bytmw","x":290,"y":46,"tool":"Pencil"},{"type":"child","parent":"ljp45bytmw","x":298,"y":42,"tool":"Pencil"},{"type":"child","parent":"ljp45bytmw","x":322,"y":37,"tool":"Pencil"},{"type":"child","parent":"ljp45bytmw","x":363,"y":41,"tool":"Pencil"},{"type":"child","parent":"ljp45bytmw","x":441,"y":69,"tool":"Pencil"},{"type":"child","parent":"ljp45bytmw","x":514,"y":114,"tool":"Pencil"},{"type":"child","parent":"ljp45bytmw","x":544,"y":153,"tool":"Pencil"},{"type":"child","parent":"ljp45bytmw","x":550,"y":193,"tool":"Pencil"},{"type":"child","parent":"ljp45bytmw","x":531,"y":258,"tool":"Pencil"},{"type":"child","parent":"ljp45bytmw","x":502,"y":314,"tool":"Pencil"},{"type":"child","parent":"ljp45bytmw","x":479,"y":346,"tool":"Pencil"},{"type":"child","parent":"ljp45bytmw","x":450,"y":356,"tool":"Pencil"},{"type":"child","parent":"ljp45bytmw","x":398,"y":364,"tool":"Pencil"},{"type":"child","parent":"ljp45bytmw","x":344,"y":364,"tool":"Pencil"},{"type":"child","parent":"ljp45bytmw","x":323,"y":362,"tool":"Pencil"},{"type":"child","parent":"ljp45bytmw","x":303,"y":356,"tool":"Pencil"},{"type":"child","parent":"ljp45bytmw","x":302,"y":355,"tool":"Pencil"}]},"ljp45c0f6g":{"type":"line","id":"ljp45c0f6g","color":"#1913b0","size":42,"tool":"Pencil","_children":[{"type":"child","parent":"ljp45c0f6g","x":354,"y":482,"tool":"Pencil"},{"type":"child","parent":"ljp45c0f6g","x":344,"y":502,"tool":"Pencil"},{"type":"child","parent":"ljp45c0f6g","x":340,"y":545,"tool":"Pencil"},{"type":"child","parent":"ljp45c0f6g","x":345,"y":583,"tool":"Pencil"},{"type":"child","parent":"ljp45c0f6g","x":355,"y":637,"tool":"Pencil"},{"type":"child","parent":"ljp45c0f6g","x":380,"y":688,"tool":"Pencil"},{"type":"child","parent":"ljp45c0f6g","x":393,"y":702,"tool":"Pencil"},{"type":"child","parent":"ljp45c0f6g","x":412,"y":707,"tool":"Pencil"},{"type":"child","parent":"ljp45c0f6g","x":450,"y":693,"tool":"Pencil"},{"type":"child","parent":"ljp45c0f6g","x":487,"y":666,"tool":"Pencil"},{"type":"child","parent":"ljp45c0f6g","x":509,"y":627,"tool":"Pencil"},{"type":"child","parent":"ljp45c0f6g","x":517,"y":579,"tool":"Pencil"},{"type":"child","parent":"ljp45c0f6g","x":511,"y":518,"tool":"Pencil"},{"type":"child","parent":"ljp45c0f6g","x":497,"y":482,"tool":"Pencil"},{"type":"child","parent":"ljp45c0f6g","x":491,"y":471,"tool":"Pencil"}]},"ljp45c2169":{"type":"line","id":"ljp45c2169","color":"#1913b0","size":42,"tool":"Pencil","_children":[{"type":"child","parent":"ljp45c2169","x":613,"y":391,"tool":"Pencil"},{"type":"child","parent":"ljp45c2169","x":614,"y":401,"tool":"Pencil"},{"type":"child","parent":"ljp45c2169","x":614,"y":447,"tool":"Pencil"},{"type":"child","parent":"ljp45c2169","x":611,"y":516,"tool":"Pencil"},{"type":"child","parent":"ljp45c2169","x":601,"y":579,"tool":"Pencil"},{"type":"child","parent":"ljp45c2169","x":597,"y":626,"tool":"Pencil"},{"type":"child","parent":"ljp45c2169","x":597,"y":657,"tool":"Pencil"},{"type":"child","parent":"ljp45c2169","x":599,"y":674,"tool":"Pencil"},{"type":"child","parent":"ljp45c2169","x":601,"y":687,"tool":"Pencil"},{"type":"child","parent":"ljp45c2169","x":601,"y":690,"tool":"Pencil"}]},"ljp45c378y":{"type":"line","id":"ljp45c378y","color":"#1913b0","size":42,"tool":"Pencil","_children":[{"type":"child","parent":"ljp45c378y","x":414,"y":407,"tool":"Pencil"},{"type":"child","parent":"ljp45c378y","x":416,"y":407,"tool":"Pencil"},{"type":"child","parent":"ljp45c378y","x":452,"y":398,"tool":"Pencil"},{"type":"child","parent":"ljp45c378y","x":478,"y":392,"tool":"Pencil"},{"type":"child","parent":"ljp45c378y","x":500,"y":387,"tool":"Pencil"},{"type":"child","parent":"ljp45c378y","x":539,"y":381,"tool":"Pencil"},{"type":"child","parent":"ljp45c378y","x":577,"y":379,"tool":"Pencil"},{"type":"child","parent":"ljp45c378y","x":603,"y":379,"tool":"Pencil"},{"type":"child","parent":"ljp45c378y","x":634,"y":379,"tool":"Pencil"},{"type":"child","parent":"ljp45c378y","x":657,"y":381,"tool":"Pencil"},{"type":"child","parent":"ljp45c378y","x":677,"y":386,"tool":"Pencil"},{"type":"child","parent":"ljp45c378y","x":719,"y":396,"tool":"Pencil"},{"type":"child","parent":"ljp45c378y","x":724,"y":396,"tool":"Pencil"}]},"ljp45c4zcn":{"type":"line","id":"ljp45c4zcn","color":"#1913b0","size":42,"tool":"Pencil","_children":[{"type":"child","parent":"ljp45c4zcn","x":827,"y":434,"tool":"Pencil"},{"type":"child","parent":"ljp45c4zcn","x":808,"y":441,"tool":"Pencil"},{"type":"child","parent":"ljp45c4zcn","x":774,"y":460,"tool":"Pencil"},{"type":"child","parent":"ljp45c4zcn","x":743,"y":495,"tool":"Pencil"},{"type":"child","parent":"ljp45c4zcn","x":729,"y":548,"tool":"Pencil"},{"type":"child","parent":"ljp45c4zcn","x":736,"y":591,"tool":"Pencil"},{"type":"child","parent":"ljp45c4zcn","x":763,"y":639,"tool":"Pencil"},{"type":"child","parent":"ljp45c4zcn","x":817,"y":680,"tool":"Pencil"},{"type":"child","parent":"ljp45c4zcn","x":868,"y":690,"tool":"Pencil"},{"type":"child","parent":"ljp45c4zcn","x":952,"y":663,"tool":"Pencil"},{"type":"child","parent":"ljp45c4zcn","x":983,"y":593,"tool":"Pencil"},{"type":"child","parent":"ljp45c4zcn","x":959,"y":508,"tool":"Pencil"},{"type":"child","parent":"ljp45c4zcn","x":904,"y":440,"tool":"Pencil"},{"type":"child","parent":"ljp45c4zcn","x":852,"y":411,"tool":"Pencil"},{"type":"child","parent":"ljp45c4zcn","x":828,"y":408,"tool":"Pencil"},{"type":"child","parent":"ljp45c4zcn","x":816,"y":414,"tool":"Pencil"},{"type":"child","parent":"ljp45c4zcn","x":807,"y":421,"tool":"Pencil"},{"type":"child","parent":"ljp45c4zcn","x":807,"y":422,"tool":"Pencil"},{"type":"child","parent":"ljp45c4zcn","x":801,"y":435,"tool":"Pencil"},{"type":"child","parent":"ljp45c4zcn","x":800,"y":448,"tool":"Pencil"},{"type":"child","parent":"ljp45c4zcn","x":800,"y":457,"tool":"Pencil"},{"type":"child","parent":"ljp45c4zcn","x":800,"y":460,"tool":"Pencil"}]},"ljp45c829p":{"type":"line","id":"ljp45c829p","color":"#1913b0","size":42,"tool":"Pencil","_children":[{"type":"child","parent":"ljp45c829p","x":418,"y":1811,"tool":"Pencil"},{"type":"child","parent":"ljp45c829p","x":449,"y":1954,"tool":"Pencil"},{"type":"child","parent":"ljp45c829p","x":480,"y":2121,"tool":"Pencil"},{"type":"child","parent":"ljp45c829p","x":509,"y":2279,"tool":"Pencil"},{"type":"child","parent":"ljp45c829p","x":535,"y":2360,"tool":"Pencil"},{"type":"child","parent":"ljp45c829p","x":539,"y":2368,"tool":"Pencil"}]},"ljp45c8vho":{"type":"line","id":"ljp45c8vho","color":"#1913b0","size":42,"tool":"Pencil","_children":[{"type":"child","parent":"ljp45c8vho","x":710,"y":1542,"tool":"Pencil"},{"type":"child","parent":"ljp45c8vho","x":791,"y":1691,"tool":"Pencil"},{"type":"child","parent":"ljp45c8vho","x":863,"y":1913,"tool":"Pencil"},{"type":"child","parent":"ljp45c8vho","x":982,"y":2196,"tool":"Pencil"},{"type":"child","parent":"ljp45c8vho","x":1049,"y":2372,"tool":"Pencil"},{"type":"child","parent":"ljp45c8vho","x":1078,"y":2444,"tool":"Pencil"}]},"ljp45ca7qe":{"type":"line","id":"ljp45ca7qe","color":"#1913b0","size":42,"tool":"Pencil","_children":[{"type":"child","parent":"ljp45ca7qe","x":545,"y":3359,"tool":"Pencil"},{"type":"child","parent":"ljp45ca7qe","x":581,"y":3395,"tool":"Pencil"},{"type":"child","parent":"ljp45ca7qe","x":717,"y":3460,"tool":"Pencil"},{"type":"child","parent":"ljp45ca7qe","x":1108,"y":3486,"tool":"Pencil"},{"type":"child","parent":"ljp45ca7qe","x":1559,"y":3444,"tool":"Pencil"},{"type":"child","parent":"ljp45ca7qe","x":1852,"y":3292,"tool":"Pencil"},{"type":"child","parent":"ljp45ca7qe","x":1876,"y":3162,"tool":"Pencil"},{"type":"child","parent":"ljp45ca7qe","x":1621,"y":3029,"tool":"Pencil"},{"type":"child","parent":"ljp45ca7qe","x":1542,"y":3020,"tool":"Pencil"}]},"ljp45cbktq":{"type":"line","id":"ljp45cbktq","color":"#1913b0","size":42,"tool":"Pencil","_children":[{"type":"child","parent":"ljp45cbktq","x":623,"y":4820,"tool":"Pencil"},{"type":"child","parent":"ljp45cbktq","x":626,"y":4908,"tool":"Pencil"},{"type":"child","parent":"ljp45cbktq","x":752,"y":5098,"tool":"Pencil"},{"type":"child","parent":"ljp45cbktq","x":999,"y":5085,"tool":"Pencil"},{"type":"child","parent":"ljp45cbktq","x":1275,"y":4884,"tool":"Pencil"},{"type":"child","parent":"ljp45cbktq","x":1432,"y":4632,"tool":"Pencil"}]},"ljrfvry9sx":{"type":"line","id":"ljrfvry9sx","color":"#01ff70","size":10,"tool":"Pencil","time":1548652579059,"_children":[{"type":"child","parent":"ljrfvry9sx","x":768,"y":64,"tool":"Pencil"},{"type":"child","parent":"ljrfvry9sx","x":775,"y":69,"tool":"Pencil"},{"type":"child","parent":"ljrfvry9sx","x":802,"y":146,"tool":"Pencil"},{"type":"child","parent":"ljrfvry9sx","x":826,"y":196,"tool":"Pencil"},{"type":"child","parent":"ljrfvry9sx","x":869,"y":187,"tool":"Pencil"},{"type":"child","parent":"ljrfvry9sx","x":909,"y":153,"tool":"Pencil"},{"type":"child","parent":"ljrfvry9sx","x":857,"y":137,"tool":"Pencil"},{"type":"child","parent":"ljrfvry9sx","x":691,"y":183,"tool":"Pencil"}]},"ljrfvryylx":{"type":"line","id":"ljrfvryylx","color":"#01ff70","size":10,"tool":"Pencil","time":1548652579957,"_children":[{"type":"child","parent":"ljrfvryylx","x":697,"y":188,"tool":"Pencil"},{"type":"child","parent":"ljrfvryylx","x":842,"y":196,"tool":"Pencil"},{"type":"child","parent":"ljrfvryylx","x":1116,"y":213,"tool":"Pencil"},{"type":"child","parent":"ljrfvryylx","x":1146,"y":221,"tool":"Pencil"},{"type":"child","parent":"ljrfvryylx","x":1088,"y":290,"tool":"Pencil"},{"type":"child","parent":"ljrfvryylx","x":854,"y":355,"tool":"Pencil"},{"type":"child","parent":"ljrfvryylx","x":702,"y":351,"tool":"Pencil"},{"type":"child","parent":"ljrfvryylx","x":771,"y":251,"tool":"Pencil"},{"type":"child","parent":"ljrfvryylx","x":954,"y":167,"tool":"Pencil"},{"type":"child","parent":"ljrfvryylx","x":962,"y":201,"tool":"Pencil"}]},"ljrfvs04se":{"type":"line","id":"ljrfvs04se","color":"#01ff70","size":10,"tool":"Pencil","time":1548652581468,"_children":[{"type":"child","parent":"ljrfvs04se","x":1127,"y":297,"tool":"Pencil"},{"type":"child","parent":"ljrfvs04se","x":1123,"y":338,"tool":"Pencil"},{"type":"child","parent":"ljrfvs04se","x":1188,"y":320,"tool":"Pencil"},{"type":"child","parent":"ljrfvs04se","x":1177,"y":331,"tool":"Pencil"},{"type":"child","parent":"ljrfvs04se","x":1176,"y":345,"tool":"Pencil"},{"type":"child","parent":"ljrfvs04se","x":1210,"y":374,"tool":"Pencil"},{"type":"child","parent":"ljrfvs04se","x":1178,"y":408,"tool":"Pencil"},{"type":"child","parent":"ljrfvs04se","x":1196,"y":421,"tool":"Pencil"},{"type":"child","parent":"ljrfvs04se","x":1209,"y":437,"tool":"Pencil"},{"type":"child","parent":"ljrfvs04se","x":1206,"y":448,"tool":"Pencil"},{"type":"child","parent":"ljrfvs04se","x":1211,"y":464,"tool":"Pencil"},{"type":"child","parent":"ljrfvs04se","x":1217,"y":479,"tool":"Pencil"},{"type":"child","parent":"ljrfvs04se","x":1225,"y":491,"tool":"Pencil"},{"type":"child","parent":"ljrfvs04se","x":1226,"y":498,"tool":"Pencil"},{"type":"child","parent":"ljrfvs04se","x":1230,"y":504,"tool":"Pencil"},{"type":"child","parent":"ljrfvs04se","x":1216,"y":524,"tool":"Pencil"},{"type":"child","parent":"ljrfvs04se","x":1194,"y":534,"tool":"Pencil"},{"type":"child","parent":"ljrfvs04se","x":1194,"y":535,"tool":"Pencil"},{"type":"child","parent":"ljrfvs04se","x":1195,"y":536,"tool":"Pencil"},{"type":"child","parent":"ljrfvs04se","x":1196,"y":542,"tool":"Pencil"},{"type":"child","parent":"ljrfvs04se","x":1040,"y":538,"tool":"Pencil"},{"type":"child","parent":"ljrfvs04se","x":877,"y":492,"tool":"Pencil"},{"type":"child","parent":"ljrfvs04se","x":971,"y":425,"tool":"Pencil"},{"type":"child","parent":"ljrfvs04se","x":1179,"y":409,"tool":"Pencil"},{"type":"child","parent":"ljrfvs04se","x":1266,"y":447,"tool":"Pencil"},{"type":"child","parent":"ljrfvs04se","x":1236,"y":480,"tool":"Pencil"},{"type":"child","parent":"ljrfvs04se","x":858,"y":519,"tool":"Pencil"},{"type":"child","parent":"ljrfvs04se","x":232,"y":462,"tool":"Pencil"}]}}