{"lk87162jmo":{"type":"line","id":"lk87162jmo","color":"#111111","size":10,"tool":"Pencil","time":1585122764721,"_children":[{"type":"child","parent":"lk87162jmo","x":165,"y":169.1,"tool":"Pencil"},{"type":"child","parent":"lk87162jmo","x":164.6,"y":177.1,"tool":"Pencil"},{"type":"child","parent":"lk87162jmo","x":171.8,"y":235.4,"tool":"Pencil"},{"type":"child","parent":"lk87162jmo","x":196.6,"y":256.4,"tool":"Pencil"},{"type":"child","parent":"lk87162jmo","x":249.1,"y":212.2,"tool":"Pencil"},{"type":"child","parent":"lk87162jmo","x":258.7,"y":165.3,"tool":"Pencil"},{"type":"child","parent":"lk87162jmo","x":229.3,"y":173.7,"tool":"Pencil"},{"type":"child","parent":"lk87162jmo","x":205,"y":247.6,"tool":"Pencil"},{"type":"child","parent":"lk87162jmo","x":225.5,"y":313.1,"tool":"Pencil"},{"type":"child","parent":"lk87162jmo","x":257.5,"y":334.5,"tool":"Pencil"},{"type":"child","parent":"lk87162jmo","x":296,"y":313.9,"tool":"Pencil"},{"type":"child","parent":"lk87162jmo","x":302.9,"y":307,"tool":"Pencil"},{"type":"child","parent":"lk87162jmo","x":309.7,"y":374.1,"tool":"Pencil"},{"type":"child","parent":"lk87162jmo","x":248.8,"y":455.2,"tool":"Pencil"},{"type":"child","parent":"lk87162jmo","x":203.4,"y":469.3,"tool":"Pencil"},{"type":"child","parent":"lk87162jmo","x":184,"y":437.3,"tool":"Pencil"},{"type":"child","parent":"lk87162jmo","x":195.8,"y":401.9,"tool":"Pencil"},{"type":"child","parent":"lk87162jmo","x":213.7,"y":404.6,"tool":"Pencil"},{"type":"child","parent":"lk87162jmo","x":213.3,"y":454.5,"tool":"Pencil"},{"type":"child","parent":"lk87162jmo","x":239.6,"y":494.1,"tool":"Pencil"},{"type":"child","parent":"lk87162jmo","x":283,"y":513.1,"tool":"Pencil"},{"type":"child","parent":"lk87162jmo","x":294.5,"y":512.4,"tool":"Pencil"},{"type":"child","parent":"lk87162jmo","x":296.8,"y":513.9,"tool":"Pencil"}]},"lk8716uzll":{"type":"line","id":"lk8716uzll","color":"#111111","size":34,"tool":"Pencil","time":1585122801570,"_children":[{"type":"child","parent":"lk8716uzll","x":390.2,"y":618.1,"tool":"Pencil"},{"type":"child","parent":"lk8716uzll","x":406.6,"y":580.3,"tool":"Pencil"},{"type":"child","parent":"lk8716uzll","x":448.6,"y":482.1,"tool":"Pencil"},{"type":"child","parent":"lk8716uzll","x":473.5,"y":385.9,"tool":"Pencil"},{"type":"child","parent":"lk8716uzll","x":498.5,"y":319.7,"tool":"Pencil"},{"type":"child","parent":"lk8716uzll","x":522,"y":308.3,"tool":"Pencil"},{"type":"child","parent":"lk8716uzll","x":578.2,"y":373.1,"tool":"Pencil"},{"type":"child","parent":"lk8716uzll","x":584.6,"y":459.3,"tool":"Pencil"},{"type":"child","parent":"lk8716uzll","x":580.3,"y":545.5,"tool":"Pencil"},{"type":"child","parent":"lk8716uzll","x":578.2,"y":594.6,"tool":"Pencil"},{"type":"child","parent":"lk8716uzll","x":578.2,"y":604.6,"tool":"Pencil"},{"type":"child","parent":"lk8716uzll","x":578.2,"y":610.3,"tool":"Pencil"}]},"lk87172b6c":{"type":"line","id":"lk87172b6c","color":"#111111","size":34,"tool":"Pencil","time":1585122811056,"_children":[{"type":"child","parent":"lk87172b6c","x":283.4,"y":883.7,"tool":"Pencil"},{"type":"child","parent":"lk87172b6c","x":309.8,"y":932.1,"tool":"Pencil"},{"type":"child","parent":"lk87172b6c","x":343.2,"y":1018.3,"tool":"Pencil"},{"type":"child","parent":"lk87172b6c","x":351.1,"y":1060.3,"tool":"Pencil"},{"type":"child","parent":"lk87172b6c","x":353.2,"y":1077.4,"tool":"Pencil"},{"type":"child","parent":"lk87172b6c","x":356,"y":1088.1,"tool":"Pencil"}]},"lk87173dth":{"type":"line","id":"lk87173dth","color":"#111111","size":34,"tool":"Pencil","time":1585122812446,"_children":[{"type":"child","parent":"lk87173dth","x":497.7,"y":927.8,"tool":"Pencil"},{"type":"child","parent":"lk87173dth","x":438.6,"y":859.5,"tool":"Pencil"},{"type":"child","parent":"lk87173dth","x":345.4,"y":770.5,"tool":"Pencil"},{"type":"child","parent":"lk87173dth","x":289.8,"y":718.5,"tool":"Pencil"},{"type":"child","parent":"lk87173dth","x":279.8,"y":708.5,"tool":"Pencil"},{"type":"child","parent":"lk87173dth","x":278.4,"y":711.4,"tool":"Pencil"},{"type":"child","parent":"lk87173dth","x":316.2,"y":789.7,"tool":"Pencil"},{"type":"child","parent":"lk87173dth","x":430.8,"y":959.2,"tool":"Pencil"},{"type":"child","parent":"lk87173dth","x":472.8,"y":1053.9,"tool":"Pencil"},{"type":"child","parent":"lk87173dth","x":484.9,"y":1086.6,"tool":"Pencil"},{"type":"child","parent":"lk87173dth","x":489.9,"y":1093.8,"tool":"Pencil"},{"type":"child","parent":"lk87173dth","x":492,"y":1085.9,"tool":"Pencil"},{"type":"child","parent":"lk87173dth","x":500.6,"y":1043.9,"tool":"Pencil"},{"type":"child","parent":"lk87173dth","x":529.8,"y":1019,"tool":"Pencil"},{"type":"child","parent":"lk87173dth","x":561.1,"y":996.9,"tool":"Pencil"},{"type":"child","parent":"lk87173dth","x":576.1,"y":984.1,"tool":"Pencil"}]}}