{"tk7u865kh8":{"type":"new","id":"tk7u865kh8","color":"#01ff70","size":27,"x":856,"y":106.5,"tool":"Text","time":1584348466554},"lk7u89clgl":{"type":"line","id":"lk7u89clgl","color":"#ec80ff","size":5,"tool":"Pencil","time":1584348617786,"_children":[{"type":"child","parent":"lk7u89clgl","x":429,"y":321,"tool":"Pencil"}]},"lk7u8ee9si":{"type":"line","id":"lk7u8ee9si","color":"#800040","size":7,"opacity":0.6,"tool":"Pencil","time":1584348851069,"_children":[{"type":"child","parent":"lk7u8ee9si","x":766,"y":504,"tool":"Pencil"}]},"lk7u8ekce7":{"type":"line","id":"lk7u8ekce7","color":"#800040","size":7,"opacity":0.6,"tool":"Pencil","time":1584348858939,"_children":[{"type":"child","parent":"lk7u8ekce7","x":1723,"y":316,"tool":"Pencil"}]},"tk7u8gcbft":{"type":"new","id":"tk7u8gcbft","color":"#d6bfa8","size":19,"x":446,"y":282.5,"tool":"Text","time":1584348944023,"txt":""},"tk7u8i9yex":{"type":"new","id":"tk7u8i9yex","color":"#000000","size":22,"opacity":0.6,"x":383,"y":294,"tool":"Text","time":1584349032109,"txt":""},"tk7u8icp3g":{"type":"new","id":"tk7u8icp3g","color":"#000000","size":22,"opacity":0.6,"x":204,"y":146,"tool":"Text","time":1584349035661},"tk7u8ihhl1":{"type":"new","id":"tk7u8ihhl1","color":"#04188b","size":19,"x":444,"y":280.5,"tool":"Text","time":1584349044035},"tk7u8j0av0":{"type":"new","id":"tk7u8j0av0","color":"#000000","size":22,"opacity":0.6,"x":453,"y":418,"tool":"Text","time":1584349066245,"txt":""},"rk7u8j4vvs":{"type":"rect","id":"rk7u8j4vvs","color":"#000000","size":7,"opacity":0.6,"x":450,"y":502,"x2":450,"y2":502,"tool":"Rectangle","time":1584349072190},"rk7u8j5w7x":{"type":"rect","id":"rk7u8j5w7x","color":"#000000","size":7,"opacity":0.6,"x":479,"y":454,"x2":479,"y2":454,"tool":"Rectangle","time":1584349073492},"tk7u8jdpqt":{"type":"new","id":"tk7u8jdpqt","color":"#000000","size":22,"opacity":0.6,"x":442,"y":443,"tool":"Text","time":1584349083625,"txt":""},"tk7u8jhs1a":{"type":"new","id":"tk7u8jhs1a","color":"#000000","size":22,"opacity":0.6,"x":442,"y":476,"tool":"Text","time":1584349088893},"tk7u8juubz":{"type":"new","id":"tk7u8juubz","color":"#04188b","size":19,"x":805,"y":286.5,"tool":"Text","time":1584349107999,"txt":""},"tk7u8kufvu":{"type":"new","id":"tk7u8kufvu","color":"#000000","size":22,"opacity":0.6,"x":465,"y":509,"tool":"Text","time":1584349151958,"txt":""},"tk7u8kzmvs":{"type":"new","id":"tk7u8kzmvs","color":"#04188b","size":19,"x":1081,"y":132.5,"tool":"Text","time":1584349160866,"txt":""},"tk7u8lgrn9":{"type":"new","id":"tk7u8lgrn9","color":"#000000","size":22,"opacity":0.6,"x":228,"y":88,"tool":"Text","time":1584349180892},"tk7u8ls0y2":{"type":"new","id":"tk7u8ls0y2","color":"#000000","size":22,"opacity":0.6,"x":228,"y":121,"tool":"Text","time":1584349195486,"txt":""},"tk7u8lrr4p":{"type":"new","id":"tk7u8lrr4p","color":"#04188b","size":19,"x":366,"y":383.5,"tool":"Text","time":1584349197307,"txt":""},"tk7u8numxj":{"type":"new","id":"tk7u8numxj","color":"#aaaaaa","size":27,"x":506,"y":396.5,"tool":"Text","time":1584349294367,"txt":""},"tk7u8qczu10":{"type":"new","id":"tk7u8qczu10","color":"#071288","size":27,"x":560,"y":375.5,"tool":"Text","time":1584349411466,"txt":"in the Australian state - Queensland"},"tk7u8sjwct":{"type":"new","id":"tk7u8sjwct","color":"#071288","size":27,"x":426,"y":466.5,"tool":"Text","time":1584349513724,"txt":""},"tk7u8suuyt":{"type":"new","id":"tk7u8suuyt","color":"#071288","size":27,"x":457,"y":484.5,"tool":"Text","time":1584349527932},"tk7u8t4mzd":{"type":"new","id":"tk7u8t4mzd","color":"#071288","size":27,"x":533,"y":166.5,"tool":"Text","time":1584349540605},"tk7u8t515w":{"type":"new","id":"tk7u8t515w","color":"#071288","size":27,"x":533,"y":166.5,"tool":"Text","time":1584349541114},"tk7u8t56ho":{"type":"new","id":"tk7u8t56ho","color":"#071288","size":27,"x":533,"y":166.5,"tool":"Text","time":1584349541306},"tk7u8t5cb6":{"type":"new","id":"tk7u8t5cb6","color":"#071288","size":27,"x":533,"y":166.5,"tool":"Text","time":1584349541517,"txt":""},"tk7u8td7bh":{"type":"new","id":"tk7u8td7bh","color":"#071288","size":27,"x":877,"y":137.5,"tool":"Text","time":1584349551704,"txt":""},"tk7u8thycv":{"type":"new","id":"tk7u8thycv","color":"#071288","size":27,"x":1418,"y":163.5,"tool":"Text","time":1584349557861,"txt":""},"tk7u8tl8f8":{"type":"new","id":"tk7u8tl8f8","color":"#071288","size":27,"x":948,"y":119.5,"tool":"Text","time":1584349562113},"tk7u8toz3v":{"type":"new","id":"tk7u8toz3v","color":"#800040","size":50,"x":567,"y":637.5,"tool":"Text","time":1584349564783,"txt":""},"tk7u8uakej":{"type":"new","id":"tk7u8uakej","color":"#071288","size":27,"x":338,"y":162.5,"tool":"Text","time":1584349594963,"txt":""},"rk7u8v3w6o":{"type":"rect","id":"rk7u8v3w6o","color":"#800040","size":7,"x":801,"y":179,"x2":848,"y2":179,"tool":"Rectangle","time":1584349630772},"tk7u8vopfw":{"type":"new","id":"tk7u8vopfw","color":"#071288","size":27,"x":429,"y":479.5,"tool":"Text","time":1584349659925,"txt":""},"tk7u8wwu3j":{"type":"new","id":"tk7u8wwu3j","color":"#800040","size":22,"x":509,"y":774,"tool":"Text","time":1584349714936,"txt":""},"tk7u8y1u0v":{"type":"new","id":"tk7u8y1u0v","color":"#071288","size":27,"x":557,"y":478.5,"tool":"Text","time":1584349770251},"tk7u8y2erc":{"type":"new","id":"tk7u8y2erc","color":"#071288","size":27,"x":557,"y":478.5,"tool":"Text","time":1584349771003},"tk7u8y2zlk":{"type":"new","id":"tk7u8y2zlk","color":"#071288","size":27,"x":557,"y":478.5,"tool":"Text","time":1584349771748,"txt":"Participants "},"tk7u8ybvyg":{"type":"new","id":"tk7u8ybvyg","color":"#071288","size":27,"x":731,"y":489.5,"tool":"Text","time":1584349783281,"txt":""},"tk7u8yhfgm":{"type":"new","id":"tk7u8yhfgm","color":"#071288","size":27,"x":709,"y":481.5,"tool":"Text","time":1584349790463,"txt":"of 71 countries (for example Australia, Fidschi, England, Indien,...)"},"tk7u9101nj":{"type":"new","id":"tk7u9101nj","color":"#800040","size":22,"x":562,"y":604,"tool":"Text","time":1584349905716,"txt":""},"tk7u91bivc":{"type":"new","id":"tk7u91bivc","color":"#071288","size":27,"x":342,"y":641.5,"tool":"Text","time":1584349922780,"txt":"The games were without any pressure or violent competition. All countries had the same conditions."},"tk7u91lt0i":{"type":"new","id":"tk7u91lt0i","color":"#800040","size":22,"x":558,"y":606,"tool":"Text","time":1584349933918,"txt":""},"tk7u91olyx":{"type":"new","id":"tk7u91olyx","color":"#800040","size":22,"x":563,"y":610,"tool":"Text","time":1584349937551},"tk7u922a6j":{"type":"new","id":"tk7u922a6j","color":"#800040","size":22,"x":536,"y":761,"tool":"Text","time":1584349955271,"txt":""},"tk7u92x2vt":{"type":"new","id":"tk7u92x2vt","color":"#071288","size":27,"x":342,"y":682,"tool":"Text","time":1584349997373,"txt":"It also was helpful, because it united the different countries so they all enjoyed their time there."},"tk7u95ukyv":{"type":"new","id":"tk7u95ukyv","color":"#071288","size":27,"x":342,"y":777.5,"tool":"Text","time":1584350134105,"txt":""},"tk7u96fke2":{"type":"new","id":"tk7u96fke2","color":"#071288","size":27,"x":351,"y":786.5,"tool":"Text","time":1584350161300,"txt":"There were 18 different sports included."},"tk7u976fjt":{"type":"new","id":"tk7u976fjt","color":"#071288","size":27,"x":351,"y":827,"tool":"Text","time":1584350196117,"txt":""},"tk7u97amhn":{"type":"new","id":"tk7u97amhn","color":"#071288","size":27,"x":718,"y":836.5,"tool":"Text","time":1584350201552,"txt":"bike sports (mountainbiking, road cycling,...)"},"tk7u99p859":{"type":"new","id":"tk7u99p859","color":"#071288","size":27,"x":717,"y":909.5,"tool":"Text","time":1584350313789,"txt":""},"tk7u9a0ane":{"type":"new","id":"tk7u9a0ane","color":"#071288","size":27,"x":717,"y":880.5,"tool":"Text","time":1584350328135,"txt":"water sports (swimming,...)"},"tk7u9chpzn":{"type":"new","id":"tk7u9chpzn","color":"#071288","size":27,"x":556,"y":296.5,"tool":"Text","time":1584350444032,"txt":"took place from the 4th to 25th April 2018"},"lk7u9dtn3y":{"type":"line","id":"lk7u9dtn3y","color":"#00ff40","size":7,"tool":"Pencil","time":1584350503943,"_children":[{"type":"child","parent":"lk7u9dtn3y","x":538,"y":284,"tool":"Pencil"}]},"lk7u9ducqo":{"type":"line","id":"lk7u9ducqo","color":"#00ff40","size":7,"tool":"Pencil","time":1584350504859,"_children":[{"type":"child","parent":"lk7u9ducqo","x":533,"y":290,"tool":"Pencil"},{"type":"child","parent":"lk7u9ducqo","x":533,"y":290,"tool":"Pencil"}]},"lk7u9dwg5c":{"type":"line","id":"lk7u9dwg5c","color":"#00ff40","size":7,"tool":"Pencil","time":1584350507573,"_children":[{"type":"child","parent":"lk7u9dwg5c","x":536,"y":367,"tool":"Pencil"},{"type":"child","parent":"lk7u9dwg5c","x":536,"y":367,"tool":"Pencil"}]},"lk7u9e2q0s":{"type":"line","id":"lk7u9e2q0s","color":"#00ff40","size":7,"tool":"Pencil","time":1584350515714,"_children":[{"type":"child","parent":"lk7u9e2q0s","x":328,"y":632,"tool":"Pencil"},{"type":"child","parent":"lk7u9e2q0s","x":328,"y":632,"tool":"Pencil"}]},"lk7u9eh9ch":{"type":"line","id":"lk7u9eh9ch","color":"#00ff40","size":7,"tool":"Pencil","time":1584350534550,"_children":[{"type":"child","parent":"lk7u9eh9ch","x":536,"y":468,"tool":"Pencil"}]},"lk7u9elc00":{"type":"line","id":"lk7u9elc00","color":"#00ff40","size":7,"tool":"Pencil","time":1584350539837,"_children":[{"type":"child","parent":"lk7u9elc00","x":541,"y":469,"tool":"Pencil"},{"type":"child","parent":"lk7u9elc00","x":541,"y":469,"tool":"Pencil"}]},"lk7u9encly":{"type":"line","id":"lk7u9encly","color":"#00ff40","size":7,"tool":"Pencil","time":1584350542449,"_children":[{"type":"child","parent":"lk7u9encly","x":339,"y":776,"tool":"Pencil"},{"type":"child","parent":"lk7u9encly","x":339,"y":776,"tool":"Pencil"}]},"lk7u9eowd8":{"type":"line","id":"lk7u9eowd8","color":"#00ff40","size":7,"tool":"Pencil","time":1584350544468,"_children":[{"type":"child","parent":"lk7u9eowd8","x":706,"y":829,"tool":"Pencil"}]},"tk7u9fc4d3":{"type":"new","id":"tk7u9fc4d3","color":"#071288","size":27,"x":723,"y":923.5,"tool":"Text","time":1584350576742,"txt":"gymnastics"},"lk7u9g2uwd":{"type":"line","id":"lk7u9g2uwd","color":"#00ff40","size":6,"tool":"Pencil","time":1584350609203,"_children":[{"type":"child","parent":"lk7u9g2uwd","x":707,"y":827,"tool":"Pencil"},{"type":"child","parent":"lk7u9g2uwd","x":707,"y":827,"tool":"Pencil"}]},"lk7u9g4lx2":{"type":"line","id":"lk7u9g4lx2","color":"#00ff40","size":6,"tool":"Pencil","time":1584350611475,"_children":[{"type":"child","parent":"lk7u9g4lx2","x":708,"y":870,"tool":"Pencil"},{"type":"child","parent":"lk7u9g4lx2","x":708,"y":870,"tool":"Pencil"}]},"lk7u9g6blq":{"type":"line","id":"lk7u9g6blq","color":"#00ff40","size":6,"tool":"Pencil","time":1584350613692,"_children":[{"type":"child","parent":"lk7u9g6blq","x":713,"y":914,"tool":"Pencil"},{"type":"child","parent":"lk7u9g6blq","x":713,"y":914,"tool":"Pencil"}]},"rk7u9hhddd":{"type":"rect","id":"rk7u9hhddd","color":"#8080ff","size":6,"x":284,"y":234,"x2":1604,"y2":978,"tool":"Rectangle","time":1584350674654},"tk7u9huz36":{"type":"new","id":"tk7u9huz36","color":"#071288","size":42,"x":1028,"y":135,"tool":"Text","time":1584350694489,"txt":""},"rk7u9i5oxl":{"type":"rect","id":"rk7u9i5oxl","color":"#8080ff","size":6,"x":370,"y":168,"x2":370,"y2":168,"tool":"Rectangle","time":1584350706175},"tk7u9i7m77":{"type":"new","id":"tk7u9i7m77","color":"#8080ff","size":21,"x":361,"y":168.5,"tool":"Text","time":1584350708667},"tk7u9i81gy":{"type":"new","id":"tk7u9i81gy","color":"#071288","size":42,"x":1414,"y":226,"tool":"Text","time":1584350711423,"txt":"16.03.2020"},"tk7u9idehj":{"type":"new","id":"tk7u9idehj","color":"#8080ff","size":21,"x":301,"y":181.5,"tool":"Text","time":1584350716168,"txt":""},"tk7u9iv4vd":{"type":"new","id":"tk7u9iv4vd","color":"#8080ff","size":50,"x":332,"y":210.5,"tool":"Text","time":1584350739147,"txt":"The 21st Commonwealth Games"},"tk7u9ix5ul":{"type":"new","id":"tk7u9ix5ul","color":"#071288","size":50,"x":438,"y":169.5,"tool":"Text","time":1584350743980,"txt":""},"tk7u9k5moi":{"type":"new","id":"tk7u9k5moi","color":"#c0c0c0","size":31,"x":1312,"y":974.5,"tool":"Text","time":1584350799403,"txt":"Jonna + Josefine = ♥"},"tk7u9kv1k5":{"type":"new","id":"tk7u9kv1k5","color":"#c0c0c0","size":31,"x":1312,"y":1021,"tool":"Text","time":1584350832345},"tk7u9l64wd":{"type":"new","id":"tk7u9l64wd","color":"#c0c0c0","size":31,"x":1312,"y":1021,"tool":"Text","time":1584350846721},"tk7uboh6hg":{"type":"new","id":"tk7uboh6hg","color":"#001f3f","size":27,"x":78,"y":133.5,"tool":"Text","time":1584354361375,"txt":""},"tk7uboijpe":{"type":"new","id":"tk7uboijpe","color":"#001f3f","size":27,"x":700,"y":135.5,"tool":"Text","time":1584354363151},"tk7uclftce":{"type":"new","id":"tk7uclftce","color":"#39cccc","size":27,"x":1263,"y":973.5,"tool":"Text","time":1584355899376},"tk7ucln4uj":{"type":"new","id":"tk7ucln4uj","color":"#39cccc","size":27,"x":1612,"y":981.5,"tool":"Text","time":1584355908861},"tk7uclnbi6":{"type":"new","id":"tk7uclnbi6","color":"#39cccc","size":27,"x":1614,"y":981.5,"tool":"Text","time":1584355909100},"tk7uclnhwe":{"type":"new","id":"tk7uclnhwe","color":"#39cccc","size":27,"x":1606,"y":976.5,"tool":"Text","time":1584355909335},"tk7uclnnmr":{"type":"new","id":"tk7uclnnmr","color":"#39cccc","size":27,"x":1606,"y":976.5,"tool":"Text","time":1584355909535},"tk7uclwsg7":{"type":"new","id":"tk7uclwsg7","color":"#39cccc","size":27,"x":441,"y":1181.5,"tool":"Text","time":1584355921978},"tk7uclxg1h":{"type":"new","id":"tk7uclxg1h","color":"#39cccc","size":27,"x":441,"y":1181.5,"tool":"Text","time":1584355922449},"tk7uclxpu8":{"type":"new","id":"tk7uclxpu8","color":"#39cccc","size":27,"x":441,"y":1181.5,"tool":"Text","time":1584355922576},"tk7ucnvp0d":{"type":"new","id":"tk7ucnvp0d","color":"#c0c0c0","size":27,"x":1320,"y":949.5,"tool":"Text","time":1584356013123,"txt":"Lorenz und Leon"},"tk7ucpe1cb":{"type":"new","id":"tk7ucpe1cb","color":"#800080","size":27,"x":194,"y":1032.5,"tool":"Text","time":1584356083552,"txt":""},"lk7ucq6s11":{"type":"line","id":"lk7ucq6s11","color":"#800080","size":10,"tool":"Pencil","time":1584356120798,"_children":[{"type":"child","parent":"lk7ucq6s11","x":1099,"y":1209,"tool":"Pencil"}]},"tk7ucqli2x":{"type":"new","id":"tk7ucqli2x","color":"#800080","size":27,"x":336,"y":1402.5,"tool":"Text","time":1584356139877},"rk7ujx90ru":{"type":"rect","id":"rk7ujx90ru","color":"#3d9970","size":10,"x":3093.5,"y":1236.6,"x2":3074.372653871253,"y2":1236.615200097175,"tool":"Rectangle","time":1584368209217}}