{"ljp1ley1zv":{"type":"line","id":"ljp1ley1zv","color":"#1913b0","size":"10","tool":"Pencil","_children":[{"type":"child","parent":"ljp1ley1zv","x":249.76873779296875,"y":73.25559997558594,"tool":"Pencil"},{"type":"child","parent":"ljp1ley1zv","x":224.45884704589844,"y":74.92138671875,"tool":"Pencil"},{"type":"child","parent":"ljp1ley1zv","x":175.50418090820312,"y":81.58458709716797,"tool":"Pencil"},{"type":"child","parent":"ljp1ley1zv","x":128.21463012695312,"y":95.244140625,"tool":"Pencil"},{"type":"child","parent":"ljp1ley1zv","x":110.56429290771484,"y":136.22280883789062,"tool":"Pencil"},{"type":"child","parent":"ljp1ley1zv","x":125.8834457397461,"y":177.86778259277344,"tool":"Pencil"},{"type":"child","parent":"ljp1ley1zv","x":159.85198974609375,"y":195.52525329589844,"tool":"Pencil"},{"type":"child","parent":"ljp1ley1zv","x":210.47178649902344,"y":198.19052124023438,"tool":"Pencil"},{"type":"child","parent":"ljp1ley1zv","x":249.4357147216797,"y":183.531494140625,"tool":"Pencil"},{"type":"child","parent":"ljp1ley1zv","x":256.76226806640625,"y":147.88339233398438,"tool":"Pencil"},{"type":"child","parent":"ljp1ley1zv","x":244.7733612060547,"y":121.2306137084961,"tool":"Pencil"},{"type":"child","parent":"ljp1ley1zv","x":223.12673950195312,"y":104.57261657714844,"tool":"Pencil"},{"type":"child","parent":"ljp1ley1zv","x":196.4847412109375,"y":93.57833862304688,"tool":"Pencil"}]},"ljp1lezvgh":{"type":"line","id":"ljp1lezvgh","color":"#1913b0","size":"10","tool":"Pencil","_children":[{"type":"child","parent":"ljp1lezvgh","x":102.2386703491211,"y":376.0978698730469,"tool":"Pencil"},{"type":"child","parent":"ljp1lezvgh","x":120.88807678222656,"y":349.1119079589844,"tool":"Pencil"},{"type":"child","parent":"ljp1lezvgh","x":169.17669677734375,"y":293.1410827636719,"tool":"Pencil"},{"type":"child","parent":"ljp1lezvgh","x":180.16650390625,"y":281.81365966796875,"tool":"Pencil"}]},"ljp1lf0c1p":{"type":"line","id":"ljp1lf0c1p","color":"#1913b0","size":"10","tool":"Pencil","_children":[{"type":"child","parent":"ljp1lf0c1p","x":164.51434326171875,"y":429.0702819824219,"tool":"Pencil"},{"type":"child","parent":"ljp1lf0c1p","x":184.49583435058594,"y":387.0921325683594,"tool":"Pencil"},{"type":"child","parent":"ljp1lf0c1p","x":210.13876342773438,"y":347.7792663574219,"tool":"Pencil"}]},"ljp1lf0sgs":{"type":"line","id":"ljp1lf0sgs","color":"#1913b0","size":"10","tool":"Pencil","_children":[{"type":"child","parent":"ljp1lf0sgs","x":205.47642517089844,"y":484.37481689453125,"tool":"Pencil"},{"type":"child","parent":"ljp1lf0sgs","x":217.46531677246094,"y":457.05572509765625,"tool":"Pencil"},{"type":"child","parent":"ljp1lf0sgs","x":247.43756103515625,"y":408.7475280761719,"tool":"Pencil"}]},"tjp1lf8w4l":{"type":"new","id":"tjp1lf8w4l","color":"#1913b0","size":27,"x":115.22664642333984,"y":227.3490447998047,"tool":"Text"},"tjp1lf9rz7":{"type":"new","id":"tjp1lf9rz7","color":"#1913b0","size":27,"x":225.45791625976562,"y":269.66033935546875,"tool":"Text"},"tjp1lfaf78":{"type":"new","id":"tjp1lfaf78","color":"#1913b0","size":27,"x":214.46807861328125,"y":273.65826416015625,"tool":"Text"},"rjp1lfc8hd":{"type":"rect","id":"rjp1lfc8hd","color":"#1913b0","size":"10","x":86.58650207519531,"y":212.84954833984375,"x2":269.750244140625,"y2":269.81988525390625,"tool":"Rectangle"},"rjp1lfdla8":{"type":"rect","id":"rjp1lfdla8","color":"#1913b0","size":"10","x":164.8473663330078,"y":235.50442504882812,"x2":164.8473663330078,"y2":235.50442504882812,"tool":"Rectangle"},"tjp1lffa7v":{"type":"new","id":"tjp1lffa7v","color":"#1913b0","size":27,"x":130.87881469726562,"y":245.33966064453125,"tool":"Text"},"tjp1lfg9ru":{"type":"new","id":"tjp1lfg9ru","color":"#1913b0","size":27,"x":110.89732360839844,"y":294.6473083496094,"tool":"Text"},"tjp1lfkdrj":{"type":"new","id":"tjp1lfkdrj","color":"#1913b0","size":27,"x":287.40057373046875,"y":402.59112548828125,"tool":"Text"},"tjp1lfl8j2":{"type":"new","id":"tjp1lfl8j2","color":"#1913b0","size":27,"x":317.7058410644531,"y":197.031494140625,"tool":"Text"},"ljp1lfo5pw":{"type":"line","id":"ljp1lfo5pw","color":"#1913b0","size":"10","tool":"Pencil","_children":[{"type":"child","parent":"ljp1lfo5pw","x":297.7243347167969,"y":82.91722869873047,"tool":"Pencil"},{"type":"child","parent":"ljp1lfo5pw","x":285.7354431152344,"y":68.2582015991211,"tool":"Pencil"},{"type":"child","parent":"ljp1lfo5pw","x":218.13137817382812,"y":96.5767822265625,"tool":"Pencil"},{"type":"child","parent":"ljp1lfo5pw","x":204.14431762695312,"y":146.55075073242188,"tool":"Pencil"},{"type":"child","parent":"ljp1lfo5pw","x":269.0841979980469,"y":172.87039184570312,"tool":"Pencil"},{"type":"child","parent":"ljp1lfo5pw","x":305.3839111328125,"y":137.8885955810547,"tool":"Pencil"},{"type":"child","parent":"ljp1lfo5pw","x":285.06939697265625,"y":88.91410827636719,"tool":"Pencil"},{"type":"child","parent":"ljp1lfo5pw","x":239.7779998779297,"y":86.24882507324219,"tool":"Pencil"}]},"ljp1lfpb78":{"type":"line","id":"ljp1lfpb78","color":"#1913b0","size":"10","tool":"Pencil","_children":[{"type":"child","parent":"ljp1lfpb78","x":173.8390350341797,"y":147.88339233398438,"tool":"Pencil"},{"type":"child","parent":"ljp1lfpb78","x":138.2053680419922,"y":140.88702392578125,"tool":"Pencil"},{"type":"child","parent":"ljp1lfpb78","x":84.25532531738281,"y":195.52525329589844,"tool":"Pencil"},{"type":"child","parent":"ljp1lfpb78","x":115.89269256591797,"y":243.500244140625,"tool":"Pencil"},{"type":"child","parent":"ljp1lfpb78","x":174.50509643554688,"y":218.51327514648438,"tool":"Pencil"},{"type":"child","parent":"ljp1lfpb78","x":178.5013885498047,"y":167.2066650390625,"tool":"Pencil"},{"type":"child","parent":"ljp1lfpb78","x":138.53839111328125,"y":155.5460662841797,"tool":"Pencil"}]},"ljp1lfq6jp":{"type":"line","id":"ljp1lfq6jp","color":"#1913b0","size":"10","tool":"Pencil","_children":[{"type":"child","parent":"ljp1lfq6jp","x":244.1072998046875,"y":177.2014617919922,"tool":"Pencil"},{"type":"child","parent":"ljp1lfq6jp","x":187.49307250976562,"y":177.2014617919922,"tool":"Pencil"},{"type":"child","parent":"ljp1lfq6jp","x":148.86216735839844,"y":249.83029174804688,"tool":"Pencil"},{"type":"child","parent":"ljp1lfq6jp","x":214.46807861328125,"y":302.8027038574219,"tool":"Pencil"},{"type":"child","parent":"ljp1lfq6jp","x":269.0841979980469,"y":255.82717895507812,"tool":"Pencil"},{"type":"child","parent":"ljp1lfq6jp","x":254.76409912109375,"y":200.52264404296875,"tool":"Pencil"},{"type":"child","parent":"ljp1lfq6jp","x":204.14431762695312,"y":177.53460693359375,"tool":"Pencil"}]},"ljp1lfr3d0":{"type":"line","id":"ljp1lfr3d0","color":"#1913b0","size":"10","tool":"Pencil","_children":[{"type":"child","parent":"ljp1lfr3d0","x":159.18594360351562,"y":26.61322021484375,"tool":"Pencil"},{"type":"child","parent":"ljp1lfr3d0","x":116.89176940917969,"y":79.91879272460938,"tool":"Pencil"},{"type":"child","parent":"ljp1lfr3d0","x":140.5365447998047,"y":136.22280883789062,"tool":"Pencil"},{"type":"child","parent":"ljp1lfr3d0","x":210.8048095703125,"y":108.23736572265625,"tool":"Pencil"},{"type":"child","parent":"ljp1lfr3d0","x":203.811279296875,"y":56.93076705932617,"tool":"Pencil"},{"type":"child","parent":"ljp1lfr3d0","x":130.87881469726562,"y":54.5986442565918,"tool":"Pencil"}]},"ljp1lfrv88":{"type":"line","id":"ljp1lfrv88","color":"#1913b0","size":"10","tool":"Pencil","_children":[{"type":"child","parent":"ljp1lfrv88","x":120.22201538085938,"y":85.24935150146484,"tool":"Pencil"},{"type":"child","parent":"ljp1lfrv88","x":87.9186019897461,"y":98.90889739990234,"tool":"Pencil"},{"type":"child","parent":"ljp1lfrv88","x":85.92044067382812,"y":175.8688201904297,"tool":"Pencil"},{"type":"child","parent":"ljp1lfrv88","x":131.21185302734375,"y":171.8708953857422,"tool":"Pencil"},{"type":"child","parent":"ljp1lfrv88","x":135.54116821289062,"y":120.56429290771484,"tool":"Pencil"},{"type":"child","parent":"ljp1lfrv88","x":99.57447814941406,"y":96.24361419677734,"tool":"Pencil"}]},"ljp1lfsm0v":{"type":"line","id":"ljp1lfsm0v","color":"#1913b0","size":"10","tool":"Pencil","_children":[{"type":"child","parent":"ljp1lfsm0v","x":228.45513916015625,"y":40.27277755737305,"tool":"Pencil"},{"type":"child","parent":"ljp1lfsm0v","x":191.8223876953125,"y":77.586669921875,"tool":"Pencil"},{"type":"child","parent":"ljp1lfsm0v","x":224.45884704589844,"y":144.88494873046875,"tool":"Pencil"},{"type":"child","parent":"ljp1lfsm0v","x":264.08880615234375,"y":111.5689697265625,"tool":"Pencil"},{"type":"child","parent":"ljp1lfsm0v","x":243.44126892089844,"y":57.59708786010742,"tool":"Pencil"},{"type":"child","parent":"ljp1lfsm0v","x":209.1396942138672,"y":61.595001220703125,"tool":"Pencil"}]}}