{"ljp1nssk6c":{"type":"line","id":"ljp1nssk6c","color":"#1913b0","size":10,"tool":"Pencil","_children":[{"type":"child","parent":"ljp1nssk6c","x":520,"y":165,"tool":"Pencil"},{"type":"child","parent":"ljp1nssk6c","x":525,"y":171,"tool":"Pencil"},{"type":"child","parent":"ljp1nssk6c","x":612,"y":270,"tool":"Pencil"},{"type":"child","parent":"ljp1nssk6c","x":1015,"y":476,"tool":"Pencil"},{"type":"child","parent":"ljp1nssk6c","x":1281,"y":473,"tool":"Pencil"},{"type":"child","parent":"ljp1nssk6c","x":1411,"y":342,"tool":"Pencil"},{"type":"child","parent":"ljp1nssk6c","x":1422,"y":303,"tool":"Pencil"}]},"tjp1nsu6xg":{"type":"new","id":"tjp1nsu6xg","color":"#1913b0","size":27,"x":396,"y":314.5,"tool":"Text"},"ljp1nt7b6b":{"type":"line","id":"ljp1nt7b6b","color":"#1913b0","size":8,"tool":"Pencil","_children":[{"type":"child","parent":"ljp1nt7b6b","x":1553,"y":186,"tool":"Pencil"},{"type":"child","parent":"ljp1nt7b6b","x":1606,"y":263,"tool":"Pencil"},{"type":"child","parent":"ljp1nt7b6b","x":1734,"y":406,"tool":"Pencil"},{"type":"child","parent":"ljp1nt7b6b","x":1808,"y":479,"tool":"Pencil"},{"type":"child","parent":"ljp1nt7b6b","x":1871,"y":514,"tool":"Pencil"},{"type":"child","parent":"ljp1nt7b6b","x":1915,"y":524,"tool":"Pencil"},{"type":"child","parent":"ljp1nt7b6b","x":1932,"y":525,"tool":"Pencil"}]},"ljp1nt9hfr":{"type":"line","id":"ljp1nt9hfr","color":"#1913b0","size":24,"tool":"Pencil","_children":[{"type":"child","parent":"ljp1nt9hfr","x":1740,"y":192,"tool":"Pencil"},{"type":"child","parent":"ljp1nt9hfr","x":1779,"y":251,"tool":"Pencil"},{"type":"child","parent":"ljp1nt9hfr","x":1966,"y":406,"tool":"Pencil"},{"type":"child","parent":"ljp1nt9hfr","x":2102,"y":480,"tool":"Pencil"},{"type":"child","parent":"ljp1nt9hfr","x":2113,"y":484,"tool":"Pencil"}]},"sjp1ntbuo5":{"type":"straight","id":"sjp1ntbuo5","color":"#1913b0","size":24,"x":2456,"y":162,"tool":"Straight line","x2":2456,"y2":162},"sjp1ntceqw":{"type":"straight","id":"sjp1ntceqw","color":"#1913b0","size":24,"x":2514,"y":562,"tool":"Straight line","x2":2514,"y2":564},"sjp1ntd5g8":{"type":"straight","id":"sjp1ntd5g8","color":"#1913b0","size":24,"x":2812,"y":434,"tool":"Straight line","x2":1922,"y2":223},"sjp1ntehyj":{"type":"straight","id":"sjp1ntehyj","color":"#1913b0","size":24,"x":2422,"y":116,"tool":"Straight line","x2":2136,"y2":776},"sjp1nth7xu":{"type":"straight","id":"sjp1nth7xu","color":"#1913b0","size":4,"x":2088,"y":67,"tool":"Straight line","x2":2091,"y2":785},"ljqrfzip4e":{"type":"line","id":"ljqrfzip4e","color":"#7fdbff","size":10,"tool":"Pencil","time":1547174895972,"_children":[{"type":"child","parent":"ljqrfzip4e","x":701,"y":103,"tool":"Pencil"},{"type":"child","parent":"ljqrfzip4e","x":701,"y":116,"tool":"Pencil"},{"type":"child","parent":"ljqrfzip4e","x":722,"y":195,"tool":"Pencil"},{"type":"child","parent":"ljqrfzip4e","x":795,"y":201,"tool":"Pencil"},{"type":"child","parent":"ljqrfzip4e","x":839,"y":120,"tool":"Pencil"},{"type":"child","parent":"ljqrfzip4e","x":753,"y":136,"tool":"Pencil"},{"type":"child","parent":"ljqrfzip4e","x":729,"y":219,"tool":"Pencil"},{"type":"child","parent":"ljqrfzip4e","x":824,"y":215,"tool":"Pencil"},{"type":"child","parent":"ljqrfzip4e","x":837,"y":213,"tool":"Pencil"},{"type":"child","parent":"ljqrfzip4e","x":834,"y":217,"tool":"Pencil"}]},"ljqrfznm0w":{"type":"line","id":"ljqrfznm0w","color":"#7fdbff","size":10,"tool":"Pencil","time":1547174902389,"_children":[{"type":"child","parent":"ljqrfznm0w","x":803,"y":268,"tool":"Pencil"},{"type":"child","parent":"ljqrfznm0w","x":798,"y":276,"tool":"Pencil"},{"type":"child","parent":"ljqrfznm0w","x":761,"y":298,"tool":"Pencil"}]},"ljqrfznvs4":{"type":"line","id":"ljqrfznvs4","color":"#7fdbff","size":10,"tool":"Pencil","time":1547174902692,"_children":[{"type":"child","parent":"ljqrfznvs4","x":717,"y":320,"tool":"Pencil"},{"type":"child","parent":"ljqrfznvs4","x":807,"y":324,"tool":"Pencil"},{"type":"child","parent":"ljqrfznvs4","x":911,"y":329,"tool":"Pencil"}]},"ljqrfzo75r":{"type":"line","id":"ljqrfzo75r","color":"#7fdbff","size":10,"tool":"Pencil","time":1547174903100,"_children":[{"type":"child","parent":"ljqrfzo75r","x":761,"y":282,"tool":"Pencil"},{"type":"child","parent":"ljqrfzo75r","x":777,"y":332,"tool":"Pencil"},{"type":"child","parent":"ljqrfzo75r","x":810,"y":427,"tool":"Pencil"},{"type":"child","parent":"ljqrfzo75r","x":793,"y":442,"tool":"Pencil"},{"type":"child","parent":"ljqrfzo75r","x":741,"y":394,"tool":"Pencil"},{"type":"child","parent":"ljqrfzo75r","x":751,"y":382,"tool":"Pencil"},{"type":"child","parent":"ljqrfzo75r","x":810,"y":362,"tool":"Pencil"},{"type":"child","parent":"ljqrfzo75r","x":828,"y":347,"tool":"Pencil"}]},"ljqrfzoug9":{"type":"line","id":"ljqrfzoug9","color":"#7fdbff","size":10,"tool":"Pencil","time":1547174903939,"_children":[{"type":"child","parent":"ljqrfzoug9","x":814,"y":257,"tool":"Pencil"},{"type":"child","parent":"ljqrfzoug9","x":833,"y":299,"tool":"Pencil"},{"type":"child","parent":"ljqrfzoug9","x":887,"y":447,"tool":"Pencil"},{"type":"child","parent":"ljqrfzoug9","x":918,"y":489,"tool":"Pencil"},{"type":"child","parent":"ljqrfzoug9","x":928,"y":450,"tool":"Pencil"}]},"ljqrfzp7dr":{"type":"line","id":"ljqrfzp7dr","color":"#7fdbff","size":10,"tool":"Pencil","time":1547174904404,"_children":[{"type":"child","parent":"ljqrfzp7dr","x":903,"y":388,"tool":"Pencil"},{"type":"child","parent":"ljqrfzp7dr","x":892,"y":404,"tool":"Pencil"},{"type":"child","parent":"ljqrfzp7dr","x":822,"y":462,"tool":"Pencil"},{"type":"child","parent":"ljqrfzp7dr","x":823,"y":437,"tool":"Pencil"}]},"ljqrfzplt8":{"type":"line","id":"ljqrfzplt8","color":"#7fdbff","size":10,"tool":"Pencil","time":1547174904924,"_children":[{"type":"child","parent":"ljqrfzplt8","x":861,"y":237,"tool":"Pencil"},{"type":"child","parent":"ljqrfzplt8","x":916,"y":287,"tool":"Pencil"},{"type":"child","parent":"ljqrfzplt8","x":969,"y":317,"tool":"Pencil"}]}}