{"ljp1ob55y1":{"type":"line","id":"ljp1ob55y1","color":"#1913B0","size":"10","tool":"Pencil","_children":[{"type":"child","parent":"ljp1ob55y1","x":212,"y":178,"tool":"Pencil"},{"type":"child","parent":"ljp1ob55y1","x":136,"y":228,"tool":"Pencil"},{"type":"child","parent":"ljp1ob55y1","x":142,"y":291,"tool":"Pencil"},{"type":"child","parent":"ljp1ob55y1","x":245,"y":277,"tool":"Pencil"},{"type":"child","parent":"ljp1ob55y1","x":266,"y":216,"tool":"Pencil"},{"type":"child","parent":"ljp1ob55y1","x":210,"y":246,"tool":"Pencil"},{"type":"child","parent":"ljp1ob55y1","x":200,"y":313,"tool":"Pencil"},{"type":"child","parent":"ljp1ob55y1","x":264,"y":310,"tool":"Pencil"},{"type":"child","parent":"ljp1ob55y1","x":270,"y":315,"tool":"Pencil"},{"type":"child","parent":"ljp1ob55y1","x":251,"y":398,"tool":"Pencil"},{"type":"child","parent":"ljp1ob55y1","x":197,"y":440,"tool":"Pencil"},{"type":"child","parent":"ljp1ob55y1","x":142,"y":410,"tool":"Pencil"},{"type":"child","parent":"ljp1ob55y1","x":206,"y":334,"tool":"Pencil"},{"type":"child","parent":"ljp1ob55y1","x":282,"y":311,"tool":"Pencil"},{"type":"child","parent":"ljp1ob55y1","x":307,"y":283,"tool":"Pencil"},{"type":"child","parent":"ljp1ob55y1","x":295,"y":224,"tool":"Pencil"}]}}