{"ljsm18qx95":{"type":"line","id":"ljsm18qx95","color":"#111111","size":10,"tool":"Pencil","time":1551201238202,"_children":[{"type":"child","parent":"ljsm18qx95","x":722,"y":271,"tool":"Pencil"},{"type":"child","parent":"ljsm18qx95","x":720,"y":271,"tool":"Pencil"},{"type":"child","parent":"ljsm18qx95","x":685,"y":271,"tool":"Pencil"},{"type":"child","parent":"ljsm18qx95","x":666,"y":279,"tool":"Pencil"},{"type":"child","parent":"ljsm18qx95","x":638,"y":300,"tool":"Pencil"},{"type":"child","parent":"ljsm18qx95","x":636,"y":332,"tool":"Pencil"},{"type":"child","parent":"ljsm18qx95","x":669,"y":362,"tool":"Pencil"},{"type":"child","parent":"ljsm18qx95","x":732,"y":373,"tool":"Pencil"},{"type":"child","parent":"ljsm18qx95","x":764,"y":366,"tool":"Pencil"},{"type":"child","parent":"ljsm18qx95","x":773,"y":345,"tool":"Pencil"},{"type":"child","parent":"ljsm18qx95","x":769,"y":320,"tool":"Pencil"},{"type":"child","parent":"ljsm18qx95","x":760,"y":304,"tool":"Pencil"},{"type":"child","parent":"ljsm18qx95","x":749,"y":289,"tool":"Pencil"},{"type":"child","parent":"ljsm18qx95","x":740,"y":281,"tool":"Pencil"},{"type":"child","parent":"ljsm18qx95","x":728,"y":275,"tool":"Pencil"},{"type":"child","parent":"ljsm18qx95","x":716,"y":275,"tool":"Pencil"},{"type":"child","parent":"ljsm18qx95","x":702,"y":275,"tool":"Pencil"}]},"ljsm18sfgg":{"type":"line","id":"ljsm18sfgg","color":"#111111","size":10,"tool":"Pencil","time":1551201240151,"_children":[{"type":"child","parent":"ljsm18sfgg","x":761,"y":306,"tool":"Pencil"},{"type":"child","parent":"ljsm18sfgg","x":781,"y":306,"tool":"Pencil"},{"type":"child","parent":"ljsm18sfgg","x":803,"y":301,"tool":"Pencil"},{"type":"child","parent":"ljsm18sfgg","x":836,"y":296,"tool":"Pencil"},{"type":"child","parent":"ljsm18sfgg","x":856,"y":296,"tool":"Pencil"},{"type":"child","parent":"ljsm18sfgg","x":876,"y":296,"tool":"Pencil"}]},"ljsm18tbx5":{"type":"line","id":"ljsm18tbx5","color":"#111111","size":10,"tool":"Pencil","time":1551201241320,"_children":[{"type":"child","parent":"ljsm18tbx5","x":927,"y":267,"tool":"Pencil"},{"type":"child","parent":"ljsm18tbx5","x":905,"y":268,"tool":"Pencil"},{"type":"child","parent":"ljsm18tbx5","x":884,"y":279,"tool":"Pencil"},{"type":"child","parent":"ljsm18tbx5","x":868,"y":307,"tool":"Pencil"},{"type":"child","parent":"ljsm18tbx5","x":864,"y":327,"tool":"Pencil"},{"type":"child","parent":"ljsm18tbx5","x":869,"y":347,"tool":"Pencil"},{"type":"child","parent":"ljsm18tbx5","x":886,"y":356,"tool":"Pencil"},{"type":"child","parent":"ljsm18tbx5","x":917,"y":361,"tool":"Pencil"},{"type":"child","parent":"ljsm18tbx5","x":943,"y":357,"tool":"Pencil"},{"type":"child","parent":"ljsm18tbx5","x":963,"y":340,"tool":"Pencil"},{"type":"child","parent":"ljsm18tbx5","x":971,"y":312,"tool":"Pencil"},{"type":"child","parent":"ljsm18tbx5","x":968,"y":289,"tool":"Pencil"},{"type":"child","parent":"ljsm18tbx5","x":957,"y":273,"tool":"Pencil"},{"type":"child","parent":"ljsm18tbx5","x":947,"y":267,"tool":"Pencil"},{"type":"child","parent":"ljsm18tbx5","x":936,"y":265,"tool":"Pencil"},{"type":"child","parent":"ljsm18tbx5","x":917,"y":265,"tool":"Pencil"},{"type":"child","parent":"ljsm18tbx5","x":901,"y":265,"tool":"Pencil"}]},"ljsm18v2ul":{"type":"line","id":"ljsm18v2ul","color":"#111111","size":10,"tool":"Pencil","time":1551201243584,"_children":[{"type":"child","parent":"ljsm18v2ul","x":494,"y":284,"tool":"Pencil"},{"type":"child","parent":"ljsm18v2ul","x":495,"y":284,"tool":"Pencil"},{"type":"child","parent":"ljsm18v2ul","x":512,"y":253,"tool":"Pencil"},{"type":"child","parent":"ljsm18v2ul","x":521,"y":244,"tool":"Pencil"},{"type":"child","parent":"ljsm18v2ul","x":531,"y":241,"tool":"Pencil"},{"type":"child","parent":"ljsm18v2ul","x":550,"y":241,"tool":"Pencil"},{"type":"child","parent":"ljsm18v2ul","x":572,"y":256,"tool":"Pencil"},{"type":"child","parent":"ljsm18v2ul","x":596,"y":279,"tool":"Pencil"},{"type":"child","parent":"ljsm18v2ul","x":612,"y":290,"tool":"Pencil"},{"type":"child","parent":"ljsm18v2ul","x":621,"y":297,"tool":"Pencil"},{"type":"child","parent":"ljsm18v2ul","x":628,"y":300,"tool":"Pencil"},{"type":"child","parent":"ljsm18v2ul","x":631,"y":301,"tool":"Pencil"},{"type":"child","parent":"ljsm18v2ul","x":631,"y":301,"tool":"Pencil"}]},"ljsm18wqfn":{"type":"line","id":"ljsm18wqfn","color":"#111111","size":10,"tool":"Pencil","time":1551201245730,"_children":[{"type":"child","parent":"ljsm18wqfn","x":705,"y":211,"tool":"Pencil"},{"type":"child","parent":"ljsm18wqfn","x":706,"y":209,"tool":"Pencil"},{"type":"child","parent":"ljsm18wqfn","x":726,"y":190,"tool":"Pencil"},{"type":"child","parent":"ljsm18wqfn","x":743,"y":188,"tool":"Pencil"},{"type":"child","parent":"ljsm18wqfn","x":780,"y":192,"tool":"Pencil"},{"type":"child","parent":"ljsm18wqfn","x":825,"y":208,"tool":"Pencil"},{"type":"child","parent":"ljsm18wqfn","x":848,"y":221,"tool":"Pencil"},{"type":"child","parent":"ljsm18wqfn","x":869,"y":231,"tool":"Pencil"},{"type":"child","parent":"ljsm18wqfn","x":887,"y":239,"tool":"Pencil"},{"type":"child","parent":"ljsm18wqfn","x":898,"y":244,"tool":"Pencil"},{"type":"child","parent":"ljsm18wqfn","x":909,"y":251,"tool":"Pencil"},{"type":"child","parent":"ljsm18wqfn","x":916,"y":255,"tool":"Pencil"},{"type":"child","parent":"ljsm18wqfn","x":922,"y":259,"tool":"Pencil"},{"type":"child","parent":"ljsm18wqfn","x":926,"y":261,"tool":"Pencil"}]},"ljsm18yqti":{"type":"line","id":"ljsm18yqti","color":"#111111","size":10,"tool":"Pencil","time":1551201248336,"_children":[{"type":"child","parent":"ljsm18yqti","x":872,"y":349,"tool":"Pencil"},{"type":"child","parent":"ljsm18yqti","x":876,"y":353,"tool":"Pencil"},{"type":"child","parent":"ljsm18yqti","x":882,"y":365,"tool":"Pencil"},{"type":"child","parent":"ljsm18yqti","x":890,"y":383,"tool":"Pencil"},{"type":"child","parent":"ljsm18yqti","x":896,"y":397,"tool":"Pencil"},{"type":"child","parent":"ljsm18yqti","x":903,"y":411,"tool":"Pencil"},{"type":"child","parent":"ljsm18yqti","x":896,"y":425,"tool":"Pencil"},{"type":"child","parent":"ljsm18yqti","x":876,"y":432,"tool":"Pencil"},{"type":"child","parent":"ljsm18yqti","x":854,"y":427,"tool":"Pencil"},{"type":"child","parent":"ljsm18yqti","x":840,"y":417,"tool":"Pencil"},{"type":"child","parent":"ljsm18yqti","x":839,"y":416,"tool":"Pencil"}]},"ljsm18zv16":{"type":"line","id":"ljsm18zv16","color":"#111111","size":10,"tool":"Pencil","time":1551201249783,"_children":[{"type":"child","parent":"ljsm18zv16","x":751,"y":449,"tool":"Pencil"},{"type":"child","parent":"ljsm18zv16","x":766,"y":454,"tool":"Pencil"},{"type":"child","parent":"ljsm18zv16","x":806,"y":489,"tool":"Pencil"},{"type":"child","parent":"ljsm18zv16","x":852,"y":508,"tool":"Pencil"},{"type":"child","parent":"ljsm18zv16","x":882,"y":505,"tool":"Pencil"},{"type":"child","parent":"ljsm18zv16","x":920,"y":476,"tool":"Pencil"},{"type":"child","parent":"ljsm18zv16","x":925,"y":453,"tool":"Pencil"},{"type":"child","parent":"ljsm18zv16","x":925,"y":452,"tool":"Pencil"}]},"ljsm191em2":{"type":"line","id":"ljsm191em2","color":"#111111","size":10,"tool":"Pencil","time":1551201251785,"_children":[{"type":"child","parent":"ljsm191em2","x":764,"y":451,"tool":"Pencil"},{"type":"child","parent":"ljsm191em2","x":775,"y":449,"tool":"Pencil"},{"type":"child","parent":"ljsm191em2","x":799,"y":451,"tool":"Pencil"},{"type":"child","parent":"ljsm191em2","x":819,"y":459,"tool":"Pencil"},{"type":"child","parent":"ljsm191em2","x":841,"y":462,"tool":"Pencil"},{"type":"child","parent":"ljsm191em2","x":860,"y":461,"tool":"Pencil"},{"type":"child","parent":"ljsm191em2","x":876,"y":460,"tool":"Pencil"},{"type":"child","parent":"ljsm191em2","x":898,"y":456,"tool":"Pencil"},{"type":"child","parent":"ljsm191em2","x":909,"y":455,"tool":"Pencil"},{"type":"child","parent":"ljsm191em2","x":914,"y":455,"tool":"Pencil"},{"type":"child","parent":"ljsm191em2","x":915,"y":454,"tool":"Pencil"},{"type":"child","parent":"ljsm191em2","x":919,"y":452,"tool":"Pencil"},{"type":"child","parent":"ljsm191em2","x":924,"y":449,"tool":"Pencil"},{"type":"child","parent":"ljsm191em2","x":924,"y":448,"tool":"Pencil"}]},"rjsm194194":{"type":"rect","id":"rjsm194194","color":"#111111","size":10,"x":371,"y":294,"x2":961,"y2":692,"tool":"Rectangle","time":1551201255191},"tjsm1960e8":{"type":"new","id":"tjsm1960e8","color":"#111111","size":27,"x":520,"y":499.5,"tool":"Text","time":1551201257752},"tjsm196mgv":{"type":"new","id":"tjsm196mgv","color":"#111111","size":27,"x":595,"y":501.5,"tool":"Text","time":1551201258545,"txt":"fkljlksfsadfkñlsd"}}