{"lk2ao50nxz":{"type":"line","id":"lk2ao50nxz","color":"#3d9970","size":10,"tool":"Pencil","time":1572368402522,"_children":[{"type":"child","parent":"lk2ao50nxz","x":637.1,"y":1136.9,"tool":"Pencil"},{"type":"child","parent":"lk2ao50nxz","x":656.4,"y":1137.6,"tool":"Pencil"},{"type":"child","parent":"lk2ao50nxz","x":725.6,"y":1075,"tool":"Pencil"},{"type":"child","parent":"lk2ao50nxz","x":706.3,"y":1046.4,"tool":"Pencil"},{"type":"child","parent":"lk2ao50nxz","x":698.3,"y":1035.7,"tool":"Pencil"},{"type":"child","parent":"lk2ao50nxz","x":722.2,"y":1088.3,"tool":"Pencil"},{"type":"child","parent":"lk2ao50nxz","x":740.9,"y":1137.6,"tool":"Pencil"},{"type":"child","parent":"lk2ao50nxz","x":749.5,"y":1160.9,"tool":"Pencil"},{"type":"child","parent":"lk2ao50nxz","x":755.5,"y":1174.2,"tool":"Pencil"},{"type":"child","parent":"lk2ao50nxz","x":759.5,"y":1188.2,"tool":"Pencil"},{"type":"child","parent":"lk2ao50nxz","x":760.8,"y":1198.2,"tool":"Pencil"},{"type":"child","parent":"lk2ao50nxz","x":760.8,"y":1205.5,"tool":"Pencil"},{"type":"child","parent":"lk2ao50nxz","x":760.8,"y":1210.8,"tool":"Pencil"},{"type":"child","parent":"lk2ao50nxz","x":760.2,"y":1213.5,"tool":"Pencil"},{"type":"child","parent":"lk2ao50nxz","x":758.8,"y":1213.5,"tool":"Pencil"},{"type":"child","parent":"lk2ao50nxz","x":746.2,"y":1212.2,"tool":"Pencil"},{"type":"child","parent":"lk2ao50nxz","x":716.3,"y":1201.5,"tool":"Pencil"},{"type":"child","parent":"lk2ao50nxz","x":686.3,"y":1178.9,"tool":"Pencil"},{"type":"child","parent":"lk2ao50nxz","x":669.7,"y":1154.9,"tool":"Pencil"},{"type":"child","parent":"lk2ao50nxz","x":669,"y":1126.9,"tool":"Pencil"},{"type":"child","parent":"lk2ao50nxz","x":674.3,"y":1111,"tool":"Pencil"},{"type":"child","parent":"lk2ao50nxz","x":687.7,"y":1107,"tool":"Pencil"},{"type":"child","parent":"lk2ao50nxz","x":713.6,"y":1118.9,"tool":"Pencil"},{"type":"child","parent":"lk2ao50nxz","x":730.9,"y":1126.3,"tool":"Pencil"},{"type":"child","parent":"lk2ao50nxz","x":750.2,"y":1123.6,"tool":"Pencil"},{"type":"child","parent":"lk2ao50nxz","x":754.2,"y":1079.7,"tool":"Pencil"},{"type":"child","parent":"lk2ao50nxz","x":733.6,"y":1027.7,"tool":"Pencil"},{"type":"child","parent":"lk2ao50nxz","x":714.3,"y":1003.1,"tool":"Pencil"},{"type":"child","parent":"lk2ao50nxz","x":695.6,"y":990.4,"tool":"Pencil"},{"type":"child","parent":"lk2ao50nxz","x":684.3,"y":1003.7,"tool":"Pencil"},{"type":"child","parent":"lk2ao50nxz","x":689.7,"y":1047.7,"tool":"Pencil"},{"type":"child","parent":"lk2ao50nxz","x":706.3,"y":1083.7,"tool":"Pencil"},{"type":"child","parent":"lk2ao50nxz","x":720.3,"y":1106.3,"tool":"Pencil"},{"type":"child","parent":"lk2ao50nxz","x":729.6,"y":1113,"tool":"Pencil"}]}}