{"ljsuoc7dza":{"type":"line","id":"ljsuoc7dza","color":"#0074d9","size":10,"tool":"Pencil","time":1551723751229,"_children":[{"type":"child","parent":"ljsuoc7dza","x":852,"y":556,"tool":"Pencil"},{"type":"child","parent":"ljsuoc7dza","x":865,"y":583,"tool":"Pencil"},{"type":"child","parent":"ljsuoc7dza","x":838,"y":609,"tool":"Pencil"},{"type":"child","parent":"ljsuoc7dza","x":739,"y":635,"tool":"Pencil"},{"type":"child","parent":"ljsuoc7dza","x":807,"y":753,"tool":"Pencil"},{"type":"child","parent":"ljsuoc7dza","x":989,"y":688,"tool":"Pencil"},{"type":"child","parent":"ljsuoc7dza","x":1129,"y":573,"tool":"Pencil"},{"type":"child","parent":"ljsuoc7dza","x":1116,"y":441,"tool":"Pencil"},{"type":"child","parent":"ljsuoc7dza","x":1027,"y":369,"tool":"Pencil"},{"type":"child","parent":"ljsuoc7dza","x":794,"y":421,"tool":"Pencil"},{"type":"child","parent":"ljsuoc7dza","x":735,"y":423,"tool":"Pencil"},{"type":"child","parent":"ljsuoc7dza","x":682,"y":455,"tool":"Pencil"},{"type":"child","parent":"ljsuoc7dza","x":618,"y":488,"tool":"Pencil"},{"type":"child","parent":"ljsuoc7dza","x":523,"y":337,"tool":"Pencil"},{"type":"child","parent":"ljsuoc7dza","x":608,"y":268,"tool":"Pencil"},{"type":"child","parent":"ljsuoc7dza","x":767,"y":263,"tool":"Pencil"},{"type":"child","parent":"ljsuoc7dza","x":912,"y":263,"tool":"Pencil"},{"type":"child","parent":"ljsuoc7dza","x":1007,"y":270,"tool":"Pencil"},{"type":"child","parent":"ljsuoc7dza","x":1097,"y":273,"tool":"Pencil"},{"type":"child","parent":"ljsuoc7dza","x":1153,"y":273,"tool":"Pencil"}]},"rjsuod1ds10":{"type":"rect","id":"rjsuod1ds10","color":"#e74218","size":10,"x":2938.3333333333335,"y":3480,"x2":3825,"y2":4066.666666666667,"tool":"Rectangle","time":1551723790075},"sjsuod3c24":{"type":"straight","id":"sjsuod3c24","color":"#e74218","size":10,"x":2715,"y":3308.3,"tool":"Straight line","time":1551723792635,"x2":3876.666666666667,"y2":3310},"sjsuod3thk":{"type":"straight","id":"sjsuod3thk","color":"#e74218","size":10,"x":3885,"y":3205,"tool":"Straight line","time":1551723793201,"x2":4033.3333333333335,"y2":3811.666666666667},"sjsuod44m3":{"type":"straight","id":"sjsuod44m3","color":"#e74218","size":10,"x":4271.7,"y":3435,"tool":"Straight line","time":1551723793615,"x2":3955,"y2":3915}}