{"ljrk2g97tv":{"type":"line","id":"ljrk2g97tv","color":"#ffdc00","size":10,"tool":"Pencil","time":1548905642313,"_children":[{"type":"child","parent":"ljrk2g97tv","x":502,"y":474,"tool":"Pencil"},{"type":"child","parent":"ljrk2g97tv","x":501,"y":450,"tool":"Pencil"},{"type":"child","parent":"ljrk2g97tv","x":509,"y":381,"tool":"Pencil"},{"type":"child","parent":"ljrk2g97tv","x":536,"y":317,"tool":"Pencil"},{"type":"child","parent":"ljrk2g97tv","x":561,"y":300,"tool":"Pencil"},{"type":"child","parent":"ljrk2g97tv","x":636,"y":294,"tool":"Pencil"},{"type":"child","parent":"ljrk2g97tv","x":735,"y":320,"tool":"Pencil"},{"type":"child","parent":"ljrk2g97tv","x":798,"y":367,"tool":"Pencil"},{"type":"child","parent":"ljrk2g97tv","x":796,"y":472,"tool":"Pencil"},{"type":"child","parent":"ljrk2g97tv","x":712,"y":572,"tool":"Pencil"},{"type":"child","parent":"ljrk2g97tv","x":653,"y":576,"tool":"Pencil"},{"type":"child","parent":"ljrk2g97tv","x":591,"y":537,"tool":"Pencil"},{"type":"child","parent":"ljrk2g97tv","x":580,"y":512,"tool":"Pencil"},{"type":"child","parent":"ljrk2g97tv","x":566,"y":470,"tool":"Pencil"},{"type":"child","parent":"ljrk2g97tv","x":563,"y":464,"tool":"Pencil"}]}}