{"ljsv88ai2g":{"type":"line","id":"ljsv88ai2g","color":"#3D9970","size":10,"tool":"Pencil","time":1551757159941,"_children":[{"type":"child","parent":"ljsv88ai2g","x":397,"y":390,"tool":"Pencil"},{"type":"child","parent":"ljsv88ai2g","x":364,"y":431,"tool":"Pencil"},{"type":"child","parent":"ljsv88ai2g","x":349,"y":475,"tool":"Pencil"},{"type":"child","parent":"ljsv88ai2g","x":350,"y":497,"tool":"Pencil"},{"type":"child","parent":"ljsv88ai2g","x":377,"y":483,"tool":"Pencil"},{"type":"child","parent":"ljsv88ai2g","x":412,"y":463,"tool":"Pencil"},{"type":"child","parent":"ljsv88ai2g","x":453,"y":445,"tool":"Pencil"},{"type":"child","parent":"ljsv88ai2g","x":480,"y":447,"tool":"Pencil"},{"type":"child","parent":"ljsv88ai2g","x":489,"y":457,"tool":"Pencil"},{"type":"child","parent":"ljsv88ai2g","x":484,"y":473,"tool":"Pencil"},{"type":"child","parent":"ljsv88ai2g","x":476,"y":482,"tool":"Pencil"},{"type":"child","parent":"ljsv88ai2g","x":465,"y":499,"tool":"Pencil"},{"type":"child","parent":"ljsv88ai2g","x":454,"y":511,"tool":"Pencil"},{"type":"child","parent":"ljsv88ai2g","x":453,"y":515,"tool":"Pencil"},{"type":"child","parent":"ljsv88ai2g","x":452,"y":518,"tool":"Pencil"},{"type":"child","parent":"ljsv88ai2g","x":452,"y":519,"tool":"Pencil"},{"type":"child","parent":"ljsv88ai2g","x":450,"y":521,"tool":"Pencil"},{"type":"child","parent":"ljsv88ai2g","x":447,"y":530,"tool":"Pencil"},{"type":"child","parent":"ljsv88ai2g","x":444,"y":549,"tool":"Pencil"},{"type":"child","parent":"ljsv88ai2g","x":449,"y":571,"tool":"Pencil"},{"type":"child","parent":"ljsv88ai2g","x":463,"y":576,"tool":"Pencil"},{"type":"child","parent":"ljsv88ai2g","x":491,"y":562,"tool":"Pencil"},{"type":"child","parent":"ljsv88ai2g","x":523,"y":537,"tool":"Pencil"},{"type":"child","parent":"ljsv88ai2g","x":557,"y":513,"tool":"Pencil"},{"type":"child","parent":"ljsv88ai2g","x":583,"y":514,"tool":"Pencil"},{"type":"child","parent":"ljsv88ai2g","x":579,"y":566,"tool":"Pencil"},{"type":"child","parent":"ljsv88ai2g","x":554,"y":612,"tool":"Pencil"}]},"sjsv88fe0k":{"type":"straight","id":"sjsv88fe0k","color":"#3D9970","size":10,"x":349,"y":320,"tool":"Straight line","time":1551757166276,"x2":679,"y2":160},"sjsv88h02p":{"type":"straight","id":"sjsv88h02p","color":"#3D9970","size":10,"x":679,"y":161,"tool":"Straight line","time":1551757168372,"x2":761,"y2":385},"sjsv88i9om":{"type":"straight","id":"sjsv88i9om","color":"#3D9970","size":10,"x":781,"y":357,"tool":"Straight line","time":1551757170001,"x2":866,"y2":320},"sjsv88josx":{"type":"straight","id":"sjsv88josx","color":"#3D9970","size":10,"x":867,"y":319,"tool":"Straight line","time":1551757171835,"x2":854,"y2":229},"sjsv88lsb7":{"type":"straight","id":"sjsv88lsb7","color":"#3D9970","size":10,"x":856,"y":229,"tool":"Straight line","time":1551757174552,"x2":932,"y2":220},"sjsv88mvdi":{"type":"straight","id":"sjsv88mvdi","color":"#3D9970","size":10,"x":934,"y":224,"tool":"Straight line","time":1551757175965,"x2":937,"y2":307},"sjsv88o3or":{"type":"straight","id":"sjsv88o3or","color":"#3D9970","size":10,"x":870,"y":317,"tool":"Straight line","time":1551757177556,"x2":935,"y2":310},"rjsv88rzf8":{"type":"rect","id":"rjsv88rzf8","color":"#3D9970","size":10,"x":793,"y":476,"x2":1111,"y2":638,"tool":"Rectangle","time":1551757182596},"tjsv88w8pv":{"type":"new","id":"tjsv88w8pv","color":"#3D9970","size":27,"x":820,"y":523.5,"tool":"Text","time":1551757188106,"txt":"The"},"tjsv89hapi":{"type":"new","id":"tjsv89hapi","color":"#002","size":27,"x":775,"y":789.5,"tool":"Text","time":1551757215407,"txt":""},"tjsv89i0c8":{"type":"new","id":"tjsv89i0c8","color":"#002","size":27,"x":1134,"y":706.5,"tool":"Text","time":1551757216326}}