{"tk5kr1cgpk":{"type":"new","id":"tk5kr1cgpk","color":"#7fdbff","size":27,"x":297.1,"y":395.7,"tool":"Text","time":1579421930777},"tk5kr1cz1q":{"type":"new","id":"tk5kr1cz1q","color":"#7fdbff","size":27,"x":295.3,"y":383.7,"tool":"Text","time":1579421931431},"tk5kr1dei4":{"type":"new","id":"tk5kr1dei4","color":"#7fdbff","size":27,"x":215.3,"y":342.6,"tool":"Text","time":1579421932008,"txt":"Appld"},"lk5kr1j3d5":{"type":"line","id":"lk5kr1j3d5","color":"#7fdbff","size":10,"tool":"Pencil","time":1579421939366,"_children":[{"type":"child","parent":"lk5kr1j3d5","x":162.5,"y":137.1,"tool":"Pencil"},{"type":"child","parent":"lk5kr1j3d5","x":155.3,"y":142.2,"tool":"Pencil"},{"type":"child","parent":"lk5kr1j3d5","x":142.2,"y":156,"tool":"Pencil"},{"type":"child","parent":"lk5kr1j3d5","x":151.3,"y":193.8,"tool":"Pencil"},{"type":"child","parent":"lk5kr1j3d5","x":180,"y":218.2,"tool":"Pencil"},{"type":"child","parent":"lk5kr1j3d5","x":249.5,"y":186.9,"tool":"Pencil"},{"type":"child","parent":"lk5kr1j3d5","x":240.4,"y":145.8,"tool":"Pencil"},{"type":"child","parent":"lk5kr1j3d5","x":242.2,"y":145.1,"tool":"Pencil"}]},"lk5kr1jysf":{"type":"line","id":"lk5kr1jysf","color":"#7fdbff","size":10,"tool":"Pencil","time":1579421940496,"_children":[{"type":"child","parent":"lk5kr1jysf","x":231.6,"y":109.1,"tool":"Pencil"},{"type":"child","parent":"lk5kr1jysf","x":237.8,"y":101.8,"tool":"Pencil"},{"type":"child","parent":"lk5kr1jysf","x":272,"y":101.1,"tool":"Pencil"},{"type":"child","parent":"lk5kr1jysf","x":303.3,"y":126.2,"tool":"Pencil"},{"type":"child","parent":"lk5kr1jysf","x":294.2,"y":160.7,"tool":"Pencil"},{"type":"child","parent":"lk5kr1jysf","x":294.5,"y":188,"tool":"Pencil"}]},"lk5kr1kv1h":{"type":"line","id":"lk5kr1kv1h","color":"#7fdbff","size":10,"tool":"Pencil","time":1579421941656,"_children":[{"type":"child","parent":"lk5kr1kv1h","x":360.4,"y":248.4,"tool":"Pencil"},{"type":"child","parent":"lk5kr1kv1h","x":330.9,"y":353.5,"tool":"Pencil"},{"type":"child","parent":"lk5kr1kv1h","x":332.7,"y":417.5,"tool":"Pencil"},{"type":"child","parent":"lk5kr1kv1h","x":338.5,"y":465.5,"tool":"Pencil"},{"type":"child","parent":"lk5kr1kv1h","x":322.2,"y":526.9,"tool":"Pencil"},{"type":"child","parent":"lk5kr1kv1h","x":294.2,"y":542.2,"tool":"Pencil"},{"type":"child","parent":"lk5kr1kv1h","x":269.5,"y":524.4,"tool":"Pencil"},{"type":"child","parent":"lk5kr1kv1h","x":273.8,"y":483.6,"tool":"Pencil"}]},"lk5kr1lscw":{"type":"line","id":"lk5kr1lscw","color":"#7fdbff","size":10,"tool":"Pencil","time":1579421942851,"_children":[{"type":"child","parent":"lk5kr1lscw","x":217.5,"y":435.3,"tool":"Pencil"},{"type":"child","parent":"lk5kr1lscw","x":205.1,"y":438.5,"tool":"Pencil"},{"type":"child","parent":"lk5kr1lscw","x":163.6,"y":519.3,"tool":"Pencil"},{"type":"child","parent":"lk5kr1lscw","x":163.3,"y":607.6,"tool":"Pencil"},{"type":"child","parent":"lk5kr1lscw","x":166.9,"y":630.2,"tool":"Pencil"},{"type":"child","parent":"lk5kr1lscw","x":168,"y":636.4,"tool":"Pencil"},{"type":"child","parent":"lk5kr1lscw","x":187.3,"y":619.3,"tool":"Pencil"},{"type":"child","parent":"lk5kr1lscw","x":239.6,"y":605.8,"tool":"Pencil"},{"type":"child","parent":"lk5kr1lscw","x":278.5,"y":624,"tool":"Pencil"},{"type":"child","parent":"lk5kr1lscw","x":303.3,"y":636.4,"tool":"Pencil"},{"type":"child","parent":"lk5kr1lscw","x":330.9,"y":623.6,"tool":"Pencil"},{"type":"child","parent":"lk5kr1lscw","x":353.5,"y":593.5,"tool":"Pencil"},{"type":"child","parent":"lk5kr1lscw","x":353.8,"y":555.3,"tool":"Pencil"}]},"lk5kr1mxck":{"type":"line","id":"lk5kr1mxck","color":"#7fdbff","size":10,"tool":"Pencil","time":1579421944413,"_children":[{"type":"child","parent":"lk5kr1mxck","x":214.5,"y":538.2,"tool":"Pencil"},{"type":"child","parent":"lk5kr1mxck","x":212,"y":501.1,"tool":"Pencil"},{"type":"child","parent":"lk5kr1mxck","x":237.5,"y":426.2,"tool":"Pencil"},{"type":"child","parent":"lk5kr1mxck","x":296.7,"y":393.1,"tool":"Pencil"},{"type":"child","parent":"lk5kr1mxck","x":311.6,"y":371.6,"tool":"Pencil"},{"type":"child","parent":"lk5kr1mxck","x":273.5,"y":357.5,"tool":"Pencil"},{"type":"child","parent":"lk5kr1mxck","x":249.5,"y":361.8,"tool":"Pencil"}]}}