{"ljp4eohmc9":{"type":"line","id":"ljp4eohmc9","color":"#85144b","size":10,"tool":"Pencil","time":1543605198110,"_children":[{"type":"child","parent":"ljp4eohmc9","x":250,"y":109,"tool":"Pencil"},{"type":"child","parent":"ljp4eohmc9","x":289,"y":109,"tool":"Pencil"},{"type":"child","parent":"ljp4eohmc9","x":845,"y":167,"tool":"Pencil"},{"type":"child","parent":"ljp4eohmc9","x":949,"y":176,"tool":"Pencil"}]},"ljp4eoidx5":{"type":"line","id":"ljp4eoidx5","color":"#85144b","size":10,"tool":"Pencil","time":1543605199101,"_children":[{"type":"child","parent":"ljp4eoidx5","x":594,"y":181,"tool":"Pencil"},{"type":"child","parent":"ljp4eoidx5","x":564,"y":241,"tool":"Pencil"},{"type":"child","parent":"ljp4eoidx5","x":544,"y":480,"tool":"Pencil"},{"type":"child","parent":"ljp4eoidx5","x":743,"y":374,"tool":"Pencil"},{"type":"child","parent":"ljp4eoidx5","x":761,"y":345,"tool":"Pencil"}]},"ljp4eoj1g5":{"type":"line","id":"ljp4eoj1g5","color":"#85144b","size":10,"tool":"Pencil","time":1543605199947,"_children":[{"type":"child","parent":"ljp4eoj1g5","x":622,"y":301,"tool":"Pencil"},{"type":"child","parent":"ljp4eoj1g5","x":634,"y":299,"tool":"Pencil"},{"type":"child","parent":"ljp4eoj1g5","x":706,"y":297,"tool":"Pencil"},{"type":"child","parent":"ljp4eoj1g5","x":752,"y":298,"tool":"Pencil"},{"type":"child","parent":"ljp4eoj1g5","x":774,"y":338,"tool":"Pencil"},{"type":"child","parent":"ljp4eoj1g5","x":793,"y":375,"tool":"Pencil"},{"type":"child","parent":"ljp4eoj1g5","x":793,"y":371,"tool":"Pencil"},{"type":"child","parent":"ljp4eoj1g5","x":790,"y":335,"tool":"Pencil"},{"type":"child","parent":"ljp4eoj1g5","x":711,"y":260,"tool":"Pencil"},{"type":"child","parent":"ljp4eoj1g5","x":672,"y":248,"tool":"Pencil"},{"type":"child","parent":"ljp4eoj1g5","x":659,"y":278,"tool":"Pencil"},{"type":"child","parent":"ljp4eoj1g5","x":674,"y":276,"tool":"Pencil"},{"type":"child","parent":"ljp4eoj1g5","x":705,"y":236,"tool":"Pencil"},{"type":"child","parent":"ljp4eoj1g5","x":800,"y":231,"tool":"Pencil"},{"type":"child","parent":"ljp4eoj1g5","x":813,"y":241,"tool":"Pencil"},{"type":"child","parent":"ljp4eoj1g5","x":888,"y":260,"tool":"Pencil"},{"type":"child","parent":"ljp4eoj1g5","x":977,"y":256,"tool":"Pencil"},{"type":"child","parent":"ljp4eoj1g5","x":961,"y":211,"tool":"Pencil"},{"type":"child","parent":"ljp4eoj1g5","x":940,"y":265,"tool":"Pencil"},{"type":"child","parent":"ljp4eoj1g5","x":994,"y":351,"tool":"Pencil"},{"type":"child","parent":"ljp4eoj1g5","x":936,"y":371,"tool":"Pencil"},{"type":"child","parent":"ljp4eoj1g5","x":895,"y":355,"tool":"Pencil"},{"type":"child","parent":"ljp4eoj1g5","x":986,"y":390,"tool":"Pencil"},{"type":"child","parent":"ljp4eoj1g5","x":932,"y":407,"tool":"Pencil"},{"type":"child","parent":"ljp4eoj1g5","x":879,"y":422,"tool":"Pencil"}]},"sjp4eom2hw":{"type":"straight","id":"sjp4eom2hw","color":"#85144b","size":10,"x":238,"y":192,"tool":"Straight line","time":1543605203872,"x2":476,"y2":206},"sjp4eomxcr":{"type":"straight","id":"sjp4eomxcr","color":"#85144b","size":10,"x":448,"y":205,"tool":"Straight line","time":1543605204984,"x2":318,"y2":465},"ljx3i09npt":{"type":"line","id":"ljx3i09npt","color":"#01ff70","size":10,"tool":"Pencil","time":1560964576806,"_children":[{"type":"child","parent":"ljx3i09npt","x":491,"y":595,"tool":"Pencil"},{"type":"child","parent":"ljx3i09npt","x":502,"y":601,"tool":"Pencil"},{"type":"child","parent":"ljx3i09npt","x":579,"y":632,"tool":"Pencil"},{"type":"child","parent":"ljx3i09npt","x":570,"y":661,"tool":"Pencil"},{"type":"child","parent":"ljx3i09npt","x":580,"y":663,"tool":"Pencil"},{"type":"child","parent":"ljx3i09npt","x":633,"y":661,"tool":"Pencil"},{"type":"child","parent":"ljx3i09npt","x":627,"y":669,"tool":"Pencil"},{"type":"child","parent":"ljx3i09npt","x":624,"y":677,"tool":"Pencil"},{"type":"child","parent":"ljx3i09npt","x":656,"y":702,"tool":"Pencil"}]}}