{"lk7yjb7xdc":{"type":"line","id":"lk7yjb7xdc","color":"#aaaaaa","size":10,"tool":"Pencil","time":1584609003510,"_children":[{"type":"child","parent":"lk7yjb7xdc","x":425,"y":334,"tool":"Pencil"},{"type":"child","parent":"lk7yjb7xdc","x":494,"y":279,"tool":"Pencil"},{"type":"child","parent":"lk7yjb7xdc","x":591,"y":373,"tool":"Pencil"},{"type":"child","parent":"lk7yjb7xdc","x":497,"y":461,"tool":"Pencil"},{"type":"child","parent":"lk7yjb7xdc","x":380,"y":358,"tool":"Pencil"}]},"lk7yjb8kxr":{"type":"line","id":"lk7yjb8kxr","color":"#aaaaaa","size":10,"tool":"Pencil","time":1584609004363,"_children":[{"type":"child","parent":"lk7yjb8kxr","x":665,"y":438,"tool":"Pencil"},{"type":"child","parent":"lk7yjb8kxr","x":763,"y":437,"tool":"Pencil"},{"type":"child","parent":"lk7yjb8kxr","x":765,"y":589,"tool":"Pencil"},{"type":"child","parent":"lk7yjb8kxr","x":635,"y":552,"tool":"Pencil"},{"type":"child","parent":"lk7yjb8kxr","x":750,"y":406,"tool":"Pencil"},{"type":"child","parent":"lk7yjb8kxr","x":835,"y":552,"tool":"Pencil"},{"type":"child","parent":"lk7yjb8kxr","x":646,"y":578,"tool":"Pencil"},{"type":"child","parent":"lk7yjb8kxr","x":695,"y":443,"tool":"Pencil"},{"type":"child","parent":"lk7yjb8kxr","x":828,"y":587,"tool":"Pencil"},{"type":"child","parent":"lk7yjb8kxr","x":600,"y":690,"tool":"Pencil"},{"type":"child","parent":"lk7yjb8kxr","x":529,"y":558,"tool":"Pencil"},{"type":"child","parent":"lk7yjb8kxr","x":762,"y":580,"tool":"Pencil"},{"type":"child","parent":"lk7yjb8kxr","x":615,"y":786,"tool":"Pencil"},{"type":"child","parent":"lk7yjb8kxr","x":494,"y":795,"tool":"Pencil"},{"type":"child","parent":"lk7yjb8kxr","x":493,"y":794,"tool":"Pencil"}]},"lk7yjba50l":{"type":"line","id":"lk7yjba50l","color":"#aaaaaa","size":10,"tool":"Pencil","time":1584609006379,"_children":[{"type":"child","parent":"lk7yjba50l","x":727,"y":199,"tool":"Pencil"},{"type":"child","parent":"lk7yjba50l","x":710,"y":278,"tool":"Pencil"}]},"lk7yjbacl7":{"type":"line","id":"lk7yjbacl7","color":"#aaaaaa","size":10,"tool":"Pencil","time":1584609006648,"_children":[{"type":"child","parent":"lk7yjbacl7","x":720,"y":254,"tool":"Pencil"},{"type":"child","parent":"lk7yjbacl7","x":752,"y":257,"tool":"Pencil"}]},"lk7yjbak9m":{"type":"line","id":"lk7yjbak9m","color":"#aaaaaa","size":10,"tool":"Pencil","time":1584609006926,"_children":[{"type":"child","parent":"lk7yjbak9m","x":778,"y":213,"tool":"Pencil"},{"type":"child","parent":"lk7yjbak9m","x":748,"y":286,"tool":"Pencil"}]},"lk7yjbat8a":{"type":"line","id":"lk7yjbat8a","color":"#aaaaaa","size":10,"tool":"Pencil","time":1584609007246,"_children":[{"type":"child","parent":"lk7yjbat8a","x":766,"y":303,"tool":"Pencil"},{"type":"child","parent":"lk7yjbat8a","x":778,"y":272,"tool":"Pencil"},{"type":"child","parent":"lk7yjbat8a","x":811,"y":227,"tool":"Pencil"},{"type":"child","parent":"lk7yjbat8a","x":823,"y":230,"tool":"Pencil"},{"type":"child","parent":"lk7yjbat8a","x":848,"y":243,"tool":"Pencil"}]},"lk7yjbb89k":{"type":"line","id":"lk7yjbb89k","color":"#aaaaaa","size":10,"tool":"Pencil","time":1584609007787,"_children":[{"type":"child","parent":"lk7yjbb89k","x":800,"y":263,"tool":"Pencil"},{"type":"child","parent":"lk7yjbb89k","x":802,"y":266,"tool":"Pencil"}]},"lk7yjbbfqa":{"type":"line","id":"lk7yjbbfqa","color":"#aaaaaa","size":10,"tool":"Pencil","time":1584609008058,"_children":[{"type":"child","parent":"lk7yjbbfqa","x":777,"y":289,"tool":"Pencil"},{"type":"child","parent":"lk7yjbbfqa","x":791,"y":299,"tool":"Pencil"},{"type":"child","parent":"lk7yjbbfqa","x":813,"y":300,"tool":"Pencil"}]},"lk7yjbbpki":{"type":"line","id":"lk7yjbbpki","color":"#aaaaaa","size":10,"tool":"Pencil","time":1584609008412,"_children":[{"type":"child","parent":"lk7yjbbpki","x":836,"y":273,"tool":"Pencil"},{"type":"child","parent":"lk7yjbbpki","x":850,"y":283,"tool":"Pencil"}]},"lk7yjbbv3a":{"type":"line","id":"lk7yjbbv3a","color":"#aaaaaa","size":10,"tool":"Pencil","time":1584609008610,"_children":[{"type":"child","parent":"lk7yjbbv3a","x":862,"y":275,"tool":"Pencil"},{"type":"child","parent":"lk7yjbbv3a","x":798,"y":323,"tool":"Pencil"},{"type":"child","parent":"lk7yjbbv3a","x":783,"y":353,"tool":"Pencil"}]},"lk7yjbcbj3":{"type":"line","id":"lk7yjbcbj3","color":"#aaaaaa","size":10,"tool":"Pencil","time":1584609009202,"_children":[{"type":"child","parent":"lk7yjbcbj3","x":917,"y":388,"tool":"Pencil"},{"type":"child","parent":"lk7yjbcbj3","x":924,"y":355,"tool":"Pencil"},{"type":"child","parent":"lk7yjbcbj3","x":939,"y":336,"tool":"Pencil"},{"type":"child","parent":"lk7yjbcbj3","x":966,"y":388,"tool":"Pencil"},{"type":"child","parent":"lk7yjbcbj3","x":972,"y":378,"tool":"Pencil"},{"type":"child","parent":"lk7yjbcbj3","x":1003,"y":338,"tool":"Pencil"}]},"lk7yjbcqrp":{"type":"line","id":"lk7yjbcqrp","color":"#aaaaaa","size":10,"tool":"Pencil","time":1584609009749,"_children":[{"type":"child","parent":"lk7yjbcqrp","x":1006,"y":356,"tool":"Pencil"},{"type":"child","parent":"lk7yjbcqrp","x":1004,"y":375,"tool":"Pencil"}]},"lk7yjbcxyv":{"type":"line","id":"lk7yjbcxyv","color":"#aaaaaa","size":10,"tool":"Pencil","time":1584609010008,"_children":[{"type":"child","parent":"lk7yjbcxyv","x":1036,"y":277,"tool":"Pencil"},{"type":"child","parent":"lk7yjbcxyv","x":1033,"y":293,"tool":"Pencil"}]},"lk7yjbd732":{"type":"line","id":"lk7yjbd732","color":"#aaaaaa","size":10,"tool":"Pencil","time":1584609010337,"_children":[{"type":"child","parent":"lk7yjbd732","x":1043,"y":333,"tool":"Pencil"},{"type":"child","parent":"lk7yjbd732","x":1024,"y":347,"tool":"Pencil"},{"type":"child","parent":"lk7yjbd732","x":1023,"y":376,"tool":"Pencil"},{"type":"child","parent":"lk7yjbd732","x":1045,"y":373,"tool":"Pencil"}]},"lk7yjbdjmh":{"type":"line","id":"lk7yjbdjmh","color":"#aaaaaa","size":10,"tool":"Pencil","time":1584609010789,"_children":[{"type":"child","parent":"lk7yjbdjmh","x":1062,"y":364,"tool":"Pencil"},{"type":"child","parent":"lk7yjbdjmh","x":1075,"y":365,"tool":"Pencil"},{"type":"child","parent":"lk7yjbdjmh","x":1109,"y":345,"tool":"Pencil"},{"type":"child","parent":"lk7yjbdjmh","x":1099,"y":337,"tool":"Pencil"},{"type":"child","parent":"lk7yjbdjmh","x":1072,"y":368,"tool":"Pencil"},{"type":"child","parent":"lk7yjbdjmh","x":1094,"y":389,"tool":"Pencil"},{"type":"child","parent":"lk7yjbdjmh","x":1108,"y":387,"tool":"Pencil"}]},"rk7yjbim5c":{"type":"rect","id":"rk7yjbim5c","color":"#aaaaaa","size":10,"x":322,"y":121,"x2":492,"y2":255,"tool":"Rectangle","time":1584609017360},"rk7yjbj6kj":{"type":"rect","id":"rk7yjbj6kj","color":"#aaaaaa","size":10,"x":581,"y":148,"x2":676,"y2":293,"tool":"Rectangle","time":1584609018095},"rk7yjbjlf0":{"type":"rect","id":"rk7yjbjlf0","color":"#aaaaaa","size":10,"x":652,"y":291,"x2":357,"y2":549,"tool":"Rectangle","time":1584609018631},"sk7yjbmzy2":{"type":"straight","id":"sk7yjbmzy2","color":"#aaaaaa","size":10,"x":232,"y":563,"tool":"Straight line","time":1584609023041,"x2":346,"y2":591},"lk7yjbohgy":{"type":"line","id":"lk7yjbohgy","color":"#aaaaaa","size":10,"tool":"Pencil","time":1584609024965,"_children":[{"type":"child","parent":"lk7yjbohgy","x":234,"y":451,"tool":"Pencil"},{"type":"child","parent":"lk7yjbohgy","x":287,"y":349,"tool":"Pencil"},{"type":"child","parent":"lk7yjbohgy","x":414,"y":341,"tool":"Pencil"},{"type":"child","parent":"lk7yjbohgy","x":405,"y":540,"tool":"Pencil"},{"type":"child","parent":"lk7yjbohgy","x":274,"y":562,"tool":"Pencil"}]},"lk7yjbph3z":{"type":"line","id":"lk7yjbph3z","color":"#aaaaaa","size":10,"tool":"Pencil","time":1584609026253,"_children":[{"type":"child","parent":"lk7yjbph3z","x":992,"y":629,"tool":"Pencil"},{"type":"child","parent":"lk7yjbph3z","x":981,"y":714,"tool":"Pencil"},{"type":"child","parent":"lk7yjbph3z","x":974,"y":754,"tool":"Pencil"},{"type":"child","parent":"lk7yjbph3z","x":975,"y":756,"tool":"Pencil"},{"type":"child","parent":"lk7yjbph3z","x":1043,"y":771,"tool":"Pencil"},{"type":"child","parent":"lk7yjbph3z","x":1103,"y":776,"tool":"Pencil"},{"type":"child","parent":"lk7yjbph3z","x":1104,"y":773,"tool":"Pencil"},{"type":"child","parent":"lk7yjbph3z","x":1114,"y":643,"tool":"Pencil"},{"type":"child","parent":"lk7yjbph3z","x":1121,"y":588,"tool":"Pencil"},{"type":"child","parent":"lk7yjbph3z","x":1055,"y":593,"tool":"Pencil"},{"type":"child","parent":"lk7yjbph3z","x":967,"y":585,"tool":"Pencil"},{"type":"child","parent":"lk7yjbph3z","x":978,"y":610,"tool":"Pencil"},{"type":"child","parent":"lk7yjbph3z","x":1000,"y":656,"tool":"Pencil"},{"type":"child","parent":"lk7yjbph3z","x":1001,"y":658,"tool":"Pencil"}]},"lk7yjbrrut":{"type":"line","id":"lk7yjbrrut","color":"#aaaaaa","size":10,"tool":"Pencil","time":1584609029230,"_children":[{"type":"child","parent":"lk7yjbrrut","x":1175,"y":424,"tool":"Pencil"},{"type":"child","parent":"lk7yjbrrut","x":1160,"y":482,"tool":"Pencil"},{"type":"child","parent":"lk7yjbrrut","x":1153,"y":539,"tool":"Pencil"},{"type":"child","parent":"lk7yjbrrut","x":1228,"y":541,"tool":"Pencil"},{"type":"child","parent":"lk7yjbrrut","x":1241,"y":540,"tool":"Pencil"},{"type":"child","parent":"lk7yjbrrut","x":1243,"y":536,"tool":"Pencil"},{"type":"child","parent":"lk7yjbrrut","x":1265,"y":453,"tool":"Pencil"},{"type":"child","parent":"lk7yjbrrut","x":1264,"y":446,"tool":"Pencil"},{"type":"child","parent":"lk7yjbrrut","x":1234,"y":441,"tool":"Pencil"},{"type":"child","parent":"lk7yjbrrut","x":1203,"y":435,"tool":"Pencil"},{"type":"child","parent":"lk7yjbrrut","x":1193,"y":433,"tool":"Pencil"},{"type":"child","parent":"lk7yjbrrut","x":1178,"y":432,"tool":"Pencil"},{"type":"child","parent":"lk7yjbrrut","x":1177,"y":432,"tool":"Pencil"}]},"lk7yjbt3ee":{"type":"line","id":"lk7yjbt3ee","color":"#aaaaaa","size":10,"tool":"Pencil","time":1584609030946,"_children":[{"type":"child","parent":"lk7yjbt3ee","x":1329,"y":442,"tool":"Pencil"},{"type":"child","parent":"lk7yjbt3ee","x":1340,"y":441,"tool":"Pencil"},{"type":"child","parent":"lk7yjbt3ee","x":1345,"y":463,"tool":"Pencil"},{"type":"child","parent":"lk7yjbt3ee","x":1321,"y":467,"tool":"Pencil"},{"type":"child","parent":"lk7yjbt3ee","x":1304,"y":457,"tool":"Pencil"},{"type":"child","parent":"lk7yjbt3ee","x":1306,"y":452,"tool":"Pencil"},{"type":"child","parent":"lk7yjbt3ee","x":1321,"y":446,"tool":"Pencil"},{"type":"child","parent":"lk7yjbt3ee","x":1326,"y":444,"tool":"Pencil"}]},"lk7yjbtvnr":{"type":"line","id":"lk7yjbtvnr","color":"#aaaaaa","size":10,"tool":"Pencil","time":1584609031957,"_children":[{"type":"child","parent":"lk7yjbtvnr","x":1380,"y":447,"tool":"Pencil"},{"type":"child","parent":"lk7yjbtvnr","x":1385,"y":439,"tool":"Pencil"},{"type":"child","parent":"lk7yjbtvnr","x":1391,"y":439,"tool":"Pencil"},{"type":"child","parent":"lk7yjbtvnr","x":1397,"y":454,"tool":"Pencil"},{"type":"child","parent":"lk7yjbtvnr","x":1380,"y":463,"tool":"Pencil"},{"type":"child","parent":"lk7yjbtvnr","x":1372,"y":465,"tool":"Pencil"},{"type":"child","parent":"lk7yjbtvnr","x":1372,"y":465,"tool":"Pencil"},{"type":"child","parent":"lk7yjbtvnr","x":1407,"y":470,"tool":"Pencil"},{"type":"child","parent":"lk7yjbtvnr","x":1408,"y":471,"tool":"Pencil"}]},"lk7yjbuscm":{"type":"line","id":"lk7yjbuscm","color":"#aaaaaa","size":10,"tool":"Pencil","time":1584609033134,"_children":[{"type":"child","parent":"lk7yjbuscm","x":1423,"y":440,"tool":"Pencil"},{"type":"child","parent":"lk7yjbuscm","x":1433,"y":437,"tool":"Pencil"},{"type":"child","parent":"lk7yjbuscm","x":1445,"y":435,"tool":"Pencil"},{"type":"child","parent":"lk7yjbuscm","x":1439,"y":447,"tool":"Pencil"},{"type":"child","parent":"lk7yjbuscm","x":1428,"y":453,"tool":"Pencil"},{"type":"child","parent":"lk7yjbuscm","x":1427,"y":453,"tool":"Pencil"},{"type":"child","parent":"lk7yjbuscm","x":1439,"y":456,"tool":"Pencil"},{"type":"child","parent":"lk7yjbuscm","x":1439,"y":464,"tool":"Pencil"},{"type":"child","parent":"lk7yjbuscm","x":1428,"y":472,"tool":"Pencil"},{"type":"child","parent":"lk7yjbuscm","x":1413,"y":473,"tool":"Pencil"}]}}