{"ljp1i9pcj1":{"type":"line","id":"ljp1i9pcj1","color":"#1913b0","size":"10","tool":"Pencil","_children":[{"type":"child","parent":"ljp1i9pcj1","x":358,"y":222,"tool":"Pencil"},{"type":"child","parent":"ljp1i9pcj1","x":360,"y":218,"tool":"Pencil"},{"type":"child","parent":"ljp1i9pcj1","x":393,"y":189,"tool":"Pencil"},{"type":"child","parent":"ljp1i9pcj1","x":414,"y":176,"tool":"Pencil"},{"type":"child","parent":"ljp1i9pcj1","x":442,"y":174,"tool":"Pencil"},{"type":"child","parent":"ljp1i9pcj1","x":467,"y":183,"tool":"Pencil"},{"type":"child","parent":"ljp1i9pcj1","x":500,"y":203,"tool":"Pencil"},{"type":"child","parent":"ljp1i9pcj1","x":517,"y":220,"tool":"Pencil"},{"type":"child","parent":"ljp1i9pcj1","x":528,"y":248,"tool":"Pencil"},{"type":"child","parent":"ljp1i9pcj1","x":535,"y":270,"tool":"Pencil"},{"type":"child","parent":"ljp1i9pcj1","x":558,"y":302,"tool":"Pencil"},{"type":"child","parent":"ljp1i9pcj1","x":580,"y":326,"tool":"Pencil"},{"type":"child","parent":"ljp1i9pcj1","x":603,"y":341,"tool":"Pencil"},{"type":"child","parent":"ljp1i9pcj1","x":625,"y":351,"tool":"Pencil"},{"type":"child","parent":"ljp1i9pcj1","x":657,"y":360,"tool":"Pencil"},{"type":"child","parent":"ljp1i9pcj1","x":705,"y":362,"tool":"Pencil"},{"type":"child","parent":"ljp1i9pcj1","x":737,"y":353,"tool":"Pencil"},{"type":"child","parent":"ljp1i9pcj1","x":747,"y":339,"tool":"Pencil"},{"type":"child","parent":"ljp1i9pcj1","x":761,"y":315,"tool":"Pencil"},{"type":"child","parent":"ljp1i9pcj1","x":769,"y":298,"tool":"Pencil"},{"type":"child","parent":"ljp1i9pcj1","x":776,"y":282,"tool":"Pencil"},{"type":"child","parent":"ljp1i9pcj1","x":796,"y":255,"tool":"Pencil"},{"type":"child","parent":"ljp1i9pcj1","x":817,"y":232,"tool":"Pencil"},{"type":"child","parent":"ljp1i9pcj1","x":835,"y":219,"tool":"Pencil"},{"type":"child","parent":"ljp1i9pcj1","x":846,"y":213,"tool":"Pencil"},{"type":"child","parent":"ljp1i9pcj1","x":856,"y":209,"tool":"Pencil"},{"type":"child","parent":"ljp1i9pcj1","x":871,"y":209,"tool":"Pencil"},{"type":"child","parent":"ljp1i9pcj1","x":879,"y":211,"tool":"Pencil"},{"type":"child","parent":"ljp1i9pcj1","x":882,"y":213,"tool":"Pencil"}]},"ljp1i9sm85":{"type":"line","id":"ljp1i9sm85","color":"#1913b0","size":"10","tool":"Pencil","_children":[{"type":"child","parent":"ljp1i9sm85","x":339,"y":347,"tool":"Pencil"},{"type":"child","parent":"ljp1i9sm85","x":354,"y":342,"tool":"Pencil"},{"type":"child","parent":"ljp1i9sm85","x":362,"y":336,"tool":"Pencil"},{"type":"child","parent":"ljp1i9sm85","x":382,"y":343,"tool":"Pencil"},{"type":"child","parent":"ljp1i9sm85","x":438,"y":374,"tool":"Pencil"},{"type":"child","parent":"ljp1i9sm85","x":482,"y":406,"tool":"Pencil"},{"type":"child","parent":"ljp1i9sm85","x":521,"y":450,"tool":"Pencil"},{"type":"child","parent":"ljp1i9sm85","x":558,"y":483,"tool":"Pencil"},{"type":"child","parent":"ljp1i9sm85","x":631,"y":508,"tool":"Pencil"},{"type":"child","parent":"ljp1i9sm85","x":707,"y":507,"tool":"Pencil"},{"type":"child","parent":"ljp1i9sm85","x":792,"y":477,"tool":"Pencil"},{"type":"child","parent":"ljp1i9sm85","x":848,"y":434,"tool":"Pencil"},{"type":"child","parent":"ljp1i9sm85","x":890,"y":390,"tool":"Pencil"},{"type":"child","parent":"ljp1i9sm85","x":958,"y":369,"tool":"Pencil"},{"type":"child","parent":"ljp1i9sm85","x":1022,"y":375,"tool":"Pencil"},{"type":"child","parent":"ljp1i9sm85","x":1079,"y":408,"tool":"Pencil"},{"type":"child","parent":"ljp1i9sm85","x":1118,"y":438,"tool":"Pencil"},{"type":"child","parent":"ljp1i9sm85","x":1134,"y":462,"tool":"Pencil"},{"type":"child","parent":"ljp1i9sm85","x":1144,"y":483,"tool":"Pencil"},{"type":"child","parent":"ljp1i9sm85","x":1152,"y":501,"tool":"Pencil"},{"type":"child","parent":"ljp1i9sm85","x":1154,"y":503,"tool":"Pencil"}]}}