{"tjp3qq9nlk":{"type":"new","id":"tjp3qq9nlk","color":"#1913b0","size":27,"x":376,"y":211,"tool":"Text","txt":""},"tjp3qqag14":{"type":"new","id":"tjp3qqag14","color":"#1913b0","size":27,"x":374,"y":259,"tool":"Text"},"tjp3qqazmk":{"type":"new","id":"tjp3qqazmk","color":"#1913b0","size":27,"x":338,"y":194,"tool":"Text"},"tjp3qqbkxu":{"type":"new","id":"tjp3qqbkxu","color":"#1913b0","size":27,"x":354,"y":174,"tool":"Text"},"tjp3qqc5dd":{"type":"new","id":"tjp3qqc5dd","color":"#1913b0","size":27,"x":406,"y":86,"tool":"Text"},"tjp3qqel5e":{"type":"new","id":"tjp3qqel5e","color":"#1913b0","size":27,"x":1392,"y":93,"tool":"Text"},"tjp3qqfrnw":{"type":"new","id":"tjp3qqfrnw","color":"#1913b0","size":27,"x":430,"y":186,"tool":"Text"},"sjp3qraxdm":{"type":"straight","id":"sjp3qraxdm","color":"#1913b0","size":10,"x":456,"y":209,"tool":"Straight line","x2":692,"y2":293},"rjp3qrh76g":{"type":"rect","id":"rjp3qrh76g","color":"#1913b0","size":16,"x":254,"y":534,"x2":410,"y2":601,"tool":"Rectangle"},"rjp3qrjeo1":{"type":"rect","id":"rjp3qrjeo1","color":"#1913b0","size":4,"x":679,"y":648,"x2":916,"y2":534,"tool":"Rectangle"}}