{"ljpce9zetx":{"type":"line","id":"ljpce9zetx","color":"#001f3f","size":10,"tool":"Pencil","time":1544088250781,"_children":[{"type":"child","parent":"ljpce9zetx","x":494,"y":177,"tool":"Pencil"},{"type":"child","parent":"ljpce9zetx","x":493,"y":176,"tool":"Pencil"},{"type":"child","parent":"ljpce9zetx","x":455,"y":176,"tool":"Pencil"},{"type":"child","parent":"ljpce9zetx","x":428,"y":189,"tool":"Pencil"},{"type":"child","parent":"ljpce9zetx","x":418,"y":229,"tool":"Pencil"},{"type":"child","parent":"ljpce9zetx","x":419,"y":258,"tool":"Pencil"},{"type":"child","parent":"ljpce9zetx","x":442,"y":278,"tool":"Pencil"},{"type":"child","parent":"ljpce9zetx","x":475,"y":286,"tool":"Pencil"},{"type":"child","parent":"ljpce9zetx","x":504,"y":283,"tool":"Pencil"},{"type":"child","parent":"ljpce9zetx","x":510,"y":258,"tool":"Pencil"},{"type":"child","parent":"ljpce9zetx","x":499,"y":191,"tool":"Pencil"},{"type":"child","parent":"ljpce9zetx","x":492,"y":157,"tool":"Pencil"},{"type":"child","parent":"ljpce9zetx","x":492,"y":136,"tool":"Pencil"},{"type":"child","parent":"ljpce9zetx","x":525,"y":133,"tool":"Pencil"},{"type":"child","parent":"ljpce9zetx","x":589,"y":159,"tool":"Pencil"},{"type":"child","parent":"ljpce9zetx","x":611,"y":183,"tool":"Pencil"},{"type":"child","parent":"ljpce9zetx","x":607,"y":206,"tool":"Pencil"},{"type":"child","parent":"ljpce9zetx","x":563,"y":236,"tool":"Pencil"},{"type":"child","parent":"ljpce9zetx","x":535,"y":245,"tool":"Pencil"},{"type":"child","parent":"ljpce9zetx","x":528,"y":247,"tool":"Pencil"}]},"ljpcea90fk":{"type":"line","id":"ljpcea90fk","color":"#001f3f","size":10,"tool":"Pencil","time":1544088263223,"_children":[{"type":"child","parent":"ljpcea90fk","x":510,"y":283,"tool":"Pencil"},{"type":"child","parent":"ljpcea90fk","x":510,"y":284,"tool":"Pencil"},{"type":"child","parent":"ljpcea90fk","x":533,"y":357,"tool":"Pencil"},{"type":"child","parent":"ljpcea90fk","x":554,"y":436,"tool":"Pencil"},{"type":"child","parent":"ljpcea90fk","x":564,"y":451,"tool":"Pencil"},{"type":"child","parent":"ljpcea90fk","x":594,"y":448,"tool":"Pencil"},{"type":"child","parent":"ljpcea90fk","x":616,"y":429,"tool":"Pencil"},{"type":"child","parent":"ljpcea90fk","x":617,"y":405,"tool":"Pencil"},{"type":"child","parent":"ljpcea90fk","x":610,"y":353,"tool":"Pencil"},{"type":"child","parent":"ljpcea90fk","x":593,"y":308,"tool":"Pencil"},{"type":"child","parent":"ljpcea90fk","x":585,"y":285,"tool":"Pencil"},{"type":"child","parent":"ljpcea90fk","x":577,"y":273,"tool":"Pencil"},{"type":"child","parent":"ljpcea90fk","x":575,"y":269,"tool":"Pencil"},{"type":"child","parent":"ljpcea90fk","x":571,"y":260,"tool":"Pencil"},{"type":"child","parent":"ljpcea90fk","x":563,"y":241,"tool":"Pencil"},{"type":"child","parent":"ljpcea90fk","x":561,"y":236,"tool":"Pencil"}]},"ljpceaaopr":{"type":"line","id":"ljpceaaopr","color":"#001f3f","size":10,"tool":"Pencil","time":1544088265393,"_children":[{"type":"child","parent":"ljpceaaopr","x":457,"y":228,"tool":"Pencil"},{"type":"child","parent":"ljpceaaopr","x":457,"y":227,"tool":"Pencil"}]},"ljpceab3cp":{"type":"line","id":"ljpceab3cp","color":"#001f3f","size":10,"tool":"Pencil","time":1544088265920,"_children":[{"type":"child","parent":"ljpceab3cp","x":532,"y":214,"tool":"Pencil"}]},"ljpceabzqs":{"type":"line","id":"ljpceabzqs","color":"#001f3f","size":10,"tool":"Pencil","time":1544088267087,"_children":[{"type":"child","parent":"ljpceabzqs","x":540,"y":177,"tool":"Pencil"},{"type":"child","parent":"ljpceabzqs","x":539,"y":177,"tool":"Pencil"}]},"ljpceaclkc":{"type":"line","id":"ljpceaclkc","color":"#001f3f","size":10,"tool":"Pencil","time":1544088267872,"_children":[{"type":"child","parent":"ljpceaclkc","x":510,"y":480,"tool":"Pencil"},{"type":"child","parent":"ljpceaclkc","x":511,"y":481,"tool":"Pencil"},{"type":"child","parent":"ljpceaclkc","x":597,"y":482,"tool":"Pencil"},{"type":"child","parent":"ljpceaclkc","x":669,"y":473,"tool":"Pencil"},{"type":"child","parent":"ljpceaclkc","x":681,"y":392,"tool":"Pencil"},{"type":"child","parent":"ljpceaclkc","x":671,"y":322,"tool":"Pencil"},{"type":"child","parent":"ljpceaclkc","x":671,"y":321,"tool":"Pencil"}]}}