{"ljqrgdziq4":{"type":"line","id":"ljqrgdziq4","color":"#ff4136","size":10,"tool":"Pencil","time":1547175571827},"ljqrge0288":{"type":"line","id":"ljqrge0288","color":"#ff4136","size":10,"tool":"Pencil","time":1547175572530,"_children":[{"type":"child","parent":"ljqrge0288","x":532,"y":129,"tool":"Pencil"}]},"ljqrgehxy7":{"type":"line","id":"ljqrgehxy7","color":"#3d9970","size":10,"tool":"Pencil","time":1547175595710,"_children":[{"type":"child","parent":"ljqrgehxy7","x":243,"y":150,"tool":"Pencil"},{"type":"child","parent":"ljqrgehxy7","x":244,"y":150,"tool":"Pencil"},{"type":"child","parent":"ljqrgehxy7","x":364,"y":150,"tool":"Pencil"},{"type":"child","parent":"ljqrgehxy7","x":392,"y":151,"tool":"Pencil"},{"type":"child","parent":"ljqrgehxy7","x":394,"y":151,"tool":"Pencil"},{"type":"child","parent":"ljqrgehxy7","x":407,"y":155,"tool":"Pencil"}]},"ljqrgeis7t":{"type":"line","id":"ljqrgeis7t","color":"#3d9970","size":10,"tool":"Pencil","time":1547175596798,"_children":[{"type":"child","parent":"ljqrgeis7t","x":337,"y":79,"tool":"Pencil"},{"type":"child","parent":"ljqrgeis7t","x":337,"y":80,"tool":"Pencil"},{"type":"child","parent":"ljqrgeis7t","x":326,"y":158,"tool":"Pencil"},{"type":"child","parent":"ljqrgeis7t","x":321,"y":187,"tool":"Pencil"},{"type":"child","parent":"ljqrgeis7t","x":319,"y":198,"tool":"Pencil"},{"type":"child","parent":"ljqrgeis7t","x":314,"y":214,"tool":"Pencil"},{"type":"child","parent":"ljqrgeis7t","x":312,"y":219,"tool":"Pencil"}]},"ljqrgejyrc":{"type":"line","id":"ljqrgejyrc","color":"#3d9970","size":10,"tool":"Pencil","time":1547175598331,"_children":[{"type":"child","parent":"ljqrgejyrc","x":334,"y":165,"tool":"Pencil"},{"type":"child","parent":"ljqrgejyrc","x":335,"y":166,"tool":"Pencil"},{"type":"child","parent":"ljqrgejyrc","x":384,"y":197,"tool":"Pencil"},{"type":"child","parent":"ljqrgejyrc","x":400,"y":207,"tool":"Pencil"},{"type":"child","parent":"ljqrgejyrc","x":402,"y":208,"tool":"Pencil"},{"type":"child","parent":"ljqrgejyrc","x":405,"y":209,"tool":"Pencil"},{"type":"child","parent":"ljqrgejyrc","x":407,"y":210,"tool":"Pencil"},{"type":"child","parent":"ljqrgejyrc","x":407,"y":210,"tool":"Pencil"}]},"ljqrgel6f1":{"type":"line","id":"ljqrgel6f1","color":"#3d9970","size":10,"tool":"Pencil","time":1547175599902,"_children":[{"type":"child","parent":"ljqrgel6f1","x":532,"y":143,"tool":"Pencil"},{"type":"child","parent":"ljqrgel6f1","x":533,"y":143,"tool":"Pencil"},{"type":"child","parent":"ljqrgel6f1","x":578,"y":143,"tool":"Pencil"},{"type":"child","parent":"ljqrgel6f1","x":615,"y":143,"tool":"Pencil"},{"type":"child","parent":"ljqrgel6f1","x":616,"y":145,"tool":"Pencil"},{"type":"child","parent":"ljqrgel6f1","x":616,"y":148,"tool":"Pencil"},{"type":"child","parent":"ljqrgel6f1","x":616,"y":158,"tool":"Pencil"},{"type":"child","parent":"ljqrgel6f1","x":614,"y":163,"tool":"Pencil"},{"type":"child","parent":"ljqrgel6f1","x":613,"y":166,"tool":"Pencil"},{"type":"child","parent":"ljqrgel6f1","x":612,"y":166,"tool":"Pencil"},{"type":"child","parent":"ljqrgel6f1","x":609,"y":166,"tool":"Pencil"},{"type":"child","parent":"ljqrgel6f1","x":588,"y":172,"tool":"Pencil"},{"type":"child","parent":"ljqrgel6f1","x":561,"y":174,"tool":"Pencil"},{"type":"child","parent":"ljqrgel6f1","x":548,"y":174,"tool":"Pencil"},{"type":"child","parent":"ljqrgel6f1","x":541,"y":174,"tool":"Pencil"},{"type":"child","parent":"ljqrgel6f1","x":537,"y":174,"tool":"Pencil"},{"type":"child","parent":"ljqrgel6f1","x":535,"y":174,"tool":"Pencil"}]},"ljqrgemq6u":{"type":"line","id":"ljqrgemq6u","color":"#3d9970","size":10,"tool":"Pencil","time":1547175601909,"_children":[{"type":"child","parent":"ljqrgemq6u","x":532,"y":147,"tool":"Pencil"},{"type":"child","parent":"ljqrgemq6u","x":532,"y":147,"tool":"Pencil"},{"type":"child","parent":"ljqrgemq6u","x":528,"y":223,"tool":"Pencil"},{"type":"child","parent":"ljqrgemq6u","x":532,"y":289,"tool":"Pencil"},{"type":"child","parent":"ljqrgemq6u","x":535,"y":298,"tool":"Pencil"},{"type":"child","parent":"ljqrgemq6u","x":538,"y":320,"tool":"Pencil"},{"type":"child","parent":"ljqrgemq6u","x":539,"y":328,"tool":"Pencil"},{"type":"child","parent":"ljqrgemq6u","x":543,"y":323,"tool":"Pencil"},{"type":"child","parent":"ljqrgemq6u","x":547,"y":315,"tool":"Pencil"},{"type":"child","parent":"ljqrgemq6u","x":549,"y":311,"tool":"Pencil"}]},"ljqrgens5o":{"type":"line","id":"ljqrgens5o","color":"#3d9970","size":10,"tool":"Pencil","time":1547175603276,"_children":[{"type":"child","parent":"ljqrgens5o","x":574,"y":222,"tool":"Pencil"},{"type":"child","parent":"ljqrgens5o","x":573,"y":222,"tool":"Pencil"},{"type":"child","parent":"ljqrgens5o","x":559,"y":235,"tool":"Pencil"},{"type":"child","parent":"ljqrgens5o","x":551,"y":246,"tool":"Pencil"},{"type":"child","parent":"ljqrgens5o","x":548,"y":251,"tool":"Pencil"}]},"ljqrgeomj6":{"type":"line","id":"ljqrgeomj6","color":"#3d9970","size":10,"tool":"Pencil","time":1547175604371,"_children":[{"type":"child","parent":"ljqrgeomj6","x":546,"y":217,"tool":"Pencil"},{"type":"child","parent":"ljqrgeomj6","x":546,"y":217,"tool":"Pencil"},{"type":"child","parent":"ljqrgeomj6","x":546,"y":271,"tool":"Pencil"},{"type":"child","parent":"ljqrgeomj6","x":554,"y":308,"tool":"Pencil"},{"type":"child","parent":"ljqrgeomj6","x":567,"y":311,"tool":"Pencil"},{"type":"child","parent":"ljqrgeomj6","x":581,"y":304,"tool":"Pencil"},{"type":"child","parent":"ljqrgeomj6","x":594,"y":296,"tool":"Pencil"},{"type":"child","parent":"ljqrgeomj6","x":594,"y":295,"tool":"Pencil"}]},"ljqrgepjd1":{"type":"line","id":"ljqrgepjd1","color":"#3d9970","size":10,"tool":"Pencil","time":1547175605553,"_children":[{"type":"child","parent":"ljqrgepjd1","x":596,"y":220,"tool":"Pencil"},{"type":"child","parent":"ljqrgepjd1","x":596,"y":221,"tool":"Pencil"},{"type":"child","parent":"ljqrgepjd1","x":598,"y":277,"tool":"Pencil"},{"type":"child","parent":"ljqrgepjd1","x":610,"y":314,"tool":"Pencil"},{"type":"child","parent":"ljqrgepjd1","x":619,"y":316,"tool":"Pencil"},{"type":"child","parent":"ljqrgepjd1","x":638,"y":308,"tool":"Pencil"},{"type":"child","parent":"ljqrgepjd1","x":640,"y":305,"tool":"Pencil"},{"type":"child","parent":"ljqrgepjd1","x":636,"y":293,"tool":"Pencil"},{"type":"child","parent":"ljqrgepjd1","x":636,"y":291,"tool":"Pencil"}]},"ljqrgeqjkq":{"type":"line","id":"ljqrgeqjkq","color":"#3d9970","size":10,"tool":"Pencil","time":1547175606856,"_children":[{"type":"child","parent":"ljqrgeqjkq","x":635,"y":239,"tool":"Pencil"},{"type":"child","parent":"ljqrgeqjkq","x":635,"y":239,"tool":"Pencil"},{"type":"child","parent":"ljqrgeqjkq","x":624,"y":243,"tool":"Pencil"},{"type":"child","parent":"ljqrgeqjkq","x":613,"y":251,"tool":"Pencil"},{"type":"child","parent":"ljqrgeqjkq","x":610,"y":253,"tool":"Pencil"},{"type":"child","parent":"ljqrgeqjkq","x":609,"y":254,"tool":"Pencil"}]},"ljqrger9q5":{"type":"line","id":"ljqrger9q5","color":"#3d9970","size":10,"tool":"Pencil","time":1547175607798,"_children":[{"type":"child","parent":"ljqrger9q5","x":766,"y":215,"tool":"Pencil"},{"type":"child","parent":"ljqrger9q5","x":766,"y":215,"tool":"Pencil"},{"type":"child","parent":"ljqrger9q5","x":772,"y":320,"tool":"Pencil"},{"type":"child","parent":"ljqrger9q5","x":779,"y":349,"tool":"Pencil"},{"type":"child","parent":"ljqrger9q5","x":779,"y":350,"tool":"Pencil"}]},"ljqrges19a":{"type":"line","id":"ljqrges19a","color":"#3d9970","size":10,"tool":"Pencil","time":1547175608788,"_children":[{"type":"child","parent":"ljqrges19a","x":781,"y":184,"tool":"Pencil"},{"type":"child","parent":"ljqrges19a","x":781,"y":184,"tool":"Pencil"},{"type":"child","parent":"ljqrges19a","x":819,"y":240,"tool":"Pencil"},{"type":"child","parent":"ljqrges19a","x":829,"y":267,"tool":"Pencil"},{"type":"child","parent":"ljqrges19a","x":826,"y":300,"tool":"Pencil"},{"type":"child","parent":"ljqrges19a","x":821,"y":316,"tool":"Pencil"},{"type":"child","parent":"ljqrges19a","x":821,"y":318,"tool":"Pencil"},{"type":"child","parent":"ljqrges19a","x":821,"y":321,"tool":"Pencil"},{"type":"child","parent":"ljqrges19a","x":821,"y":322,"tool":"Pencil"},{"type":"child","parent":"ljqrges19a","x":821,"y":323,"tool":"Pencil"},{"type":"child","parent":"ljqrges19a","x":823,"y":328,"tool":"Pencil"},{"type":"child","parent":"ljqrges19a","x":823,"y":330,"tool":"Pencil"}]},"ljqrget7sn":{"type":"line","id":"ljqrget7sn","color":"#3d9970","size":10,"tool":"Pencil","time":1547175610318,"_children":[{"type":"child","parent":"ljqrget7sn","x":781,"y":273,"tool":"Pencil"},{"type":"child","parent":"ljqrget7sn","x":782,"y":273,"tool":"Pencil"},{"type":"child","parent":"ljqrget7sn","x":804,"y":257,"tool":"Pencil"},{"type":"child","parent":"ljqrget7sn","x":812,"y":250,"tool":"Pencil"},{"type":"child","parent":"ljqrget7sn","x":814,"y":250,"tool":"Pencil"}]},"ljqrgeuaxt":{"type":"line","id":"ljqrgeuaxt","color":"#3d9970","size":10,"tool":"Pencil","time":1547175611729,"_children":[{"type":"child","parent":"ljqrgeuaxt","x":786,"y":309,"tool":"Pencil"},{"type":"child","parent":"ljqrgeuaxt","x":787,"y":309,"tool":"Pencil"},{"type":"child","parent":"ljqrgeuaxt","x":803,"y":291,"tool":"Pencil"},{"type":"child","parent":"ljqrgeuaxt","x":810,"y":282,"tool":"Pencil"},{"type":"child","parent":"ljqrgeuaxt","x":811,"y":282,"tool":"Pencil"}]},"ljqrgev5610":{"type":"line","id":"ljqrgev5610","color":"#3d9970","size":10,"tool":"Pencil","time":1547175612817,"_children":[{"type":"child","parent":"ljqrgev5610","x":881,"y":170,"tool":"Pencil"},{"type":"child","parent":"ljqrgev5610","x":881,"y":171,"tool":"Pencil"},{"type":"child","parent":"ljqrgev5610","x":881,"y":201,"tool":"Pencil"},{"type":"child","parent":"ljqrgev5610","x":881,"y":229,"tool":"Pencil"},{"type":"child","parent":"ljqrgev5610","x":881,"y":243,"tool":"Pencil"}]},"ljqrgevvso":{"type":"line","id":"ljqrgevvso","color":"#3d9970","size":10,"tool":"Pencil","time":1547175613775,"_children":[{"type":"child","parent":"ljqrgevvso","x":889,"y":163,"tool":"Pencil"},{"type":"child","parent":"ljqrgevvso","x":889,"y":163,"tool":"Pencil"},{"type":"child","parent":"ljqrgevvso","x":916,"y":170,"tool":"Pencil"},{"type":"child","parent":"ljqrgevvso","x":920,"y":200,"tool":"Pencil"},{"type":"child","parent":"ljqrgevvso","x":918,"y":221,"tool":"Pencil"},{"type":"child","parent":"ljqrgevvso","x":918,"y":222,"tool":"Pencil"},{"type":"child","parent":"ljqrgevvso","x":935,"y":225,"tool":"Pencil"},{"type":"child","parent":"ljqrgevvso","x":940,"y":226,"tool":"Pencil"},{"type":"child","parent":"ljqrgevvso","x":941,"y":233,"tool":"Pencil"},{"type":"child","parent":"ljqrgevvso","x":941,"y":235,"tool":"Pencil"}]},"ljqrgewwc8":{"type":"line","id":"ljqrgewwc8","color":"#3d9970","size":10,"tool":"Pencil","time":1547175615091,"_children":[{"type":"child","parent":"ljqrgewwc8","x":880,"y":281,"tool":"Pencil"},{"type":"child","parent":"ljqrgewwc8","x":881,"y":281,"tool":"Pencil"},{"type":"child","parent":"ljqrgewwc8","x":901,"y":280,"tool":"Pencil"},{"type":"child","parent":"ljqrgewwc8","x":932,"y":265,"tool":"Pencil"},{"type":"child","parent":"ljqrgewwc8","x":935,"y":266,"tool":"Pencil"},{"type":"child","parent":"ljqrgewwc8","x":891,"y":317,"tool":"Pencil"},{"type":"child","parent":"ljqrgewwc8","x":873,"y":338,"tool":"Pencil"},{"type":"child","parent":"ljqrgewwc8","x":864,"y":348,"tool":"Pencil"}]},"ljqrgexwsi":{"type":"line","id":"ljqrgexwsi","color":"#3d9970","size":10,"tool":"Pencil","time":1547175616404,"_children":[{"type":"child","parent":"ljqrgexwsi","x":872,"y":308,"tool":"Pencil"},{"type":"child","parent":"ljqrgexwsi","x":872,"y":308,"tool":"Pencil"},{"type":"child","parent":"ljqrgexwsi","x":947,"y":338,"tool":"Pencil"},{"type":"child","parent":"ljqrgexwsi","x":971,"y":347,"tool":"Pencil"},{"type":"child","parent":"ljqrgexwsi","x":974,"y":347,"tool":"Pencil"}]}}