{"ljr1vjwv9h":{"type":"line","id":"ljr1vjwv9h","color":"#0074d9","size":10,"tool":"Pencil","time":1547805703807,"_children":[{"type":"child","parent":"ljr1vjwv9h","x":338,"y":286,"tool":"Pencil"},{"type":"child","parent":"ljr1vjwv9h","x":340,"y":288,"tool":"Pencil"},{"type":"child","parent":"ljr1vjwv9h","x":415,"y":307,"tool":"Pencil"},{"type":"child","parent":"ljr1vjwv9h","x":527,"y":331,"tool":"Pencil"},{"type":"child","parent":"ljr1vjwv9h","x":546,"y":337,"tool":"Pencil"}]},"ljr1vjxnkl":{"type":"line","id":"ljr1vjxnkl","color":"#0074d9","size":10,"tool":"Pencil","time":1547805704824,"_children":[{"type":"child","parent":"ljr1vjxnkl","x":463,"y":380,"tool":"Pencil"},{"type":"child","parent":"ljr1vjxnkl","x":464,"y":380,"tool":"Pencil"},{"type":"child","parent":"ljr1vjxnkl","x":511,"y":350,"tool":"Pencil"},{"type":"child","parent":"ljr1vjxnkl","x":555,"y":334,"tool":"Pencil"},{"type":"child","parent":"ljr1vjxnkl","x":559,"y":333,"tool":"Pencil"},{"type":"child","parent":"ljr1vjxnkl","x":559,"y":333,"tool":"Pencil"}]}}