{"rk2acd2pyg":{"type":"rect","id":"rk2acd2pyg","color":"#7fdbff","size":10,"x":667,"y":130,"x2":1227,"y2":487,"tool":"Rectangle","time":1572262273856},"sk2acd9osa":{"type":"straight","id":"sk2acd9osa","color":"#7fdbff","size":10,"x":392,"y":139,"tool":"Straight line","time":1572262282886,"x2":475,"y2":200},"sk2acdansy":{"type":"straight","id":"sk2acdansy","color":"#7fdbff","size":10,"x":475,"y":200,"tool":"Straight line","time":1572262284146,"x2":388,"y2":246},"sk2acdb7oo":{"type":"straight","id":"sk2acdb7oo","color":"#7fdbff","size":10,"x":387,"y":246,"tool":"Straight line","time":1572262284862,"x2":338,"y2":202},"sk2acdbwme":{"type":"straight","id":"sk2acdbwme","color":"#7fdbff","size":10,"x":337,"y":201,"tool":"Straight line","time":1572262285761,"x2":393,"y2":138},"tk2acdg7ps":{"type":"new","id":"tk2acdg7ps","color":"#7fdbff","size":27,"x":1346,"y":205.5,"tool":"Text","time":1572262291358,"txt":"TEST"},"tk2acdixii":{"type":"new","id":"tk2acdixii","color":"#7fdbff","size":27,"x":1346,"y":246,"tool":"Text","time":1572262294866,"txt":""},"tk2acdju45":{"type":"new","id":"tk2acdju45","color":"#7fdbff","size":27,"x":1497,"y":325.5,"tool":"Text","time":1572262296041},"tk2acdkis5":{"type":"new","id":"tk2acdkis5","color":"#7fdbff","size":27,"x":862,"y":595.5,"tool":"Text","time":1572262297126}}