{"ljp2cat22t":{"type":"line","id":"ljp2cat22t","color":"#1913B0","size":10,"tool":"Pencil","_children":[{"type":"child","parent":"ljp2cat22t","x":166,"y":188,"tool":"Pencil"},{"type":"child","parent":"ljp2cat22t","x":168,"y":181,"tool":"Pencil"},{"type":"child","parent":"ljp2cat22t","x":221,"y":136,"tool":"Pencil"},{"type":"child","parent":"ljp2cat22t","x":245,"y":135,"tool":"Pencil"},{"type":"child","parent":"ljp2cat22t","x":219,"y":204,"tool":"Pencil"},{"type":"child","parent":"ljp2cat22t","x":208,"y":250,"tool":"Pencil"},{"type":"child","parent":"ljp2cat22t","x":240,"y":245,"tool":"Pencil"},{"type":"child","parent":"ljp2cat22t","x":266,"y":239,"tool":"Pencil"},{"type":"child","parent":"ljp2cat22t","x":247,"y":310,"tool":"Pencil"},{"type":"child","parent":"ljp2cat22t","x":258,"y":324,"tool":"Pencil"},{"type":"child","parent":"ljp2cat22t","x":281,"y":328,"tool":"Pencil"},{"type":"child","parent":"ljp2cat22t","x":263,"y":372,"tool":"Pencil"},{"type":"child","parent":"ljp2cat22t","x":275,"y":374,"tool":"Pencil"},{"type":"child","parent":"ljp2cat22t","x":269,"y":397,"tool":"Pencil"},{"type":"child","parent":"ljp2cat22t","x":266,"y":415,"tool":"Pencil"},{"type":"child","parent":"ljp2cat22t","x":280,"y":417,"tool":"Pencil"},{"type":"child","parent":"ljp2cat22t","x":275,"y":445,"tool":"Pencil"},{"type":"child","parent":"ljp2cat22t","x":273,"y":456,"tool":"Pencil"},{"type":"child","parent":"ljp2cat22t","x":283,"y":460,"tool":"Pencil"},{"type":"child","parent":"ljp2cat22t","x":283,"y":485,"tool":"Pencil"}]},"tjp2cb0qky":{"type":"new","id":"tjp2cb0qky","color":"#1913B0","size":27,"x":131,"y":537,"tool":"Text","txt":"Text "},"tjp2cb7rec":{"type":"new","id":"tjp2cb7rec","color":"#1913B0","size":27,"x":123,"y":174,"tool":"Text","txt":""},"sjp2cbcm03":{"type":"straight","id":"sjp2cbcm03","color":"#1913B0","size":10,"x":534,"y":154,"tool":"Straight line","x2":534,"y2":154},"sjp2cbd5vj":{"type":"straight","id":"sjp2cbd5vj","color":"#1913B0","size":10,"x":423,"y":264,"tool":"Straight line","x2":423,"y2":264},"sjp2cbdtkd":{"type":"straight","id":"sjp2cbdtkd","color":"#1913B0","size":10,"x":555,"y":405,"tool":"Straight line","x2":555,"y2":405},"sjp2cbk3vg":{"type":"straight","id":"sjp2cbk3vg","color":"#1913B0","size":10,"x":385,"y":498,"tool":"Straight line","x2":569,"y2":222},"rjp2cbpobq":{"type":"rect","id":"rjp2cbpobq","color":"#1913B0","size":10,"x":244,"y":246,"x2":396,"y2":222,"tool":"Rectangle"}}