{"ljp1mm3s30":{"type":"line","id":"ljp1mm3s30","color":"#1913b0","size":"10","tool":"Pencil","_children":[{"type":"child","parent":"ljp1mm3s30","x":439,"y":218,"tool":"Pencil"},{"type":"child","parent":"ljp1mm3s30","x":332,"y":228,"tool":"Pencil"},{"type":"child","parent":"ljp1mm3s30","x":244,"y":278,"tool":"Pencil"},{"type":"child","parent":"ljp1mm3s30","x":206,"y":298,"tool":"Pencil"}]},"tjp1mm523d":{"type":"new","id":"tjp1mm523d","color":"#1913b0","size":27,"x":446,"y":217.5,"tool":"Text"},"sjp1mm8ezr":{"type":"straight","id":"sjp1mm8ezr","color":"#1913b0","size":"10","x":394,"y":348,"tool":"Straight line","x2":505,"y2":368},"sjp1mm8j0e":{"type":"straight","id":"sjp1mm8j0e","color":"#1913b0","size":"10","x":572,"y":398,"tool":"Straight line","x2":265,"y2":286},"sjp1mm95o4":{"type":"straight","id":"sjp1mm95o4","color":"#1913b0","size":"10","x":300,"y":268,"tool":"Straight line","x2":326,"y2":256},"sjp1mm9b7x":{"type":"straight","id":"sjp1mm9b7x","color":"#1913b0","size":"10","x":648,"y":165,"tool":"Straight line","x2":700,"y2":255},"sjp1mm9fwx":{"type":"straight","id":"sjp1mm9fwx","color":"#1913b0","size":"10","x":742,"y":350,"tool":"Straight line","x2":746,"y2":365},"sjp1mm9oz4":{"type":"straight","id":"sjp1mm9oz4","color":"#1913b0","size":"10","x":525,"y":374,"tool":"Straight line","x2":349,"y2":524}}