{"tjp1u2zdjr":{"type":"new","id":"tjp1u2zdjr","color":"#1913b0","size":27,"x":268,"y":129,"tool":"Text","txt":"asdf"},"tjp1u307aj":{"type":"new","id":"tjp1u307aj","color":"#1913b0","size":27,"x":268,"y":170,"tool":"Text","txt":""},"tk8h0zivgj":{"type":"new","id":"tk8h0zivgj","color":"#ff4136","size":27,"x":263,"y":248.5,"tool":"Text","time":1585727123099},"tk8h0zjhj3":{"type":"new","id":"tk8h0zjhj3","color":"#ff4136","size":27,"x":261,"y":227.5,"tool":"Text","time":1585727123896},"tk8h0zk8tf":{"type":"new","id":"tk8h0zk8tf","color":"#ff4136","size":27,"x":280,"y":112.5,"tool":"Text","time":1585727124877},"tk8h0zlcl8":{"type":"new","id":"tk8h0zlcl8","color":"#ff4136","size":27,"x":284,"y":202.5,"tool":"Text","time":1585727126308,"txt":""},"rk8h108z6j":{"type":"rect","id":"rk8h108z6j","color":"#ff4136","size":10,"x":520,"y":123,"x2":793,"y2":180,"tool":"Rectangle","time":1585727157078},"rk8h10s61i":{"type":"rect","id":"rk8h10s61i","color":"#ff4136","size":4,"x":421.9207699491991,"y":490.11755514525083,"x2":672.225454075367,"y2":529.8365619077864,"tool":"Rectangle","time":1585727181800},"tk8h2kp889":{"type":"new","id":"tk8h2kp889","color":"#ff4136","size":18,"x":326.7,"y":151.4,"tool":"Text","time":1585729790730,"txt":""},"tk8h2kryev":{"type":"new","id":"tk8h2kryev","color":"#ff4136","size":18,"x":567.3,"y":128.2,"tool":"Text","time":1585729794261},"tk8h2ksjz7":{"type":"new","id":"tk8h2ksjz7","color":"#ff4136","size":18,"x":442.2,"y":279.5,"tool":"Text","time":1585729795040},"tk8h2kwvpe":{"type":"new","id":"tk8h2kwvpe","color":"#ff4136","size":18,"x":158.9,"y":407.7,"tool":"Text","time":1585729800643}}