{"ljqrmqsta9":{"type":"line","id":"ljqrmqsta9","color":"#ff851b","size":10,"tool":"Pencil","time":1547186229010,"_children":[{"type":"child","parent":"ljqrmqsta9","x":525,"y":179,"tool":"Pencil"},{"type":"child","parent":"ljqrmqsta9","x":526,"y":180,"tool":"Pencil"},{"type":"child","parent":"ljqrmqsta9","x":540,"y":217,"tool":"Pencil"},{"type":"child","parent":"ljqrmqsta9","x":555,"y":238,"tool":"Pencil"},{"type":"child","parent":"ljqrmqsta9","x":555,"y":237,"tool":"Pencil"}]},"ljqrmqt9uh":{"type":"line","id":"ljqrmqt9uh","color":"#ff851b","size":10,"tool":"Pencil","time":1547186229605,"_children":[{"type":"child","parent":"ljqrmqt9uh","x":567,"y":178,"tool":"Pencil"},{"type":"child","parent":"ljqrmqt9uh","x":593,"y":193,"tool":"Pencil"},{"type":"child","parent":"ljqrmqt9uh","x":557,"y":233,"tool":"Pencil"},{"type":"child","parent":"ljqrmqt9uh","x":565,"y":248,"tool":"Pencil"},{"type":"child","parent":"ljqrmqt9uh","x":587,"y":254,"tool":"Pencil"}]},"ljqrmqtpzl":{"type":"line","id":"ljqrmqtpzl","color":"#ff851b","size":10,"tool":"Pencil","time":1547186230185,"_children":[{"type":"child","parent":"ljqrmqtpzl","x":519,"y":285,"tool":"Pencil"},{"type":"child","parent":"ljqrmqtpzl","x":531,"y":301,"tool":"Pencil"},{"type":"child","parent":"ljqrmqtpzl","x":535,"y":299,"tool":"Pencil"}]},"ljqrmqtwkc":{"type":"line","id":"ljqrmqtwkc","color":"#ff851b","size":10,"tool":"Pencil","time":1547186230422,"_children":[{"type":"child","parent":"ljqrmqtwkc","x":629,"y":284,"tool":"Pencil"},{"type":"child","parent":"ljqrmqtwkc","x":613,"y":332,"tool":"Pencil"},{"type":"child","parent":"ljqrmqtwkc","x":620,"y":362,"tool":"Pencil"},{"type":"child","parent":"ljqrmqtwkc","x":681,"y":368,"tool":"Pencil"}]},"ljqrmqulrr":{"type":"line","id":"ljqrmqulrr","color":"#ff851b","size":10,"tool":"Pencil","time":1547186231329,"_children":[{"type":"child","parent":"ljqrmqulrr","x":745,"y":190,"tool":"Pencil"},{"type":"child","parent":"ljqrmqulrr","x":754,"y":195,"tool":"Pencil"},{"type":"child","parent":"ljqrmqulrr","x":716,"y":255,"tool":"Pencil"},{"type":"child","parent":"ljqrmqulrr","x":691,"y":259,"tool":"Pencil"}]},"ljqrmquv38":{"type":"line","id":"ljqrmquv38","color":"#ff851b","size":10,"tool":"Pencil","time":1547186231666,"_children":[{"type":"child","parent":"ljqrmquv38","x":729,"y":284,"tool":"Pencil"},{"type":"child","parent":"ljqrmquv38","x":737,"y":338,"tool":"Pencil"},{"type":"child","parent":"ljqrmquv38","x":740,"y":357,"tool":"Pencil"}]},"ljqrmqv5xh":{"type":"line","id":"ljqrmqv5xh","color":"#ff851b","size":10,"tool":"Pencil","time":1547186232055,"_children":[{"type":"child","parent":"ljqrmqv5xh","x":791,"y":160,"tool":"Pencil"},{"type":"child","parent":"ljqrmqv5xh","x":865,"y":157,"tool":"Pencil"},{"type":"child","parent":"ljqrmqv5xh","x":905,"y":177,"tool":"Pencil"}]},"ljqrmqvhcd":{"type":"line","id":"ljqrmqvhcd","color":"#ff851b","size":10,"tool":"Pencil","time":1547186232467,"_children":[{"type":"child","parent":"ljqrmqvhcd","x":829,"y":217,"tool":"Pencil"},{"type":"child","parent":"ljqrmqvhcd","x":872,"y":217,"tool":"Pencil"},{"type":"child","parent":"ljqrmqvhcd","x":772,"y":231,"tool":"Pencil"},{"type":"child","parent":"ljqrmqvhcd","x":780,"y":233,"tool":"Pencil"},{"type":"child","parent":"ljqrmqvhcd","x":846,"y":242,"tool":"Pencil"},{"type":"child","parent":"ljqrmqvhcd","x":844,"y":255,"tool":"Pencil"},{"type":"child","parent":"ljqrmqvhcd","x":804,"y":310,"tool":"Pencil"},{"type":"child","parent":"ljqrmqvhcd","x":810,"y":275,"tool":"Pencil"},{"type":"child","parent":"ljqrmqvhcd","x":873,"y":149,"tool":"Pencil"},{"type":"child","parent":"ljqrmqvhcd","x":864,"y":134,"tool":"Pencil"},{"type":"child","parent":"ljqrmqvhcd","x":860,"y":161,"tool":"Pencil"},{"type":"child","parent":"ljqrmqvhcd","x":862,"y":296,"tool":"Pencil"},{"type":"child","parent":"ljqrmqvhcd","x":865,"y":326,"tool":"Pencil"}]},"ljqrmqwhl7":{"type":"line","id":"ljqrmqwhl7","color":"#ff851b","size":10,"tool":"Pencil","time":1547186233771,"_children":[{"type":"child","parent":"ljqrmqwhl7","x":1075,"y":190,"tool":"Pencil"},{"type":"child","parent":"ljqrmqwhl7","x":1072,"y":203,"tool":"Pencil"},{"type":"child","parent":"ljqrmqwhl7","x":1083,"y":249,"tool":"Pencil"},{"type":"child","parent":"ljqrmqwhl7","x":1143,"y":299,"tool":"Pencil"},{"type":"child","parent":"ljqrmqwhl7","x":1053,"y":353,"tool":"Pencil"},{"type":"child","parent":"ljqrmqwhl7","x":1087,"y":397,"tool":"Pencil"},{"type":"child","parent":"ljqrmqwhl7","x":1085,"y":427,"tool":"Pencil"},{"type":"child","parent":"ljqrmqwhl7","x":1094,"y":435,"tool":"Pencil"}]},"tjqrmr3jun":{"type":"new","id":"tjqrmr3jun","color":"#ff851b","size":27,"x":421,"y":477.5,"tool":"Text","time":1547186242925},"tjqrmr4r3m":{"type":"new","id":"tjqrmr4r3m","color":"#ff851b","size":27,"x":423,"y":474.5,"tool":"Text","time":1547186244483,"txt":"说到底是啥地方地方  的都是多的士速递大多数是范德萨说的都是代售点等方式   存储"},"tjqrmrdktu":{"type":"new","id":"tjqrmrdktu","color":"#ff851b","size":50,"x":472,"y":590,"tool":"Text","time":1547186255920,"txt":""},"tjqrmre5u2":{"type":"new","id":"tjqrmre5u2","color":"#ff851b","size":50,"x":613,"y":563,"tool":"Text","time":1547186256678},"tjqrmrnmbx":{"type":"new","id":"tjqrmrnmbx","color":"#ff851b","size":50,"opacity":0.6,"x":482,"y":477,"tool":"Text","time":1547186268935},"tjqrmrp0st":{"type":"new","id":"tjqrmrp0st","color":"#ff851b","size":50,"opacity":0.6,"x":638,"y":390,"tool":"Text","time":1547186270753,"txt":""},"tjqrmrponf":{"type":"new","id":"tjqrmrponf","color":"#ff851b","size":50,"opacity":0.6,"x":782,"y":341,"tool":"Text","time":1547186271612}}