{"ljp2gb4c8g":{"type":"line","id":"ljp2gb4c8g","color":"#1913b0","size":10,"tool":"Pencil","_children":[{"type":"child","parent":"ljp2gb4c8g","x":501,"y":124,"tool":"Pencil"},{"type":"child","parent":"ljp2gb4c8g","x":509,"y":128,"tool":"Pencil"},{"type":"child","parent":"ljp2gb4c8g","x":642,"y":220,"tool":"Pencil"},{"type":"child","parent":"ljp2gb4c8g","x":677,"y":257,"tool":"Pencil"}]},"ljp2gb56o1":{"type":"line","id":"ljp2gb56o1","color":"#1913b0","size":10,"tool":"Pencil","_children":[{"type":"child","parent":"ljp2gb56o1","x":549,"y":252,"tool":"Pencil"},{"type":"child","parent":"ljp2gb56o1","x":561,"y":252,"tool":"Pencil"},{"type":"child","parent":"ljp2gb56o1","x":602,"y":244,"tool":"Pencil"},{"type":"child","parent":"ljp2gb56o1","x":784,"y":204,"tool":"Pencil"},{"type":"child","parent":"ljp2gb56o1","x":815,"y":202,"tool":"Pencil"}]},"ljp2gbjgpw":{"type":"line","id":"ljp2gbjgpw","color":"#1913b0","size":10,"tool":"Pencil","_children":[{"type":"child","parent":"ljp2gbjgpw","x":684,"y":110,"tool":"Pencil"},{"type":"child","parent":"ljp2gbjgpw","x":727,"y":132,"tool":"Pencil"},{"type":"child","parent":"ljp2gbjgpw","x":745,"y":168,"tool":"Pencil"},{"type":"child","parent":"ljp2gbjgpw","x":735,"y":194,"tool":"Pencil"},{"type":"child","parent":"ljp2gbjgpw","x":720,"y":215,"tool":"Pencil"},{"type":"child","parent":"ljp2gbjgpw","x":710,"y":227,"tool":"Pencil"},{"type":"child","parent":"ljp2gbjgpw","x":710,"y":227,"tool":"Pencil"}]}}