{"ljp87angsq":{"type":"line","id":"ljp87angsq","color":"#ff851b","size":10,"tool":"Pencil","time":1543834662100,"_children":[{"type":"child","parent":"ljp87angsq","x":366,"y":105,"tool":"Pencil"},{"type":"child","parent":"ljp87angsq","x":416,"y":140,"tool":"Pencil"},{"type":"child","parent":"ljp87angsq","x":799,"y":364,"tool":"Pencil"},{"type":"child","parent":"ljp87angsq","x":826,"y":375,"tool":"Pencil"},{"type":"child","parent":"ljp87angsq","x":826,"y":375,"tool":"Pencil"}]},"sjp87aop1v":{"type":"straight","id":"sjp87aop1v","color":"#ff851b","size":10,"x":362,"y":144,"tool":"Straight line","time":1543834663693,"x2":763,"y2":339},"sjp87apbqp":{"type":"straight","id":"sjp87apbqp","color":"#ff851b","size":10,"x":239,"y":340,"tool":"Straight line","time":1543834664510,"x2":778,"y2":301},"rjp87aqmm9":{"type":"rect","id":"rjp87aqmm9","color":"#ff851b","size":10,"x":384,"y":118,"x2":806,"y2":313,"tool":"Rectangle","time":1543834666197},"tjp87arkmz":{"type":"new","id":"tjp87arkmz","color":"#ff851b","size":27,"x":615,"y":179,"tool":"Text","time":1543834667421},"tjp87as216":{"type":"new","id":"tjp87as216","color":"#ff851b","size":27,"x":844,"y":230,"tool":"Text","time":1543834668051},"tjp87ashrs":{"type":"new","id":"tjp87ashrs","color":"#ff851b","size":27,"x":861,"y":399,"tool":"Text","time":1543834668614},"tjp87asrbu":{"type":"new","id":"tjp87asrbu","color":"#ff851b","size":27,"x":627,"y":462,"tool":"Text","time":1543834668957,"txt":"ghgjhj"},"tjp87av094":{"type":"new","id":"tjp87av094","color":"#ff851b","size":27,"x":627,"y":503,"tool":"Text","time":1543834671871,"txt":""},"tjp87avw0p":{"type":"new","id":"tjp87avw0p","color":"#ff851b","size":27,"x":904,"y":448,"tool":"Text","time":1543834673018},"tjp87awy0q":{"type":"new","id":"tjp87awy0q","color":"#ff851b","size":27,"x":274,"y":40,"tool":"Text","time":1543834674382},"tjp87b9hbx":{"type":"new","id":"tjp87b9hbx","color":"#ff851b","size":27,"x":546,"y":122,"tool":"Text","time":1543834690629,"txt":"jhjhj"},"tjp87bc0wn":{"type":"new","id":"tjp87bc0wn","color":"#ff851b","size":27,"x":1232,"y":509,"tool":"Text","time":1543834693926,"txt":"hhjhjhj"},"tjp87bejkb":{"type":"new","id":"tjp87bejkb","color":"#ff851b","size":27,"x":838,"y":478,"tool":"Text","time":1543834697189,"txt":"bnbjbkjnhb"},"tjp87bh3ed":{"type":"new","id":"tjp87bh3ed","color":"#ff851b","size":27,"x":1144,"y":251,"tool":"Text","time":1543834700497,"txt":"kjhjhjh"},"tjp87bj5s5":{"type":"new","id":"tjp87bj5s5","color":"#ff851b","size":27,"x":1063,"y":576,"tool":"Text","time":1543834703174,"txt":"bvcvnm,."}}