{"rk2ebizxi10":{"type":"rect","id":"rk2ebizxi10","color":"#0074d9","size":10,"x":3072.828350606235,"y":2050.844145309002,"x2":3383.486546344904,"y2":2320.8729995526746,"tool":"Rectangle","time":1572502735311},"rk2ebj10ny":{"type":"rect","id":"rk2ebj10ny","color":"#0074d9","size":10,"x":3448.493492736899,"y":2111.475624155383,"x2":3490.3729678163577,"y2":2251.4905856150644,"tool":"Rectangle","time":1572502736721},"sk2ebj5big":{"type":"straight","id":"sk2ebj5big","color":"#0074d9","size":10,"x":3072.2,"y":2054.6,"tool":"Straight line","time":1572502742296,"x2":3382.8614795526732,"y2":2317.747665591521},"sk2ebj7eob":{"type":"straight","id":"sk2ebj7eob","color":"#0074d9","size":10,"x":3382.2,"y":2052.7,"tool":"Straight line","time":1572502745003,"x2":3077.2038181518496,"y2":2318.9977991759824},"lk2ebja1xl":{"type":"line","id":"lk2ebja1xl","color":"#0074d9","size":10,"tool":"Pencil","time":1572502748450,"_children":[{"type":"child","parent":"lk2ebja1xl","x":3380.4,"y":2049.6,"tool":"Pencil"},{"type":"child","parent":"lk2ebja1xl","x":3381.6,"y":2049.6,"tool":"Pencil"},{"type":"child","parent":"lk2ebja1xl","x":3444.1,"y":2032.1,"tool":"Pencil"},{"type":"child","parent":"lk2ebja1xl","x":3541.6,"y":2053.3,"tool":"Pencil"},{"type":"child","parent":"lk2ebja1xl","x":3575.4,"y":2068.3,"tool":"Pencil"},{"type":"child","parent":"lk2ebja1xl","x":3541.6,"y":2087.1,"tool":"Pencil"},{"type":"child","parent":"lk2ebja1xl","x":3499.7,"y":2097.1,"tool":"Pencil"},{"type":"child","parent":"lk2ebja1xl","x":3457.2,"y":2099.6,"tool":"Pencil"},{"type":"child","parent":"lk2ebja1xl","x":3424.7,"y":2102.1,"tool":"Pencil"},{"type":"child","parent":"lk2ebja1xl","x":3398.5,"y":2093.3,"tool":"Pencil"},{"type":"child","parent":"lk2ebja1xl","x":3396.6,"y":2092.1,"tool":"Pencil"}]},"lk2ebjb65m":{"type":"line","id":"lk2ebjb65m","color":"#0074d9","size":10,"tool":"Pencil","time":1572502749881,"_children":[{"type":"child","parent":"lk2ebjb65m","x":3562.3,"y":2077.1,"tool":"Pencil"},{"type":"child","parent":"lk2ebjb65m","x":3580.4,"y":2089.6,"tool":"Pencil"},{"type":"child","parent":"lk2ebjb65m","x":3631,"y":2157.1,"tool":"Pencil"},{"type":"child","parent":"lk2ebjb65m","x":3613.5,"y":2247.7,"tool":"Pencil"},{"type":"child","parent":"lk2ebjb65m","x":3582.3,"y":2305.2,"tool":"Pencil"},{"type":"child","parent":"lk2ebjb65m","x":3544.8,"y":2335.2,"tool":"Pencil"},{"type":"child","parent":"lk2ebjb65m","x":3495.4,"y":2350.9,"tool":"Pencil"},{"type":"child","parent":"lk2ebjb65m","x":3426,"y":2339.6,"tool":"Pencil"},{"type":"child","parent":"lk2ebjb65m","x":3391.6,"y":2315.2,"tool":"Pencil"},{"type":"child","parent":"lk2ebjb65m","x":3392.9,"y":2305.9,"tool":"Pencil"}]},"lk2ebjc3x3":{"type":"line","id":"lk2ebjc3x3","color":"#0074d9","size":10,"tool":"Pencil","time":1572502751091,"_children":[{"type":"child","parent":"lk2ebjc3x3","x":3512.9,"y":2173.4,"tool":"Pencil"},{"type":"child","parent":"lk2ebjc3x3","x":3536.6,"y":2183.4,"tool":"Pencil"},{"type":"child","parent":"lk2ebjc3x3","x":3614.8,"y":2268.4,"tool":"Pencil"},{"type":"child","parent":"lk2ebjc3x3","x":3603.5,"y":2362.1,"tool":"Pencil"},{"type":"child","parent":"lk2ebjc3x3","x":3538.5,"y":2419,"tool":"Pencil"},{"type":"child","parent":"lk2ebjc3x3","x":3422.9,"y":2400.9,"tool":"Pencil"},{"type":"child","parent":"lk2ebjc3x3","x":3373.5,"y":2376.5,"tool":"Pencil"},{"type":"child","parent":"lk2ebjc3x3","x":3354.1,"y":2365.3,"tool":"Pencil"},{"type":"child","parent":"lk2ebjc3x3","x":3342.9,"y":2337.1,"tool":"Pencil"},{"type":"child","parent":"lk2ebjc3x3","x":3341.6,"y":2307.1,"tool":"Pencil"}]},"lk2ebkke2g":{"type":"line","id":"lk2ebkke2g","color":"#0074d9","size":10,"tool":"Pencil","time":1572502808483,"_children":[{"type":"child","parent":"lk2ebkke2g","x":3339.1,"y":2236.5,"tool":"Pencil"},{"type":"child","parent":"lk2ebkke2g","x":3338.5,"y":2239,"tool":"Pencil"}]}}