{"tk873t6bqx":{"type":"new","id":"tk873t6bqx","color":"#7fdbff","size":27,"x":123,"y":82.5,"tool":"Text","time":1585127203298},"tk873tx1j1":{"type":"new","id":"tk873tx1j1","color":"#7fdbff","size":27,"x":138,"y":97.5,"tool":"Text","time":1585127237919,"txt":"Traduction Jesuran"},"tk873u1j3t":{"type":"new","id":"tk873u1j3t","color":"#3d9970","size":27,"x":325,"y":117.5,"tool":"Text","time":1585127244139,"txt":"Cette BD est un livre itinérant étant entré en votre possession pour un certain temps. "},"tk873u1q8e":{"type":"new","id":"tk873u1q8e","color":"#7fdbff","size":27,"x":138,"y":138,"tool":"Text","time":1585127244155,"txt":""},"tk873u2tyx":{"type":"new","id":"tk873u2tyx","color":"#001f3f","size":27,"x":116,"y":279.5,"tool":"Text","time":1585127249665,"txt":"On fait passer ce livre d'un lecteur à l'autre."},"tk873uroye":{"type":"new","id":"tk873uroye","color":"#3d9970","size":27,"x":325,"y":158,"tool":"Text","time":1585127277985},"tk873uuu06":{"type":"new","id":"tk873uuu06","color":"#001f3f","size":27,"x":385.2,"y":263,"tool":"Text","time":1585127285955,"txt":""},"tk873uwv1s":{"type":"new","id":"tk873uwv1s","color":"#001f3f","size":27,"x":379.3,"y":254.3,"tool":"Text","time":1585127288586},"tk873v2vvj":{"type":"new","id":"tk873v2vvj","color":"#3d9970","size":27,"x":325,"y":158,"tool":"Text","time":1585127292491,"txt":""},"tk873uzwbg":{"type":"new","id":"tk873uzwbg","color":"#001f3f","size":27,"x":358.7,"y":347,"tool":"Text","time":1585127292518},"tk873v0rc10":{"type":"new","id":"tk873v0rc10","color":"#001f3f","size":27,"x":358.7,"y":387.5,"tool":"Text","time":1585127293635},"tk873v1dom":{"type":"new","id":"tk873v1dom","color":"#001f3f","size":27,"x":338.2,"y":342.3,"tool":"Text","time":1585127294439},"tk873v1iws":{"type":"new","id":"tk873v1iws","color":"#001f3f","size":27,"x":339.6,"y":335.2,"tool":"Text","time":1585127294626},"tk873v3lfs":{"type":"new","id":"tk873v3lfs","color":"#001f3f","size":27,"x":365.4,"y":515.1,"tool":"Text","time":1585127297309},"tk873v8if0":{"type":"new","id":"tk873v8if0","color":"#001f3f","size":27,"x":537.2,"y":165.7,"tool":"Text","time":1585127303795},"tk873vcefm":{"type":"new","id":"tk873vcefm","color":"#001f3f","size":27,"x":599,"y":88.9,"tool":"Text","time":1585127308725,"txt":""},"tk873vd7t0":{"type":"new","id":"tk873vd7t0","color":"#001f3f","size":27,"x":442.2,"y":59.8,"tool":"Text","time":1585127309790},"tk873vl7f8":{"type":"new","id":"tk873vl7f8","color":"#001f3f","size":27,"x":804.7,"y":144.7,"tool":"Text","time":1585127320133},"tk873vn2yt":{"type":"new","id":"tk873vn2yt","color":"#001f3f","size":27,"x":401.9,"y":79.8,"tool":"Text","time":1585127322567,"txt":""},"tk873vse3c":{"type":"new","id":"tk873vse3c","color":"#001f3f","size":27,"x":430.4,"y":94.7,"tool":"Text","time":1585127329461},"tk873vssuz":{"type":"new","id":"tk873vssuz","color":"#001f3f","size":27,"x":454.4,"y":141.2,"tool":"Text","time":1585127329982},"tk873vt6iw":{"type":"new","id":"tk873vt6iw","color":"#001f3f","size":27,"x":435.2,"y":97.2,"tool":"Text","time":1585127330469},"tk873vw9n5":{"type":"new","id":"tk873vw9n5","color":"#001f3f","size":27,"x":397.3,"y":100.7,"tool":"Text","time":1585127334510,"txt":""},"tk873vwude":{"type":"new","id":"tk873vwude","color":"#001f3f","size":27,"x":388.3,"y":140.1,"tool":"Text","time":1585127335251},"tk873vysnu":{"type":"new","id":"tk873vysnu","color":"#001f3f","size":27,"x":373.6,"y":84.2,"tool":"Text","time":1585127337754,"txt":""},"tk873w0jxt":{"type":"new","id":"tk873w0jxt","color":"#001f3f","size":27,"x":459.9,"y":639.6,"tool":"Text","time":1585127340035},"tk873w27an":{"type":"new","id":"tk873w27an","color":"#001f3f","size":27,"x":443.5,"y":534.7,"tool":"Text","time":1585127342161},"tk873w79ot":{"type":"new","id":"tk873w79ot","color":"#001f3f","size":27,"x":613.7,"y":44.9,"tool":"Text","time":1585127348727},"tk873w7wta":{"type":"new","id":"tk873w7wta","color":"#001f3f","size":27,"x":436.6,"y":54.9,"tool":"Text","time":1585127349560},"tk873w99c1":{"type":"new","id":"tk873w99c1","color":"#001f3f","size":27,"x":731.4,"y":48.9,"tool":"Text","time":1585127351307},"tk873wf5dm":{"type":"new","id":"tk873wf5dm","color":"#7fdbff","size":27,"x":322,"y":118.5,"tool":"Text","time":1585127354703,"txt":""},"tk873wmcne":{"type":"new","id":"tk873wmcne","color":"#001f3f","size":27,"x":440.2,"y":140.3,"tool":"Text","time":1585127368353,"txt":""},"tk873wovnd":{"type":"new","id":"tk873wovnd","color":"#001f3f","size":27,"x":432.5,"y":142.8,"tool":"Text","time":1585127371624},"tk873xa99p":{"type":"new","id":"tk873xa99p","color":"#001f3f","size":27,"x":512.7,"y":390.6,"tool":"Text","time":1585127399262},"tk873xz5jz":{"type":"new","id":"tk873xz5jz","color":"#7fdbff","size":27,"x":206,"y":172.5,"tool":"Text","time":1585127427279},"tk873y0cot":{"type":"new","id":"tk873y0cot","color":"#7fdbff","size":27,"x":156,"y":201.5,"tool":"Text","time":1585127428833,"txt":"Cette BD est un livre itinérant qui fait aujourd'hui une halte entre vos mains."},"tk873y77dg":{"type":"new","id":"tk873y77dg","color":"#001f3f","size":27,"x":873.2,"y":231.5,"tool":"Text","time":1585127441956,"txt":""},"tk873yjewe":{"type":"new","id":"tk873yjewe","color":"#001f3f","size":27,"x":599.9,"y":46.6,"tool":"Text","time":1585127457781},"tk873yl6lz":{"type":"new","id":"tk873yl6lz","color":"#001f3f","size":27,"x":610.7,"y":27.2,"tool":"Text","time":1585127460072},"tk873yn72o":{"type":"new","id":"tk873yn72o","color":"#001f3f","size":27,"x":737.9,"y":57.7,"tool":"Text","time":1585127462680},"tk873yovlq":{"type":"new","id":"tk873yovlq","color":"#001f3f","size":27,"x":570.8,"y":60.2,"tool":"Text","time":1585127464860},"tk873yqsh2":{"type":"new","id":"tk873yqsh2","color":"#001f3f","size":27,"x":1778.5,"y":145.7,"tool":"Text","time":1585127467341},"tk873zwkks":{"type":"new","id":"tk873zwkks","color":"#001f3f","size":27,"x":820.4,"y":250.6,"tool":"Text","time":1585127521490},"tk8740k2bb":{"type":"new","id":"tk8740k2bb","color":"#001f3f","size":27,"x":723.1,"y":244.4,"tool":"Text","time":1585127551935},"tk8741ybjk":{"type":"new","id":"tk8741ybjk","color":"#001f3f","size":27,"x":438.5,"y":188.2,"tool":"Text","time":1585127617069},"tk87437v6h":{"type":"new","id":"tk87437v6h","color":"#001f3f","size":27,"x":116,"y":320,"tool":"Text","time":1585127672195,"txt":"Ce livre est destiné à être passé d’un lecteur à l’autre."},"tk874380h6":{"type":"new","id":"tk874380h6","color":"#001f3f","size":27,"x":377,"y":429.4,"tool":"Text","time":1585127676285,"txt":""},"tk87438oy5":{"type":"new","id":"tk87438oy5","color":"#001f3f","size":27,"x":345.2,"y":332.6,"tool":"Text","time":1585127677171,"txt":""},"tk8743rvic":{"type":"new","id":"tk8743rvic","color":"#001f3f","size":27,"x":372.3,"y":259.5,"tool":"Text","time":1585127702027},"tk8743v0lz":{"type":"new","id":"tk8743v0lz","color":"#001f3f","size":27,"x":435.4,"y":259.1,"tool":"Text","time":1585127706098},"tk8743wo5w":{"type":"new","id":"tk8743wo5w","color":"#001f3f","size":27,"x":350.4,"y":355.5,"tool":"Text","time":1585127708242,"txt":""},"tk8743x20y":{"type":"new","id":"tk8743x20y","color":"#001f3f","size":27,"x":406.9,"y":355.9,"tool":"Text","time":1585127708739},"tk8743yukj":{"type":"new","id":"tk8743yukj","color":"#001f3f","size":27,"x":785.1,"y":22.4,"tool":"Text","time":1585127711115},"tk87440dk7":{"type":"new","id":"tk87440dk7","color":"#001f3f","size":27,"x":2428.1,"y":56.1,"tool":"Text","time":1585127713044},"tk87442108":{"type":"new","id":"tk87442108","color":"#001f3f","size":27,"x":536.6,"y":63.1,"tool":"Text","time":1585127715182},"tk87442l66":{"type":"new","id":"tk87442l66","color":"#001f3f","size":27,"x":526.1,"y":55.9,"tool":"Text","time":1585127715909},"tk87444pxy":{"type":"new","id":"tk87444pxy","color":"#001f3f","size":27,"x":293.3,"y":359.4,"tool":"Text","time":1585127718672},"tk87445cf5":{"type":"new","id":"tk87445cf5","color":"#001f3f","size":27,"x":341.2,"y":338.8,"tool":"Text","time":1585127719482},"tk8744d1f1":{"type":"new","id":"tk8744d1f1","color":"#001f3f","size":27,"x":260.6,"y":347.4,"tool":"Text","time":1585127729595,"txt":""},"tk8744dnpq":{"type":"new","id":"tk8744dnpq","color":"#001f3f","size":27,"x":234.8,"y":335.7,"tool":"Text","time":1585127730257},"tk8744eqep":{"type":"new","id":"tk8744eqep","color":"#001f3f","size":27,"x":350,"y":625.8,"tool":"Text","time":1585127731648},"tk8744fcg6":{"type":"new","id":"tk8744fcg6","color":"#001f3f","size":27,"x":370.9,"y":365,"tool":"Text","time":1585127732442},"tk8745ftao":{"type":"new","id":"tk8745ftao","color":"#001f3f","size":27,"x":327.4,"y":360.6,"tool":"Text","time":1585127779761,"txt":""},"tk8745ibx6":{"type":"new","id":"tk8745ibx6","color":"#001f3f","size":27,"x":318.8,"y":231.8,"tool":"Text","time":1585127782972},"tk87463cvt":{"type":"new","id":"tk87463cvt","color":"#001f3f","size":27,"x":328.7,"y":334.2,"tool":"Text","time":1585127810220},"tk8746j8ma":{"type":"new","id":"tk8746j8ma","color":"#001f3f","size":27,"x":333.8,"y":331.1,"tool":"Text","time":1585127830801},"tk8746l99g":{"type":"new","id":"tk8746l99g","color":"#001f3f","size":27,"x":318.8,"y":335.2,"tool":"Text","time":1585127833415},"tk8746wbaz":{"type":"new","id":"tk8746wbaz","color":"#001f3f","size":27,"x":646.9,"y":23.3,"tool":"Text","time":1585127847747,"txt":""},"tk8746y00t":{"type":"new","id":"tk8746y00t","color":"#001f3f","size":27,"x":1849.7,"y":159.1,"tool":"Text","time":1585127849960},"tk8747e083":{"type":"new","id":"tk8747e083","color":"#001f3f","size":27,"x":761.9,"y":87.3,"tool":"Text","time":1585127870677,"txt":""},"tk8747ex57":{"type":"new","id":"tk8747ex57","color":"#001f3f","size":27,"x":803.5,"y":59.4,"tool":"Text","time":1585127871861},"tk8747isz7":{"type":"new","id":"tk8747isz7","color":"#001f3f","size":27,"x":1119,"y":29,"tool":"Text","time":1585127876896,"txt":""},"tk8747kryi":{"type":"new","id":"tk8747kryi","color":"#001f3f","size":27,"x":1171.1,"y":43.3,"tool":"Text","time":1585127879633},"tk8747miuy":{"type":"new","id":"tk8747miuy","color":"#001f3f","size":27,"x":315.2,"y":55.1,"tool":"Text","time":1585127881712},"tk8747rjj8":{"type":"new","id":"tk8747rjj8","color":"#001f3f","size":27,"x":378,"y":323.1,"tool":"Text","time":1585127888219,"txt":""},"tk8747xr710":{"type":"new","id":"tk8747xr710","color":"#001f3f","size":27,"x":321.6,"y":352.4,"tool":"Text","time":1585127896274},"tk8747z3vr":{"type":"new","id":"tk8747z3vr","color":"#001f3f","size":27,"x":210.4,"y":578.1,"tool":"Text","time":1585127898021},"tk87480klo":{"type":"new","id":"tk87480klo","color":"#001f3f","size":27,"x":394.5,"y":336.3,"tool":"Text","time":1585127899919},"tk87480y5e":{"type":"new","id":"tk87480y5e","color":"#001f3f","size":27,"x":391.3,"y":185.6,"tool":"Text","time":1585127900406},"tk87481f6j":{"type":"new","id":"tk87481f6j","color":"#001f3f","size":27,"x":330.6,"y":67.2,"tool":"Text","time":1585127901020},"tk87482rgw":{"type":"new","id":"tk87482rgw","color":"#001f3f","size":27,"x":290.1,"y":338.5,"tool":"Text","time":1585127902758},"tk87483mtn":{"type":"new","id":"tk87483mtn","color":"#001f3f","size":27,"x":257,"y":390.4,"tool":"Text","time":1585127903889},"tk87484vib":{"type":"new","id":"tk87484vib","color":"#001f3f","size":27,"x":221.4,"y":489.5,"tool":"Text","time":1585127905495},"tk8748cbo9":{"type":"new","id":"tk8748cbo9","color":"#001f3f","size":27,"x":2487.3,"y":501.5,"tool":"Text","time":1585127915152},"tk8748d6az":{"type":"new","id":"tk8748d6az","color":"#001f3f","size":27,"x":1216.2,"y":242.5,"tool":"Text","time":1585127916253},"tk8748dl2h":{"type":"new","id":"tk8748dl2h","color":"#001f3f","size":27,"x":1252.2,"y":219.2,"tool":"Text","time":1585127916784},"tk8748dyye":{"type":"new","id":"tk8748dyye","color":"#001f3f","size":27,"x":1295.9,"y":104.8,"tool":"Text","time":1585127917284,"txt":"1"},"tk8748f1jc":{"type":"new","id":"tk8748f1jc","color":"#001f3f","size":27,"x":1134.9,"y":295.8,"tool":"Text","time":1585127918673,"txt":""},"tk8748h3yz":{"type":"new","id":"tk8748h3yz","color":"#001f3f","size":27,"x":1354.3,"y":97,"tool":"Text","time":1585127921352,"txt":""},"tk8748ifte":{"type":"new","id":"tk8748ifte","color":"#001f3f","size":27,"x":428.6,"y":235.5,"tool":"Text","time":1585127923077},"tk8748iucx":{"type":"new","id":"tk8748iucx","color":"#001f3f","size":27,"x":422.5,"y":148.6,"tool":"Text","time":1585127923598},"tk8748mycn":{"type":"new","id":"tk8748mycn","color":"#001f3f","size":27,"x":1318,"y":624.5,"tool":"Text","time":1585127928929},"tk8748nolk":{"type":"new","id":"tk8748nolk","color":"#001f3f","size":27,"x":328.3,"y":330.1,"tool":"Text","time":1585127929870},"tk8749f8oi":{"type":"new","id":"tk8749f8oi","color":"#3d9970","size":27,"x":787,"y":335.5,"tool":"Text","time":1585127961687},"tk8749ky3i":{"type":"new","id":"tk8749ky3i","color":"#001f3f","size":27,"x":1295.9,"y":145.3,"tool":"Text","time":1585127969082},"tk8749xdjc":{"type":"new","id":"tk8749xdjc","color":"#ff4136","size":27,"x":304.5,"y":145.9,"tool":"Text","time":1585127989091,"txt":""},"tk874a3yo9":{"type":"new","id":"tk874a3yo9","color":"#ff4136","size":27,"x":242.1,"y":365.8,"tool":"Text","time":1585127997635},"tk874a4eeh":{"type":"new","id":"tk874a4eeh","color":"#ff4136","size":27,"x":173.9,"y":363.1,"tool":"Text","time":1585127998192},"tk874a4iu8":{"type":"new","id":"tk874a4iu8","color":"#ff4136","size":27,"x":157.1,"y":377.2,"tool":"Text","time":1585127998351},"tk874a52l3":{"type":"new","id":"tk874a52l3","color":"#ff4136","size":27,"x":143.6,"y":372.8,"tool":"Text","time":1585127999062},"tk874a5jxs":{"type":"new","id":"tk874a5jxs","color":"#ff4136","size":27,"x":154.4,"y":370.8,"tool":"Text","time":1585127999718},"tk874a5o0b":{"type":"new","id":"tk874a5o0b","color":"#ff4136","size":27,"x":148.2,"y":377.4,"tool":"Text","time":1585127999834,"txt":"Merci de faire passer cet exemplaire à un autre lecteur après votre lecture./ après avoir lu cette BD."},"tk874am2xy":{"type":"new","id":"tk874am2xy","color":"#3d9970","size":27,"x":171,"y":427.5,"tool":"Text","time":1585128017207,"txt":""},"tk874amqpb":{"type":"new","id":"tk874amqpb","color":"#3d9970","size":27,"x":168,"y":436.5,"tool":"Text","time":1585128018064,"txt":"Veuillez passer cet exemplaire à quelqu’un d’autre/ à un autre lecteur après votre lecture."},"tk874f83f0":{"type":"new","id":"tk874f83f0","color":"#3d9970","size":27,"x":168,"y":477,"tool":"Text","time":1585128232361,"txt":""},"tk874f9fl3":{"type":"new","id":"tk874f9fl3","color":"#3d9970","size":27,"x":246,"y":512.5,"tool":"Text","time":1585128234095},"tk874fjvkm":{"type":"new","id":"tk874fjvkm","color":"#3d9970","size":27,"x":142,"y":483.5,"tool":"Text","time":1585128247631,"txt":"L’histoire relatant la fuite entreprise par la famille Jesuran ne doit pas finir dans une bibliothèque/ sur une étagère ou encore se couvrir de poussière dans des archives historiques"},"tk874fqxgp":{"type":"new","id":"tk874fqxgp","color":"#3d9970","size":27,"x":142,"y":524,"tool":"Text","time":1585128256769,"txt":""},"tk874mvvda":{"type":"new","id":"tk874mvvda","color":"#b10dc9","size":27,"x":251.9,"y":128.2,"tool":"Text","time":1585128593668},"tk874n0nlf":{"type":"new","id":"tk874n0nlf","color":"#3d9970","size":27,"x":244,"y":538.5,"tool":"Text","time":1585128595966},"tk874mz65t":{"type":"new","id":"tk874mz65t","color":"#b10dc9","size":27,"x":183.4,"y":555.8,"tool":"Text","time":1585128597944,"txt":"Il ne faut pas que l'histoire relatant la fuite entreprise par la famille Jesuran se couvre de poussière dans des bibliothèques ou des archives historiques."},"tk874ni3ob":{"type":"new","id":"tk874ni3ob","color":"#b10dc9","size":27,"x":115.8,"y":384.4,"tool":"Text","time":1585128622480},"tk874oqclc":{"type":"new","id":"tk874oqclc","color":"#b10dc9","size":27,"x":574.6,"y":609.9,"tool":"Text","time":1585128679884},"tk874orcsh":{"type":"new","id":"tk874orcsh","color":"#b10dc9","size":27,"x":3131,"y":950.8,"tool":"Text","time":1585128681134,"txt":""},"tk874p9ayk":{"type":"new","id":"tk874p9ayk","color":"#b10dc9","size":27,"x":1119.5,"y":841.1,"tool":"Text","time":1585128704389},"tk874pu6up":{"type":"new","id":"tk874pu6up","color":"#b10dc9","size":27,"x":1298.1,"y":895.9,"tool":"Text","time":1585128731455},"tk874pv1wz":{"type":"new","id":"tk874pv1wz","color":"#b10dc9","size":27,"x":1419.3,"y":933.3,"tool":"Text","time":1585128732574},"tk874q5mh1":{"type":"new","id":"tk874q5mh1","color":"#3d9970","size":27,"x":472,"y":732.5,"tool":"Text","time":1585128742374,"txt":""},"tk874qgrh9":{"type":"new","id":"tk874qgrh9","color":"#b10dc9","size":27,"x":719.8,"y":783.6,"tool":"Text","time":1585128760709},"tk874qmipi":{"type":"new","id":"tk874qmipi","color":"#3d9970","size":27,"x":941,"y":523.5,"tool":"Text","time":1585128764275},"tk874qz6pp":{"type":"new","id":"tk874qz6pp","color":"#3d9970","size":27,"x":1372,"y":629.5,"tool":"Text","time":1585128780686},"tk874qxrjo":{"type":"new","id":"tk874qxrjo","color":"#b10dc9","size":27,"x":1368.1,"y":950.1,"tool":"Text","time":1585128782849},"tk874r6gt9":{"type":"new","id":"tk874r6gt9","color":"#3d9970","size":27,"x":142,"y":524,"tool":"Text","time":1585128789841},"tk874rqkci":{"type":"new","id":"tk874rqkci","color":"#3d9970","size":27,"x":142,"y":524,"tool":"Text","time":1585128816169},"tk874rvtfn":{"type":"new","id":"tk874rvtfn","color":"#b10dc9","size":27,"x":1014.9,"y":683.2,"tool":"Text","time":1585128826876},"tk874snreq":{"type":"new","id":"tk874snreq","color":"#3d9970","size":27,"x":144,"y":683.5,"tool":"Text","time":1585128859191,"txt":"Ce livre itinérant permet aussi de ménager les matières premières et les ressources."},"tk874t372f":{"type":"new","id":"tk874t372f","color":"#ff851b","size":27,"x":176.1,"y":748.4,"tool":"Text","time":1585128883194,"txt":"De plus, cette BD itinérante favorise la protection des matières premières et ressources."},"tk874u3wwf":{"type":"new","id":"tk874u3wwf","color":"#ff851b","size":27,"x":377,"y":611.3,"tool":"Text","time":1585128930685,"txt":""},"tk874u4b1a":{"type":"new","id":"tk874u4b1a","color":"#ff851b","size":27,"x":354.4,"y":362.6,"tool":"Text","time":1585128931193},"tk874u60k6":{"type":"new","id":"tk874u60k6","color":"#ff851b","size":27,"x":338.8,"y":404.7,"tool":"Text","time":1585128933406},"tk874u6hzq":{"type":"new","id":"tk874u6hzq","color":"#ff851b","size":27,"x":315,"y":308.3,"tool":"Text","time":1585128934037},"tk874u8f2j":{"type":"new","id":"tk874u8f2j","color":"#ff851b","size":27,"x":229.8,"y":629.4,"tool":"Text","time":1585128936521,"txt":""},"tk874ua353":{"type":"new","id":"tk874ua353","color":"#ff851b","size":27,"x":209.4,"y":589.3,"tool":"Text","time":1585128938684},"tk874ud7pk":{"type":"new","id":"tk874ud7pk","color":"#ff851b","size":27,"x":211.2,"y":602.7,"tool":"Text","time":1585128942734},"tk874uw08l":{"type":"new","id":"tk874uw08l","color":"#ff851b","size":27,"x":140.9,"y":583.9,"tool":"Text","time":1585128967089},"tk874uy0b3":{"type":"new","id":"tk874uy0b3","color":"#ff851b","size":27,"x":404.8,"y":364.7,"tool":"Text","time":1585128969684},"tk874vy9ll":{"type":"new","id":"tk874vy9ll","color":"#3d9970","size":27,"x":784,"y":787.5,"tool":"Text","time":1585129012814,"txt":""},"tk874wix6m":{"type":"new","id":"tk874wix6m","color":"#3d9970","size":27,"x":799,"y":818.5,"tool":"Text","time":1585129039543}}