{"ljp1eds104":{"type":"line","id":"ljp1eds104","color":"#1913b0","size":"10","tool":"Pencil","_children":[{"type":"child","parent":"ljp1eds104","x":322,"y":153,"tool":"Pencil"},{"type":"child","parent":"ljp1eds104","x":322,"y":154,"tool":"Pencil"},{"type":"child","parent":"ljp1eds104","x":261,"y":241,"tool":"Pencil"},{"type":"child","parent":"ljp1eds104","x":244,"y":262,"tool":"Pencil"},{"type":"child","parent":"ljp1eds104","x":247,"y":258,"tool":"Pencil"},{"type":"child","parent":"ljp1eds104","x":369,"y":141,"tool":"Pencil"},{"type":"child","parent":"ljp1eds104","x":489,"y":7,"tool":"Pencil"},{"type":"child","parent":"ljp1eds104","x":492,"y":5,"tool":"Pencil"},{"type":"child","parent":"ljp1eds104","x":491,"y":6,"tool":"Pencil"},{"type":"child","parent":"ljp1eds104","x":491,"y":6,"tool":"Pencil"}]},"ljp1edt5yp":{"type":"line","id":"ljp1edt5yp","color":"#1913b0","size":"10","tool":"Pencil","_children":[{"type":"child","parent":"ljp1edt5yp","x":363,"y":25,"tool":"Pencil"},{"type":"child","parent":"ljp1edt5yp","x":363,"y":26,"tool":"Pencil"},{"type":"child","parent":"ljp1edt5yp","x":414,"y":135,"tool":"Pencil"},{"type":"child","parent":"ljp1edt5yp","x":479,"y":248,"tool":"Pencil"},{"type":"child","parent":"ljp1edt5yp","x":489,"y":263,"tool":"Pencil"},{"type":"child","parent":"ljp1edt5yp","x":489,"y":263,"tool":"Pencil"}]},"ljp1edtwoa":{"type":"line","id":"ljp1edtwoa","color":"#1913b0","size":"10","tool":"Pencil","_children":[{"type":"child","parent":"ljp1edtwoa","x":387,"y":309,"tool":"Pencil"},{"type":"child","parent":"ljp1edtwoa","x":387,"y":308,"tool":"Pencil"},{"type":"child","parent":"ljp1edtwoa","x":491,"y":158,"tool":"Pencil"},{"type":"child","parent":"ljp1edtwoa","x":575,"y":71,"tool":"Pencil"},{"type":"child","parent":"ljp1edtwoa","x":578,"y":69,"tool":"Pencil"},{"type":"child","parent":"ljp1edtwoa","x":578,"y":69,"tool":"Pencil"}]},"ljp1edukcy":{"type":"line","id":"ljp1edukcy","color":"#1913b0","size":"10","tool":"Pencil","_children":[{"type":"child","parent":"ljp1edukcy","x":470,"y":138,"tool":"Pencil"},{"type":"child","parent":"ljp1edukcy","x":472,"y":138,"tool":"Pencil"},{"type":"child","parent":"ljp1edukcy","x":581,"y":167,"tool":"Pencil"},{"type":"child","parent":"ljp1edukcy","x":675,"y":202,"tool":"Pencil"},{"type":"child","parent":"ljp1edukcy","x":701,"y":225,"tool":"Pencil"},{"type":"child","parent":"ljp1edukcy","x":710,"y":232,"tool":"Pencil"},{"type":"child","parent":"ljp1edukcy","x":714,"y":232,"tool":"Pencil"},{"type":"child","parent":"ljp1edukcy","x":776,"y":229,"tool":"Pencil"},{"type":"child","parent":"ljp1edukcy","x":788,"y":243,"tool":"Pencil"},{"type":"child","parent":"ljp1edukcy","x":683,"y":435,"tool":"Pencil"},{"type":"child","parent":"ljp1edukcy","x":367,"y":744,"tool":"Pencil"},{"type":"child","parent":"ljp1edukcy","x":161,"y":820,"tool":"Pencil"},{"type":"child","parent":"ljp1edukcy","x":273,"y":572,"tool":"Pencil"},{"type":"child","parent":"ljp1edukcy","x":814,"y":18,"tool":"Pencil"}]},"ljp1edw0vo":{"type":"line","id":"ljp1edw0vo","color":"#1913b0","size":"10","tool":"Pencil","_children":[{"type":"child","parent":"ljp1edw0vo","x":681,"y":389,"tool":"Pencil"},{"type":"child","parent":"ljp1edw0vo","x":681,"y":389,"tool":"Pencil"},{"type":"child","parent":"ljp1edw0vo","x":731,"y":300,"tool":"Pencil"},{"type":"child","parent":"ljp1edw0vo","x":822,"y":247,"tool":"Pencil"},{"type":"child","parent":"ljp1edw0vo","x":830,"y":247,"tool":"Pencil"},{"type":"child","parent":"ljp1edw0vo","x":792,"y":264,"tool":"Pencil"},{"type":"child","parent":"ljp1edw0vo","x":754,"y":300,"tool":"Pencil"},{"type":"child","parent":"ljp1edw0vo","x":704,"y":351,"tool":"Pencil"},{"type":"child","parent":"ljp1edw0vo","x":703,"y":354,"tool":"Pencil"},{"type":"child","parent":"ljp1edw0vo","x":761,"y":344,"tool":"Pencil"},{"type":"child","parent":"ljp1edw0vo","x":928,"y":299,"tool":"Pencil"},{"type":"child","parent":"ljp1edw0vo","x":967,"y":284,"tool":"Pencil"},{"type":"child","parent":"ljp1edw0vo","x":962,"y":285,"tool":"Pencil"}]},"ljp1edx7r2":{"type":"line","id":"ljp1edx7r2","color":"#1913b0","size":"10","tool":"Pencil","_children":[{"type":"child","parent":"ljp1edx7r2","x":812,"y":334,"tool":"Pencil"},{"type":"child","parent":"ljp1edx7r2","x":812,"y":333,"tool":"Pencil"},{"type":"child","parent":"ljp1edx7r2","x":760,"y":216,"tool":"Pencil"},{"type":"child","parent":"ljp1edx7r2","x":763,"y":145,"tool":"Pencil"},{"type":"child","parent":"ljp1edx7r2","x":785,"y":150,"tool":"Pencil"},{"type":"child","parent":"ljp1edx7r2","x":874,"y":258,"tool":"Pencil"},{"type":"child","parent":"ljp1edx7r2","x":895,"y":279,"tool":"Pencil"},{"type":"child","parent":"ljp1edx7r2","x":898,"y":288,"tool":"Pencil"},{"type":"child","parent":"ljp1edx7r2","x":838,"y":279,"tool":"Pencil"},{"type":"child","parent":"ljp1edx7r2","x":740,"y":234,"tool":"Pencil"},{"type":"child","parent":"ljp1edx7r2","x":788,"y":157,"tool":"Pencil"},{"type":"child","parent":"ljp1edx7r2","x":972,"y":63,"tool":"Pencil"},{"type":"child","parent":"ljp1edx7r2","x":974,"y":112,"tool":"Pencil"}]},"ljp1edypqa":{"type":"line","id":"ljp1edypqa","color":"#1913b0","size":"10","tool":"Pencil","_children":[{"type":"child","parent":"ljp1edypqa","x":798,"y":144,"tool":"Pencil"},{"type":"child","parent":"ljp1edypqa","x":776,"y":144,"tool":"Pencil"},{"type":"child","parent":"ljp1edypqa","x":555,"y":179,"tool":"Pencil"},{"type":"child","parent":"ljp1edypqa","x":520,"y":184,"tool":"Pencil"},{"type":"child","parent":"ljp1edypqa","x":520,"y":184,"tool":"Pencil"},{"type":"child","parent":"ljp1edypqa","x":547,"y":174,"tool":"Pencil"},{"type":"child","parent":"ljp1edypqa","x":607,"y":153,"tool":"Pencil"}]},"ljp1edzoix":{"type":"line","id":"ljp1edzoix","color":"#1913b0","size":"10","tool":"Pencil","_children":[{"type":"child","parent":"ljp1edzoix","x":1132,"y":248,"tool":"Pencil"},{"type":"child","parent":"ljp1edzoix","x":1025,"y":248,"tool":"Pencil"}]},"ljp1ee0n06":{"type":"line","id":"ljp1ee0n06","color":"#1913b0","size":"10","tool":"Pencil","_children":[{"type":"child","parent":"ljp1ee0n06","x":569,"y":807,"tool":"Pencil"},{"type":"child","parent":"ljp1ee0n06","x":569,"y":806,"tool":"Pencil"},{"type":"child","parent":"ljp1ee0n06","x":547,"y":697,"tool":"Pencil"},{"type":"child","parent":"ljp1ee0n06","x":486,"y":504,"tool":"Pencil"},{"type":"child","parent":"ljp1ee0n06","x":473,"y":472,"tool":"Pencil"},{"type":"child","parent":"ljp1ee0n06","x":475,"y":473,"tool":"Pencil"},{"type":"child","parent":"ljp1ee0n06","x":482,"y":480,"tool":"Pencil"}]},"ljp1ee1c00":{"type":"line","id":"ljp1ee1c00","color":"#1913b0","size":"10","tool":"Pencil","_children":[{"type":"child","parent":"ljp1ee1c00","x":322,"y":485,"tool":"Pencil"},{"type":"child","parent":"ljp1ee1c00","x":399,"y":485,"tool":"Pencil"},{"type":"child","parent":"ljp1ee1c00","x":733,"y":462,"tool":"Pencil"},{"type":"child","parent":"ljp1ee1c00","x":767,"y":462,"tool":"Pencil"}]},"ljp1ee2ste":{"type":"line","id":"ljp1ee2ste","color":"#1913b0","size":"10","tool":"Pencil","_children":[{"type":"child","parent":"ljp1ee2ste","x":680,"y":400,"tool":"Pencil"},{"type":"child","parent":"ljp1ee2ste","x":680,"y":401,"tool":"Pencil"},{"type":"child","parent":"ljp1ee2ste","x":716,"y":580,"tool":"Pencil"},{"type":"child","parent":"ljp1ee2ste","x":778,"y":722,"tool":"Pencil"},{"type":"child","parent":"ljp1ee2ste","x":791,"y":744,"tool":"Pencil"},{"type":"child","parent":"ljp1ee2ste","x":789,"y":742,"tool":"Pencil"}]},"ljp1ee3dey":{"type":"line","id":"ljp1ee3dey","color":"#1913b0","size":"10","tool":"Pencil","_children":[{"type":"child","parent":"ljp1ee3dey","x":777,"y":710,"tool":"Pencil"},{"type":"child","parent":"ljp1ee3dey","x":777,"y":709,"tool":"Pencil"},{"type":"child","parent":"ljp1ee3dey","x":756,"y":611,"tool":"Pencil"},{"type":"child","parent":"ljp1ee3dey","x":752,"y":487,"tool":"Pencil"},{"type":"child","parent":"ljp1ee3dey","x":851,"y":515,"tool":"Pencil"},{"type":"child","parent":"ljp1ee3dey","x":1017,"y":709,"tool":"Pencil"},{"type":"child","parent":"ljp1ee3dey","x":1046,"y":769,"tool":"Pencil"}]},"ljp1ee46p6":{"type":"line","id":"ljp1ee46p6","color":"#1913b0","size":"10","tool":"Pencil","_children":[{"type":"child","parent":"ljp1ee46p6","x":1082,"y":688,"tool":"Pencil"},{"type":"child","parent":"ljp1ee46p6","x":1084,"y":688,"tool":"Pencil"},{"type":"child","parent":"ljp1ee46p6","x":1190,"y":688,"tool":"Pencil"},{"type":"child","parent":"ljp1ee46p6","x":1252,"y":670,"tool":"Pencil"},{"type":"child","parent":"ljp1ee46p6","x":797,"y":707,"tool":"Pencil"},{"type":"child","parent":"ljp1ee46p6","x":637,"y":782,"tool":"Pencil"},{"type":"child","parent":"ljp1ee46p6","x":876,"y":840,"tool":"Pencil"},{"type":"child","parent":"ljp1ee46p6","x":1218,"y":846,"tool":"Pencil"}]}}