{"ljp1earnzs":{"type":"line","id":"ljp1earnzs","color":"#1913b0","size":"10","tool":"Pencil","_children":[{"type":"child","parent":"ljp1earnzs","x":301,"y":197,"tool":"Pencil"},{"type":"child","parent":"ljp1earnzs","x":302,"y":197,"tool":"Pencil"},{"type":"child","parent":"ljp1earnzs","x":319,"y":208,"tool":"Pencil"},{"type":"child","parent":"ljp1earnzs","x":381,"y":285,"tool":"Pencil"},{"type":"child","parent":"ljp1earnzs","x":426,"y":314,"tool":"Pencil"},{"type":"child","parent":"ljp1earnzs","x":477,"y":279,"tool":"Pencil"},{"type":"child","parent":"ljp1earnzs","x":497,"y":166,"tool":"Pencil"},{"type":"child","parent":"ljp1earnzs","x":434,"y":120,"tool":"Pencil"},{"type":"child","parent":"ljp1earnzs","x":347,"y":250,"tool":"Pencil"},{"type":"child","parent":"ljp1earnzs","x":393,"y":338,"tool":"Pencil"},{"type":"child","parent":"ljp1earnzs","x":453,"y":261,"tool":"Pencil"},{"type":"child","parent":"ljp1earnzs","x":428,"y":258,"tool":"Pencil"},{"type":"child","parent":"ljp1earnzs","x":415,"y":329,"tool":"Pencil"},{"type":"child","parent":"ljp1earnzs","x":444,"y":318,"tool":"Pencil"}]},"ljp1eatrcd":{"type":"line","id":"ljp1eatrcd","color":"#1913b0","size":"10","tool":"Pencil","_children":[{"type":"child","parent":"ljp1eatrcd","x":599,"y":195,"tool":"Pencil"},{"type":"child","parent":"ljp1eatrcd","x":600,"y":195,"tool":"Pencil"},{"type":"child","parent":"ljp1eatrcd","x":643,"y":174,"tool":"Pencil"},{"type":"child","parent":"ljp1eatrcd","x":683,"y":167,"tool":"Pencil"},{"type":"child","parent":"ljp1eatrcd","x":699,"y":168,"tool":"Pencil"},{"type":"child","parent":"ljp1eatrcd","x":702,"y":168,"tool":"Pencil"},{"type":"child","parent":"ljp1eatrcd","x":702,"y":168,"tool":"Pencil"}]},"ljp1eauydl":{"type":"line","id":"ljp1eauydl","color":"#1913b0","size":"10","tool":"Pencil","_children":[{"type":"child","parent":"ljp1eauydl","x":657,"y":178,"tool":"Pencil"},{"type":"child","parent":"ljp1eauydl","x":657,"y":178,"tool":"Pencil"},{"type":"child","parent":"ljp1eauydl","x":654,"y":206,"tool":"Pencil"},{"type":"child","parent":"ljp1eauydl","x":661,"y":238,"tool":"Pencil"},{"type":"child","parent":"ljp1eauydl","x":666,"y":257,"tool":"Pencil"},{"type":"child","parent":"ljp1eauydl","x":666,"y":260,"tool":"Pencil"}]},"ljp1eaw9vu":{"type":"line","id":"ljp1eaw9vu","color":"#1913b0","size":"10","tool":"Pencil","_children":[{"type":"child","parent":"ljp1eaw9vu","x":710,"y":181,"tool":"Pencil"},{"type":"child","parent":"ljp1eaw9vu","x":710,"y":182,"tool":"Pencil"},{"type":"child","parent":"ljp1eaw9vu","x":710,"y":200,"tool":"Pencil"},{"type":"child","parent":"ljp1eaw9vu","x":712,"y":219,"tool":"Pencil"},{"type":"child","parent":"ljp1eaw9vu","x":715,"y":225,"tool":"Pencil"},{"type":"child","parent":"ljp1eaw9vu","x":718,"y":228,"tool":"Pencil"},{"type":"child","parent":"ljp1eaw9vu","x":720,"y":231,"tool":"Pencil"},{"type":"child","parent":"ljp1eaw9vu","x":720,"y":231,"tool":"Pencil"},{"type":"child","parent":"ljp1eaw9vu","x":726,"y":208,"tool":"Pencil"},{"type":"child","parent":"ljp1eaw9vu","x":743,"y":177,"tool":"Pencil"},{"type":"child","parent":"ljp1eaw9vu","x":754,"y":176,"tool":"Pencil"},{"type":"child","parent":"ljp1eaw9vu","x":759,"y":195,"tool":"Pencil"},{"type":"child","parent":"ljp1eaw9vu","x":757,"y":204,"tool":"Pencil"},{"type":"child","parent":"ljp1eaw9vu","x":760,"y":206,"tool":"Pencil"},{"type":"child","parent":"ljp1eaw9vu","x":771,"y":192,"tool":"Pencil"},{"type":"child","parent":"ljp1eaw9vu","x":776,"y":175,"tool":"Pencil"},{"type":"child","parent":"ljp1eaw9vu","x":776,"y":170,"tool":"Pencil"},{"type":"child","parent":"ljp1eaw9vu","x":776,"y":170,"tool":"Pencil"},{"type":"child","parent":"ljp1eaw9vu","x":783,"y":184,"tool":"Pencil"},{"type":"child","parent":"ljp1eaw9vu","x":791,"y":191,"tool":"Pencil"},{"type":"child","parent":"ljp1eaw9vu","x":802,"y":192,"tool":"Pencil"},{"type":"child","parent":"ljp1eaw9vu","x":801,"y":184,"tool":"Pencil"},{"type":"child","parent":"ljp1eaw9vu","x":789,"y":153,"tool":"Pencil"},{"type":"child","parent":"ljp1eaw9vu","x":787,"y":142,"tool":"Pencil"},{"type":"child","parent":"ljp1eaw9vu","x":787,"y":143,"tool":"Pencil"},{"type":"child","parent":"ljp1eaw9vu","x":789,"y":151,"tool":"Pencil"},{"type":"child","parent":"ljp1eaw9vu","x":796,"y":153,"tool":"Pencil"},{"type":"child","parent":"ljp1eaw9vu","x":804,"y":164,"tool":"Pencil"},{"type":"child","parent":"ljp1eaw9vu","x":806,"y":171,"tool":"Pencil"},{"type":"child","parent":"ljp1eaw9vu","x":800,"y":171,"tool":"Pencil"}]},"ljp1eayo7c":{"type":"line","id":"ljp1eayo7c","color":"#1913b0","size":"10","tool":"Pencil","_children":[{"type":"child","parent":"ljp1eayo7c","x":766,"y":149,"tool":"Pencil"},{"type":"child","parent":"ljp1eayo7c","x":766,"y":149,"tool":"Pencil"}]},"ljp1eazyip":{"type":"line","id":"ljp1eazyip","color":"#1913b0","size":"10","tool":"Pencil","_children":[{"type":"child","parent":"ljp1eazyip","x":500,"y":571,"tool":"Pencil"},{"type":"child","parent":"ljp1eazyip","x":500,"y":571,"tool":"Pencil"},{"type":"child","parent":"ljp1eazyip","x":497,"y":554,"tool":"Pencil"},{"type":"child","parent":"ljp1eazyip","x":488,"y":540,"tool":"Pencil"},{"type":"child","parent":"ljp1eazyip","x":485,"y":537,"tool":"Pencil"},{"type":"child","parent":"ljp1eazyip","x":485,"y":537,"tool":"Pencil"},{"type":"child","parent":"ljp1eazyip","x":493,"y":549,"tool":"Pencil"},{"type":"child","parent":"ljp1eazyip","x":507,"y":560,"tool":"Pencil"},{"type":"child","parent":"ljp1eazyip","x":511,"y":561,"tool":"Pencil"},{"type":"child","parent":"ljp1eazyip","x":513,"y":544,"tool":"Pencil"},{"type":"child","parent":"ljp1eazyip","x":509,"y":527,"tool":"Pencil"},{"type":"child","parent":"ljp1eazyip","x":506,"y":521,"tool":"Pencil"},{"type":"child","parent":"ljp1eazyip","x":506,"y":521,"tool":"Pencil"},{"type":"child","parent":"ljp1eazyip","x":512,"y":524,"tool":"Pencil"},{"type":"child","parent":"ljp1eazyip","x":516,"y":532,"tool":"Pencil"},{"type":"child","parent":"ljp1eazyip","x":522,"y":550,"tool":"Pencil"},{"type":"child","parent":"ljp1eazyip","x":521,"y":552,"tool":"Pencil"}]},"ljp1eb1mii":{"type":"line","id":"ljp1eb1mii","color":"#1913b0","size":"10","tool":"Pencil","_children":[{"type":"child","parent":"ljp1eb1mii","x":471,"y":517,"tool":"Pencil"},{"type":"child","parent":"ljp1eb1mii","x":471,"y":517,"tool":"Pencil"}]},"ljp1eb2ls6":{"type":"line","id":"ljp1eb2ls6","color":"#1913b0","size":"10","tool":"Pencil","_children":[{"type":"child","parent":"ljp1eb2ls6","x":597,"y":467,"tool":"Pencil"},{"type":"child","parent":"ljp1eb2ls6","x":597,"y":468,"tool":"Pencil"},{"type":"child","parent":"ljp1eb2ls6","x":603,"y":479,"tool":"Pencil"},{"type":"child","parent":"ljp1eb2ls6","x":613,"y":500,"tool":"Pencil"},{"type":"child","parent":"ljp1eb2ls6","x":631,"y":512,"tool":"Pencil"},{"type":"child","parent":"ljp1eb2ls6","x":646,"y":516,"tool":"Pencil"},{"type":"child","parent":"ljp1eb2ls6","x":654,"y":514,"tool":"Pencil"},{"type":"child","parent":"ljp1eb2ls6","x":655,"y":513,"tool":"Pencil"}]},"ljp1eb4sfl":{"type":"line","id":"ljp1eb4sfl","color":"#1913b0","size":"10","tool":"Pencil","_children":[{"type":"child","parent":"ljp1eb4sfl","x":591,"y":500,"tool":"Pencil"},{"type":"child","parent":"ljp1eb4sfl","x":591,"y":500,"tool":"Pencil"},{"type":"child","parent":"ljp1eb4sfl","x":612,"y":479,"tool":"Pencil"},{"type":"child","parent":"ljp1eb4sfl","x":624,"y":464,"tool":"Pencil"},{"type":"child","parent":"ljp1eb4sfl","x":624,"y":464,"tool":"Pencil"}]},"ljp1eb5z710":{"type":"line","id":"ljp1eb5z710","color":"#1913b0","size":"10","tool":"Pencil","_children":[{"type":"child","parent":"ljp1eb5z710","x":651,"y":471,"tool":"Pencil"},{"type":"child","parent":"ljp1eb5z710","x":651,"y":471,"tool":"Pencil"},{"type":"child","parent":"ljp1eb5z710","x":650,"y":464,"tool":"Pencil"},{"type":"child","parent":"ljp1eb5z710","x":646,"y":457,"tool":"Pencil"},{"type":"child","parent":"ljp1eb5z710","x":623,"y":461,"tool":"Pencil"},{"type":"child","parent":"ljp1eb5z710","x":614,"y":481,"tool":"Pencil"},{"type":"child","parent":"ljp1eb5z710","x":625,"y":493,"tool":"Pencil"},{"type":"child","parent":"ljp1eb5z710","x":649,"y":497,"tool":"Pencil"},{"type":"child","parent":"ljp1eb5z710","x":667,"y":489,"tool":"Pencil"},{"type":"child","parent":"ljp1eb5z710","x":670,"y":468,"tool":"Pencil"},{"type":"child","parent":"ljp1eb5z710","x":669,"y":456,"tool":"Pencil"},{"type":"child","parent":"ljp1eb5z710","x":664,"y":451,"tool":"Pencil"},{"type":"child","parent":"ljp1eb5z710","x":660,"y":451,"tool":"Pencil"},{"type":"child","parent":"ljp1eb5z710","x":674,"y":465,"tool":"Pencil"},{"type":"child","parent":"ljp1eb5z710","x":688,"y":470,"tool":"Pencil"},{"type":"child","parent":"ljp1eb5z710","x":702,"y":470,"tool":"Pencil"},{"type":"child","parent":"ljp1eb5z710","x":707,"y":530,"tool":"Pencil"},{"type":"child","parent":"ljp1eb5z710","x":706,"y":530,"tool":"Pencil"},{"type":"child","parent":"ljp1eb5z710","x":693,"y":538,"tool":"Pencil"},{"type":"child","parent":"ljp1eb5z710","x":681,"y":554,"tool":"Pencil"},{"type":"child","parent":"ljp1eb5z710","x":684,"y":564,"tool":"Pencil"},{"type":"child","parent":"ljp1eb5z710","x":703,"y":571,"tool":"Pencil"},{"type":"child","parent":"ljp1eb5z710","x":714,"y":575,"tool":"Pencil"},{"type":"child","parent":"ljp1eb5z710","x":716,"y":576,"tool":"Pencil"},{"type":"child","parent":"ljp1eb5z710","x":708,"y":550,"tool":"Pencil"},{"type":"child","parent":"ljp1eb5z710","x":709,"y":533,"tool":"Pencil"},{"type":"child","parent":"ljp1eb5z710","x":710,"y":527,"tool":"Pencil"},{"type":"child","parent":"ljp1eb5z710","x":710,"y":524,"tool":"Pencil"}]},"ljp1eb8wlz":{"type":"line","id":"ljp1eb8wlz","color":"#1913b0","size":"10","tool":"Pencil","_children":[{"type":"child","parent":"ljp1eb8wlz","x":697,"y":400,"tool":"Pencil"},{"type":"child","parent":"ljp1eb8wlz","x":697,"y":400,"tool":"Pencil"},{"type":"child","parent":"ljp1eb8wlz","x":700,"y":409,"tool":"Pencil"},{"type":"child","parent":"ljp1eb8wlz","x":708,"y":419,"tool":"Pencil"},{"type":"child","parent":"ljp1eb8wlz","x":714,"y":430,"tool":"Pencil"},{"type":"child","parent":"ljp1eb8wlz","x":721,"y":439,"tool":"Pencil"},{"type":"child","parent":"ljp1eb8wlz","x":732,"y":445,"tool":"Pencil"},{"type":"child","parent":"ljp1eb8wlz","x":741,"y":445,"tool":"Pencil"},{"type":"child","parent":"ljp1eb8wlz","x":747,"y":440,"tool":"Pencil"},{"type":"child","parent":"ljp1eb8wlz","x":749,"y":437,"tool":"Pencil"}]},"ljp1ebam0b":{"type":"line","id":"ljp1ebam0b","color":"#1913b0","size":"10","tool":"Pencil","_children":[{"type":"child","parent":"ljp1ebam0b","x":698,"y":433,"tool":"Pencil"},{"type":"child","parent":"ljp1ebam0b","x":698,"y":433,"tool":"Pencil"},{"type":"child","parent":"ljp1ebam0b","x":720,"y":420,"tool":"Pencil"},{"type":"child","parent":"ljp1ebam0b","x":727,"y":415,"tool":"Pencil"},{"type":"child","parent":"ljp1ebam0b","x":730,"y":413,"tool":"Pencil"}]}}