{"ljp1s0dkc7":{"type":"line","id":"ljp1s0dkc7","color":"#1913B0","size":"10","tool":"Pencil","_children":[{"type":"child","parent":"ljp1s0dkc7","x":370,"y":376,"tool":"Pencil"}]},"ljp1s0dl91":{"type":"line","id":"ljp1s0dl91","color":"#1913B0","size":"10","tool":"Pencil","_children":[{"type":"child","parent":"ljp1s0dl91","x":122,"y":361,"tool":"Pencil"},{"type":"child","parent":"ljp1s0dl91","x":334,"y":369,"tool":"Pencil"}]},"ljp1s0eaoj":{"type":"line","id":"ljp1s0eaoj","color":"#1913B0","size":"10","tool":"Pencil","_children":[{"type":"child","parent":"ljp1s0eaoj","x":251,"y":238,"tool":"Pencil"},{"type":"child","parent":"ljp1s0eaoj","x":251,"y":238,"tool":"Pencil"}]},"ljp1s0em83":{"type":"line","id":"ljp1s0em83","color":"#1913B0","size":"10","tool":"Pencil","_children":[{"type":"child","parent":"ljp1s0em83","x":289,"y":244,"tool":"Pencil"},{"type":"child","parent":"ljp1s0em83","x":258,"y":313,"tool":"Pencil"},{"type":"child","parent":"ljp1s0em83","x":233,"y":463,"tool":"Pencil"},{"type":"child","parent":"ljp1s0em83","x":210,"y":494,"tool":"Pencil"},{"type":"child","parent":"ljp1s0em83","x":159,"y":385,"tool":"Pencil"}]},"ljp1s0ey9r":{"type":"line","id":"ljp1s0ey9r","color":"#1913B0","size":"10","tool":"Pencil","_children":[{"type":"child","parent":"ljp1s0ey9r","x":218,"y":230,"tool":"Pencil"},{"type":"child","parent":"ljp1s0ey9r","x":318,"y":291,"tool":"Pencil"},{"type":"child","parent":"ljp1s0ey9r","x":291,"y":444,"tool":"Pencil"},{"type":"child","parent":"ljp1s0ey9r","x":222,"y":464,"tool":"Pencil"},{"type":"child","parent":"ljp1s0ey9r","x":168,"y":311,"tool":"Pencil"},{"type":"child","parent":"ljp1s0ey9r","x":231,"y":256,"tool":"Pencil"},{"type":"child","parent":"ljp1s0ey9r","x":269,"y":383,"tool":"Pencil"},{"type":"child","parent":"ljp1s0ey9r","x":252,"y":496,"tool":"Pencil"},{"type":"child","parent":"ljp1s0ey9r","x":240,"y":513,"tool":"Pencil"}]}}