{"tk8en8h0r9":{"type":"new","id":"tk8en8h0r9","color":"#2ecc40","size":27,"x":274,"y":158.5,"tool":"Text","time":1585583037141,"txt":"Hier gehts los"},"tk8en8mtdz":{"type":"new","id":"tk8en8mtdz","color":"#2ecc40","size":27,"x":320,"y":179.5,"tool":"Text","time":1585583044651,"txt":""},"tk8en8mzjc":{"type":"new","id":"tk8en8mzjc","color":"#2ecc40","size":27,"x":320,"y":179.5,"tool":"Text","time":1585583044877},"tk8en8pyd6":{"type":"new","id":"tk8en8pyd6","color":"#2ecc40","size":27,"x":380,"y":358.5,"tool":"Text","time":1585583048720,"txt":""},"tk8en8qlqs":{"type":"new","id":"tk8en8qlqs","color":"#2ecc40","size":27,"x":555,"y":317.5,"tool":"Text","time":1585583049563},"tk8en97hho":{"type":"new","id":"tk8en97hho","color":"#000000","size":27,"x":627,"y":163.5,"tool":"Text","time":1585583071438,"txt":""},"tk8ena68p9":{"type":"new","id":"tk8ena68p9","color":"#000000","size":27,"x":434.7,"y":400.2,"tool":"Text","time":1585583116481,"txt":""},"sk8ena9azx":{"type":"straight","id":"sk8ena9azx","color":"#000000","size":10,"x":826.7,"y":381.3,"tool":"Straight line","time":1585583120452,"x2":557.3333333333334,"y2":386.6666666666667},"sk8enaaw6t":{"type":"straight","id":"sk8enaaw6t","color":"#000000","size":10,"x":498.7,"y":312,"tool":"Straight line","time":1585583122514,"x2":584,"y2":173.33333333333334},"sk8enab5u4":{"type":"straight","id":"sk8enab5u4","color":"#000000","size":10,"x":584,"y":173.3,"tool":"Straight line","time":1585583122860,"x2":586.6666666666666,"y2":170.66666666666666},"sk8enajuqc":{"type":"straight","id":"sk8enajuqc","color":"#000000","size":10,"x":957.3,"y":402.7,"tool":"Straight line","time":1585583134121,"x2":802.6666666666666,"y2":421.3333333333333},"sk8enak9gk":{"type":"straight","id":"sk8enak9gk","color":"#000000","size":10,"x":797.3,"y":421.3,"tool":"Straight line","time":1585583134651,"x2":797.3333333333334,"y2":522.6666666666666},"sk8enaklse":{"type":"straight","id":"sk8enaklse","color":"#000000","size":10,"x":794.7,"y":557.3,"tool":"Straight line","time":1585583135095,"x2":664,"y2":637.3333333333334},"sk8enakzhs":{"type":"straight","id":"sk8enakzhs","color":"#000000","size":10,"x":658.7,"y":640,"tool":"Straight line","time":1585583135588,"x2":770.6666666666666,"y2":925.3333333333334},"sk8enaldgz":{"type":"straight","id":"sk8enaldgz","color":"#000000","size":10,"x":770.7,"y":925.3,"tool":"Straight line","time":1585583136092,"x2":933.3333333333334,"y2":682.6666666666666},"sk8enalqzn":{"type":"straight","id":"sk8enalqzn","color":"#000000","size":10,"x":936,"y":680,"tool":"Straight line","time":1585583136578,"x2":869.3333333333334,"y2":573.3333333333334}}