{"lk66rozpld":{"type":"line","id":"lk66rozpld","color":"#ff851b","size":9,"tool":"Pencil","time":1580753244912,"_children":[{"type":"child","parent":"lk66rozpld","x":1802,"y":320,"tool":"Pencil"}]},"tk66rpnxks":{"type":"new","id":"tk66rpnxks","color":"#ff851b","size":25,"x":555,"y":247,"tool":"Text","time":1580753276307,"txt":""},"tk66rpq3u9":{"type":"new","id":"tk66rpq3u9","color":"#ff851b","size":25,"x":693,"y":212.5,"tool":"Text","time":1580753279792},"lk66rrzrxc":{"type":"line","id":"lk66rrzrxc","color":"#001cdf","size":9,"tool":"Pencil","time":1580753384970,"_children":[{"type":"child","parent":"lk66rrzrxc","x":313,"y":197,"tool":"Pencil"},{"type":"child","parent":"lk66rrzrxc","x":318,"y":193,"tool":"Pencil"},{"type":"child","parent":"lk66rrzrxc","x":375,"y":175,"tool":"Pencil"},{"type":"child","parent":"lk66rrzrxc","x":413,"y":232,"tool":"Pencil"},{"type":"child","parent":"lk66rrzrxc","x":392,"y":344,"tool":"Pencil"},{"type":"child","parent":"lk66rrzrxc","x":364,"y":415,"tool":"Pencil"},{"type":"child","parent":"lk66rrzrxc","x":356,"y":436,"tool":"Pencil"},{"type":"child","parent":"lk66rrzrxc","x":355,"y":434,"tool":"Pencil"},{"type":"child","parent":"lk66rrzrxc","x":374,"y":389,"tool":"Pencil"},{"type":"child","parent":"lk66rrzrxc","x":402,"y":312,"tool":"Pencil"},{"type":"child","parent":"lk66rrzrxc","x":437,"y":229,"tool":"Pencil"},{"type":"child","parent":"lk66rrzrxc","x":483,"y":183,"tool":"Pencil"},{"type":"child","parent":"lk66rrzrxc","x":487,"y":189,"tool":"Pencil"},{"type":"child","parent":"lk66rrzrxc","x":449,"y":228,"tool":"Pencil"},{"type":"child","parent":"lk66rrzrxc","x":426,"y":295,"tool":"Pencil"},{"type":"child","parent":"lk66rrzrxc","x":434,"y":369,"tool":"Pencil"},{"type":"child","parent":"lk66rrzrxc","x":467,"y":403,"tool":"Pencil"},{"type":"child","parent":"lk66rrzrxc","x":483,"y":412,"tool":"Pencil"}]},"lk66rs14y1":{"type":"line","id":"lk66rs14y1","color":"#001cdf","size":9,"tool":"Pencil","time":1580753386733,"_children":[{"type":"child","parent":"lk66rs14y1","x":602,"y":290,"tool":"Pencil"},{"type":"child","parent":"lk66rs14y1","x":615,"y":293,"tool":"Pencil"},{"type":"child","parent":"lk66rs14y1","x":648,"y":299,"tool":"Pencil"},{"type":"child","parent":"lk66rs14y1","x":654,"y":299,"tool":"Pencil"}]},"lk66rs1gax":{"type":"line","id":"lk66rs1gax","color":"#001cdf","size":9,"tool":"Pencil","time":1580753387137,"_children":[{"type":"child","parent":"lk66rs1gax","x":597,"y":346,"tool":"Pencil"},{"type":"child","parent":"lk66rs1gax","x":636,"y":337,"tool":"Pencil"},{"type":"child","parent":"lk66rs1gax","x":656,"y":337,"tool":"Pencil"}]},"lk66rs245j":{"type":"line","id":"lk66rs245j","color":"#001cdf","size":9,"tool":"Pencil","time":1580753387997,"_children":[{"type":"child","parent":"lk66rs245j","x":738,"y":302,"tool":"Pencil"},{"type":"child","parent":"lk66rs245j","x":754,"y":288,"tool":"Pencil"},{"type":"child","parent":"lk66rs245j","x":788,"y":303,"tool":"Pencil"},{"type":"child","parent":"lk66rs245j","x":785,"y":365,"tool":"Pencil"},{"type":"child","parent":"lk66rs245j","x":760,"y":405,"tool":"Pencil"},{"type":"child","parent":"lk66rs245j","x":752,"y":411,"tool":"Pencil"}]},"lk66rs2rru":{"type":"line","id":"lk66rs2rru","color":"#001cdf","size":9,"tool":"Pencil","time":1580753388853,"_children":[{"type":"child","parent":"lk66rs2rru","x":812,"y":303,"tool":"Pencil"},{"type":"child","parent":"lk66rs2rru","x":825,"y":291,"tool":"Pencil"},{"type":"child","parent":"lk66rs2rru","x":824,"y":290,"tool":"Pencil"},{"type":"child","parent":"lk66rs2rru","x":808,"y":309,"tool":"Pencil"},{"type":"child","parent":"lk66rs2rru","x":801,"y":344,"tool":"Pencil"},{"type":"child","parent":"lk66rs2rru","x":814,"y":367,"tool":"Pencil"},{"type":"child","parent":"lk66rs2rru","x":831,"y":375,"tool":"Pencil"},{"type":"child","parent":"lk66rs2rru","x":842,"y":377,"tool":"Pencil"}]},"lk66rs3t7q":{"type":"line","id":"lk66rs3t7q","color":"#001cdf","size":9,"tool":"Pencil","time":1580753390195,"_children":[{"type":"child","parent":"lk66rs3t7q","x":915,"y":358,"tool":"Pencil"},{"type":"child","parent":"lk66rs3t7q","x":915,"y":358,"tool":"Pencil"}]},"lk66rs5i3t":{"type":"line","id":"lk66rs5i3t","color":"#001cdf","size":9,"tool":"Pencil","time":1580753392391,"_children":[{"type":"child","parent":"lk66rs5i3t","x":1183,"y":83,"tool":"Pencil"},{"type":"child","parent":"lk66rs5i3t","x":1169,"y":83,"tool":"Pencil"},{"type":"child","parent":"lk66rs5i3t","x":1097,"y":100,"tool":"Pencil"},{"type":"child","parent":"lk66rs5i3t","x":1001,"y":181,"tool":"Pencil"},{"type":"child","parent":"lk66rs5i3t","x":964,"y":292,"tool":"Pencil"},{"type":"child","parent":"lk66rs5i3t","x":1017,"y":353,"tool":"Pencil"},{"type":"child","parent":"lk66rs5i3t","x":1070,"y":326,"tool":"Pencil"},{"type":"child","parent":"lk66rs5i3t","x":1071,"y":288,"tool":"Pencil"},{"type":"child","parent":"lk66rs5i3t","x":1045,"y":275,"tool":"Pencil"},{"type":"child","parent":"lk66rs5i3t","x":1039,"y":269,"tool":"Pencil"},{"type":"child","parent":"lk66rs5i3t","x":1073,"y":263,"tool":"Pencil"},{"type":"child","parent":"lk66rs5i3t","x":1095,"y":271,"tool":"Pencil"},{"type":"child","parent":"lk66rs5i3t","x":1099,"y":333,"tool":"Pencil"},{"type":"child","parent":"lk66rs5i3t","x":1108,"y":392,"tool":"Pencil"}]},"lk66rssnt5":{"type":"line","id":"lk66rssnt5","color":"#001cdf","size":9,"tool":"Pencil","time":1580753422402,"_children":[{"type":"child","parent":"lk66rssnt5","x":259,"y":271,"tool":"Pencil"}]},"lk66rst9lx":{"type":"line","id":"lk66rst9lx","color":"#001cdf","size":9,"tool":"Pencil","time":1580753423187,"_children":[{"type":"child","parent":"lk66rst9lx","x":109,"y":232,"tool":"Pencil"},{"type":"child","parent":"lk66rst9lx","x":114,"y":235,"tool":"Pencil"},{"type":"child","parent":"lk66rst9lx","x":154,"y":229,"tool":"Pencil"},{"type":"child","parent":"lk66rst9lx","x":197,"y":229,"tool":"Pencil"},{"type":"child","parent":"lk66rst9lx","x":219,"y":230,"tool":"Pencil"},{"type":"child","parent":"lk66rst9lx","x":192,"y":264,"tool":"Pencil"},{"type":"child","parent":"lk66rst9lx","x":136,"y":339,"tool":"Pencil"},{"type":"child","parent":"lk66rst9lx","x":116,"y":401,"tool":"Pencil"},{"type":"child","parent":"lk66rst9lx","x":133,"y":438,"tool":"Pencil"},{"type":"child","parent":"lk66rst9lx","x":176,"y":459,"tool":"Pencil"},{"type":"child","parent":"lk66rst9lx","x":221,"y":463,"tool":"Pencil"}]},"lk66rsyw4o":{"type":"line","id":"lk66rsyw4o","color":"#001cdf","size":9,"tool":"Pencil","time":1580753430483,"_children":[{"type":"child","parent":"lk66rsyw4o","x":1235,"y":293,"tool":"Pencil"},{"type":"child","parent":"lk66rsyw4o","x":1246,"y":287,"tool":"Pencil"},{"type":"child","parent":"lk66rsyw4o","x":1278,"y":286,"tool":"Pencil"},{"type":"child","parent":"lk66rsyw4o","x":1282,"y":323,"tool":"Pencil"},{"type":"child","parent":"lk66rsyw4o","x":1274,"y":346,"tool":"Pencil"},{"type":"child","parent":"lk66rsyw4o","x":1275,"y":350,"tool":"Pencil"},{"type":"child","parent":"lk66rsyw4o","x":1290,"y":348,"tool":"Pencil"},{"type":"child","parent":"lk66rsyw4o","x":1302,"y":363,"tool":"Pencil"},{"type":"child","parent":"lk66rsyw4o","x":1307,"y":406,"tool":"Pencil"},{"type":"child","parent":"lk66rsyw4o","x":1304,"y":454,"tool":"Pencil"},{"type":"child","parent":"lk66rsyw4o","x":1277,"y":485,"tool":"Pencil"},{"type":"child","parent":"lk66rsyw4o","x":1271,"y":447,"tool":"Pencil"},{"type":"child","parent":"lk66rsyw4o","x":1307,"y":374,"tool":"Pencil"},{"type":"child","parent":"lk66rsyw4o","x":1315,"y":362,"tool":"Pencil"}]},"lk66rt05sr":{"type":"line","id":"lk66rt05sr","color":"#001cdf","size":9,"tool":"Pencil","time":1580753432149,"_children":[{"type":"child","parent":"lk66rt05sr","x":1533,"y":110,"tool":"Pencil"},{"type":"child","parent":"lk66rt05sr","x":1519,"y":110,"tool":"Pencil"},{"type":"child","parent":"lk66rt05sr","x":1457,"y":132,"tool":"Pencil"},{"type":"child","parent":"lk66rt05sr","x":1404,"y":207,"tool":"Pencil"},{"type":"child","parent":"lk66rt05sr","x":1391,"y":302,"tool":"Pencil"},{"type":"child","parent":"lk66rt05sr","x":1437,"y":347,"tool":"Pencil"},{"type":"child","parent":"lk66rt05sr","x":1509,"y":334,"tool":"Pencil"},{"type":"child","parent":"lk66rt05sr","x":1532,"y":296,"tool":"Pencil"},{"type":"child","parent":"lk66rt05sr","x":1503,"y":274,"tool":"Pencil"},{"type":"child","parent":"lk66rt05sr","x":1485,"y":269,"tool":"Pencil"}]},"lk66rteaa4":{"type":"line","id":"lk66rteaa4","color":"#001cdf","size":9,"tool":"Pencil","time":1580753450427,"_children":[{"type":"child","parent":"lk66rteaa4","x":262,"y":295,"tool":"Pencil"},{"type":"child","parent":"lk66rteaa4","x":264,"y":299,"tool":"Pencil"},{"type":"child","parent":"lk66rteaa4","x":271,"y":354,"tool":"Pencil"},{"type":"child","parent":"lk66rteaa4","x":271,"y":374,"tool":"Pencil"},{"type":"child","parent":"lk66rteaa4","x":271,"y":391,"tool":"Pencil"}]},"lk66rtf3un":{"type":"line","id":"lk66rtf3un","color":"#001cdf","size":9,"tool":"Pencil","time":1580753451489,"_children":[{"type":"child","parent":"lk66rtf3un","x":226,"y":344,"tool":"Pencil"},{"type":"child","parent":"lk66rtf3un","x":227,"y":344,"tool":"Pencil"},{"type":"child","parent":"lk66rtf3un","x":313,"y":347,"tool":"Pencil"},{"type":"child","parent":"lk66rtf3un","x":331,"y":351,"tool":"Pencil"}]},"lk66rtgvv9":{"type":"line","id":"lk66rtgvv9","color":"#001cdf","size":9,"tool":"Pencil","time":1580753453799,"_children":[{"type":"child","parent":"lk66rtgvv9","x":1145,"y":226,"tool":"Pencil"},{"type":"child","parent":"lk66rtgvv9","x":1145,"y":235,"tool":"Pencil"},{"type":"child","parent":"lk66rtgvv9","x":1152,"y":288,"tool":"Pencil"},{"type":"child","parent":"lk66rtgvv9","x":1152,"y":290,"tool":"Pencil"},{"type":"child","parent":"lk66rtgvv9","x":1154,"y":314,"tool":"Pencil"},{"type":"child","parent":"lk66rtgvv9","x":1155,"y":317,"tool":"Pencil"},{"type":"child","parent":"lk66rtgvv9","x":1155,"y":319,"tool":"Pencil"},{"type":"child","parent":"lk66rtgvv9","x":1155,"y":320,"tool":"Pencil"},{"type":"child","parent":"lk66rtgvv9","x":1155,"y":323,"tool":"Pencil"}]},"lk66rthz5o":{"type":"line","id":"lk66rthz5o","color":"#001cdf","size":9,"tool":"Pencil","time":1580753455215,"_children":[{"type":"child","parent":"lk66rthz5o","x":1119,"y":270,"tool":"Pencil"},{"type":"child","parent":"lk66rthz5o","x":1123,"y":272,"tool":"Pencil"},{"type":"child","parent":"lk66rthz5o","x":1167,"y":273,"tool":"Pencil"},{"type":"child","parent":"lk66rthz5o","x":1175,"y":273,"tool":"Pencil"},{"type":"child","parent":"lk66rthz5o","x":1179,"y":273,"tool":"Pencil"},{"type":"child","parent":"lk66rthz5o","x":1186,"y":273,"tool":"Pencil"},{"type":"child","parent":"lk66rthz5o","x":1203,"y":273,"tool":"Pencil"},{"type":"child","parent":"lk66rthz5o","x":1206,"y":273,"tool":"Pencil"}]},"lk66rtng2a":{"type":"line","id":"lk66rtng2a","color":"#001cdf","size":9,"tool":"Pencil","time":1580753463131,"_children":[{"type":"child","parent":"lk66rtng2a","x":1355,"y":317,"tool":"Pencil"}]},"lk66rtof6e":{"type":"line","id":"lk66rtof6e","color":"#001cdf","size":9,"tool":"Pencil","time":1580753463573,"_children":[{"type":"child","parent":"lk66rtof6e","x":1342,"y":315,"tool":"Pencil"},{"type":"child","parent":"lk66rtof6e","x":1342,"y":315,"tool":"Pencil"}]},"rk66ruyk2p":{"type":"rect","id":"rk66ruyk2p","color":"#001cdf","size":9,"x":1624.3120706409672,"y":578.5994343725426,"x2":97.37405115050107,"y2":57.859943437254266,"tool":"Rectangle","time":1580753523357},"lk66rw422x":{"type":"line","id":"lk66rw422x","color":"#df0012","size":9,"tool":"Pencil","time":1580753577140,"_children":[{"type":"child","parent":"lk66rw422x","x":1222.1,"y":519.3,"tool":"Pencil"},{"type":"child","parent":"lk66rw422x","x":1232,"y":517.9,"tool":"Pencil"},{"type":"child","parent":"lk66rw422x","x":1339.2,"y":517.9,"tool":"Pencil"},{"type":"child","parent":"lk66rw422x","x":1359,"y":517.9,"tool":"Pencil"},{"type":"child","parent":"lk66rw422x","x":1359,"y":517.9,"tool":"Pencil"}]},"lk66rw5saq":{"type":"line","id":"lk66rw5saq","color":"#df0012","size":9,"tool":"Pencil","time":1580753579381,"_children":[{"type":"child","parent":"lk66rw5saq","x":108.7,"y":509.4,"tool":"Pencil"},{"type":"child","parent":"lk66rw5saq","x":107.3,"y":512.3,"tool":"Pencil"},{"type":"child","parent":"lk66rw5saq","x":190.5,"y":520.7,"tool":"Pencil"},{"type":"child","parent":"lk66rw5saq","x":201.8,"y":520.7,"tool":"Pencil"},{"type":"child","parent":"lk66rw5saq","x":225.8,"y":520.7,"tool":"Pencil"},{"type":"child","parent":"lk66rw5saq","x":228.6,"y":520.7,"tool":"Pencil"},{"type":"child","parent":"lk66rw5saq","x":230,"y":520.7,"tool":"Pencil"},{"type":"child","parent":"lk66rw5saq","x":230,"y":520.7,"tool":"Pencil"}]}}