{"ljwn6s6cf2":{"type":"line","id":"ljwn6s6cf2","color":"#ff851b","size":10,"tool":"Pencil","time":1559978267014,"_children":[{"type":"child","parent":"ljwn6s6cf2","x":552,"y":217,"tool":"Pencil"},{"type":"child","parent":"ljwn6s6cf2","x":640,"y":225,"tool":"Pencil"},{"type":"child","parent":"ljwn6s6cf2","x":898,"y":276,"tool":"Pencil"},{"type":"child","parent":"ljwn6s6cf2","x":1000,"y":329,"tool":"Pencil"},{"type":"child","parent":"ljwn6s6cf2","x":985,"y":435,"tool":"Pencil"},{"type":"child","parent":"ljwn6s6cf2","x":930,"y":525,"tool":"Pencil"},{"type":"child","parent":"ljwn6s6cf2","x":891,"y":568,"tool":"Pencil"},{"type":"child","parent":"ljwn6s6cf2","x":998,"y":680,"tool":"Pencil"},{"type":"child","parent":"ljwn6s6cf2","x":1264,"y":629,"tool":"Pencil"}]},"ljwn6s73ym":{"type":"line","id":"ljwn6s73ym","color":"#ff851b","size":10,"tool":"Pencil","time":1559978268245,"_children":[{"type":"child","parent":"ljwn6s73ym","x":1305,"y":416,"tool":"Pencil"},{"type":"child","parent":"ljwn6s73ym","x":1225,"y":395,"tool":"Pencil"},{"type":"child","parent":"ljwn6s73ym","x":1084,"y":478,"tool":"Pencil"},{"type":"child","parent":"ljwn6s73ym","x":1064,"y":532,"tool":"Pencil"},{"type":"child","parent":"ljwn6s73ym","x":1112,"y":635,"tool":"Pencil"},{"type":"child","parent":"ljwn6s73ym","x":1111,"y":643,"tool":"Pencil"},{"type":"child","parent":"ljwn6s73ym","x":1059,"y":604,"tool":"Pencil"},{"type":"child","parent":"ljwn6s73ym","x":1093,"y":455,"tool":"Pencil"},{"type":"child","parent":"ljwn6s73ym","x":1204,"y":351,"tool":"Pencil"},{"type":"child","parent":"ljwn6s73ym","x":1208,"y":345,"tool":"Pencil"}]},"ljwn6s7xab":{"type":"line","id":"ljwn6s7xab","color":"#ff851b","size":10,"tool":"Pencil","time":1559978269167,"_children":[{"type":"child","parent":"ljwn6s7xab","x":1141,"y":240,"tool":"Pencil"},{"type":"child","parent":"ljwn6s7xab","x":1083,"y":234,"tool":"Pencil"},{"type":"child","parent":"ljwn6s7xab","x":1028,"y":260,"tool":"Pencil"},{"type":"child","parent":"ljwn6s7xab","x":1024,"y":350,"tool":"Pencil"},{"type":"child","parent":"ljwn6s7xab","x":1096,"y":395,"tool":"Pencil"},{"type":"child","parent":"ljwn6s7xab","x":1187,"y":398,"tool":"Pencil"},{"type":"child","parent":"ljwn6s7xab","x":1219,"y":380,"tool":"Pencil"},{"type":"child","parent":"ljwn6s7xab","x":1250,"y":349,"tool":"Pencil"},{"type":"child","parent":"ljwn6s7xab","x":1264,"y":316,"tool":"Pencil"},{"type":"child","parent":"ljwn6s7xab","x":1267,"y":274,"tool":"Pencil"},{"type":"child","parent":"ljwn6s7xab","x":1258,"y":242,"tool":"Pencil"},{"type":"child","parent":"ljwn6s7xab","x":1231,"y":205,"tool":"Pencil"},{"type":"child","parent":"ljwn6s7xab","x":1200,"y":183,"tool":"Pencil"},{"type":"child","parent":"ljwn6s7xab","x":1162,"y":178,"tool":"Pencil"},{"type":"child","parent":"ljwn6s7xab","x":1065,"y":185,"tool":"Pencil"},{"type":"child","parent":"ljwn6s7xab","x":967,"y":179,"tool":"Pencil"},{"type":"child","parent":"ljwn6s7xab","x":869,"y":146,"tool":"Pencil"},{"type":"child","parent":"ljwn6s7xab","x":837,"y":96,"tool":"Pencil"},{"type":"child","parent":"ljwn6s7xab","x":860,"y":55,"tool":"Pencil"},{"type":"child","parent":"ljwn6s7xab","x":1022,"y":76,"tool":"Pencil"},{"type":"child","parent":"ljwn6s7xab","x":1100,"y":155,"tool":"Pencil"},{"type":"child","parent":"ljwn6s7xab","x":1153,"y":211,"tool":"Pencil"},{"type":"child","parent":"ljwn6s7xab","x":1219,"y":253,"tool":"Pencil"},{"type":"child","parent":"ljwn6s7xab","x":1313,"y":237,"tool":"Pencil"},{"type":"child","parent":"ljwn6s7xab","x":1352,"y":218,"tool":"Pencil"},{"type":"child","parent":"ljwn6s7xab","x":1397,"y":232,"tool":"Pencil"},{"type":"child","parent":"ljwn6s7xab","x":1417,"y":264,"tool":"Pencil"},{"type":"child","parent":"ljwn6s7xab","x":1401,"y":316,"tool":"Pencil"}]},"sjwn6sag01":{"type":"straight","id":"sjwn6sag01","color":"#ff851b","size":10,"x":433,"y":149,"tool":"Straight line","time":1559978272325,"x2":766,"y2":173},"sjwn6saz2i":{"type":"straight","id":"sjwn6saz2i","color":"#ff851b","size":10,"x":544,"y":375,"tool":"Straight line","time":1559978273011,"x2":386,"y2":579},"sjwn6sbdy6":{"type":"straight","id":"sjwn6sbdy6","color":"#ff851b","size":10,"x":543,"y":729,"tool":"Straight line","time":1559978273620,"x2":781,"y2":650},"ljwn6scidi":{"type":"line","id":"ljwn6scidi","color":"#ff851b","size":10,"tool":"Pencil","time":1559978275002,"_children":[{"type":"child","parent":"ljwn6scidi","x":823,"y":572,"tool":"Pencil"},{"type":"child","parent":"ljwn6scidi","x":813,"y":537,"tool":"Pencil"},{"type":"child","parent":"ljwn6scidi","x":745,"y":439,"tool":"Pencil"},{"type":"child","parent":"ljwn6scidi","x":719,"y":400,"tool":"Pencil"},{"type":"child","parent":"ljwn6scidi","x":713,"y":387,"tool":"Pencil"},{"type":"child","parent":"ljwn6scidi","x":739,"y":361,"tool":"Pencil"},{"type":"child","parent":"ljwn6scidi","x":790,"y":358,"tool":"Pencil"},{"type":"child","parent":"ljwn6scidi","x":838,"y":401,"tool":"Pencil"},{"type":"child","parent":"ljwn6scidi","x":854,"y":483,"tool":"Pencil"},{"type":"child","parent":"ljwn6scidi","x":843,"y":533,"tool":"Pencil"},{"type":"child","parent":"ljwn6scidi","x":777,"y":567,"tool":"Pencil"},{"type":"child","parent":"ljwn6scidi","x":739,"y":620,"tool":"Pencil"},{"type":"child","parent":"ljwn6scidi","x":738,"y":679,"tool":"Pencil"},{"type":"child","parent":"ljwn6scidi","x":801,"y":730,"tool":"Pencil"},{"type":"child","parent":"ljwn6scidi","x":892,"y":724,"tool":"Pencil"},{"type":"child","parent":"ljwn6scidi","x":965,"y":645,"tool":"Pencil"},{"type":"child","parent":"ljwn6scidi","x":918,"y":585,"tool":"Pencil"},{"type":"child","parent":"ljwn6scidi","x":745,"y":505,"tool":"Pencil"},{"type":"child","parent":"ljwn6scidi","x":618,"y":434,"tool":"Pencil"},{"type":"child","parent":"ljwn6scidi","x":587,"y":374,"tool":"Pencil"},{"type":"child","parent":"ljwn6scidi","x":597,"y":296,"tool":"Pencil"},{"type":"child","parent":"ljwn6scidi","x":755,"y":266,"tool":"Pencil"},{"type":"child","parent":"ljwn6scidi","x":909,"y":320,"tool":"Pencil"},{"type":"child","parent":"ljwn6scidi","x":956,"y":520,"tool":"Pencil"},{"type":"child","parent":"ljwn6scidi","x":904,"y":649,"tool":"Pencil"},{"type":"child","parent":"ljwn6scidi","x":800,"y":778,"tool":"Pencil"},{"type":"child","parent":"ljwn6scidi","x":797,"y":855,"tool":"Pencil"}]},"ljwn6sef9m":{"type":"line","id":"ljwn6sef9m","color":"#ff851b","size":10,"tool":"Pencil","time":1559978277743,"_children":[{"type":"child","parent":"ljwn6sef9m","x":1075,"y":712,"tool":"Pencil"}]},"ljwn6tbbhv":{"type":"line","id":"ljwn6tbbhv","color":"#ff851b","size":10,"tool":"Pencil","time":1559978320114,"_children":[{"type":"child","parent":"ljwn6tbbhv","x":1119,"y":110,"tool":"Pencil"},{"type":"child","parent":"ljwn6tbbhv","x":1142,"y":204,"tool":"Pencil"},{"type":"child","parent":"ljwn6tbbhv","x":1243,"y":227,"tool":"Pencil"},{"type":"child","parent":"ljwn6tbbhv","x":1416,"y":256,"tool":"Pencil"},{"type":"child","parent":"ljwn6tbbhv","x":1456,"y":374,"tool":"Pencil"},{"type":"child","parent":"ljwn6tbbhv","x":1440,"y":482,"tool":"Pencil"}]},"ljwn6tbstn":{"type":"line","id":"ljwn6tbstn","color":"#ff851b","size":10,"tool":"Pencil","time":1559978320780,"_children":[{"type":"child","parent":"ljwn6tbstn","x":1064,"y":413,"tool":"Pencil"},{"type":"child","parent":"ljwn6tbstn","x":939,"y":410,"tool":"Pencil"},{"type":"child","parent":"ljwn6tbstn","x":792,"y":441,"tool":"Pencil"},{"type":"child","parent":"ljwn6tbstn","x":745,"y":489,"tool":"Pencil"},{"type":"child","parent":"ljwn6tbstn","x":742,"y":524,"tool":"Pencil"},{"type":"child","parent":"ljwn6tbstn","x":774,"y":603,"tool":"Pencil"},{"type":"child","parent":"ljwn6tbstn","x":777,"y":611,"tool":"Pencil"},{"type":"child","parent":"ljwn6tbstn","x":705,"y":524,"tool":"Pencil"},{"type":"child","parent":"ljwn6tbstn","x":621,"y":405,"tool":"Pencil"},{"type":"child","parent":"ljwn6tbstn","x":572,"y":316,"tool":"Pencil"},{"type":"child","parent":"ljwn6tbstn","x":536,"y":252,"tool":"Pencil"},{"type":"child","parent":"ljwn6tbstn","x":516,"y":242,"tool":"Pencil"},{"type":"child","parent":"ljwn6tbstn","x":413,"y":282,"tool":"Pencil"},{"type":"child","parent":"ljwn6tbstn","x":388,"y":338,"tool":"Pencil"}]},"ljwn6tcudn":{"type":"line","id":"ljwn6tcudn","color":"#ff851b","size":10,"tool":"Pencil","time":1559978322329,"_children":[{"type":"child","parent":"ljwn6tcudn","x":443,"y":430,"tool":"Pencil"},{"type":"child","parent":"ljwn6tcudn","x":481,"y":475,"tool":"Pencil"},{"type":"child","parent":"ljwn6tcudn","x":484,"y":483,"tool":"Pencil"}]}}