{"tk7vtaear5":{"type":"new","id":"tk7vtaear5","color":"#8080c0","size":27,"x":270,"y":144,"tool":"Text","time":1584444403359,"txt":""},"tk7vtaf5fa":{"type":"new","id":"tk7vtaf5fa","color":"#8080c0","size":27,"x":270,"y":184.5,"tool":"Text","time":1584444404462},"tk7vtafktl":{"type":"new","id":"tk7vtafktl","color":"#8080c0","size":27,"x":270,"y":225,"tool":"Text","time":1584444405017},"tk7vtafsa7":{"type":"new","id":"tk7vtafsa7","color":"#8080c0","size":27,"x":270,"y":265.5,"tool":"Text","time":1584444405286},"tk7vtafzd10":{"type":"new","id":"tk7vtafzd10","color":"#8080c0","size":27,"x":270,"y":306,"tool":"Text","time":1584444405543},"tk7vtag8si":{"type":"new","id":"tk7vtag8si","color":"#8080c0","size":27,"x":270,"y":346.5,"tool":"Text","time":1584444405879},"tk7vtatdvc":{"type":"new","id":"tk7vtatdvc","color":"#8080c0","size":27,"x":270,"y":144,"tool":"Text","time":1584444422911,"txt":""},"tk7vtau56f":{"type":"new","id":"tk7vtau56f","color":"#8080c0","size":27,"x":270,"y":184.5,"tool":"Text","time":1584444423895},"tk7vtauedq":{"type":"new","id":"tk7vtauedq","color":"#8080c0","size":27,"x":270,"y":225,"tool":"Text","time":1584444424224},"tk7vtaulc7":{"type":"new","id":"tk7vtaulc7","color":"#8080c0","size":27,"x":270,"y":265.5,"tool":"Text","time":1584444424475},"tk7vtaur0m":{"type":"new","id":"tk7vtaur0m","color":"#8080c0","size":27,"x":270,"y":306,"tool":"Text","time":1584444424681},"rk7vtazsiz":{"type":"rect","id":"rk7vtazsiz","color":"#8080c0","size":10,"x":1450,"y":152,"x2":1452,"y2":152,"tool":"Rectangle","time":1584444431213},"tk7vtb9ve3":{"type":"new","id":"tk7vtb9ve3","color":"#8080c0","size":27,"x":1280,"y":115.5,"tool":"Text","time":1584444444277,"txt":"Some of them say that they were the first in America."},"tk7vte1071":{"type":"new","id":"tk7vte1071","color":"#8080c0","size":27,"x":1280,"y":156,"tool":"Text","time":1584444572754},"tk7vteokh3":{"type":"new","id":"tk7vteokh3","color":"#8080c0","size":27,"x":1643,"y":187.5,"tool":"Text","time":1584444603292,"txt":""},"tk7x98faub":{"type":"new","id":"tk7x98faub","color":"#7fdbff","size":27,"x":978,"y":364.5,"tool":"Text","time":1584531651774},"tk7x98t1w1":{"type":"new","id":"tk7x98t1w1","color":"#078338","size":27,"x":760,"y":176.5,"tool":"Text","time":1584531669596,"txt":"important things that they did or brought there"},"tk7xcbdajx":{"type":"new","id":"tk7xcbdajx","color":"#ff4136","size":27,"x":1395.2,"y":1540.7,"tool":"Text","time":1584536827983,"txt":""},"tk7xcbfs3h":{"type":"new","id":"tk7xcbfs3h","color":"#ff4136","size":27,"x":1104.8,"y":1647,"tool":"Text","time":1584536831274},"tk7xihp33x":{"type":"new","id":"tk7xihp33x","color":"#85144b","size":27,"x":356,"y":414.5,"tool":"Text","time":1584547200119,"txt":"Speaker 4 is trying to convince"},"tk7xiilt6q":{"type":"new","id":"tk7xiilt6q","color":"#85144b","size":27,"x":356,"y":455,"tool":"Text","time":1584547242525,"txt":"the others by telling them that his"},"tk7xijfdir":{"type":"new","id":"tk7xijfdir","color":"#85144b","size":27,"x":356,"y":495.5,"tool":"Text","time":1584547280841,"txt":"people claimed the whole area "},"tk7xikkb4m":{"type":"new","id":"tk7xikkb4m","color":"#85144b","size":27,"x":356,"y":536,"tool":"Text","time":1584547333890,"txt":"around the Mississippi and named"},"tk7xilsv52":{"type":"new","id":"tk7xilsv52","color":"#85144b","size":27,"x":356,"y":576.5,"tool":"Text","time":1584547391634,"txt":"it Lousiana."},"tk7ximj4tj":{"type":"new","id":"tk7ximj4tj","color":"#85144b","size":27,"x":1420,"y":830.5,"tool":"Text","time":1584547425678,"txt":""},"tk7ximk3fd":{"type":"new","id":"tk7ximk3fd","color":"#85144b","size":27,"x":1412,"y":854.5,"tool":"Text","time":1584547426924},"lk7ximtkrf":{"type":"line","id":"lk7ximtkrf","color":"#85144b","size":10,"tool":"Pencil","time":1584547439213,"_children":[{"type":"child","parent":"lk7ximtkrf","x":1487,"y":659,"tool":"Pencil"}]},"tk7xjcf68t":{"type":"new","id":"tk7xjcf68t","color":"#ffdc00","size":27,"x":1159.6,"y":369,"tool":"Text","time":1584548630246,"txt":"by telling something they have done there once "},"tk7xjfvhd10":{"type":"new","id":"tk7xjfvhd10","color":"#ffdc00","size":27,"x":1159.6,"y":409.5,"tool":"Text","time":1584548791358,"txt":""},"tk7ysfon9p":{"type":"new","id":"tk7ysfon9p","color":"#001f3f","size":27,"x":717.4,"y":852.9,"tool":"Text","time":1584624368571,"txt":""},"tk7ysh0t6s":{"type":"new","id":"tk7ysh0t6s","color":"#001f3f","size":27,"x":1296.7,"y":660.2,"tool":"Text","time":1584624430973,"txt":""},"tk7yshnr8p":{"type":"new","id":"tk7yshnr8p","color":"#fb1313","size":27,"x":1280,"y":636.8,"tool":"Text","time":1584624460694,"txt":"How long they have been there"},"tk80ec73px":{"type":"new","id":"tk80ec73px","color":"#7fdbff","size":27,"x":728.9,"y":748.8,"tool":"Text","time":1584721625244},"tk80ec8efx":{"type":"new","id":"tk80ec8efx","color":"#7fdbff","size":27,"x":921.9,"y":972.5,"tool":"Text","time":1584721626921},"tk80eccvbj":{"type":"new","id":"tk80eccvbj","color":"#7fdbff","size":27,"x":494.8,"y":866.8,"tool":"Text","time":1584721632714,"txt":"The first said that he was the first who kicked out the British and created a new nation. They are the reason why America is a free land. "},"tk80eepewy":{"type":"new","id":"tk80eepewy","color":"#7fdbff","size":27,"x":524.8,"y":1071,"tool":"Text","time":1584721742281,"txt":"The second said that they were boast about their freedom. They were needed to work on plantations and first of their were brought in 1619."},"tk80eh4z85":{"type":"new","id":"tk80eh4z85","color":"#7fdbff","size":27,"x":516.9,"y":1224.1,"tool":"Text","time":1584721855765,"txt":"The third said that they discovered America in 1492 and brought horses and cows there. "},"tk80ejeqyu":{"type":"new","id":"tk80ejeqyu","color":"#7fdbff","size":27,"x":599.5,"y":1421.4,"tool":"Text","time":1584721961741,"txt":"The fourth said that they started in the north, where they traded in furs and went to the south. They were a hundred years before the Mayflower. "},"tk80em4j97":{"type":"new","id":"tk80em4j97","color":"#7fdbff","size":27,"x":1089.7,"y":1948.1,"tool":"Text","time":1584722088471,"txt":""},"tk80embjqa":{"type":"new","id":"tk80embjqa","color":"#7fdbff","size":27,"x":601.3,"y":1622.6,"tool":"Text","time":1584722097555,"txt":"The fifth said that nobody can say for sure how long, or even where they came from. "}}