{"tjp1lxror0":{"type":"new","id":"tjp1lxror0","color":"#1913b0","size":27,"x":219,"y":87.5,"tool":"Text","txt":"rfhfhfhfhgfghfghfgh"},"tjp1lxup5q":{"type":"new","id":"tjp1lxup5q","color":"#1913b0","size":27,"x":219,"y":128,"tool":"Text","txt":""},"sjp1ly03dr":{"type":"straight","id":"sjp1ly03dr","color":"#1913b0","size":"10","x":371,"y":412,"tool":"Straight line","x2":540,"y2":263},"sjp1ly0p4t":{"type":"straight","id":"sjp1ly0p4t","color":"#1913b0","size":"10","x":483,"y":477,"tool":"Straight line","x2":499,"y2":296},"sjp1ly1ehh":{"type":"straight","id":"sjp1ly1ehh","color":"#1913b0","size":"10","x":438,"y":197,"tool":"Straight line","x2":438,"y2":197},"sjp1ly1vt10":{"type":"straight","id":"sjp1ly1vt10","color":"#1913b0","size":"10","x":596,"y":281,"tool":"Straight line","x2":596,"y2":281},"sjp1ly2blj":{"type":"straight","id":"sjp1ly2blj","color":"#1913b0","size":"10","x":628,"y":452,"tool":"Straight line","x2":628,"y2":452},"sjp1ly2ihw":{"type":"straight","id":"sjp1ly2ihw","color":"#1913b0","size":"10","x":507,"y":619,"tool":"Straight line","x2":507,"y2":619},"sjp1ly2pkk":{"type":"straight","id":"sjp1ly2pkk","color":"#1913b0","size":"10","x":454,"y":648,"tool":"Straight line","x2":246,"y2":453},"sjp1ly3gpf":{"type":"straight","id":"sjp1ly3gpf","color":"#1913b0","size":"10","x":275,"y":357,"tool":"Straight line","x2":377,"y2":183},"sjp1ly40h6":{"type":"straight","id":"sjp1ly40h6","color":"#1913b0","size":"10","x":466,"y":156,"tool":"Straight line","x2":713,"y2":161},"sjp1ly4gn5":{"type":"straight","id":"sjp1ly4gn5","color":"#1913b0","size":"10","x":774,"y":218,"tool":"Straight line","x2":890,"y2":311},"sjp1ly4w4p":{"type":"straight","id":"sjp1ly4w4p","color":"#1913b0","size":"10","x":899,"y":399,"tool":"Straight line","x2":935,"y2":471},"sjp1ly528v":{"type":"straight","id":"sjp1ly528v","color":"#1913b0","size":"10","x":876,"y":693,"tool":"Straight line","x2":842,"y2":760},"sjp1ly5csu":{"type":"straight","id":"sjp1ly5csu","color":"#1913b0","size":"10","x":756,"y":786,"tool":"Straight line","x2":565,"y2":825},"sjp1ly5q9u":{"type":"straight","id":"sjp1ly5q9u","color":"#1913b0","size":"10","x":505,"y":819,"tool":"Straight line","x2":387,"y2":790},"sjp1ly6d5u":{"type":"straight","id":"sjp1ly6d5u","color":"#1913b0","size":"10","x":277,"y":777,"tool":"Straight line","x2":232,"y2":549},"sjp1ly720n":{"type":"straight","id":"sjp1ly720n","color":"#1913b0","size":"10","x":226,"y":473,"tool":"Straight line","x2":313,"y2":325},"sjp1ly85vu":{"type":"straight","id":"sjp1ly85vu","color":"#1913b0","size":"10","x":252,"y":545,"tool":"Straight line","x2":449,"y2":362},"sjp1ly8xcx":{"type":"straight","id":"sjp1ly8xcx","color":"#1913b0","size":"10","x":449,"y":362,"tool":"Straight line","x2":544,"y2":590},"sjp1lya14f":{"type":"straight","id":"sjp1lya14f","color":"#1913b0","size":"10","x":544,"y":590,"tool":"Straight line","x2":363,"y2":749},"sjp1lybp42":{"type":"straight","id":"sjp1lybp42","color":"#1913b0","size":"10","x":363,"y":749,"tool":"Straight line","x2":248,"y2":548},"rjp1lyek03":{"type":"rect","id":"rjp1lyek03","color":"#1913b0","size":"10","x":582,"y":316,"x2":886,"y2":523,"tool":"Rectangle"},"rjp1lyl2gk":{"type":"rect","id":"rjp1lyl2gk","color":"#1913b0","size":"10","x":639,"y":668,"x2":817,"y2":571,"tool":"Rectangle"},"rjp1lylgpe":{"type":"rect","id":"rjp1lylgpe","color":"#1913b0","size":"10","x":870,"y":506,"x2":896,"y2":441,"tool":"Rectangle"},"rjp1lym0og":{"type":"rect","id":"rjp1lym0og","color":"#1913b0","size":"10","x":776,"y":359,"x2":832,"y2":260,"tool":"Rectangle"}}