{"ljp1w7zc8g":{"type":"line","id":"ljp1w7zc8g","color":"#dec47b","size":10,"tool":"Pencil","_children":[{"type":"child","parent":"ljp1w7zc8g","x":761,"y":366,"tool":"Pencil"},{"type":"child","parent":"ljp1w7zc8g","x":761,"y":367,"tool":"Pencil"},{"type":"child","parent":"ljp1w7zc8g","x":631,"y":438,"tool":"Pencil"}]},"ljp1w7zls8":{"type":"line","id":"ljp1w7zls8","color":"#dec47b","size":10,"tool":"Pencil","_children":[{"type":"child","parent":"ljp1w7zls8","x":807,"y":481,"tool":"Pencil"},{"type":"child","parent":"ljp1w7zls8","x":713,"y":555,"tool":"Pencil"},{"type":"child","parent":"ljp1w7zls8","x":584,"y":683,"tool":"Pencil"},{"type":"child","parent":"ljp1w7zls8","x":770,"y":696,"tool":"Pencil"},{"type":"child","parent":"ljp1w7zls8","x":1017,"y":660,"tool":"Pencil"},{"type":"child","parent":"ljp1w7zls8","x":1038,"y":609,"tool":"Pencil"},{"type":"child","parent":"ljp1w7zls8","x":1033,"y":521,"tool":"Pencil"},{"type":"child","parent":"ljp1w7zls8","x":843,"y":424,"tool":"Pencil"},{"type":"child","parent":"ljp1w7zls8","x":1052,"y":427,"tool":"Pencil"},{"type":"child","parent":"ljp1w7zls8","x":1174,"y":447,"tool":"Pencil"},{"type":"child","parent":"ljp1w7zls8","x":1309,"y":574,"tool":"Pencil"},{"type":"child","parent":"ljp1w7zls8","x":1353,"y":707,"tool":"Pencil"},{"type":"child","parent":"ljp1w7zls8","x":1145,"y":766,"tool":"Pencil"},{"type":"child","parent":"ljp1w7zls8","x":1505,"y":787,"tool":"Pencil"},{"type":"child","parent":"ljp1w7zls8","x":1266,"y":837,"tool":"Pencil"},{"type":"child","parent":"ljp1w7zls8","x":1200,"y":909,"tool":"Pencil"},{"type":"child","parent":"ljp1w7zls8","x":1045,"y":1009,"tool":"Pencil"},{"type":"child","parent":"ljp1w7zls8","x":1044,"y":1018,"tool":"Pencil"},{"type":"child","parent":"ljp1w7zls8","x":959,"y":1035,"tool":"Pencil"},{"type":"child","parent":"ljp1w7zls8","x":510,"y":1076,"tool":"Pencil"},{"type":"child","parent":"ljp1w7zls8","x":861,"y":1202,"tool":"Pencil"},{"type":"child","parent":"ljp1w7zls8","x":1081,"y":1310,"tool":"Pencil"},{"type":"child","parent":"ljp1w7zls8","x":958,"y":1313,"tool":"Pencil"}]},"rjp384j0jf":{"type":"rect","id":"rjp384j0jf","color":"#1913B0","size":26,"x":265,"y":220,"x2":483,"y2":349,"tool":"Rectangle"}}