{"tk8a2422q10":{"type":"new","id":"tk8a2422q10","color":"#b10dc9","size":27,"x":457,"y":183.5,"tool":"Text","time":1585305750984},"tk8a242n84":{"type":"new","id":"tk8a242n84","color":"#b10dc9","size":27,"x":497,"y":325.5,"tool":"Text","time":1585305751722},"tk8a24h54i":{"type":"new","id":"tk8a24h54i","color":"#b10dc9","size":50,"x":311.3,"y":376.2,"tool":"Text","time":1585305770509},"rk8a24idli":{"type":"rect","id":"rk8a24idli","color":"#b10dc9","size":50,"x":417.3333333333333,"y":319.3333333333333,"x2":668.6666666666666,"y2":525.3333333333334,"tool":"Rectangle","time":1585305772110},"rk8a24j1ye":{"type":"rect","id":"rk8a24j1ye","color":"#b10dc9","size":50,"x":293.3333333333333,"y":336,"x2":585.3333333333334,"y2":545.3333333333334,"tool":"Rectangle","time":1585305772987},"rk8a24ncmg":{"type":"rect","id":"rk8a24ncmg","color":"#b10dc9","size":16,"x":904,"y":368,"x2":904,"y2":368,"tool":"Rectangle","time":1585305778554},"rk8a24t9h1":{"type":"rect","id":"rk8a24t9h1","color":"#b10dc9","size":16,"x":328,"y":262.6666666666667,"x2":522.6666666666666,"y2":386,"tool":"Rectangle","time":1585305786218},"rk8a24vhoi":{"type":"rect","id":"rk8a24vhoi","color":"#b10dc9","size":16,"opacity":0.2,"x":230,"y":452,"x2":378,"y2":582,"tool":"Rectangle","time":1585305789104},"rk8a24wxg1":{"type":"rect","id":"rk8a24wxg1","color":"#b10dc9","size":16,"x":420,"y":646.6666666666666,"x2":420,"y2":646.6666666666666,"tool":"Rectangle","time":1585305790968},"lk8a24y3oe":{"type":"line","id":"lk8a24y3oe","color":"#b10dc9","size":16,"tool":"Pencil","time":1585305792490,"_children":[{"type":"child","parent":"lk8a24y3oe","x":402,"y":222.7,"tool":"Pencil"},{"type":"child","parent":"lk8a24y3oe","x":536,"y":310,"tool":"Pencil"},{"type":"child","parent":"lk8a24y3oe","x":672,"y":459.3,"tool":"Pencil"},{"type":"child","parent":"lk8a24y3oe","x":692,"y":486,"tool":"Pencil"},{"type":"child","parent":"lk8a24y3oe","x":698,"y":511.3,"tool":"Pencil"},{"type":"child","parent":"lk8a24y3oe","x":706.7,"y":527.3,"tool":"Pencil"}]}}