{"rk07y1jf8e":{"type":"rect","id":"rk07y1jf8e","color":"#2ecc40","size":10,"x":346,"y":131,"x2":346,"y2":131,"tool":"Rectangle","time":1567763971564},"lk07y1w8tg":{"type":"line","id":"lk07y1w8tg","color":"#2ecc40","size":10,"tool":"Pencil","time":1567763988180,"_children":[{"type":"child","parent":"lk07y1w8tg","x":589,"y":130,"tool":"Pencil"},{"type":"child","parent":"lk07y1w8tg","x":619,"y":188,"tool":"Pencil"},{"type":"child","parent":"lk07y1w8tg","x":705,"y":315,"tool":"Pencil"},{"type":"child","parent":"lk07y1w8tg","x":843,"y":550,"tool":"Pencil"},{"type":"child","parent":"lk07y1w8tg","x":965,"y":643,"tool":"Pencil"},{"type":"child","parent":"lk07y1w8tg","x":1137,"y":680,"tool":"Pencil"},{"type":"child","parent":"lk07y1w8tg","x":1340,"y":611,"tool":"Pencil"},{"type":"child","parent":"lk07y1w8tg","x":1368,"y":485,"tool":"Pencil"},{"type":"child","parent":"lk07y1w8tg","x":1283,"y":326,"tool":"Pencil"},{"type":"child","parent":"lk07y1w8tg","x":1117,"y":261,"tool":"Pencil"},{"type":"child","parent":"lk07y1w8tg","x":885,"y":225,"tool":"Pencil"},{"type":"child","parent":"lk07y1w8tg","x":769,"y":252,"tool":"Pencil"},{"type":"child","parent":"lk07y1w8tg","x":671,"y":326,"tool":"Pencil"},{"type":"child","parent":"lk07y1w8tg","x":650,"y":359,"tool":"Pencil"},{"type":"child","parent":"lk07y1w8tg","x":648,"y":369,"tool":"Pencil"}]},"lk07y1y9wh":{"type":"line","id":"lk07y1y9wh","color":"#2ecc40","size":10,"tool":"Pencil","time":1567763990811,"_children":[{"type":"child","parent":"lk07y1y9wh","x":570,"y":123,"tool":"Pencil"},{"type":"child","parent":"lk07y1y9wh","x":570,"y":122,"tool":"Pencil"},{"type":"child","parent":"lk07y1y9wh","x":843,"y":122,"tool":"Pencil"},{"type":"child","parent":"lk07y1y9wh","x":1350,"y":166,"tool":"Pencil"},{"type":"child","parent":"lk07y1y9wh","x":1551,"y":232,"tool":"Pencil"},{"type":"child","parent":"lk07y1y9wh","x":1634,"y":411,"tool":"Pencil"},{"type":"child","parent":"lk07y1y9wh","x":1658,"y":664,"tool":"Pencil"},{"type":"child","parent":"lk07y1y9wh","x":1468,"y":785,"tool":"Pencil"},{"type":"child","parent":"lk07y1y9wh","x":943,"y":797,"tool":"Pencil"},{"type":"child","parent":"lk07y1y9wh","x":473,"y":603,"tool":"Pencil"},{"type":"child","parent":"lk07y1y9wh","x":345,"y":443,"tool":"Pencil"},{"type":"child","parent":"lk07y1y9wh","x":351,"y":240,"tool":"Pencil"},{"type":"child","parent":"lk07y1y9wh","x":404,"y":117,"tool":"Pencil"},{"type":"child","parent":"lk07y1y9wh","x":525,"y":48,"tool":"Pencil"},{"type":"child","parent":"lk07y1y9wh","x":688,"y":43,"tool":"Pencil"},{"type":"child","parent":"lk07y1y9wh","x":759,"y":87,"tool":"Pencil"},{"type":"child","parent":"lk07y1y9wh","x":778,"y":129,"tool":"Pencil"},{"type":"child","parent":"lk07y1y9wh","x":779,"y":235,"tool":"Pencil"},{"type":"child","parent":"lk07y1y9wh","x":756,"y":331,"tool":"Pencil"},{"type":"child","parent":"lk07y1y9wh","x":764,"y":429,"tool":"Pencil"},{"type":"child","parent":"lk07y1y9wh","x":851,"y":540,"tool":"Pencil"},{"type":"child","parent":"lk07y1y9wh","x":1028,"y":560,"tool":"Pencil"},{"type":"child","parent":"lk07y1y9wh","x":1260,"y":399,"tool":"Pencil"},{"type":"child","parent":"lk07y1y9wh","x":1294,"y":206,"tool":"Pencil"},{"type":"child","parent":"lk07y1y9wh","x":1179,"y":61,"tool":"Pencil"},{"type":"child","parent":"lk07y1y9wh","x":961,"y":27,"tool":"Pencil"},{"type":"child","parent":"lk07y1y9wh","x":806,"y":223,"tool":"Pencil"},{"type":"child","parent":"lk07y1y9wh","x":803,"y":539,"tool":"Pencil"},{"type":"child","parent":"lk07y1y9wh","x":922,"y":649,"tool":"Pencil"},{"type":"child","parent":"lk07y1y9wh","x":1017,"y":665,"tool":"Pencil"},{"type":"child","parent":"lk07y1y9wh","x":950,"y":234,"tool":"Pencil"},{"type":"child","parent":"lk07y1y9wh","x":514,"y":27,"tool":"Pencil"},{"type":"child","parent":"lk07y1y9wh","x":150,"y":299,"tool":"Pencil"},{"type":"child","parent":"lk07y1y9wh","x":245,"y":521,"tool":"Pencil"},{"type":"child","parent":"lk07y1y9wh","x":523,"y":616,"tool":"Pencil"},{"type":"child","parent":"lk07y1y9wh","x":601,"y":517,"tool":"Pencil"},{"type":"child","parent":"lk07y1y9wh","x":528,"y":340,"tool":"Pencil"},{"type":"child","parent":"lk07y1y9wh","x":450,"y":439,"tool":"Pencil"},{"type":"child","parent":"lk07y1y9wh","x":452,"y":552,"tool":"Pencil"},{"type":"child","parent":"lk07y1y9wh","x":467,"y":576,"tool":"Pencil"}]},"sk07y22fh0":{"type":"straight","id":"sk07y22fh0","color":"#2ecc40","size":10,"x":343,"y":119,"tool":"Straight line","time":1567763996195,"x2":522,"y2":824},"sk07y23ck1":{"type":"straight","id":"sk07y23ck1","color":"#2ecc40","size":10,"x":394,"y":756,"tool":"Straight line","time":1567763997387,"x2":1673,"y2":650},"sk07y24dkp":{"type":"straight","id":"sk07y24dkp","color":"#2ecc40","size":10,"x":202,"y":248,"tool":"Straight line","time":1567763998719,"x2":1832,"y2":233},"sk07y25452":{"type":"straight","id":"sk07y25452","color":"#2ecc40","size":10,"x":1355,"y":78,"tool":"Straight line","time":1567763999675,"x2":1471,"y2":894}}