{"ljp1snzenx":{"type":"line","id":"ljp1snzenx","color":"#1913b0","size":"10","tool":"Pencil","_children":[{"type":"child","parent":"ljp1snzenx","x":854,"y":275,"tool":"Pencil"},{"type":"child","parent":"ljp1snzenx","x":854,"y":277,"tool":"Pencil"},{"type":"child","parent":"ljp1snzenx","x":854,"y":435,"tool":"Pencil"},{"type":"child","parent":"ljp1snzenx","x":856,"y":532,"tool":"Pencil"}]},"ljp1so0bba":{"type":"line","id":"ljp1so0bba","color":"#1913b0","size":"10","tool":"Pencil","_children":[{"type":"child","parent":"ljp1so0bba","x":857,"y":275,"tool":"Pencil"},{"type":"child","parent":"ljp1so0bba","x":857,"y":275,"tool":"Pencil"},{"type":"child","parent":"ljp1so0bba","x":1026,"y":275,"tool":"Pencil"},{"type":"child","parent":"ljp1so0bba","x":1081,"y":275,"tool":"Pencil"},{"type":"child","parent":"ljp1so0bba","x":1082,"y":275,"tool":"Pencil"},{"type":"child","parent":"ljp1so0bba","x":1068,"y":331,"tool":"Pencil"},{"type":"child","parent":"ljp1so0bba","x":1056,"y":543,"tool":"Pencil"},{"type":"child","parent":"ljp1so0bba","x":1064,"y":602,"tool":"Pencil"},{"type":"child","parent":"ljp1so0bba","x":1063,"y":601,"tool":"Pencil"},{"type":"child","parent":"ljp1so0bba","x":1055,"y":596,"tool":"Pencil"},{"type":"child","parent":"ljp1so0bba","x":971,"y":577,"tool":"Pencil"},{"type":"child","parent":"ljp1so0bba","x":864,"y":578,"tool":"Pencil"},{"type":"child","parent":"ljp1so0bba","x":848,"y":577,"tool":"Pencil"}]},"rjp1sof4jd":{"type":"rect","id":"rjp1sof4jd","color":"#1913b0","size":"23","x":191,"y":136,"x2":468,"y2":384,"tool":"Rectangle"},"rjp1sofxrw":{"type":"rect","id":"rjp1sofxrw","color":"#1913b0","size":"23","x":556,"y":300,"x2":703,"y2":105,"tool":"Rectangle"}}