{"ljqw0c8jom":{"type":"line","id":"ljqw0c8jom","color":"#f012be","size":10,"tool":"Pencil","time":1547450943278,"_children":[{"type":"child","parent":"ljqw0c8jom","x":1354,"y":319,"tool":"Pencil"}]},"ljqw0ckofi":{"type":"line","id":"ljqw0ckofi","color":"#0022e5","size":10,"tool":"Pencil","time":1547450962791,"_children":[{"type":"child","parent":"ljqw0ckofi","x":201,"y":286,"tool":"Pencil"}]},"tjqw0de37o":{"type":"new","id":"tjqw0de37o","color":"#0022e5","size":27,"x":464,"y":417.5,"tool":"Text","time":1547451000907,"txt":""},"tjqw0dh9lr":{"type":"new","id":"tjqw0dh9lr","color":"#0022e5","size":27,"x":445,"y":155.5,"tool":"Text","time":1547451005025},"tjqw0dhjlm":{"type":"new","id":"tjqw0dhjlm","color":"#0022e5","size":27,"x":446,"y":414.5,"tool":"Text","time":1547451005385},"tjqw0dipfp":{"type":"new","id":"tjqw0dipfp","color":"#0022e5","size":27,"x":619,"y":298.5,"tool":"Text","time":1547451006892},"ljqw0erbh2":{"type":"line","id":"ljqw0erbh2","color":"#000000","size":10,"tool":"Pencil","time":1547451060921,"_children":[{"type":"child","parent":"ljqw0erbh2","x":1093,"y":296,"tool":"Pencil"},{"type":"child","parent":"ljqw0erbh2","x":1114,"y":269,"tool":"Pencil"},{"type":"child","parent":"ljqw0erbh2","x":1187,"y":219,"tool":"Pencil"},{"type":"child","parent":"ljqw0erbh2","x":1250,"y":185,"tool":"Pencil"},{"type":"child","parent":"ljqw0erbh2","x":1349,"y":157,"tool":"Pencil"},{"type":"child","parent":"ljqw0erbh2","x":1485,"y":143,"tool":"Pencil"},{"type":"child","parent":"ljqw0erbh2","x":1623,"y":139,"tool":"Pencil"},{"type":"child","parent":"ljqw0erbh2","x":1731,"y":152,"tool":"Pencil"},{"type":"child","parent":"ljqw0erbh2","x":1788,"y":171,"tool":"Pencil"},{"type":"child","parent":"ljqw0erbh2","x":1832,"y":199,"tool":"Pencil"},{"type":"child","parent":"ljqw0erbh2","x":1874,"y":230,"tool":"Pencil"},{"type":"child","parent":"ljqw0erbh2","x":1906,"y":261,"tool":"Pencil"},{"type":"child","parent":"ljqw0erbh2","x":1921,"y":279,"tool":"Pencil"}]},"ljqw0esr8a":{"type":"line","id":"ljqw0esr8a","color":"#000000","size":10,"tool":"Pencil","time":1547451062782,"_children":[{"type":"child","parent":"ljqw0esr8a","x":1091,"y":300,"tool":"Pencil"},{"type":"child","parent":"ljqw0esr8a","x":1101,"y":315,"tool":"Pencil"},{"type":"child","parent":"ljqw0esr8a","x":1149,"y":348,"tool":"Pencil"},{"type":"child","parent":"ljqw0esr8a","x":1236,"y":364,"tool":"Pencil"},{"type":"child","parent":"ljqw0esr8a","x":1391,"y":364,"tool":"Pencil"},{"type":"child","parent":"ljqw0esr8a","x":1567,"y":363,"tool":"Pencil"},{"type":"child","parent":"ljqw0esr8a","x":1731,"y":358,"tool":"Pencil"},{"type":"child","parent":"ljqw0esr8a","x":1866,"y":336,"tool":"Pencil"},{"type":"child","parent":"ljqw0esr8a","x":1898,"y":314,"tool":"Pencil"},{"type":"child","parent":"ljqw0esr8a","x":1904,"y":299,"tool":"Pencil"},{"type":"child","parent":"ljqw0esr8a","x":1905,"y":298,"tool":"Pencil"},{"type":"child","parent":"ljqw0esr8a","x":1910,"y":289,"tool":"Pencil"},{"type":"child","parent":"ljqw0esr8a","x":1914,"y":283,"tool":"Pencil"}]},"tjqw0er8ik":{"type":"new","id":"tjqw0er8ik","color":"#2ecc40","size":27,"x":938.7,"y":407.9,"tool":"Text","time":1547451064603,"txt":""},"tjqw0ercxm":{"type":"new","id":"tjqw0ercxm","color":"#2ecc40","size":27,"x":938.7,"y":448.4,"tool":"Text","time":1547451064763},"ljqw0eub0t":{"type":"line","id":"ljqw0eub0t","color":"#000000","size":10,"tool":"Pencil","time":1547451064790,"_children":[{"type":"child","parent":"ljqw0eub0t","x":1318,"y":168,"tool":"Pencil"},{"type":"child","parent":"ljqw0eub0t","x":1264,"y":190,"tool":"Pencil"},{"type":"child","parent":"ljqw0eub0t","x":1251,"y":220,"tool":"Pencil"},{"type":"child","parent":"ljqw0eub0t","x":1245,"y":256,"tool":"Pencil"},{"type":"child","parent":"ljqw0eub0t","x":1249,"y":297,"tool":"Pencil"},{"type":"child","parent":"ljqw0eub0t","x":1267,"y":326,"tool":"Pencil"},{"type":"child","parent":"ljqw0eub0t","x":1279,"y":335,"tool":"Pencil"},{"type":"child","parent":"ljqw0eub0t","x":1293,"y":343,"tool":"Pencil"},{"type":"child","parent":"ljqw0eub0t","x":1302,"y":349,"tool":"Pencil"},{"type":"child","parent":"ljqw0eub0t","x":1313,"y":355,"tool":"Pencil"},{"type":"child","parent":"ljqw0eub0t","x":1317,"y":357,"tool":"Pencil"},{"type":"child","parent":"ljqw0eub0t","x":1334,"y":362,"tool":"Pencil"}]},"tjqw0ergyg":{"type":"new","id":"tjqw0ergyg","color":"#2ecc40","size":27,"x":938.7,"y":488.9,"tool":"Text","time":1547451064906,"txt":""},"ljqw0evniz":{"type":"line","id":"ljqw0evniz","color":"#000000","size":10,"tool":"Pencil","time":1547451066535,"_children":[{"type":"child","parent":"ljqw0evniz","x":1730,"y":147,"tool":"Pencil"},{"type":"child","parent":"ljqw0evniz","x":1748,"y":159,"tool":"Pencil"},{"type":"child","parent":"ljqw0evniz","x":1772,"y":198,"tool":"Pencil"},{"type":"child","parent":"ljqw0evniz","x":1784,"y":241,"tool":"Pencil"},{"type":"child","parent":"ljqw0evniz","x":1791,"y":279,"tool":"Pencil"},{"type":"child","parent":"ljqw0evniz","x":1785,"y":306,"tool":"Pencil"},{"type":"child","parent":"ljqw0evniz","x":1762,"y":324,"tool":"Pencil"},{"type":"child","parent":"ljqw0evniz","x":1736,"y":335,"tool":"Pencil"},{"type":"child","parent":"ljqw0evniz","x":1733,"y":338,"tool":"Pencil"},{"type":"child","parent":"ljqw0evniz","x":1723,"y":347,"tool":"Pencil"},{"type":"child","parent":"ljqw0evniz","x":1704,"y":356,"tool":"Pencil"},{"type":"child","parent":"ljqw0evniz","x":1683,"y":362,"tool":"Pencil"},{"type":"child","parent":"ljqw0evniz","x":1682,"y":362,"tool":"Pencil"}]},"tjqw0etmhd":{"type":"new","id":"tjqw0etmhd","color":"#2ecc40","size":27,"x":938.7,"y":529.4,"tool":"Text","time":1547451067698,"txt":""},"ljqw0exlxw":{"type":"line","id":"ljqw0exlxw","color":"#000000","size":10,"tool":"Pencil","time":1547451069071,"_children":[{"type":"child","parent":"ljqw0exlxw","x":1418,"y":364,"tool":"Pencil"},{"type":"child","parent":"ljqw0exlxw","x":1418,"y":363,"tool":"Pencil"},{"type":"child","parent":"ljqw0exlxw","x":1402,"y":345,"tool":"Pencil"},{"type":"child","parent":"ljqw0exlxw","x":1388,"y":318,"tool":"Pencil"},{"type":"child","parent":"ljqw0exlxw","x":1374,"y":297,"tool":"Pencil"},{"type":"child","parent":"ljqw0exlxw","x":1366,"y":280,"tool":"Pencil"},{"type":"child","parent":"ljqw0exlxw","x":1362,"y":261,"tool":"Pencil"},{"type":"child","parent":"ljqw0exlxw","x":1362,"y":249,"tool":"Pencil"},{"type":"child","parent":"ljqw0exlxw","x":1367,"y":240,"tool":"Pencil"},{"type":"child","parent":"ljqw0exlxw","x":1375,"y":229,"tool":"Pencil"},{"type":"child","parent":"ljqw0exlxw","x":1376,"y":228,"tool":"Pencil"},{"type":"child","parent":"ljqw0exlxw","x":1383,"y":232,"tool":"Pencil"},{"type":"child","parent":"ljqw0exlxw","x":1397,"y":242,"tool":"Pencil"},{"type":"child","parent":"ljqw0exlxw","x":1409,"y":246,"tool":"Pencil"},{"type":"child","parent":"ljqw0exlxw","x":1441,"y":249,"tool":"Pencil"},{"type":"child","parent":"ljqw0exlxw","x":1452,"y":244,"tool":"Pencil"},{"type":"child","parent":"ljqw0exlxw","x":1466,"y":224,"tool":"Pencil"},{"type":"child","parent":"ljqw0exlxw","x":1475,"y":208,"tool":"Pencil"},{"type":"child","parent":"ljqw0exlxw","x":1480,"y":196,"tool":"Pencil"},{"type":"child","parent":"ljqw0exlxw","x":1481,"y":178,"tool":"Pencil"},{"type":"child","parent":"ljqw0exlxw","x":1480,"y":172,"tool":"Pencil"},{"type":"child","parent":"ljqw0exlxw","x":1478,"y":168,"tool":"Pencil"},{"type":"child","parent":"ljqw0exlxw","x":1477,"y":165,"tool":"Pencil"},{"type":"child","parent":"ljqw0exlxw","x":1475,"y":158,"tool":"Pencil"},{"type":"child","parent":"ljqw0exlxw","x":1474,"y":156,"tool":"Pencil"},{"type":"child","parent":"ljqw0exlxw","x":1471,"y":151,"tool":"Pencil"},{"type":"child","parent":"ljqw0exlxw","x":1468,"y":149,"tool":"Pencil"},{"type":"child","parent":"ljqw0exlxw","x":1468,"y":149,"tool":"Pencil"}]},"ljqw0f01710":{"type":"line","id":"ljqw0f01710","color":"#000000","size":10,"tool":"Pencil","time":1547451072214,"_children":[{"type":"child","parent":"ljqw0f01710","x":1673,"y":143,"tool":"Pencil"},{"type":"child","parent":"ljqw0f01710","x":1681,"y":159,"tool":"Pencil"},{"type":"child","parent":"ljqw0f01710","x":1702,"y":203,"tool":"Pencil"},{"type":"child","parent":"ljqw0f01710","x":1706,"y":249,"tool":"Pencil"},{"type":"child","parent":"ljqw0f01710","x":1705,"y":294,"tool":"Pencil"},{"type":"child","parent":"ljqw0f01710","x":1701,"y":323,"tool":"Pencil"},{"type":"child","parent":"ljqw0f01710","x":1694,"y":344,"tool":"Pencil"},{"type":"child","parent":"ljqw0f01710","x":1690,"y":361,"tool":"Pencil"},{"type":"child","parent":"ljqw0f01710","x":1689,"y":361,"tool":"Pencil"},{"type":"child","parent":"ljqw0f01710","x":1689,"y":361,"tool":"Pencil"}]},"tjqw0eyzn9":{"type":"new","id":"tjqw0eyzn9","color":"#2ecc40","size":27,"x":1277.4,"y":677.5,"tool":"Text","time":1547451074651},"tjqw0f0n1r":{"type":"new","id":"tjqw0f0n1r","color":"#2ecc40","size":27,"x":999.4,"y":418,"tool":"Text","time":1547451076791},"tjqw0f3416":{"type":"new","id":"tjqw0f3416","color":"#2ecc40","size":27,"x":938.7,"y":529.4,"tool":"Text","time":1547451079993},"tjqw0f4zki":{"type":"new","id":"tjqw0f4zki","color":"#2ecc40","size":27,"x":938.7,"y":407.9,"tool":"Text","time":1547451082427},"ljqw0f8sho":{"type":"line","id":"ljqw0f8sho","color":"#000000","size":10,"tool":"Pencil","time":1547451083564,"_children":[{"type":"child","parent":"ljqw0f8sho","x":1380,"y":249,"tool":"Pencil"},{"type":"child","parent":"ljqw0f8sho","x":1381,"y":249,"tool":"Pencil"},{"type":"child","parent":"ljqw0f8sho","x":1414,"y":300,"tool":"Pencil"},{"type":"child","parent":"ljqw0f8sho","x":1428,"y":311,"tool":"Pencil"},{"type":"child","parent":"ljqw0f8sho","x":1459,"y":259,"tool":"Pencil"},{"type":"child","parent":"ljqw0f8sho","x":1468,"y":243,"tool":"Pencil"},{"type":"child","parent":"ljqw0f8sho","x":1472,"y":286,"tool":"Pencil"},{"type":"child","parent":"ljqw0f8sho","x":1490,"y":273,"tool":"Pencil"},{"type":"child","parent":"ljqw0f8sho","x":1517,"y":246,"tool":"Pencil"},{"type":"child","parent":"ljqw0f8sho","x":1471,"y":310,"tool":"Pencil"},{"type":"child","parent":"ljqw0f8sho","x":1495,"y":268,"tool":"Pencil"},{"type":"child","parent":"ljqw0f8sho","x":1494,"y":256,"tool":"Pencil"},{"type":"child","parent":"ljqw0f8sho","x":1427,"y":320,"tool":"Pencil"},{"type":"child","parent":"ljqw0f8sho","x":1437,"y":269,"tool":"Pencil"},{"type":"child","parent":"ljqw0f8sho","x":1429,"y":282,"tool":"Pencil"},{"type":"child","parent":"ljqw0f8sho","x":1421,"y":290,"tool":"Pencil"},{"type":"child","parent":"ljqw0f8sho","x":1465,"y":262,"tool":"Pencil"},{"type":"child","parent":"ljqw0f8sho","x":1411,"y":285,"tool":"Pencil"},{"type":"child","parent":"ljqw0f8sho","x":1420,"y":264,"tool":"Pencil"},{"type":"child","parent":"ljqw0f8sho","x":1394,"y":269,"tool":"Pencil"},{"type":"child","parent":"ljqw0f8sho","x":1409,"y":263,"tool":"Pencil"},{"type":"child","parent":"ljqw0f8sho","x":1407,"y":262,"tool":"Pencil"},{"type":"child","parent":"ljqw0f8sho","x":1389,"y":277,"tool":"Pencil"},{"type":"child","parent":"ljqw0f8sho","x":1476,"y":274,"tool":"Pencil"},{"type":"child","parent":"ljqw0f8sho","x":1437,"y":316,"tool":"Pencil"},{"type":"child","parent":"ljqw0f8sho","x":1479,"y":301,"tool":"Pencil"},{"type":"child","parent":"ljqw0f8sho","x":1416,"y":332,"tool":"Pencil"},{"type":"child","parent":"ljqw0f8sho","x":1421,"y":337,"tool":"Pencil"},{"type":"child","parent":"ljqw0f8sho","x":1481,"y":323,"tool":"Pencil"},{"type":"child","parent":"ljqw0f8sho","x":1450,"y":350,"tool":"Pencil"},{"type":"child","parent":"ljqw0f8sho","x":1491,"y":340,"tool":"Pencil"},{"type":"child","parent":"ljqw0f8sho","x":1456,"y":359,"tool":"Pencil"},{"type":"child","parent":"ljqw0f8sho","x":1513,"y":341,"tool":"Pencil"},{"type":"child","parent":"ljqw0f8sho","x":1490,"y":350,"tool":"Pencil"},{"type":"child","parent":"ljqw0f8sho","x":1567,"y":341,"tool":"Pencil"},{"type":"child","parent":"ljqw0f8sho","x":1540,"y":362,"tool":"Pencil"},{"type":"child","parent":"ljqw0f8sho","x":1578,"y":350,"tool":"Pencil"},{"type":"child","parent":"ljqw0f8sho","x":1594,"y":349,"tool":"Pencil"},{"type":"child","parent":"ljqw0f8sho","x":1599,"y":351,"tool":"Pencil"},{"type":"child","parent":"ljqw0f8sho","x":1603,"y":349,"tool":"Pencil"},{"type":"child","parent":"ljqw0f8sho","x":1620,"y":347,"tool":"Pencil"},{"type":"child","parent":"ljqw0f8sho","x":1635,"y":350,"tool":"Pencil"},{"type":"child","parent":"ljqw0f8sho","x":1648,"y":345,"tool":"Pencil"},{"type":"child","parent":"ljqw0f8sho","x":1659,"y":326,"tool":"Pencil"},{"type":"child","parent":"ljqw0f8sho","x":1667,"y":339,"tool":"Pencil"},{"type":"child","parent":"ljqw0f8sho","x":1676,"y":312,"tool":"Pencil"},{"type":"child","parent":"ljqw0f8sho","x":1672,"y":323,"tool":"Pencil"},{"type":"child","parent":"ljqw0f8sho","x":1677,"y":323,"tool":"Pencil"},{"type":"child","parent":"ljqw0f8sho","x":1671,"y":312,"tool":"Pencil"},{"type":"child","parent":"ljqw0f8sho","x":1656,"y":323,"tool":"Pencil"},{"type":"child","parent":"ljqw0f8sho","x":1698,"y":317,"tool":"Pencil"},{"type":"child","parent":"ljqw0f8sho","x":1658,"y":345,"tool":"Pencil"},{"type":"child","parent":"ljqw0f8sho","x":1679,"y":332,"tool":"Pencil"},{"type":"child","parent":"ljqw0f8sho","x":1678,"y":335,"tool":"Pencil"},{"type":"child","parent":"ljqw0f8sho","x":1661,"y":355,"tool":"Pencil"},{"type":"child","parent":"ljqw0f8sho","x":1694,"y":348,"tool":"Pencil"},{"type":"child","parent":"ljqw0f8sho","x":1613,"y":352,"tool":"Pencil"},{"type":"child","parent":"ljqw0f8sho","x":1607,"y":317,"tool":"Pencil"},{"type":"child","parent":"ljqw0f8sho","x":1617,"y":338,"tool":"Pencil"},{"type":"child","parent":"ljqw0f8sho","x":1619,"y":340,"tool":"Pencil"},{"type":"child","parent":"ljqw0f8sho","x":1623,"y":310,"tool":"Pencil"},{"type":"child","parent":"ljqw0f8sho","x":1605,"y":338,"tool":"Pencil"},{"type":"child","parent":"ljqw0f8sho","x":1605,"y":331,"tool":"Pencil"},{"type":"child","parent":"ljqw0f8sho","x":1622,"y":301,"tool":"Pencil"},{"type":"child","parent":"ljqw0f8sho","x":1578,"y":347,"tool":"Pencil"},{"type":"child","parent":"ljqw0f8sho","x":1592,"y":319,"tool":"Pencil"},{"type":"child","parent":"ljqw0f8sho","x":1584,"y":328,"tool":"Pencil"},{"type":"child","parent":"ljqw0f8sho","x":1571,"y":344,"tool":"Pencil"},{"type":"child","parent":"ljqw0f8sho","x":1576,"y":318,"tool":"Pencil"},{"type":"child","parent":"ljqw0f8sho","x":1535,"y":347,"tool":"Pencil"},{"type":"child","parent":"ljqw0f8sho","x":1544,"y":325,"tool":"Pencil"},{"type":"child","parent":"ljqw0f8sho","x":1515,"y":344,"tool":"Pencil"},{"type":"child","parent":"ljqw0f8sho","x":1532,"y":318,"tool":"Pencil"},{"type":"child","parent":"ljqw0f8sho","x":1495,"y":352,"tool":"Pencil"},{"type":"child","parent":"ljqw0f8sho","x":1518,"y":328,"tool":"Pencil"},{"type":"child","parent":"ljqw0f8sho","x":1510,"y":331,"tool":"Pencil"},{"type":"child","parent":"ljqw0f8sho","x":1467,"y":356,"tool":"Pencil"},{"type":"child","parent":"ljqw0f8sho","x":1475,"y":334,"tool":"Pencil"},{"type":"child","parent":"ljqw0f8sho","x":1428,"y":358,"tool":"Pencil"},{"type":"child","parent":"ljqw0f8sho","x":1445,"y":337,"tool":"Pencil"},{"type":"child","parent":"ljqw0f8sho","x":1437,"y":343,"tool":"Pencil"},{"type":"child","parent":"ljqw0f8sho","x":1448,"y":328,"tool":"Pencil"},{"type":"child","parent":"ljqw0f8sho","x":1421,"y":341,"tool":"Pencil"},{"type":"child","parent":"ljqw0f8sho","x":1428,"y":323,"tool":"Pencil"},{"type":"child","parent":"ljqw0f8sho","x":1405,"y":327,"tool":"Pencil"},{"type":"child","parent":"ljqw0f8sho","x":1416,"y":314,"tool":"Pencil"},{"type":"child","parent":"ljqw0f8sho","x":1407,"y":317,"tool":"Pencil"},{"type":"child","parent":"ljqw0f8sho","x":1417,"y":303,"tool":"Pencil"},{"type":"child","parent":"ljqw0f8sho","x":1384,"y":311,"tool":"Pencil"},{"type":"child","parent":"ljqw0f8sho","x":1393,"y":295,"tool":"Pencil"},{"type":"child","parent":"ljqw0f8sho","x":1399,"y":279,"tool":"Pencil"},{"type":"child","parent":"ljqw0f8sho","x":1389,"y":281,"tool":"Pencil"},{"type":"child","parent":"ljqw0f8sho","x":1407,"y":262,"tool":"Pencil"},{"type":"child","parent":"ljqw0f8sho","x":1387,"y":262,"tool":"Pencil"},{"type":"child","parent":"ljqw0f8sho","x":1386,"y":247,"tool":"Pencil"},{"type":"child","parent":"ljqw0f8sho","x":1367,"y":250,"tool":"Pencil"},{"type":"child","parent":"ljqw0f8sho","x":1387,"y":241,"tool":"Pencil"},{"type":"child","parent":"ljqw0f8sho","x":1460,"y":260,"tool":"Pencil"},{"type":"child","parent":"ljqw0f8sho","x":1460,"y":261,"tool":"Pencil"},{"type":"child","parent":"ljqw0f8sho","x":1453,"y":267,"tool":"Pencil"},{"type":"child","parent":"ljqw0f8sho","x":1440,"y":248,"tool":"Pencil"},{"type":"child","parent":"ljqw0f8sho","x":1446,"y":252,"tool":"Pencil"},{"type":"child","parent":"ljqw0f8sho","x":1494,"y":246,"tool":"Pencil"},{"type":"child","parent":"ljqw0f8sho","x":1490,"y":245,"tool":"Pencil"},{"type":"child","parent":"ljqw0f8sho","x":1466,"y":249,"tool":"Pencil"},{"type":"child","parent":"ljqw0f8sho","x":1507,"y":254,"tool":"Pencil"},{"type":"child","parent":"ljqw0f8sho","x":1496,"y":251,"tool":"Pencil"},{"type":"child","parent":"ljqw0f8sho","x":1473,"y":230,"tool":"Pencil"},{"type":"child","parent":"ljqw0f8sho","x":1518,"y":233,"tool":"Pencil"},{"type":"child","parent":"ljqw0f8sho","x":1512,"y":223,"tool":"Pencil"},{"type":"child","parent":"ljqw0f8sho","x":1498,"y":212,"tool":"Pencil"},{"type":"child","parent":"ljqw0f8sho","x":1518,"y":220,"tool":"Pencil"},{"type":"child","parent":"ljqw0f8sho","x":1482,"y":198,"tool":"Pencil"},{"type":"child","parent":"ljqw0f8sho","x":1513,"y":214,"tool":"Pencil"},{"type":"child","parent":"ljqw0f8sho","x":1505,"y":182,"tool":"Pencil"},{"type":"child","parent":"ljqw0f8sho","x":1500,"y":171,"tool":"Pencil"},{"type":"child","parent":"ljqw0f8sho","x":1510,"y":177,"tool":"Pencil"},{"type":"child","parent":"ljqw0f8sho","x":1495,"y":159,"tool":"Pencil"},{"type":"child","parent":"ljqw0f8sho","x":1542,"y":189,"tool":"Pencil"},{"type":"child","parent":"ljqw0f8sho","x":1521,"y":159,"tool":"Pencil"},{"type":"child","parent":"ljqw0f8sho","x":1481,"y":149,"tool":"Pencil"},{"type":"child","parent":"ljqw0f8sho","x":1541,"y":169,"tool":"Pencil"},{"type":"child","parent":"ljqw0f8sho","x":1541,"y":167,"tool":"Pencil"},{"type":"child","parent":"ljqw0f8sho","x":1510,"y":168,"tool":"Pencil"},{"type":"child","parent":"ljqw0f8sho","x":1548,"y":178,"tool":"Pencil"},{"type":"child","parent":"ljqw0f8sho","x":1514,"y":168,"tool":"Pencil"},{"type":"child","parent":"ljqw0f8sho","x":1619,"y":160,"tool":"Pencil"},{"type":"child","parent":"ljqw0f8sho","x":1616,"y":164,"tool":"Pencil"}]},"ljqw0fpp7e":{"type":"line","id":"ljqw0fpp7e","color":"#000000","size":10,"tool":"Pencil","time":1547451105479,"_children":[{"type":"child","parent":"ljqw0fpp7e","x":1028,"y":273,"tool":"Pencil"},{"type":"child","parent":"ljqw0fpp7e","x":1040,"y":265,"tool":"Pencil"},{"type":"child","parent":"ljqw0fpp7e","x":1130,"y":183,"tool":"Pencil"},{"type":"child","parent":"ljqw0fpp7e","x":1256,"y":108,"tool":"Pencil"},{"type":"child","parent":"ljqw0fpp7e","x":1368,"y":49,"tool":"Pencil"},{"type":"child","parent":"ljqw0fpp7e","x":1493,"y":33,"tool":"Pencil"},{"type":"child","parent":"ljqw0fpp7e","x":1619,"y":28,"tool":"Pencil"}]},"ljqw0freii":{"type":"line","id":"ljqw0freii","color":"#000000","size":10,"tool":"Pencil","time":1547451107685,"_children":[{"type":"child","parent":"ljqw0freii","x":1067,"y":337,"tool":"Pencil"},{"type":"child","parent":"ljqw0freii","x":1074,"y":346,"tool":"Pencil"},{"type":"child","parent":"ljqw0freii","x":1110,"y":365,"tool":"Pencil"},{"type":"child","parent":"ljqw0freii","x":1183,"y":373,"tool":"Pencil"}]},"ljqw0fs31c":{"type":"line","id":"ljqw0fs31c","color":"#000000","size":10,"tool":"Pencil","time":1547451108571,"_children":[{"type":"child","parent":"ljqw0fs31c","x":1064,"y":342,"tool":"Pencil"},{"type":"child","parent":"ljqw0fs31c","x":1074,"y":353,"tool":"Pencil"},{"type":"child","parent":"ljqw0fs31c","x":1109,"y":400,"tool":"Pencil"}]},"ljqw0ft4s7":{"type":"line","id":"ljqw0ft4s7","color":"#000000","size":10,"tool":"Pencil","time":1547451109927,"_children":[{"type":"child","parent":"ljqw0ft4s7","x":956,"y":298,"tool":"Pencil"},{"type":"child","parent":"ljqw0ft4s7","x":935,"y":348,"tool":"Pencil"},{"type":"child","parent":"ljqw0ft4s7","x":899,"y":439,"tool":"Pencil"},{"type":"child","parent":"ljqw0ft4s7","x":896,"y":449,"tool":"Pencil"}]},"ljqw0ftvph":{"type":"line","id":"ljqw0ftvph","color":"#000000","size":10,"tool":"Pencil","time":1547451110900,"_children":[{"type":"child","parent":"ljqw0ftvph","x":896,"y":456,"tool":"Pencil"},{"type":"child","parent":"ljqw0ftvph","x":899,"y":457,"tool":"Pencil"},{"type":"child","parent":"ljqw0ftvph","x":988,"y":511,"tool":"Pencil"},{"type":"child","parent":"ljqw0ftvph","x":1048,"y":521,"tool":"Pencil"}]},"ljqw0fvm45":{"type":"line","id":"ljqw0fvm45","color":"#000000","size":10,"tool":"Pencil","time":1547451113144,"_children":[{"type":"child","parent":"ljqw0fvm45","x":1031,"y":667,"tool":"Pencil"},{"type":"child","parent":"ljqw0fvm45","x":1091,"y":664,"tool":"Pencil"},{"type":"child","parent":"ljqw0fvm45","x":1197,"y":653,"tool":"Pencil"},{"type":"child","parent":"ljqw0fvm45","x":1196,"y":654,"tool":"Pencil"}]},"ljqw0fw8oy":{"type":"line","id":"ljqw0fw8oy","color":"#000000","size":10,"tool":"Pencil","time":1547451113957,"_children":[{"type":"child","parent":"ljqw0fw8oy","x":1222,"y":637,"tool":"Pencil"},{"type":"child","parent":"ljqw0fw8oy","x":1221,"y":637,"tool":"Pencil"},{"type":"child","parent":"ljqw0fw8oy","x":1216,"y":640,"tool":"Pencil"},{"type":"child","parent":"ljqw0fw8oy","x":1207,"y":650,"tool":"Pencil"},{"type":"child","parent":"ljqw0fw8oy","x":1206,"y":651,"tool":"Pencil"},{"type":"child","parent":"ljqw0fw8oy","x":1203,"y":652,"tool":"Pencil"},{"type":"child","parent":"ljqw0fw8oy","x":1202,"y":653,"tool":"Pencil"},{"type":"child","parent":"ljqw0fw8oy","x":1199,"y":654,"tool":"Pencil"}]},"ljqw0fxo8n":{"type":"line","id":"ljqw0fxo8n","color":"#000000","size":10,"tool":"Pencil","time":1547451115812,"_children":[{"type":"child","parent":"ljqw0fxo8n","x":2023,"y":148,"tool":"Pencil"},{"type":"child","parent":"ljqw0fxo8n","x":2027,"y":234,"tool":"Pencil"},{"type":"child","parent":"ljqw0fxo8n","x":1991,"y":430,"tool":"Pencil"},{"type":"child","parent":"ljqw0fxo8n","x":1975,"y":488,"tool":"Pencil"}]},"ljqw0fyeld":{"type":"line","id":"ljqw0fyeld","color":"#000000","size":10,"tool":"Pencil","time":1547451116763,"_children":[{"type":"child","parent":"ljqw0fyeld","x":1952,"y":501,"tool":"Pencil"},{"type":"child","parent":"ljqw0fyeld","x":1850,"y":555,"tool":"Pencil"},{"type":"child","parent":"ljqw0fyeld","x":1613,"y":641,"tool":"Pencil"},{"type":"child","parent":"ljqw0fyeld","x":1514,"y":696,"tool":"Pencil"}]},"ljqw0fzl8s":{"type":"line","id":"ljqw0fzl8s","color":"#000000","size":10,"tool":"Pencil","time":1547451118295,"_children":[{"type":"child","parent":"ljqw0fzl8s","x":1468,"y":743,"tool":"Pencil"},{"type":"child","parent":"ljqw0fzl8s","x":1388,"y":745,"tool":"Pencil"},{"type":"child","parent":"ljqw0fzl8s","x":1033,"y":760,"tool":"Pencil"},{"type":"child","parent":"ljqw0fzl8s","x":939,"y":762,"tool":"Pencil"}]},"ljqw0g1jxa":{"type":"line","id":"ljqw0g1jxa","color":"#000000","size":10,"tool":"Pencil","time":1547451120840,"_children":[{"type":"child","parent":"ljqw0g1jxa","x":887,"y":272,"tool":"Pencil"},{"type":"child","parent":"ljqw0g1jxa","x":886,"y":272,"tool":"Pencil"},{"type":"child","parent":"ljqw0g1jxa","x":858,"y":232,"tool":"Pencil"},{"type":"child","parent":"ljqw0g1jxa","x":802,"y":197,"tool":"Pencil"},{"type":"child","parent":"ljqw0g1jxa","x":748,"y":182,"tool":"Pencil"},{"type":"child","parent":"ljqw0g1jxa","x":643,"y":178,"tool":"Pencil"},{"type":"child","parent":"ljqw0g1jxa","x":614,"y":179,"tool":"Pencil"}]},"ljqw0g2qsj":{"type":"line","id":"ljqw0g2qsj","color":"#000000","size":10,"tool":"Pencil","time":1547451122384,"_children":[{"type":"child","parent":"ljqw0g2qsj","x":891,"y":280,"tool":"Pencil"},{"type":"child","parent":"ljqw0g2qsj","x":854,"y":296,"tool":"Pencil"},{"type":"child","parent":"ljqw0g2qsj","x":722,"y":296,"tool":"Pencil"},{"type":"child","parent":"ljqw0g2qsj","x":665,"y":273,"tool":"Pencil"},{"type":"child","parent":"ljqw0g2qsj","x":619,"y":249,"tool":"Pencil"},{"type":"child","parent":"ljqw0g2qsj","x":618,"y":247,"tool":"Pencil"}]},"ljqw0g3o2a":{"type":"line","id":"ljqw0g3o2a","color":"#000000","size":10,"tool":"Pencil","time":1547451123582,"_children":[{"type":"child","parent":"ljqw0g3o2a","x":826,"y":222,"tool":"Pencil"},{"type":"child","parent":"ljqw0g3o2a","x":832,"y":242,"tool":"Pencil"},{"type":"child","parent":"ljqw0g3o2a","x":813,"y":280,"tool":"Pencil"},{"type":"child","parent":"ljqw0g3o2a","x":799,"y":299,"tool":"Pencil"},{"type":"child","parent":"ljqw0g3o2a","x":788,"y":300,"tool":"Pencil"}]},"ljqw0g4g22":{"type":"line","id":"ljqw0g4g22","color":"#000000","size":10,"tool":"Pencil","time":1547451124595,"_children":[{"type":"child","parent":"ljqw0g4g22","x":729,"y":187,"tool":"Pencil"},{"type":"child","parent":"ljqw0g4g22","x":712,"y":192,"tool":"Pencil"},{"type":"child","parent":"ljqw0g4g22","x":675,"y":223,"tool":"Pencil"},{"type":"child","parent":"ljqw0g4g22","x":688,"y":262,"tool":"Pencil"},{"type":"child","parent":"ljqw0g4g22","x":698,"y":285,"tool":"Pencil"},{"type":"child","parent":"ljqw0g4g22","x":706,"y":292,"tool":"Pencil"}]},"ljqw0g6bsa":{"type":"line","id":"ljqw0g6bsa","color":"#000000","size":10,"tool":"Pencil","time":1547451127027,"_children":[{"type":"child","parent":"ljqw0g6bsa","x":804,"y":205,"tool":"Pencil"},{"type":"child","parent":"ljqw0g6bsa","x":800,"y":206,"tool":"Pencil"},{"type":"child","parent":"ljqw0g6bsa","x":793,"y":211,"tool":"Pencil"},{"type":"child","parent":"ljqw0g6bsa","x":788,"y":221,"tool":"Pencil"},{"type":"child","parent":"ljqw0g6bsa","x":792,"y":225,"tool":"Pencil"},{"type":"child","parent":"ljqw0g6bsa","x":798,"y":227,"tool":"Pencil"},{"type":"child","parent":"ljqw0g6bsa","x":805,"y":229,"tool":"Pencil"},{"type":"child","parent":"ljqw0g6bsa","x":806,"y":229,"tool":"Pencil"},{"type":"child","parent":"ljqw0g6bsa","x":807,"y":230,"tool":"Pencil"},{"type":"child","parent":"ljqw0g6bsa","x":807,"y":243,"tool":"Pencil"},{"type":"child","parent":"ljqw0g6bsa","x":806,"y":251,"tool":"Pencil"},{"type":"child","parent":"ljqw0g6bsa","x":792,"y":269,"tool":"Pencil"},{"type":"child","parent":"ljqw0g6bsa","x":778,"y":285,"tool":"Pencil"},{"type":"child","parent":"ljqw0g6bsa","x":759,"y":308,"tool":"Pencil"},{"type":"child","parent":"ljqw0g6bsa","x":747,"y":310,"tool":"Pencil"}]},"ljqw0g7v89":{"type":"line","id":"ljqw0g7v89","color":"#000000","size":10,"tool":"Pencil","time":1547451129023,"_children":[{"type":"child","parent":"ljqw0g7v89","x":757,"y":193,"tool":"Pencil"},{"type":"child","parent":"ljqw0g7v89","x":752,"y":196,"tool":"Pencil"},{"type":"child","parent":"ljqw0g7v89","x":723,"y":227,"tool":"Pencil"},{"type":"child","parent":"ljqw0g7v89","x":713,"y":253,"tool":"Pencil"},{"type":"child","parent":"ljqw0g7v89","x":713,"y":275,"tool":"Pencil"},{"type":"child","parent":"ljqw0g7v89","x":712,"y":287,"tool":"Pencil"},{"type":"child","parent":"ljqw0g7v89","x":716,"y":292,"tool":"Pencil"},{"type":"child","parent":"ljqw0g7v89","x":717,"y":292,"tool":"Pencil"}]},"ljqw0g8m77":{"type":"line","id":"ljqw0g8m77","color":"#000000","size":10,"tool":"Pencil","time":1547451129995,"_children":[{"type":"child","parent":"ljqw0g8m77","x":737,"y":251,"tool":"Pencil"},{"type":"child","parent":"ljqw0g8m77","x":762,"y":229,"tool":"Pencil"},{"type":"child","parent":"ljqw0g8m77","x":762,"y":233,"tool":"Pencil"},{"type":"child","parent":"ljqw0g8m77","x":757,"y":249,"tool":"Pencil"},{"type":"child","parent":"ljqw0g8m77","x":766,"y":231,"tool":"Pencil"},{"type":"child","parent":"ljqw0g8m77","x":718,"y":274,"tool":"Pencil"},{"type":"child","parent":"ljqw0g8m77","x":752,"y":261,"tool":"Pencil"},{"type":"child","parent":"ljqw0g8m77","x":748,"y":280,"tool":"Pencil"},{"type":"child","parent":"ljqw0g8m77","x":750,"y":288,"tool":"Pencil"},{"type":"child","parent":"ljqw0g8m77","x":766,"y":279,"tool":"Pencil"},{"type":"child","parent":"ljqw0g8m77","x":756,"y":286,"tool":"Pencil"},{"type":"child","parent":"ljqw0g8m77","x":777,"y":249,"tool":"Pencil"},{"type":"child","parent":"ljqw0g8m77","x":783,"y":241,"tool":"Pencil"},{"type":"child","parent":"ljqw0g8m77","x":777,"y":248,"tool":"Pencil"},{"type":"child","parent":"ljqw0g8m77","x":794,"y":253,"tool":"Pencil"},{"type":"child","parent":"ljqw0g8m77","x":792,"y":255,"tool":"Pencil"},{"type":"child","parent":"ljqw0g8m77","x":777,"y":273,"tool":"Pencil"},{"type":"child","parent":"ljqw0g8m77","x":788,"y":252,"tool":"Pencil"},{"type":"child","parent":"ljqw0g8m77","x":761,"y":251,"tool":"Pencil"},{"type":"child","parent":"ljqw0g8m77","x":777,"y":222,"tool":"Pencil"},{"type":"child","parent":"ljqw0g8m77","x":773,"y":219,"tool":"Pencil"},{"type":"child","parent":"ljqw0g8m77","x":765,"y":220,"tool":"Pencil"},{"type":"child","parent":"ljqw0g8m77","x":771,"y":207,"tool":"Pencil"},{"type":"child","parent":"ljqw0g8m77","x":758,"y":210,"tool":"Pencil"},{"type":"child","parent":"ljqw0g8m77","x":760,"y":203,"tool":"Pencil"},{"type":"child","parent":"ljqw0g8m77","x":744,"y":218,"tool":"Pencil"},{"type":"child","parent":"ljqw0g8m77","x":773,"y":211,"tool":"Pencil"},{"type":"child","parent":"ljqw0g8m77","x":774,"y":246,"tool":"Pencil"},{"type":"child","parent":"ljqw0g8m77","x":785,"y":244,"tool":"Pencil"},{"type":"child","parent":"ljqw0g8m77","x":767,"y":264,"tool":"Pencil"},{"type":"child","parent":"ljqw0g8m77","x":766,"y":284,"tool":"Pencil"},{"type":"child","parent":"ljqw0g8m77","x":769,"y":300,"tool":"Pencil"},{"type":"child","parent":"ljqw0g8m77","x":775,"y":289,"tool":"Pencil"}]},"ljqw0gb87l":{"type":"line","id":"ljqw0gb87l","color":"#000000","size":10,"tool":"Pencil","time":1547451133380,"_children":[{"type":"child","parent":"ljqw0gb87l","x":598,"y":83,"tool":"Pencil"},{"type":"child","parent":"ljqw0gb87l","x":618,"y":114,"tool":"Pencil"},{"type":"child","parent":"ljqw0gb87l","x":609,"y":285,"tool":"Pencil"},{"type":"child","parent":"ljqw0gb87l","x":607,"y":436,"tool":"Pencil"},{"type":"child","parent":"ljqw0gb87l","x":608,"y":456,"tool":"Pencil"}]},"ljqw0gbzqe":{"type":"line","id":"ljqw0gbzqe","color":"#000000","size":10,"tool":"Pencil","time":1547451134372,"_children":[{"type":"child","parent":"ljqw0gbzqe","x":611,"y":430,"tool":"Pencil"},{"type":"child","parent":"ljqw0gbzqe","x":688,"y":499,"tool":"Pencil"},{"type":"child","parent":"ljqw0gbzqe","x":805,"y":635,"tool":"Pencil"},{"type":"child","parent":"ljqw0gbzqe","x":847,"y":694,"tool":"Pencil"}]},"tjqw0gfct9":{"type":"new","id":"tjqw0gfct9","color":"#000000","size":27,"x":789,"y":943.5,"tool":"Text","time":1547451138728},"tjqw0ggswj":{"type":"new","id":"tjqw0ggswj","color":"#000000","size":27,"x":764,"y":928.5,"tool":"Text","time":1547451140610},"tjqw0ghbrw":{"type":"new","id":"tjqw0ghbrw","color":"#000000","size":27,"x":759,"y":835.5,"tool":"Text","time":1547451141283,"txt":"POKEMON! POW!"},"tjqw0gt556":{"type":"new","id":"tjqw0gt556","color":"#000000","size":27,"x":422,"y":135.5,"tool":"Text","time":1547451156596,"txt":""},"tjqw0gu31i":{"type":"new","id":"tjqw0gu31i","color":"#000000","size":27,"x":397,"y":144.5,"tool":"Text","time":1547451157818},"tjqw0gvela":{"type":"new","id":"tjqw0gvela","color":"#000000","size":27,"x":397,"y":158.5,"tool":"Text","time":1547451159529}}