{"ljp3gsxj9u":{"type":"line","id":"ljp3gsxj9u","color":"#1913b0","size":10,"tool":"Pencil","_children":[{"type":"child","parent":"ljp3gsxj9u","x":375,"y":236,"tool":"Pencil"}]},"ljp3gtwbs5":{"type":"line","id":"ljp3gtwbs5","color":"#1913b0","size":10,"tool":"Pencil","_children":[{"type":"child","parent":"ljp3gtwbs5","x":108,"y":640,"tool":"Pencil"}]},"ljp3gu8y4d":{"type":"line","id":"ljp3gu8y4d","color":"#1913b0","size":10,"tool":"Pencil","_children":[{"type":"child","parent":"ljp3gu8y4d","x":402,"y":462,"tool":"Pencil"}]},"ljqs2t5z6g":{"type":"line","id":"ljqs2t5z6g","color":"#ffdc00","size":10,"tool":"Pencil","time":1547213227137,"_children":[{"type":"child","parent":"ljqs2t5z6g","x":417,"y":113,"tool":"Pencil"},{"type":"child","parent":"ljqs2t5z6g","x":432,"y":154,"tool":"Pencil"},{"type":"child","parent":"ljqs2t5z6g","x":440,"y":211,"tool":"Pencil"},{"type":"child","parent":"ljqs2t5z6g","x":427,"y":196,"tool":"Pencil"},{"type":"child","parent":"ljqs2t5z6g","x":401,"y":147,"tool":"Pencil"},{"type":"child","parent":"ljqs2t5z6g","x":432,"y":135,"tool":"Pencil"},{"type":"child","parent":"ljqs2t5z6g","x":531,"y":152,"tool":"Pencil"},{"type":"child","parent":"ljqs2t5z6g","x":548,"y":185,"tool":"Pencil"},{"type":"child","parent":"ljqs2t5z6g","x":546,"y":193,"tool":"Pencil"},{"type":"child","parent":"ljqs2t5z6g","x":546,"y":193,"tool":"Pencil"}]},"ljqs2t6t6i":{"type":"line","id":"ljqs2t6t6i","color":"#ffdc00","size":10,"tool":"Pencil","time":1547213228279,"_children":[{"type":"child","parent":"ljqs2t6t6i","x":607,"y":68,"tool":"Pencil"},{"type":"child","parent":"ljqs2t6t6i","x":608,"y":68,"tool":"Pencil"},{"type":"child","parent":"ljqs2t6t6i","x":654,"y":153,"tool":"Pencil"},{"type":"child","parent":"ljqs2t6t6i","x":662,"y":186,"tool":"Pencil"},{"type":"child","parent":"ljqs2t6t6i","x":626,"y":207,"tool":"Pencil"},{"type":"child","parent":"ljqs2t6t6i","x":568,"y":217,"tool":"Pencil"},{"type":"child","parent":"ljqs2t6t6i","x":546,"y":217,"tool":"Pencil"},{"type":"child","parent":"ljqs2t6t6i","x":545,"y":214,"tool":"Pencil"},{"type":"child","parent":"ljqs2t6t6i","x":574,"y":204,"tool":"Pencil"},{"type":"child","parent":"ljqs2t6t6i","x":619,"y":192,"tool":"Pencil"},{"type":"child","parent":"ljqs2t6t6i","x":700,"y":204,"tool":"Pencil"},{"type":"child","parent":"ljqs2t6t6i","x":781,"y":230,"tool":"Pencil"},{"type":"child","parent":"ljqs2t6t6i","x":807,"y":238,"tool":"Pencil"},{"type":"child","parent":"ljqs2t6t6i","x":818,"y":245,"tool":"Pencil"},{"type":"child","parent":"ljqs2t6t6i","x":825,"y":252,"tool":"Pencil"},{"type":"child","parent":"ljqs2t6t6i","x":828,"y":257,"tool":"Pencil"},{"type":"child","parent":"ljqs2t6t6i","x":829,"y":267,"tool":"Pencil"},{"type":"child","parent":"ljqs2t6t6i","x":827,"y":292,"tool":"Pencil"},{"type":"child","parent":"ljqs2t6t6i","x":806,"y":310,"tool":"Pencil"}]},"sjqs2ta90c":{"type":"straight","id":"sjqs2ta90c","color":"#ffdc00","size":10,"x":685,"y":393,"tool":"Straight line","time":1547213232683,"x2":429,"y2":412},"rjqs2tcfea":{"type":"rect","id":"rjqs2tcfea","color":"#ffdc00","size":10,"x":607,"y":408,"x2":854,"y2":512,"tool":"Rectangle","time":1547213235507},"tjqs2tdt5k":{"type":"new","id":"tjqs2tdt5k","color":"#ffdc00","size":27,"x":858,"y":311.5,"tool":"Text","time":1547213237284},"tjqs2teiah":{"type":"new","id":"tjqs2teiah","color":"#ffdc00","size":27,"x":1025,"y":285.5,"tool":"Text","time":1547213238189},"tjqs2tf9qc":{"type":"new","id":"tjqs2tf9qc","color":"#ffdc00","size":27,"x":453,"y":125.5,"tool":"Text","time":1547213239322},"tjqs2tfn06":{"type":"new","id":"tjqs2tfn06","color":"#ffdc00","size":27,"x":937,"y":214.5,"tool":"Text","time":1547213239665,"txt":"流量"},"tjqs2tjwbt":{"type":"new","id":"tjqs2tjwbt","color":"#ffdc00","size":27,"x":448,"y":167.5,"tool":"Text","time":1547213245176,"txt":""},"tjqs2tk84x":{"type":"new","id":"tjqs2tk84x","color":"#ffdc00","size":27,"x":512,"y":240.5,"tool":"Text","time":1547213245602},"tjqs2tkde2":{"type":"new","id":"tjqs2tkde2","color":"#ffdc00","size":27,"x":512,"y":240.5,"tool":"Text","time":1547213245795},"tjqs2tkjnm":{"type":"new","id":"tjqs2tkjnm","color":"#ffdc00","size":27,"x":512,"y":240.5,"tool":"Text","time":1547213246013},"tjqs2txx0r":{"type":"new","id":"tjqs2txx0r","color":"#ffdc00","size":27,"x":448.9,"y":247.3,"tool":"Text","time":1547213263349,"txt":"pp"},"tjqs2u1aau":{"type":"new","id":"tjqs2u1aau","color":"#ffdc00","size":27,"x":531.6,"y":297.1,"tool":"Text","time":1547213267708,"txt":""},"tjqs2u2a8t":{"type":"new","id":"tjqs2u2a8t","color":"#ffdc00","size":27,"x":559.6,"y":303.3,"tool":"Text","time":1547213269008},"tjqs2u4b8f":{"type":"new","id":"tjqs2u4b8f","color":"#ffdc00","size":27,"x":573.8,"y":324.6,"tool":"Text","time":1547213271634,"txt":"看看"},"tjqs2u75uf":{"type":"new","id":"tjqs2u75uf","color":"#ffdc00","size":27,"x":746.7,"y":178.4,"tool":"Text","time":1547213275325,"txt":"pp"},"sjqs2umheo":{"type":"straight","id":"sjqs2umheo","color":"#ffdc00","size":1,"opacity":0.5,"x":5740,"y":370,"tool":"Straight line","time":1547213295183,"x2":5740,"y2":370}}