{"tjp1srt3fj":{"type":"new","id":"tjp1srt3fj","color":"#1913b0","size":27,"x":648,"y":209.5,"tool":"Text"},"tjp1srurhm":{"type":"new","id":"tjp1srurhm","color":"#1913b0","size":27,"x":648,"y":209.5,"tool":"Text"},"tjp1sruvov":{"type":"new","id":"tjp1sruvov","color":"#1913b0","size":27,"x":648,"y":209.5,"tool":"Text","txt":"sadfasa"},"tjp1srygqi":{"type":"new","id":"tjp1srygqi","color":"#1913b0","size":27,"x":638,"y":492.5,"tool":"Text","txt":""},"tjp1ss1gcg":{"type":"new","id":"tjp1ss1gcg","color":"#1913b0","size":27,"x":638,"y":533,"tool":"Text"},"tjp1ss1kir":{"type":"new","id":"tjp1ss1kir","color":"#1913b0","size":27,"x":638,"y":573.5,"tool":"Text"},"tjp1ss1pj2":{"type":"new","id":"tjp1ss1pj2","color":"#1913b0","size":27,"x":638,"y":614,"tool":"Text","txt":""},"rjp1ss984v":{"type":"rect","id":"rjp1ss984v","color":"#1913b0","size":"10","x":762,"y":286,"x2":1724,"y2":800,"tool":"Rectangle"},"rjp1ssa5px":{"type":"rect","id":"rjp1ssa5px","color":"#1913b0","size":"10","x":878,"y":409,"x2":878,"y2":409,"tool":"Rectangle"},"rjp1ssaphl":{"type":"rect","id":"rjp1ssaphl","color":"#1913b0","size":"10","x":877,"y":409,"x2":877,"y2":409,"tool":"Rectangle"},"rjp1ssat9k":{"type":"rect","id":"rjp1ssat9k","color":"#1913b0","size":"10","x":877,"y":409,"x2":877,"y2":409,"tool":"Rectangle"},"rjp1ssax7e":{"type":"rect","id":"rjp1ssax7e","color":"#1913b0","size":"10","x":877,"y":409,"x2":877,"y2":409,"tool":"Rectangle"},"tjp1ssdesx":{"type":"new","id":"tjp1ssdesx","color":"#1913b0","size":27,"x":805,"y":342.5,"tool":"Text"},"tjp1sse0nq":{"type":"new","id":"tjp1sse0nq","color":"#1913b0","size":27,"x":1021,"y":550.5,"tool":"Text"},"tjp1sse4dx":{"type":"new","id":"tjp1sse4dx","color":"#1913b0","size":27,"x":1021,"y":550.5,"tool":"Text"},"tjp1sse915":{"type":"new","id":"tjp1sse915","color":"#1913b0","size":27,"x":1021,"y":550.5,"tool":"Text"},"tjp1ssedpz":{"type":"new","id":"tjp1ssedpz","color":"#1913b0","size":27,"x":1021,"y":550.5,"tool":"Text"},"tjp1sseil7":{"type":"new","id":"tjp1sseil7","color":"#1913b0","size":27,"x":1021,"y":550.5,"tool":"Text"},"tjp1ssen9t":{"type":"new","id":"tjp1ssen9t","color":"#1913b0","size":27,"x":1021,"y":550.5,"tool":"Text"},"tjp1sserp8":{"type":"new","id":"tjp1sserp8","color":"#1913b0","size":27,"x":1021,"y":550.5,"tool":"Text"},"tjp1ssf1hs":{"type":"new","id":"tjp1ssf1hs","color":"#1913b0","size":27,"x":971,"y":473.5,"tool":"Text"},"tjp1ssfd1s":{"type":"new","id":"tjp1ssfd1s","color":"#1913b0","size":27,"x":1151,"y":823.5,"tool":"Text"},"ljp1ssgz5z":{"type":"line","id":"ljp1ssgz5z","color":"#1913b0","size":"10","tool":"Pencil","_children":[{"type":"child","parent":"ljp1ssgz5z","x":718,"y":399,"tool":"Pencil"},{"type":"child","parent":"ljp1ssgz5z","x":764,"y":414,"tool":"Pencil"}]},"ljp1ssh50s":{"type":"line","id":"ljp1ssh50s","color":"#1913b0","size":"10","tool":"Pencil","_children":[{"type":"child","parent":"ljp1ssh50s","x":929,"y":424,"tool":"Pencil"},{"type":"child","parent":"ljp1ssh50s","x":928,"y":424,"tool":"Pencil"}]},"ljp1sshal2":{"type":"line","id":"ljp1sshal2","color":"#1913b0","size":"10","tool":"Pencil","_children":[{"type":"child","parent":"ljp1sshal2","x":927,"y":423,"tool":"Pencil"},{"type":"child","parent":"ljp1sshal2","x":927,"y":423,"tool":"Pencil"}]},"ljp1sshj3q":{"type":"line","id":"ljp1sshj3q","color":"#1913b0","size":"10","tool":"Pencil","_children":[{"type":"child","parent":"ljp1sshj3q","x":904,"y":415,"tool":"Pencil"}]},"ljp1sshm4y":{"type":"line","id":"ljp1sshm4y","color":"#1913b0","size":"10","tool":"Pencil","_children":[{"type":"child","parent":"ljp1sshm4y","x":896,"y":414,"tool":"Pencil"},{"type":"child","parent":"ljp1sshm4y","x":886,"y":411,"tool":"Pencil"}]},"ljp1sshsa3":{"type":"line","id":"ljp1sshsa3","color":"#1913b0","size":"10","tool":"Pencil","_children":[{"type":"child","parent":"ljp1sshsa3","x":871,"y":387,"tool":"Pencil"},{"type":"child","parent":"ljp1sshsa3","x":909,"y":377,"tool":"Pencil"},{"type":"child","parent":"ljp1sshsa3","x":974,"y":414,"tool":"Pencil"},{"type":"child","parent":"ljp1sshsa3","x":990,"y":537,"tool":"Pencil"}]},"ljp1ssi4sj":{"type":"line","id":"ljp1ssi4sj","color":"#1913b0","size":"10","tool":"Pencil","_children":[{"type":"child","parent":"ljp1ssi4sj","x":896,"y":529,"tool":"Pencil"},{"type":"child","parent":"ljp1ssi4sj","x":899,"y":528,"tool":"Pencil"}]},"ljp1ssihp4":{"type":"line","id":"ljp1ssihp4","color":"#1913b0","size":"10","tool":"Pencil","_children":[{"type":"child","parent":"ljp1ssihp4","x":1264,"y":509,"tool":"Pencil"},{"type":"child","parent":"ljp1ssihp4","x":959,"y":535,"tool":"Pencil"}]},"ljp1ssiwdx":{"type":"line","id":"ljp1ssiwdx","color":"#1913b0","size":"10","tool":"Pencil","_children":[{"type":"child","parent":"ljp1ssiwdx","x":1174,"y":572,"tool":"Pencil"},{"type":"child","parent":"ljp1ssiwdx","x":1581,"y":632,"tool":"Pencil"},{"type":"child","parent":"ljp1ssiwdx","x":1645,"y":657,"tool":"Pencil"}]},"ljp1ssj58y":{"type":"line","id":"ljp1ssj58y","color":"#1913b0","size":"10","tool":"Pencil","_children":[{"type":"child","parent":"ljp1ssj58y","x":1643,"y":672,"tool":"Pencil"},{"type":"child","parent":"ljp1ssj58y","x":1251,"y":742,"tool":"Pencil"},{"type":"child","parent":"ljp1ssj58y","x":775,"y":763,"tool":"Pencil"}]},"ljp1ssjh0e":{"type":"line","id":"ljp1ssjh0e","color":"#1913b0","size":"10","tool":"Pencil","_children":[{"type":"child","parent":"ljp1ssjh0e","x":624,"y":729,"tool":"Pencil"},{"type":"child","parent":"ljp1ssjh0e","x":735,"y":739,"tool":"Pencil"}]},"ljp1ssjt0v":{"type":"line","id":"ljp1ssjt0v","color":"#1913b0","size":"10","tool":"Pencil","_children":[{"type":"child","parent":"ljp1ssjt0v","x":1217,"y":745,"tool":"Pencil"},{"type":"child","parent":"ljp1ssjt0v","x":1065,"y":740,"tool":"Pencil"}]},"ljp1ssk3gr":{"type":"line","id":"ljp1ssk3gr","color":"#1913b0","size":"10","tool":"Pencil","_children":[{"type":"child","parent":"ljp1ssk3gr","x":916,"y":706,"tool":"Pencil"},{"type":"child","parent":"ljp1ssk3gr","x":873,"y":662,"tool":"Pencil"},{"type":"child","parent":"ljp1ssk3gr","x":811,"y":626,"tool":"Pencil"}]},"ljp1sskqlu":{"type":"line","id":"ljp1sskqlu","color":"#1913b0","size":"10","tool":"Pencil","_children":[{"type":"child","parent":"ljp1sskqlu","x":630,"y":613,"tool":"Pencil"},{"type":"child","parent":"ljp1sskqlu","x":630,"y":614,"tool":"Pencil"}]},"ljp1sskxq8":{"type":"line","id":"ljp1sskxq8","color":"#1913b0","size":"10","tool":"Pencil","_children":[{"type":"child","parent":"ljp1sskxq8","x":645,"y":636,"tool":"Pencil"},{"type":"child","parent":"ljp1sskxq8","x":657,"y":649,"tool":"Pencil"}]},"ljp1ssl30z":{"type":"line","id":"ljp1ssl30z","color":"#1913b0","size":"10","tool":"Pencil","_children":[{"type":"child","parent":"ljp1ssl30z","x":687,"y":662,"tool":"Pencil"}]},"ljp1ssl70b":{"type":"line","id":"ljp1ssl70b","color":"#1913b0","size":"10","tool":"Pencil","_children":[{"type":"child","parent":"ljp1ssl70b","x":722,"y":676,"tool":"Pencil"},{"type":"child","parent":"ljp1ssl70b","x":722,"y":677,"tool":"Pencil"}]},"ljp1ssldy1":{"type":"line","id":"ljp1ssldy1","color":"#1913b0","size":"10","tool":"Pencil","_children":[{"type":"child","parent":"ljp1ssldy1","x":779,"y":693,"tool":"Pencil"},{"type":"child","parent":"ljp1ssldy1","x":784,"y":695,"tool":"Pencil"}]},"ljp1sslkkf":{"type":"line","id":"ljp1sslkkf","color":"#1913b0","size":"10","tool":"Pencil","_children":[{"type":"child","parent":"ljp1sslkkf","x":801,"y":697,"tool":"Pencil"},{"type":"child","parent":"ljp1sslkkf","x":814,"y":704,"tool":"Pencil"},{"type":"child","parent":"ljp1sslkkf","x":858,"y":716,"tool":"Pencil"},{"type":"child","parent":"ljp1sslkkf","x":897,"y":724,"tool":"Pencil"},{"type":"child","parent":"ljp1sslkkf","x":952,"y":732,"tool":"Pencil"},{"type":"child","parent":"ljp1sslkkf","x":1072,"y":737,"tool":"Pencil"},{"type":"child","parent":"ljp1sslkkf","x":1087,"y":659,"tool":"Pencil"},{"type":"child","parent":"ljp1sslkkf","x":777,"y":449,"tool":"Pencil"},{"type":"child","parent":"ljp1sslkkf","x":592,"y":412,"tool":"Pencil"},{"type":"child","parent":"ljp1sslkkf","x":578,"y":575,"tool":"Pencil"},{"type":"child","parent":"ljp1sslkkf","x":868,"y":643,"tool":"Pencil"},{"type":"child","parent":"ljp1sslkkf","x":886,"y":591,"tool":"Pencil"}]}}