{"lk89v656s2":{"type":"line","id":"lk89v656s2","color":"#39cccc","size":10,"tool":"Pencil","time":1585294091006,"_children":[{"type":"child","parent":"lk89v656s2","x":277,"y":152,"tool":"Pencil"},{"type":"child","parent":"lk89v656s2","x":277,"y":152,"tool":"Pencil"},{"type":"child","parent":"lk89v656s2","x":331,"y":201,"tool":"Pencil"},{"type":"child","parent":"lk89v656s2","x":376,"y":264,"tool":"Pencil"},{"type":"child","parent":"lk89v656s2","x":378,"y":266,"tool":"Pencil"},{"type":"child","parent":"lk89v656s2","x":423,"y":295,"tool":"Pencil"},{"type":"child","parent":"lk89v656s2","x":453,"y":315,"tool":"Pencil"},{"type":"child","parent":"lk89v656s2","x":444,"y":236,"tool":"Pencil"},{"type":"child","parent":"lk89v656s2","x":452,"y":164,"tool":"Pencil"},{"type":"child","parent":"lk89v656s2","x":454,"y":162,"tool":"Pencil"},{"type":"child","parent":"lk89v656s2","x":497,"y":192,"tool":"Pencil"},{"type":"child","parent":"lk89v656s2","x":514,"y":206,"tool":"Pencil"},{"type":"child","parent":"lk89v656s2","x":514,"y":206,"tool":"Pencil"}]},"lk89v66v79":{"type":"line","id":"lk89v66v79","color":"#39cccc","size":10,"tool":"Pencil","time":1585294093176,"_children":[{"type":"child","parent":"lk89v66v79","x":496,"y":245,"tool":"Pencil"},{"type":"child","parent":"lk89v66v79","x":497,"y":245,"tool":"Pencil"},{"type":"child","parent":"lk89v66v79","x":519,"y":248,"tool":"Pencil"},{"type":"child","parent":"lk89v66v79","x":533,"y":257,"tool":"Pencil"},{"type":"child","parent":"lk89v66v79","x":537,"y":260,"tool":"Pencil"},{"type":"child","parent":"lk89v66v79","x":542,"y":260,"tool":"Pencil"},{"type":"child","parent":"lk89v66v79","x":548,"y":252,"tool":"Pencil"},{"type":"child","parent":"lk89v66v79","x":552,"y":235,"tool":"Pencil"},{"type":"child","parent":"lk89v66v79","x":555,"y":224,"tool":"Pencil"},{"type":"child","parent":"lk89v66v79","x":557,"y":217,"tool":"Pencil"},{"type":"child","parent":"lk89v66v79","x":557,"y":217,"tool":"Pencil"}]},"lk89v6l6a8":{"type":"line","id":"lk89v6l6a8","color":"#39cccc","size":10,"tool":"Pencil","time":1585294111743,"_children":[{"type":"child","parent":"lk89v6l6a8","x":287,"y":410,"tool":"Pencil"},{"type":"child","parent":"lk89v6l6a8","x":288,"y":410,"tool":"Pencil"},{"type":"child","parent":"lk89v6l6a8","x":345,"y":428,"tool":"Pencil"},{"type":"child","parent":"lk89v6l6a8","x":387,"y":464,"tool":"Pencil"},{"type":"child","parent":"lk89v6l6a8","x":390,"y":466,"tool":"Pencil"},{"type":"child","parent":"lk89v6l6a8","x":453,"y":443,"tool":"Pencil"},{"type":"child","parent":"lk89v6l6a8","x":496,"y":441,"tool":"Pencil"},{"type":"child","parent":"lk89v6l6a8","x":481,"y":438,"tool":"Pencil"},{"type":"child","parent":"lk89v6l6a8","x":508,"y":394,"tool":"Pencil"},{"type":"child","parent":"lk89v6l6a8","x":521,"y":375,"tool":"Pencil"},{"type":"child","parent":"lk89v6l6a8","x":522,"y":373,"tool":"Pencil"}]},"lk89v6nk2l":{"type":"line","id":"lk89v6nk2l","color":"#39cccc","size":10,"tool":"Pencil","time":1585294114806,"_children":[{"type":"child","parent":"lk89v6nk2l","x":367,"y":335,"tool":"Pencil"},{"type":"child","parent":"lk89v6nk2l","x":367,"y":335,"tool":"Pencil"},{"type":"child","parent":"lk89v6nk2l","x":356,"y":335,"tool":"Pencil"},{"type":"child","parent":"lk89v6nk2l","x":311,"y":332,"tool":"Pencil"},{"type":"child","parent":"lk89v6nk2l","x":300,"y":335,"tool":"Pencil"},{"type":"child","parent":"lk89v6nk2l","x":295,"y":341,"tool":"Pencil"},{"type":"child","parent":"lk89v6nk2l","x":289,"y":345,"tool":"Pencil"},{"type":"child","parent":"lk89v6nk2l","x":284,"y":349,"tool":"Pencil"},{"type":"child","parent":"lk89v6nk2l","x":279,"y":352,"tool":"Pencil"},{"type":"child","parent":"lk89v6nk2l","x":276,"y":352,"tool":"Pencil"},{"type":"child","parent":"lk89v6nk2l","x":272,"y":352,"tool":"Pencil"},{"type":"child","parent":"lk89v6nk2l","x":272,"y":350,"tool":"Pencil"},{"type":"child","parent":"lk89v6nk2l","x":271,"y":350,"tool":"Pencil"},{"type":"child","parent":"lk89v6nk2l","x":248,"y":344,"tool":"Pencil"},{"type":"child","parent":"lk89v6nk2l","x":232,"y":321,"tool":"Pencil"},{"type":"child","parent":"lk89v6nk2l","x":240,"y":280,"tool":"Pencil"},{"type":"child","parent":"lk89v6nk2l","x":251,"y":263,"tool":"Pencil"},{"type":"child","parent":"lk89v6nk2l","x":251,"y":263,"tool":"Pencil"}]},"tk89v6xj4f":{"type":"new","id":"tk89v6xj4f","color":"#39cccc","size":27,"x":161,"y":464.5,"tool":"Text","time":1585294127740}}