{"tjp2nlxuiw":{"type":"new","id":"tjp2nlxuiw","color":"#1913b0","size":27,"x":501,"y":241,"tool":"Text"},"tjp2nlzy7d":{"type":"new","id":"tjp2nlzy7d","color":"#1913b0","size":27,"x":753,"y":369,"tool":"Text"},"tjp2nm0jnf":{"type":"new","id":"tjp2nm0jnf","color":"#1913b0","size":27,"x":505,"y":325,"tool":"Text"},"tjp2nm1nv10":{"type":"new","id":"tjp2nm1nv10","color":"#1913b0","size":27,"x":1559,"y":285,"tool":"Text","txt":"gt"},"tjp2nm3oil":{"type":"new","id":"tjp2nm3oil","color":"#1913b0","size":27,"x":1559,"y":326,"tool":"Text","txt":""},"rjp2nm60by":{"type":"rect","id":"rjp2nm60by","color":"#1913b0","size":10,"x":490,"y":222,"x2":1296,"y2":646,"tool":"Rectangle"},"rjp2nm77ev":{"type":"rect","id":"rjp2nm77ev","color":"#1913b0","size":10,"x":820,"y":411,"x2":913,"y2":504,"tool":"Rectangle"},"rjp2nm7qzf":{"type":"rect","id":"rjp2nm7qzf","color":"#1913b0","size":10,"x":1058,"y":503,"x2":1160,"y2":580,"tool":"Rectangle"},"rjp2nm8g2f":{"type":"rect","id":"rjp2nm8g2f","color":"#1913b0","size":10,"x":1036,"y":347,"x2":1085,"y2":387,"tool":"Rectangle"},"rjp2nm9jmv":{"type":"rect","id":"rjp2nm9jmv","color":"#1913b0","size":10,"x":843,"y":439,"x2":843,"y2":439,"tool":"Rectangle"},"tjp2nmd0in":{"type":"new","id":"tjp2nmd0in","color":"#1913b0","size":27,"x":845,"y":450,"tool":"Text","txt":"hytyy"}}