{"tk88urh8rc":{"type":"new","id":"tk88urh8rc","color":"#B10DC9","size":27,"x":558,"y":339.5,"tool":"Text","time":1585232940662,"txt":""},"tk88us4am5":{"type":"new","id":"tk88us4am5","color":"#10d","size":27,"x":538,"y":227.5,"tool":"Text","time":1585232970520,"txt":""},"tk88uuif03":{"type":"new","id":"tk88uuif03","color":"#aaaaaa","size":27,"x":184,"y":74.5,"tool":"Text","time":1585233082507},"tk88uv7rtd":{"type":"new","id":"tk88uv7rtd","color":"#001f3f","size":27,"x":605.5,"y":305.1,"tool":"Text","time":1585233114982,"txt":""},"tk88uv938x":{"type":"new","id":"tk88uv938x","color":"#001f3f","size":27,"x":733,"y":378.7,"tool":"Text","time":1585233116700},"tk88uv9o3s":{"type":"new","id":"tk88uv9o3s","color":"#001f3f","size":27,"x":663.2,"y":339.7,"tool":"Text","time":1585233117439},"tk88uvb8n1":{"type":"new","id":"tk88uvb8n1","color":"#001f3f","size":27,"x":724.9,"y":492,"tool":"Text","time":1585233119474},"tk88uvbn8g":{"type":"new","id":"tk88uvbn8g","color":"#001f3f","size":27,"x":707,"y":540.2,"tool":"Text","time":1585233120003},"tk88uvc7kg":{"type":"new","id":"tk88uvc7kg","color":"#001f3f","size":27,"x":605.2,"y":522.3,"tool":"Text","time":1585233120732},"tk88uvcp8y":{"type":"new","id":"tk88uvcp8y","color":"#001f3f","size":27,"x":728.4,"y":390.2,"tool":"Text","time":1585233121368},"tk88uvcpro":{"type":"new","id":"tk88uvcpro","color":"#001f3f","size":27,"x":519.5,"y":463.4,"tool":"Text","time":1585233121389},"tk88uvdg5s":{"type":"new","id":"tk88uvdg5s","color":"#001f3f","size":27,"x":475.3,"y":580.2,"tool":"Text","time":1585233122349},"tk88uvdgsp":{"type":"new","id":"tk88uvdgsp","color":"#001f3f","size":27,"x":723.1,"y":462.4,"tool":"Text","time":1585233122363},"tk88uvdtau":{"type":"new","id":"tk88uvdtau","color":"#001f3f","size":27,"x":740.5,"y":613.3,"tool":"Text","time":1585233122815},"tk88uveg8y":{"type":"new","id":"tk88uveg8y","color":"#001f3f","size":27,"x":631.8,"y":699,"tool":"Text","time":1585233123637},"tk88uvfc71":{"type":"new","id":"tk88uvfc71","color":"#001f3f","size":27,"x":785,"y":559.2,"tool":"Text","time":1585233124790},"tk88uvi0w1":{"type":"new","id":"tk88uvi0w1","color":"#001f3f","size":27,"x":492,"y":898,"tool":"Text","time":1585233128276},"tk88uvlj8o":{"type":"new","id":"tk88uvlj8o","color":"#b10dc9","size":27,"x":600,"y":74.5,"tool":"Text","time":1585233132818,"txt":""},"tk88uwlgi4":{"type":"new","id":"tk88uwlgi4","color":"#f012be","size":27,"x":297,"y":528.5,"tool":"Text","time":1585233152845},"tk88uwmzug":{"type":"new","id":"tk88uwmzug","color":"#f012be","size":27,"x":893,"y":633.5,"tool":"Text","time":1585233154836},"tk88uw3pd8":{"type":"new","id":"tk88uw3pd8","color":"#b10dc9","size":27,"x":642,"y":124.5,"tool":"Text","time":1585233156477},"tk88uwp9wg":{"type":"new","id":"tk88uwp9wg","color":"#f012be","size":27,"x":686,"y":552.5,"tool":"Text","time":1585233157791},"tk88uwpp6v":{"type":"new","id":"tk88uwpp6v","color":"#f012be","size":27,"x":634,"y":480.5,"tool":"Text","time":1585233158341},"tk88uwe4dt":{"type":"new","id":"tk88uwe4dt","color":"#aaaaaa","size":27,"x":202,"y":92.5,"tool":"Text","time":1585233170180,"txt":""},"tk88uwfrdb":{"type":"new","id":"tk88uwfrdb","color":"#aaaaaa","size":27,"x":282,"y":84.5,"tool":"Text","time":1585233172367},"tk88uwkllz":{"type":"new","id":"tk88uwkllz","color":"#aaaaaa","size":27,"x":220,"y":451.5,"tool":"Text","time":1585233178655},"tk88uwnkup":{"type":"new","id":"tk88uwnkup","color":"#001f3f","size":27,"x":864.4,"y":1143.6,"tool":"Text","time":1585233182142,"txt":""},"tk88uwodzb":{"type":"new","id":"tk88uwodzb","color":"#001f3f","size":27,"x":928.5,"y":970.8,"tool":"Text","time":1585233183194},"tk88uwz6xm":{"type":"new","id":"tk88uwz6xm","color":"#b10dc9","size":27,"x":407,"y":78,"tool":"Text","time":1585233197164,"txt":""},"tk88uxijc1":{"type":"new","id":"tk88uxijc1","color":"#001f3f","size":27,"x":505.8,"y":761.5,"tool":"Text","time":1585233222270,"txt":""},"tk88uxjmav":{"type":"new","id":"tk88uxjmav","color":"#001f3f","size":27,"x":906,"y":1025.2,"tool":"Text","time":1585233223696},"tk88uxk8hm":{"type":"new","id":"tk88uxk8hm","color":"#001f3f","size":27,"x":525.1,"y":1025.2,"tool":"Text","time":1585233224472},"tk88uxk9510":{"type":"new","id":"tk88uxk9510","color":"#001f3f","size":27,"x":979.7,"y":884.3,"tool":"Text","time":1585233224490},"tk88uxouhs":{"type":"new","id":"tk88uxouhs","color":"#001f3f","size":27,"x":1025.1,"y":1288.3,"tool":"Text","time":1585233230452},"tk88uxp87q":{"type":"new","id":"tk88uxp87q","color":"#001f3f","size":27,"x":1110.8,"y":1213.7,"tool":"Text","time":1585233230951},"tk88uxpzga":{"type":"new","id":"tk88uxpzga","color":"#001f3f","size":27,"x":1289.7,"y":1154.1,"tool":"Text","time":1585233231925},"tk88uxsj0p":{"type":"new","id":"tk88uxsj0p","color":"#001f3f","size":27,"x":633.7,"y":695.6,"tool":"Text","time":1585233235203},"tk88uxtd2j":{"type":"new","id":"tk88uxtd2j","color":"#001f3f","size":27,"x":700.8,"y":744.1,"tool":"Text","time":1585233236291},"tk88uxub9x":{"type":"new","id":"tk88uxub9x","color":"#001f3f","size":27,"x":663.5,"y":826.1,"tool":"Text","time":1585233237532},"tk88uxuc12":{"type":"new","id":"tk88uxuc12","color":"#001f3f","size":27,"x":846.1,"y":777.6,"tool":"Text","time":1585233237566},"tk88uxvd9w":{"type":"new","id":"tk88uxvd9w","color":"#001f3f","size":27,"x":888.8,"y":762.2,"tool":"Text","time":1585233238904},"tk88uxvemc":{"type":"new","id":"tk88uxvemc","color":"#001f3f","size":27,"x":762.7,"y":792.2,"tool":"Text","time":1585233238970},"tk88uxwhj6":{"type":"new","id":"tk88uxwhj6","color":"#001f3f","size":27,"x":862.6,"y":833.4,"tool":"Text","time":1585233241418},"tk88uxwid7":{"type":"new","id":"tk88uxwid7","color":"#001f3f","size":27,"x":723.2,"y":885.1,"tool":"Text","time":1585233241418},"tk88uxxo1q":{"type":"new","id":"tk88uxxo1q","color":"#001f3f","size":27,"x":942.2,"y":361,"tool":"Text","time":1585233242612},"tk88uxy792":{"type":"new","id":"tk88uxy792","color":"#001f3f","size":27,"x":695,"y":472.9,"tool":"Text","time":1585233242612},"tk88uxy7xq":{"type":"new","id":"tk88uxy7xq","color":"#001f3f","size":27,"x":990.7,"y":371,"tool":"Text","time":1585233242612},"tk88uy073r":{"type":"new","id":"tk88uy073r","color":"#001f3f","size":27,"x":802.9,"y":1024.9,"tool":"Text","time":1585233245651},"tk88uy0xhm":{"type":"new","id":"tk88uy0xhm","color":"#001f3f","size":27,"x":517.9,"y":1035.3,"tool":"Text","time":1585233246471},"tk88uy0y1e":{"type":"new","id":"tk88uy0y1e","color":"#001f3f","size":27,"x":1025.3,"y":837.2,"tool":"Text","time":1585233246471},"tk88uy4x5p":{"type":"new","id":"tk88uy4x5p","color":"#001f3f","size":27,"x":956.7,"y":997.9,"tool":"Text","time":1585233251390},"tk88uy5e86":{"type":"new","id":"tk88uy5e86","color":"#001f3f","size":27,"x":904.7,"y":516.1,"tool":"Text","time":1585233251886},"tk88uy5eyt":{"type":"new","id":"tk88uy5eyt","color":"#001f3f","size":27,"x":516.5,"y":703.3,"tool":"Text","time":1585233251901},"tk88uy6od8":{"type":"new","id":"tk88uy6od8","color":"#001f3f","size":27,"x":1478.2,"y":938.1,"tool":"Text","time":1585233253536},"tk88uy9puv":{"type":"new","id":"tk88uy9puv","color":"#001f3f","size":27,"x":1369.7,"y":3671.9,"tool":"Text","time":1585233257475},"tk88uy9yly":{"type":"new","id":"tk88uy9yly","color":"#aaaaaa","size":27,"x":218,"y":492,"tool":"Text","time":1585233258115,"txt":""},"tk88uyagz7":{"type":"new","id":"tk88uyagz7","color":"#001f3f","size":27,"x":1489.6,"y":1417.5,"tool":"Text","time":1585233258455},"tk88uyejma":{"type":"new","id":"tk88uyejma","color":"#001f3f","size":27,"x":1511.3,"y":4355,"tool":"Text","time":1585233263735},"tk88uyf7og":{"type":"new","id":"tk88uyf7og","color":"#001f3f","size":27,"x":1621.2,"y":1140.1,"tool":"Text","time":1585233264598},"tk88uyh8sr":{"type":"new","id":"tk88uyh8sr","color":"#001f3f","size":27,"x":1312.1,"y":1524.8,"tool":"Text","time":1585233267229},"tk88uyjlar":{"type":"new","id":"tk88uyjlar","color":"#aaaaaa","size":27,"x":230,"y":121.5,"tool":"Text","time":1585233270671},"tk88uykd9m":{"type":"new","id":"tk88uykd9m","color":"#aaaaaa","size":27,"x":230,"y":121.5,"tool":"Text","time":1585233271615},"tk88uz0foj":{"type":"new","id":"tk88uz0foj","color":"#001f3f","size":27,"x":1648.7,"y":1043.9,"tool":"Text","time":1585233292108},"tk88uz0ht10":{"type":"new","id":"tk88uz0ht10","color":"#001f3f","size":27,"x":1064.8,"y":3413.9,"tool":"Text","time":1585233292180},"tk88uz18zi":{"type":"new","id":"tk88uz18zi","color":"#001f3f","size":27,"x":1814.6,"y":1392.3,"tool":"Text","time":1585233293164},"tk88uz8up6":{"type":"new","id":"tk88uz8up6","color":"#001f3f","size":27,"x":1339.8,"y":1945.1,"tool":"Text","time":1585233303051},"tk88uz9go3":{"type":"new","id":"tk88uz9go3","color":"#001f3f","size":27,"x":1743,"y":1307.8,"tool":"Text","time":1585233303820},"tk88uza0mh":{"type":"new","id":"tk88uza0mh","color":"#001f3f","size":27,"x":1652,"y":767.9,"tool":"Text","time":1585233304530},"tk88uza1au":{"type":"new","id":"tk88uza1au","color":"#001f3f","size":27,"x":956.1,"y":1158.2,"tool":"Text","time":1585233304550},"tk88uzapp1":{"type":"new","id":"tk88uzapp1","color":"#001f3f","size":27,"x":1383.4,"y":847.1,"tool":"Text","time":1585233305425},"tk88uzar32":{"type":"new","id":"tk88uzar32","color":"#001f3f","size":27,"x":1185.1,"y":1000.3,"tool":"Text","time":1585233305479},"tk88uzi56a":{"type":"new","id":"tk88uzi56a","color":"#001f3f","size":27,"x":1562.1,"y":2445.8,"tool":"Text","time":1585233315052},"tk88v00szv":{"type":"new","id":"tk88v00szv","color":"#001f3f","size":27,"x":1576.6,"y":450.4,"tool":"Text","time":1585233339246},"tk88v01gf8":{"type":"new","id":"tk88v01gf8","color":"#001f3f","size":27,"x":1718.6,"y":505.1,"tool":"Text","time":1585233340082},"tk88v0a1oa":{"type":"new","id":"tk88v0a1oa","color":"#001f3f","size":27,"x":1478.3,"y":548.8,"tool":"Text","time":1585233351211},"tk88v0ditk":{"type":"new","id":"tk88v0ditk","color":"#001f3f","size":27,"x":924.9,"y":2930.1,"tool":"Text","time":1585233355722},"tk88v0hfka":{"type":"new","id":"tk88v0hfka","color":"#001f3f","size":27,"x":652.8,"y":1245.9,"tool":"Text","time":1585233360790},"tk88v0i8yh":{"type":"new","id":"tk88v0i8yh","color":"#001f3f","size":27,"x":1153.4,"y":774.4,"tool":"Text","time":1585233361847},"tk88v0j0rf":{"type":"new","id":"tk88v0j0rf","color":"#001f3f","size":27,"x":976.3,"y":707.4,"tool":"Text","time":1585233362848},"tk88v0j1fa":{"type":"new","id":"tk88v0j1fa","color":"#001f3f","size":27,"x":713.1,"y":841.4,"tool":"Text","time":1585233362871},"tk88v0pdce":{"type":"new","id":"tk88v0pdce","color":"#001f3f","size":27,"x":994.5,"y":1014.8,"tool":"Text","time":1585233371079},"tk88v0pe34":{"type":"new","id":"tk88v0pe34","color":"#001f3f","size":27,"x":670.9,"y":1157.8,"tool":"Text","time":1585233371102},"tk88v0q4fm":{"type":"new","id":"tk88v0q4fm","color":"#001f3f","size":27,"x":955.9,"y":885.1,"tool":"Text","time":1585233372051},"tk88v0qhe4":{"type":"new","id":"tk88v0qhe4","color":"#001f3f","size":27,"x":1001.6,"y":596.9,"tool":"Text","time":1585233372519},"tk88v34k2j":{"type":"new","id":"tk88v34k2j","color":"#001f3f","size":27,"x":845.9,"y":1002.9,"tool":"Text","time":1585233484075},"tk88v35hi1":{"type":"new","id":"tk88v35hi1","color":"#001f3f","size":27,"x":879,"y":826.3,"tool":"Text","time":1585233485275},"tk88v369r8":{"type":"new","id":"tk88v369r8","color":"#001f3f","size":27,"x":731.9,"y":877.8,"tool":"Text","time":1585233486295},"tk88v36sb1":{"type":"new","id":"tk88v36sb1","color":"#001f3f","size":27,"x":787.1,"y":881.5,"tool":"Text","time":1585233486968},"tk88v3nnol":{"type":"new","id":"tk88v3nnol","color":"#001f3f","size":27,"x":842.3,"y":903.6,"tool":"Text","time":1585233508825,"txt":""},"tk88v3or5f":{"type":"new","id":"tk88v3or5f","color":"#001f3f","size":27,"x":757.7,"y":844.7,"tool":"Text","time":1585233510254},"tk88v3p58u":{"type":"new","id":"tk88v3p58u","color":"#001f3f","size":27,"x":573.8,"y":811.6,"tool":"Text","time":1585233510749},"tk88v3r7oa":{"type":"new","id":"tk88v3r7oa","color":"#001f3f","size":27,"x":752.1,"y":1284.5,"tool":"Text","time":1585233513436},"tk88v3rtn6":{"type":"new","id":"tk88v3rtn6","color":"#001f3f","size":27,"x":744.6,"y":882.2,"tool":"Text","time":1585233514231},"tk88v3vcw5":{"type":"new","id":"tk88v3vcw5","color":"#006d8f","size":27,"x":282,"y":435,"tool":"Text","time":1585233518786,"txt":""},"tk88v43u6a":{"type":"new","id":"tk88v43u6a","color":"#001f3f","size":27,"x":910.1,"y":950.2,"tool":"Text","time":1585233529793},"tk88v45iek":{"type":"new","id":"tk88v45iek","color":"#001f3f","size":27,"x":534.7,"y":813.6,"tool":"Text","time":1585233531964},"tk88v4l6zo":{"type":"new","id":"tk88v4l6zo","color":"#006d8f","size":27,"x":373,"y":279.5,"tool":"Text","time":1585233552275},"tk88v4urn1":{"type":"new","id":"tk88v4urn1","color":"#10d","size":27,"x":1379.6,"y":404.2,"tool":"Text","time":1585233564672,"txt":""},"tk88v533zh":{"type":"new","id":"tk88v533zh","color":"#001f3f","size":27,"x":534.7,"y":692.3,"tool":"Text","time":1585233575505,"txt":""},"tk88v53rg1":{"type":"new","id":"tk88v53rg1","color":"#006d8f","size":27,"x":327,"y":175,"tool":"Text","time":1585233576335,"txt":""},"tk88v55g7f":{"type":"new","id":"tk88v55g7f","color":"#006d8f","size":27,"x":416,"y":251.5,"tool":"Text","time":1585233578557,"txt":""},"tk88v6064o":{"type":"new","id":"tk88v6064o","color":"#f012be","size":27,"x":195,"y":555.5,"tool":"Text","time":1585233591823,"txt":""},"tk88v68pmf":{"type":"new","id":"tk88v68pmf","color":"#aaaaaa","size":27,"x":275,"y":253,"tool":"Text","time":1585233629768,"txt":""},"tk88v6o9dj":{"type":"new","id":"tk88v6o9dj","color":"#006d8f","size":27,"x":443,"y":129,"tool":"Text","time":1585233649692,"txt":""},"tk88v75i0c":{"type":"new","id":"tk88v75i0c","color":"#10d","size":27,"x":1262.2,"y":329.9,"tool":"Text","time":1585233671894},"tk88v7azk8":{"type":"new","id":"tk88v7azk8","color":"#10d","size":27,"x":1237.3,"y":333.5,"tool":"Text","time":1585233679005},"tk88v9fu3t":{"type":"new","id":"tk88v9fu3t","color":"#f012be","size":27,"x":208,"y":64,"tool":"Text","time":1585233752091,"txt":""},"rk88vb45aq":{"type":"rect","id":"rk88vb45aq","color":"#f012be","size":10,"x":284,"y":14,"x2":284,"y2":123,"tool":"Rectangle","time":1585233830258},"tk88veikzy":{"type":"new","id":"tk88veikzy","color":"#f012be","size":27,"x":432,"y":360,"tool":"Text","time":1585233988940,"txt":""},"tk88vfh8mm":{"type":"new","id":"tk88vfh8mm","color":"#f012be","size":27,"x":304,"y":332,"tool":"Text","time":1585234033856,"txt":""},"tk88vfc2vc":{"type":"new","id":"tk88vfc2vc","color":"#006d8f","size":27,"x":412,"y":272,"tool":"Text","time":1585234053676,"txt":""},"tk88vfjaq9":{"type":"new","id":"tk88vfjaq9","color":"#aaaaaa","size":27,"x":253,"y":217,"tool":"Text","time":1585234063519,"txt":""},"tk88vfpfkn":{"type":"new","id":"tk88vfpfkn","color":"#001f3f","size":27,"x":1763,"y":945.7,"tool":"Text","time":1585234070996,"txt":""},"tk88vfqlvl":{"type":"new","id":"tk88vfqlvl","color":"#001f3f","size":27,"x":1702.2,"y":957.8,"tool":"Text","time":1585234072531},"tk88vfrz2p":{"type":"new","id":"tk88vfrz2p","color":"#10d","size":27,"x":592,"y":880.7,"tool":"Text","time":1585234074277,"txt":""},"tk88vg4yis":{"type":"new","id":"tk88vg4yis","color":"#001f3f","size":27,"x":2282.4,"y":792.2,"tool":"Text","time":1585234091124,"txt":""},"tk88vg5rc1":{"type":"new","id":"tk88vg5rc1","color":"#001f3f","size":27,"x":2270.4,"y":835.5,"tool":"Text","time":1585234092182},"tk88vg6ggg":{"type":"new","id":"tk88vg6ggg","color":"#001f3f","size":27,"x":2019,"y":1066.9,"tool":"Text","time":1585234093080},"tk88vgaetg":{"type":"new","id":"tk88vgaetg","color":"#001f3f","size":27,"x":1620,"y":1717.3,"tool":"Text","time":1585234098183},"tk88vgcaab":{"type":"new","id":"tk88vgcaab","color":"#001f3f","size":27,"x":1620,"y":1035,"tool":"Text","time":1585234100611},"tk88vhkffj":{"type":"new","id":"tk88vhkffj","color":"#006d8f","size":27,"x":627,"y":402.5,"tool":"Text","time":1585234157844,"txt":"Hör zu"},"tk88vjtg37":{"type":"new","id":"tk88vjtg37","color":"#10d","size":27,"x":824.9,"y":95.3,"tool":"Text","time":1585234262797,"txt":""},"tk88vjuxwg":{"type":"new","id":"tk88vjuxwg","color":"#006d8f","size":27,"x":627,"y":443,"tool":"Text","time":1585234265126,"txt":"melde dich 3 mal"},"tk88vkfqbj":{"type":"new","id":"tk88vkfqbj","color":"#f012be","size":27,"x":368,"y":195.5,"tool":"Text","time":1585234265190},"tk88vkghom":{"type":"new","id":"tk88vkghom","color":"#f012be","size":27,"x":320,"y":231.5,"tool":"Text","time":1585234266164,"txt":"Höre auf dein Bewusstsein"},"tk88vk1bj4":{"type":"new","id":"tk88vk1bj4","color":"#001f3f","size":27,"x":977.6,"y":1031,"tool":"Text","time":1585234273024,"txt":"1. collegeblock aufschlagen Überschrift machen"},"tk88vk1c4p":{"type":"new","id":"tk88vk1c4p","color":"#006d8f","size":27,"x":627,"y":483.5,"tool":"Text","time":1585234273034,"txt":"heute keine Nebengespräche"},"tk88vk4dvv":{"type":"new","id":"tk88vk4dvv","color":"#10d","size":27,"x":824.9,"y":135.8,"tool":"Text","time":1585234276979},"tk88vk7x0c":{"type":"new","id":"tk88vk7x0c","color":"#aaaaaa","size":27,"x":202,"y":203.5,"tool":"Text","time":1585234281953,"txt":"Höre aufmerksam zu. Melde dich oft ,mindestens 2 mal.Gucke mindestens interessiert zu"},"tk88vkc66y":{"type":"new","id":"tk88vkc66y","color":"#10d","size":27,"x":899.6,"y":91.7,"tool":"Text","time":1585234287062,"txt":"To-Do-Liste"},"tk88vkha48":{"type":"new","id":"tk88vkha48","color":"#006d8f","size":27,"x":627,"y":524,"tool":"Text","time":1585234293710,"txt":"zum Schluss kannst du stolz auf dich sein"},"tk88vkij7n":{"type":"new","id":"tk88vkij7n","color":"#10d","size":27,"x":899.6,"y":132.2,"tool":"Text","time":1585234295310,"txt":""},"tk88vkyoyu":{"type":"new","id":"tk88vkyoyu","color":"#001f3f","size":27,"x":997.5,"y":1198.6,"tool":"Text","time":1585234316302,"txt":""},"tk88vlk8z6":{"type":"new","id":"tk88vlk8z6","color":"#f012be","size":27,"x":320,"y":272,"tool":"Text","time":1585234317694,"txt":""},"tk88vln9nz":{"type":"new","id":"tk88vln9nz","color":"#006d8f","size":27,"x":627,"y":564.5,"tool":"Text","time":1585234348144,"txt":":)"},"tk88vloj8k":{"type":"new","id":"tk88vloj8k","color":"#10d","size":27,"x":1512.9,"y":1096.2,"tool":"Text","time":1585234349888,"txt":"(+Datum)"},"tk88vm9lnn":{"type":"new","id":"tk88vm9lnn","color":"#f012be","size":27,"x":466,"y":336.5,"tool":"Text","time":1585234350643,"txt":"denke kurz nach und mach es dann"},"tk88vlukla":{"type":"new","id":"tk88vlukla","color":"#006d8f","size":27,"x":627,"y":605,"tool":"Text","time":1585234358170,"txt":""},"tk88vlx4dh":{"type":"new","id":"tk88vlx4dh","color":"#10d","size":27,"x":872.9,"y":449.1,"tool":"Text","time":1585234360871,"txt":"(Super Punkt!)"},"tk88vm0upe":{"type":"new","id":"tk88vm0upe","color":"#006d8f","size":27,"x":869,"y":459.5,"tool":"Text","time":1585234365760},"tk88vm23k6":{"type":"new","id":"tk88vm23k6","color":"#006d8f","size":27,"x":880,"y":414.5,"tool":"Text","time":1585234367333},"tk88vm3fdh":{"type":"new","id":"tk88vm3fdh","color":"#006d8f","size":27,"x":848,"y":510.5,"tool":"Text","time":1585234369055},"tk88vm6qvx":{"type":"new","id":"tk88vm6qvx","color":"#001f3f","size":27,"x":997.5,"y":1239.1,"tool":"Text","time":1585234373370},"tk88vm6rlo":{"type":"new","id":"tk88vm6rlo","color":"#10d","size":27,"x":684.4,"y":235.7,"tool":"Text","time":1585234373374,"txt":"(?)"},"tk88vmew9n":{"type":"new","id":"tk88vmew9n","color":"#001f3f","size":27,"x":1125.2,"y":795.6,"tool":"Text","time":1585234383934},"tk88vmg2xj":{"type":"new","id":"tk88vmg2xj","color":"#001f3f","size":27,"x":1380.6,"y":787.6,"tool":"Text","time":1585234385465},"tk88vmhbqw":{"type":"new","id":"tk88vmhbqw","color":"#001f3f","size":27,"x":1376.6,"y":867.4,"tool":"Text","time":1585234387076},"tk88vmhspe":{"type":"new","id":"tk88vmhspe","color":"#001f3f","size":27,"x":1560.1,"y":1186.6,"tool":"Text","time":1585234387686},"tk88vmkehb":{"type":"new","id":"tk88vmkehb","color":"#001f3f","size":27,"x":714.2,"y":1066.9,"tool":"Text","time":1585234391062},"tk88vndxb3":{"type":"new","id":"tk88vndxb3","color":"#f012be","size":27,"x":466,"y":377,"tool":"Text","time":1585234402808,"txt":""},"tk88vofcf8":{"type":"new","id":"tk88vofcf8","color":"#001f3f","size":27,"x":1125.2,"y":1230.5,"tool":"Text","time":1585234477824,"txt":"2. melden Zuhören und mitschreiben"},"tk88vp4ejt":{"type":"new","id":"tk88vp4ejt","color":"#001f3f","size":27,"x":1125.2,"y":1271,"tool":"Text","time":1585234510294,"txt":""}}