{"ljqxk1lq71":{"type":"line","id":"ljqxk1lq71","color":"#ff851b","size":10,"tool":"Pencil","time":1547544506591,"_children":[{"type":"child","parent":"ljqxk1lq71","x":3352,"y":584,"tool":"Pencil"},{"type":"child","parent":"ljqxk1lq71","x":3352,"y":588,"tool":"Pencil"},{"type":"child","parent":"ljqxk1lq71","x":3820,"y":576,"tool":"Pencil"},{"type":"child","parent":"ljqxk1lq71","x":3388,"y":812,"tool":"Pencil"},{"type":"child","parent":"ljqxk1lq71","x":3248,"y":872,"tool":"Pencil"},{"type":"child","parent":"ljqxk1lq71","x":3452,"y":1044,"tool":"Pencil"},{"type":"child","parent":"ljqxk1lq71","x":3352,"y":1256,"tool":"Pencil"},{"type":"child","parent":"ljqxk1lq71","x":3572,"y":1032,"tool":"Pencil"},{"type":"child","parent":"ljqxk1lq71","x":3552,"y":1140,"tool":"Pencil"}]},"ljqxk27co2":{"type":"line","id":"ljqxk27co2","color":"#ff851b","size":10,"tool":"Pencil","time":1547544534596,"_children":[{"type":"child","parent":"ljqxk27co2","x":2156,"y":292,"tool":"Pencil"},{"type":"child","parent":"ljqxk27co2","x":2456,"y":240,"tool":"Pencil"},{"type":"child","parent":"ljqxk27co2","x":2364,"y":340,"tool":"Pencil"}]},"ljqxk27jxi":{"type":"line","id":"ljqxk27jxi","color":"#ff851b","size":10,"tool":"Pencil","time":1547544534857,"_children":[{"type":"child","parent":"ljqxk27jxi","x":2084,"y":456,"tool":"Pencil"},{"type":"child","parent":"ljqxk27jxi","x":2504,"y":336,"tool":"Pencil"},{"type":"child","parent":"ljqxk27jxi","x":2596,"y":320,"tool":"Pencil"},{"type":"child","parent":"ljqxk27jxi","x":2448,"y":296,"tool":"Pencil"}]},"ljqxk28r7n":{"type":"line","id":"ljqxk28r7n","color":"#ff851b","size":10,"tool":"Pencil","time":1547544536415,"_children":[{"type":"child","parent":"ljqxk28r7n","x":828,"y":64,"tool":"Pencil"},{"type":"child","parent":"ljqxk28r7n","x":828,"y":68,"tool":"Pencil"},{"type":"child","parent":"ljqxk28r7n","x":708,"y":292,"tool":"Pencil"},{"type":"child","parent":"ljqxk28r7n","x":872,"y":244,"tool":"Pencil"},{"type":"child","parent":"ljqxk28r7n","x":992,"y":236,"tool":"Pencil"},{"type":"child","parent":"ljqxk28r7n","x":888,"y":276,"tool":"Pencil"},{"type":"child","parent":"ljqxk28r7n","x":852,"y":328,"tool":"Pencil"}]},"ljqxk2982g":{"type":"line","id":"ljqxk2982g","color":"#ff851b","size":10,"tool":"Pencil","time":1547544537031,"_children":[{"type":"child","parent":"ljqxk2982g","x":604,"y":420,"tool":"Pencil"},{"type":"child","parent":"ljqxk2982g","x":820,"y":376,"tool":"Pencil"},{"type":"child","parent":"ljqxk2982g","x":816,"y":512,"tool":"Pencil"}]},"ljqxk2ar310":{"type":"line","id":"ljqxk2ar310","color":"#ff851b","size":10,"tool":"Pencil","time":1547544539016,"_children":[{"type":"child","parent":"ljqxk2ar310","x":664,"y":1240,"tool":"Pencil"},{"type":"child","parent":"ljqxk2ar310","x":740,"y":1228,"tool":"Pencil"},{"type":"child","parent":"ljqxk2ar310","x":928,"y":1252,"tool":"Pencil"},{"type":"child","parent":"ljqxk2ar310","x":656,"y":1424,"tool":"Pencil"},{"type":"child","parent":"ljqxk2ar310","x":660,"y":1440,"tool":"Pencil"},{"type":"child","parent":"ljqxk2ar310","x":1032,"y":1376,"tool":"Pencil"},{"type":"child","parent":"ljqxk2ar310","x":820,"y":1340,"tool":"Pencil"},{"type":"child","parent":"ljqxk2ar310","x":800,"y":1336,"tool":"Pencil"},{"type":"child","parent":"ljqxk2ar310","x":648,"y":1592,"tool":"Pencil"},{"type":"child","parent":"ljqxk2ar310","x":744,"y":1560,"tool":"Pencil"},{"type":"child","parent":"ljqxk2ar310","x":1040,"y":1588,"tool":"Pencil"},{"type":"child","parent":"ljqxk2ar310","x":1100,"y":1640,"tool":"Pencil"}]},"ljqxk3njpt":{"type":"line","id":"ljqxk3njpt","color":"#ff851b","size":50,"tool":"Pencil","time":1547544602239,"_children":[{"type":"child","parent":"ljqxk3njpt","x":762.7,"y":448,"tool":"Pencil"},{"type":"child","parent":"ljqxk3njpt","x":778.7,"y":465.8,"tool":"Pencil"},{"type":"child","parent":"ljqxk3njpt","x":1080.9,"y":597.3,"tool":"Pencil"},{"type":"child","parent":"ljqxk3njpt","x":819.6,"y":707.6,"tool":"Pencil"},{"type":"child","parent":"ljqxk3njpt","x":878.2,"y":711.1,"tool":"Pencil"},{"type":"child","parent":"ljqxk3njpt","x":1068.4,"y":707.6,"tool":"Pencil"},{"type":"child","parent":"ljqxk3njpt","x":944,"y":727.1,"tool":"Pencil"}]},"ljqxk3r044":{"type":"line","id":"ljqxk3r044","color":"#ff851b","size":1,"tool":"Pencil","time":1547544606720,"_children":[{"type":"child","parent":"ljqxk3r044","x":641.8,"y":634.7,"tool":"Pencil"},{"type":"child","parent":"ljqxk3r044","x":599.1,"y":730.7,"tool":"Pencil"},{"type":"child","parent":"ljqxk3r044","x":791.1,"y":849.8,"tool":"Pencil"},{"type":"child","parent":"ljqxk3r044","x":677.3,"y":929.8,"tool":"Pencil"},{"type":"child","parent":"ljqxk3r044","x":478.2,"y":954.7,"tool":"Pencil"},{"type":"child","parent":"ljqxk3r044","x":846.2,"y":780.4,"tool":"Pencil"},{"type":"child","parent":"ljqxk3r044","x":636.4,"y":805.3,"tool":"Pencil"},{"type":"child","parent":"ljqxk3r044","x":640,"y":721.8,"tool":"Pencil"},{"type":"child","parent":"ljqxk3r044","x":1063.1,"y":691.6,"tool":"Pencil"}]},"ljqxk3rsje":{"type":"line","id":"ljqxk3rsje","color":"#ff851b","size":1,"tool":"Pencil","time":1547544607741,"_children":[{"type":"child","parent":"ljqxk3rsje","x":773.3,"y":800,"tool":"Pencil"},{"type":"child","parent":"ljqxk3rsje","x":880,"y":720,"tool":"Pencil"},{"type":"child","parent":"ljqxk3rsje","x":1249.8,"y":725.3,"tool":"Pencil"},{"type":"child","parent":"ljqxk3rsje","x":714.7,"y":858.7,"tool":"Pencil"},{"type":"child","parent":"ljqxk3rsje","x":679.1,"y":796.4,"tool":"Pencil"}]},"ljqxk3tb67":{"type":"line","id":"ljqxk3tb67","color":"#ff851b","size":1,"tool":"Pencil","time":1547544609708,"_children":[{"type":"child","parent":"ljqxk3tb67","x":680.9,"y":725.3,"tool":"Pencil"},{"type":"child","parent":"ljqxk3tb67","x":684.4,"y":727.1,"tool":"Pencil"},{"type":"child","parent":"ljqxk3tb67","x":860.4,"y":826.7,"tool":"Pencil"},{"type":"child","parent":"ljqxk3tb67","x":556.4,"y":965.3,"tool":"Pencil"},{"type":"child","parent":"ljqxk3tb67","x":702.2,"y":883.6,"tool":"Pencil"},{"type":"child","parent":"ljqxk3tb67","x":1114.7,"y":856.9,"tool":"Pencil"},{"type":"child","parent":"ljqxk3tb67","x":865.8,"y":1048.9,"tool":"Pencil"},{"type":"child","parent":"ljqxk3tb67","x":965.3,"y":1027.6,"tool":"Pencil"},{"type":"child","parent":"ljqxk3tb67","x":963.6,"y":981.3,"tool":"Pencil"},{"type":"child","parent":"ljqxk3tb67","x":599.1,"y":936.9,"tool":"Pencil"},{"type":"child","parent":"ljqxk3tb67","x":865.8,"y":664.9,"tool":"Pencil"}]},"ljqxk3u5l10":{"type":"line","id":"ljqxk3u5l10","color":"#ff851b","size":1,"tool":"Pencil","time":1547544610806,"_children":[{"type":"child","parent":"ljqxk3u5l10","x":901.3,"y":478.2,"tool":"Pencil"},{"type":"child","parent":"ljqxk3u5l10","x":1303.1,"y":496,"tool":"Pencil"},{"type":"child","parent":"ljqxk3u5l10","x":1283.6,"y":648.9,"tool":"Pencil"},{"type":"child","parent":"ljqxk3u5l10","x":1029.3,"y":732.4,"tool":"Pencil"},{"type":"child","parent":"ljqxk3u5l10","x":1539.6,"y":663.1,"tool":"Pencil"},{"type":"child","parent":"ljqxk3u5l10","x":1315.6,"y":792.9,"tool":"Pencil"},{"type":"child","parent":"ljqxk3u5l10","x":1255.1,"y":764.4,"tool":"Pencil"},{"type":"child","parent":"ljqxk3u5l10","x":1568,"y":688,"tool":"Pencil"},{"type":"child","parent":"ljqxk3u5l10","x":1393.8,"y":931.6,"tool":"Pencil"},{"type":"child","parent":"ljqxk3u5l10","x":1360,"y":876.4,"tool":"Pencil"},{"type":"child","parent":"ljqxk3u5l10","x":1399.1,"y":615.1,"tool":"Pencil"},{"type":"child","parent":"ljqxk3u5l10","x":1434.7,"y":519.1,"tool":"Pencil"},{"type":"child","parent":"ljqxk3u5l10","x":1452.4,"y":808.9,"tool":"Pencil"},{"type":"child","parent":"ljqxk3u5l10","x":1472,"y":768,"tool":"Pencil"},{"type":"child","parent":"ljqxk3u5l10","x":1374.2,"y":453.3,"tool":"Pencil"},{"type":"child","parent":"ljqxk3u5l10","x":1436.4,"y":592,"tool":"Pencil"},{"type":"child","parent":"ljqxk3u5l10","x":1498.7,"y":992,"tool":"Pencil"},{"type":"child","parent":"ljqxk3u5l10","x":1496.9,"y":1059.6,"tool":"Pencil"},{"type":"child","parent":"ljqxk3u5l10","x":1340.4,"y":1031.1,"tool":"Pencil"},{"type":"child","parent":"ljqxk3u5l10","x":1329.8,"y":1036.4,"tool":"Pencil"},{"type":"child","parent":"ljqxk3u5l10","x":1248,"y":1137.8,"tool":"Pencil"},{"type":"child","parent":"ljqxk3u5l10","x":1207.1,"y":1166.2,"tool":"Pencil"},{"type":"child","parent":"ljqxk3u5l10","x":1418.7,"y":1098.7,"tool":"Pencil"},{"type":"child","parent":"ljqxk3u5l10","x":1237.3,"y":1180.4,"tool":"Pencil"},{"type":"child","parent":"ljqxk3u5l10","x":1086.2,"y":1157.3,"tool":"Pencil"},{"type":"child","parent":"ljqxk3u5l10","x":1370.7,"y":1088,"tool":"Pencil"},{"type":"child","parent":"ljqxk3u5l10","x":1240.9,"y":1203.6,"tool":"Pencil"},{"type":"child","parent":"ljqxk3u5l10","x":1116.4,"y":1184,"tool":"Pencil"},{"type":"child","parent":"ljqxk3u5l10","x":1399.1,"y":1152,"tool":"Pencil"},{"type":"child","parent":"ljqxk3u5l10","x":1267.6,"y":1262.2,"tool":"Pencil"},{"type":"child","parent":"ljqxk3u5l10","x":1120,"y":1159.1,"tool":"Pencil"},{"type":"child","parent":"ljqxk3u5l10","x":1344,"y":979.6,"tool":"Pencil"},{"type":"child","parent":"ljqxk3u5l10","x":1306.7,"y":997.3,"tool":"Pencil"},{"type":"child","parent":"ljqxk3u5l10","x":1162.7,"y":787.6,"tool":"Pencil"},{"type":"child","parent":"ljqxk3u5l10","x":1324.4,"y":478.2,"tool":"Pencil"},{"type":"child","parent":"ljqxk3u5l10","x":1361.8,"y":371.6,"tool":"Pencil"},{"type":"child","parent":"ljqxk3u5l10","x":1253.3,"y":314.7,"tool":"Pencil"},{"type":"child","parent":"ljqxk3u5l10","x":1271.1,"y":304,"tool":"Pencil"},{"type":"child","parent":"ljqxk3u5l10","x":1326.2,"y":355.6,"tool":"Pencil"},{"type":"child","parent":"ljqxk3u5l10","x":1024,"y":506.7,"tool":"Pencil"},{"type":"child","parent":"ljqxk3u5l10","x":1265.8,"y":565.3,"tool":"Pencil"},{"type":"child","parent":"ljqxk3u5l10","x":1335.1,"y":672,"tool":"Pencil"},{"type":"child","parent":"ljqxk3u5l10","x":1262.2,"y":750.2,"tool":"Pencil"},{"type":"child","parent":"ljqxk3u5l10","x":1466.7,"y":771.6,"tool":"Pencil"},{"type":"child","parent":"ljqxk3u5l10","x":1328,"y":784,"tool":"Pencil"},{"type":"child","parent":"ljqxk3u5l10","x":1025.8,"y":723.6,"tool":"Pencil"},{"type":"child","parent":"ljqxk3u5l10","x":887.1,"y":568.9,"tool":"Pencil"},{"type":"child","parent":"ljqxk3u5l10","x":803.6,"y":487.1,"tool":"Pencil"},{"type":"child","parent":"ljqxk3u5l10","x":1064.9,"y":490.7,"tool":"Pencil"},{"type":"child","parent":"ljqxk3u5l10","x":940.4,"y":551.1,"tool":"Pencil"},{"type":"child","parent":"ljqxk3u5l10","x":817.8,"y":599.1,"tool":"Pencil"},{"type":"child","parent":"ljqxk3u5l10","x":1025.8,"y":826.7,"tool":"Pencil"},{"type":"child","parent":"ljqxk3u5l10","x":1120,"y":1020.4,"tool":"Pencil"},{"type":"child","parent":"ljqxk3u5l10","x":883.6,"y":1079.1,"tool":"Pencil"},{"type":"child","parent":"ljqxk3u5l10","x":1022.2,"y":1027.6,"tool":"Pencil"},{"type":"child","parent":"ljqxk3u5l10","x":1233.8,"y":1038.2,"tool":"Pencil"},{"type":"child","parent":"ljqxk3u5l10","x":846.2,"y":961.8,"tool":"Pencil"},{"type":"child","parent":"ljqxk3u5l10","x":887.1,"y":712.9,"tool":"Pencil"},{"type":"child","parent":"ljqxk3u5l10","x":1431.1,"y":544,"tool":"Pencil"},{"type":"child","parent":"ljqxk3u5l10","x":1360,"y":670.2,"tool":"Pencil"},{"type":"child","parent":"ljqxk3u5l10","x":917.3,"y":535.1,"tool":"Pencil"},{"type":"child","parent":"ljqxk3u5l10","x":1216,"y":202.7,"tool":"Pencil"},{"type":"child","parent":"ljqxk3u5l10","x":1233.8,"y":154.7,"tool":"Pencil"},{"type":"child","parent":"ljqxk3u5l10","x":771.6,"y":328.9,"tool":"Pencil"},{"type":"child","parent":"ljqxk3u5l10","x":702.2,"y":542.2,"tool":"Pencil"},{"type":"child","parent":"ljqxk3u5l10","x":1112.9,"y":851.6,"tool":"Pencil"},{"type":"child","parent":"ljqxk3u5l10","x":999.1,"y":1146.7,"tool":"Pencil"},{"type":"child","parent":"ljqxk3u5l10","x":862.2,"y":1272.9,"tool":"Pencil"},{"type":"child","parent":"ljqxk3u5l10","x":657.8,"y":917.3,"tool":"Pencil"},{"type":"child","parent":"ljqxk3u5l10","x":659.6,"y":576,"tool":"Pencil"},{"type":"child","parent":"ljqxk3u5l10","x":1219.6,"y":552.9,"tool":"Pencil"},{"type":"child","parent":"ljqxk3u5l10","x":1059.6,"y":700.4,"tool":"Pencil"},{"type":"child","parent":"ljqxk3u5l10","x":755.6,"y":1002.7,"tool":"Pencil"},{"type":"child","parent":"ljqxk3u5l10","x":1127.1,"y":1283.6,"tool":"Pencil"},{"type":"child","parent":"ljqxk3u5l10","x":977.8,"y":1203.6,"tool":"Pencil"},{"type":"child","parent":"ljqxk3u5l10","x":577.8,"y":718.2,"tool":"Pencil"},{"type":"child","parent":"ljqxk3u5l10","x":832,"y":439.1,"tool":"Pencil"},{"type":"child","parent":"ljqxk3u5l10","x":1079.1,"y":398.2,"tool":"Pencil"},{"type":"child","parent":"ljqxk3u5l10","x":634.7,"y":419.6,"tool":"Pencil"},{"type":"child","parent":"ljqxk3u5l10","x":439.1,"y":456.9,"tool":"Pencil"},{"type":"child","parent":"ljqxk3u5l10","x":668.4,"y":737.8,"tool":"Pencil"},{"type":"child","parent":"ljqxk3u5l10","x":1109.3,"y":1077.3,"tool":"Pencil"},{"type":"child","parent":"ljqxk3u5l10","x":1063.1,"y":1184,"tool":"Pencil"},{"type":"child","parent":"ljqxk3u5l10","x":1160.9,"y":1191.1,"tool":"Pencil"},{"type":"child","parent":"ljqxk3u5l10","x":1233.8,"y":1176.9,"tool":"Pencil"},{"type":"child","parent":"ljqxk3u5l10","x":1027.6,"y":1096.9,"tool":"Pencil"},{"type":"child","parent":"ljqxk3u5l10","x":1244.4,"y":894.2,"tool":"Pencil"},{"type":"child","parent":"ljqxk3u5l10","x":1244.4,"y":901.3,"tool":"Pencil"},{"type":"child","parent":"ljqxk3u5l10","x":1171.6,"y":983.1,"tool":"Pencil"},{"type":"child","parent":"ljqxk3u5l10","x":1347.6,"y":1011.6,"tool":"Pencil"},{"type":"child","parent":"ljqxk3u5l10","x":1288.9,"y":1143.1,"tool":"Pencil"},{"type":"child","parent":"ljqxk3u5l10","x":1297.8,"y":1253.3,"tool":"Pencil"},{"type":"child","parent":"ljqxk3u5l10","x":1363.6,"y":1283.6,"tool":"Pencil"},{"type":"child","parent":"ljqxk3u5l10","x":1319.1,"y":1335.1,"tool":"Pencil"},{"type":"child","parent":"ljqxk3u5l10","x":1393.8,"y":1358.2,"tool":"Pencil"},{"type":"child","parent":"ljqxk3u5l10","x":1372.4,"y":1397.3,"tool":"Pencil"},{"type":"child","parent":"ljqxk3u5l10","x":1335.1,"y":1416.9,"tool":"Pencil"},{"type":"child","parent":"ljqxk3u5l10","x":1208.9,"y":1427.6,"tool":"Pencil"},{"type":"child","parent":"ljqxk3u5l10","x":1148.4,"y":1429.3,"tool":"Pencil"},{"type":"child","parent":"ljqxk3u5l10","x":1040,"y":1397.3,"tool":"Pencil"},{"type":"child","parent":"ljqxk3u5l10","x":947.6,"y":1356.4,"tool":"Pencil"},{"type":"child","parent":"ljqxk3u5l10","x":853.3,"y":1317.3,"tool":"Pencil"},{"type":"child","parent":"ljqxk3u5l10","x":762.7,"y":1255.1,"tool":"Pencil"},{"type":"child","parent":"ljqxk3u5l10","x":709.3,"y":1093.3,"tool":"Pencil"},{"type":"child","parent":"ljqxk3u5l10","x":746.7,"y":840.9,"tool":"Pencil"},{"type":"child","parent":"ljqxk3u5l10","x":963.6,"y":615.1,"tool":"Pencil"},{"type":"child","parent":"ljqxk3u5l10","x":1176.9,"y":560,"tool":"Pencil"},{"type":"child","parent":"ljqxk3u5l10","x":1386.7,"y":771.6,"tool":"Pencil"},{"type":"child","parent":"ljqxk3u5l10","x":1111.1,"y":1155.6,"tool":"Pencil"},{"type":"child","parent":"ljqxk3u5l10","x":1072,"y":1198.2,"tool":"Pencil"},{"type":"child","parent":"ljqxk3u5l10","x":1395.6,"y":1159.1,"tool":"Pencil"},{"type":"child","parent":"ljqxk3u5l10","x":1416.9,"y":1057.8,"tool":"Pencil"},{"type":"child","parent":"ljqxk3u5l10","x":1310.2,"y":663.1,"tool":"Pencil"},{"type":"child","parent":"ljqxk3u5l10","x":1235.6,"y":446.2,"tool":"Pencil"},{"type":"child","parent":"ljqxk3u5l10","x":1425.8,"y":432,"tool":"Pencil"},{"type":"child","parent":"ljqxk3u5l10","x":1233.8,"y":570.7,"tool":"Pencil"},{"type":"child","parent":"ljqxk3u5l10","x":1319.1,"y":757.3,"tool":"Pencil"},{"type":"child","parent":"ljqxk3u5l10","x":1466.7,"y":903.1,"tool":"Pencil"},{"type":"child","parent":"ljqxk3u5l10","x":1331.6,"y":1089.8,"tool":"Pencil"},{"type":"child","parent":"ljqxk3u5l10","x":1450.7,"y":1148.4,"tool":"Pencil"},{"type":"child","parent":"ljqxk3u5l10","x":1413.3,"y":1249.8,"tool":"Pencil"},{"type":"child","parent":"ljqxk3u5l10","x":1420.4,"y":1312,"tool":"Pencil"},{"type":"child","parent":"ljqxk3u5l10","x":1450.7,"y":1331.6,"tool":"Pencil"},{"type":"child","parent":"ljqxk3u5l10","x":1255.1,"y":1320.9,"tool":"Pencil"},{"type":"child","parent":"ljqxk3u5l10","x":1372.4,"y":1233.8,"tool":"Pencil"},{"type":"child","parent":"ljqxk3u5l10","x":1431.1,"y":1271.1,"tool":"Pencil"},{"type":"child","parent":"ljqxk3u5l10","x":1376,"y":1393.8,"tool":"Pencil"},{"type":"child","parent":"ljqxk3u5l10","x":1402.7,"y":1413.3,"tool":"Pencil"}]},"ljqxk43p88":{"type":"line","id":"ljqxk43p88","color":"#ff851b","size":1,"tool":"Pencil","time":1547544623200,"_children":[{"type":"child","parent":"ljqxk43p88","x":398.2,"y":168.9,"tool":"Pencil"},{"type":"child","parent":"ljqxk43p88","x":403.6,"y":167.1,"tool":"Pencil"},{"type":"child","parent":"ljqxk43p88","x":922.7,"y":186.7,"tool":"Pencil"},{"type":"child","parent":"ljqxk43p88","x":881.8,"y":234.7,"tool":"Pencil"},{"type":"child","parent":"ljqxk43p88","x":961.8,"y":248.9,"tool":"Pencil"},{"type":"child","parent":"ljqxk43p88","x":1112.9,"y":236.4,"tool":"Pencil"},{"type":"child","parent":"ljqxk43p88","x":968.9,"y":229.3,"tool":"Pencil"},{"type":"child","parent":"ljqxk43p88","x":1178.7,"y":149.3,"tool":"Pencil"},{"type":"child","parent":"ljqxk43p88","x":1345.8,"y":135.1,"tool":"Pencil"},{"type":"child","parent":"ljqxk43p88","x":1208.9,"y":229.3,"tool":"Pencil"},{"type":"child","parent":"ljqxk43p88","x":1493.3,"y":220.4,"tool":"Pencil"},{"type":"child","parent":"ljqxk43p88","x":1365.3,"y":320,"tool":"Pencil"},{"type":"child","parent":"ljqxk43p88","x":1338.7,"y":497.8,"tool":"Pencil"},{"type":"child","parent":"ljqxk43p88","x":1457.8,"y":528,"tool":"Pencil"},{"type":"child","parent":"ljqxk43p88","x":1404.4,"y":640,"tool":"Pencil"},{"type":"child","parent":"ljqxk43p88","x":1408,"y":744.9,"tool":"Pencil"},{"type":"child","parent":"ljqxk43p88","x":1416.9,"y":874.7,"tool":"Pencil"},{"type":"child","parent":"ljqxk43p88","x":1406.2,"y":1022.2,"tool":"Pencil"},{"type":"child","parent":"ljqxk43p88","x":1447.1,"y":1112.9,"tool":"Pencil"},{"type":"child","parent":"ljqxk43p88","x":1393.8,"y":1219.6,"tool":"Pencil"},{"type":"child","parent":"ljqxk43p88","x":1457.8,"y":1255.1,"tool":"Pencil"},{"type":"child","parent":"ljqxk43p88","x":1400.9,"y":1296,"tool":"Pencil"},{"type":"child","parent":"ljqxk43p88","x":1276.4,"y":1351.1,"tool":"Pencil"},{"type":"child","parent":"ljqxk43p88","x":1066.7,"y":1285.3,"tool":"Pencil"},{"type":"child","parent":"ljqxk43p88","x":780.4,"y":1136,"tool":"Pencil"},{"type":"child","parent":"ljqxk43p88","x":1063.1,"y":887.1,"tool":"Pencil"},{"type":"child","parent":"ljqxk43p88","x":942.2,"y":917.3,"tool":"Pencil"},{"type":"child","parent":"ljqxk43p88","x":599.1,"y":908.4,"tool":"Pencil"},{"type":"child","parent":"ljqxk43p88","x":714.7,"y":757.3,"tool":"Pencil"},{"type":"child","parent":"ljqxk43p88","x":874.7,"y":711.1,"tool":"Pencil"},{"type":"child","parent":"ljqxk43p88","x":560,"y":865.8,"tool":"Pencil"},{"type":"child","parent":"ljqxk43p88","x":643.6,"y":1029.3,"tool":"Pencil"},{"type":"child","parent":"ljqxk43p88","x":965.3,"y":1139.6,"tool":"Pencil"},{"type":"child","parent":"ljqxk43p88","x":805.3,"y":1208.9,"tool":"Pencil"},{"type":"child","parent":"ljqxk43p88","x":496,"y":1047.1,"tool":"Pencil"},{"type":"child","parent":"ljqxk43p88","x":567.1,"y":776.9,"tool":"Pencil"},{"type":"child","parent":"ljqxk43p88","x":714.7,"y":673.8,"tool":"Pencil"},{"type":"child","parent":"ljqxk43p88","x":464,"y":636.4,"tool":"Pencil"},{"type":"child","parent":"ljqxk43p88","x":293.3,"y":538.7,"tool":"Pencil"}]},"sjqxk46t310":{"type":"straight","id":"sjqxk46t310","color":"#ff851b","size":1,"x":474.7,"y":236.4,"tool":"Straight line","time":1547544627210,"x2":1192.888888888889,"y2":528},"sjqxk50g7g":{"type":"straight","id":"sjqxk50g7g","color":"#ff851b","size":1,"x":1192.9,"y":528,"tool":"Straight line","time":1547544665621,"x2":771.5555555555555,"y2":1146.6666666666667},"sjqxk519xj":{"type":"straight","id":"sjqxk519xj","color":"#ff851b","size":1,"x":1342.2,"y":794.7,"tool":"Straight line","time":1547544666700,"x2":1342.2222222222222,"y2":792.8888888888889}}