{"ljp2hhp7e7":{"type":"line","id":"ljp2hhp7e7","color":"#1913b0","size":10,"tool":"Pencil","_children":[{"type":"child","parent":"ljp2hhp7e7","x":387,"y":385,"tool":"Pencil"},{"type":"child","parent":"ljp2hhp7e7","x":468,"y":270,"tool":"Pencil"},{"type":"child","parent":"ljp2hhp7e7","x":472,"y":290,"tool":"Pencil"},{"type":"child","parent":"ljp2hhp7e7","x":478,"y":360,"tool":"Pencil"},{"type":"child","parent":"ljp2hhp7e7","x":522,"y":323,"tool":"Pencil"},{"type":"child","parent":"ljp2hhp7e7","x":650,"y":223,"tool":"Pencil"},{"type":"child","parent":"ljp2hhp7e7","x":657,"y":266,"tool":"Pencil"},{"type":"child","parent":"ljp2hhp7e7","x":662,"y":362,"tool":"Pencil"},{"type":"child","parent":"ljp2hhp7e7","x":662,"y":362,"tool":"Pencil"}]},"ljp2hhq42z":{"type":"line","id":"ljp2hhq42z","color":"#1913b0","size":10,"tool":"Pencil","_children":[{"type":"child","parent":"ljp2hhq42z","x":732,"y":227,"tool":"Pencil"},{"type":"child","parent":"ljp2hhq42z","x":733,"y":225,"tool":"Pencil"}]},"ljp2hhqe5f":{"type":"line","id":"ljp2hhqe5f","color":"#1913b0","size":10,"tool":"Pencil","_children":[{"type":"child","parent":"ljp2hhqe5f","x":714,"y":289,"tool":"Pencil"},{"type":"child","parent":"ljp2hhqe5f","x":723,"y":332,"tool":"Pencil"},{"type":"child","parent":"ljp2hhqe5f","x":725,"y":349,"tool":"Pencil"}]},"ljp2hhqruh":{"type":"line","id":"ljp2hhqruh","color":"#1913b0","size":10,"tool":"Pencil","_children":[{"type":"child","parent":"ljp2hhqruh","x":792,"y":200,"tool":"Pencil"},{"type":"child","parent":"ljp2hhqruh","x":787,"y":250,"tool":"Pencil"},{"type":"child","parent":"ljp2hhqruh","x":781,"y":331,"tool":"Pencil"},{"type":"child","parent":"ljp2hhqruh","x":795,"y":309,"tool":"Pencil"},{"type":"child","parent":"ljp2hhqruh","x":864,"y":230,"tool":"Pencil"},{"type":"child","parent":"ljp2hhqruh","x":867,"y":228,"tool":"Pencil"}]},"ljp2hhrarn":{"type":"line","id":"ljp2hhrarn","color":"#1913b0","size":10,"tool":"Pencil","_children":[{"type":"child","parent":"ljp2hhrarn","x":841,"y":255,"tool":"Pencil"},{"type":"child","parent":"ljp2hhrarn","x":846,"y":285,"tool":"Pencil"},{"type":"child","parent":"ljp2hhrarn","x":853,"y":326,"tool":"Pencil"}]},"ljp2hhrnem":{"type":"line","id":"ljp2hhrnem","color":"#1913b0","size":10,"tool":"Pencil","_children":[{"type":"child","parent":"ljp2hhrnem","x":883,"y":272,"tool":"Pencil"},{"type":"child","parent":"ljp2hhrnem","x":899,"y":279,"tool":"Pencil"},{"type":"child","parent":"ljp2hhrnem","x":972,"y":262,"tool":"Pencil"},{"type":"child","parent":"ljp2hhrnem","x":969,"y":242,"tool":"Pencil"},{"type":"child","parent":"ljp2hhrnem","x":913,"y":261,"tool":"Pencil"},{"type":"child","parent":"ljp2hhrnem","x":909,"y":293,"tool":"Pencil"},{"type":"child","parent":"ljp2hhrnem","x":964,"y":299,"tool":"Pencil"},{"type":"child","parent":"ljp2hhrnem","x":967,"y":296,"tool":"Pencil"}]},"ljp2hht2rm":{"type":"line","id":"ljp2hht2rm","color":"#1913b0","size":10,"tool":"Pencil","_children":[{"type":"child","parent":"ljp2hht2rm","x":819,"y":254,"tool":"Pencil"},{"type":"child","parent":"ljp2hht2rm","x":819,"y":254,"tool":"Pencil"}]},"ljp2hhu85n":{"type":"line","id":"ljp2hhu85n","color":"#1913b0","size":10,"tool":"Pencil","_children":[{"type":"child","parent":"ljp2hhu85n","x":1124,"y":205,"tool":"Pencil"}]},"ljp2hjxkdz":{"type":"line","id":"ljp2hjxkdz","color":"#1913b0","size":10,"tool":"Pencil","_children":[{"type":"child","parent":"ljp2hjxkdz","x":625,"y":518,"tool":"Pencil"}]},"ljp2hk3ykl":{"type":"line","id":"ljp2hk3ykl","color":"#1913b0","size":10,"tool":"Pencil","_children":[{"type":"child","parent":"ljp2hk3ykl","x":582,"y":132,"tool":"Pencil"},{"type":"child","parent":"ljp2hk3ykl","x":582,"y":132,"tool":"Pencil"}]},"ljp2hl4sb6":{"type":"line","id":"ljp2hl4sb6","color":"#1913b0","size":10,"tool":"Pencil","_children":[{"type":"child","parent":"ljp2hl4sb6","x":627,"y":561,"tool":"Pencil"},{"type":"child","parent":"ljp2hl4sb6","x":655,"y":559,"tool":"Pencil"},{"type":"child","parent":"ljp2hl4sb6","x":731,"y":542,"tool":"Pencil"},{"type":"child","parent":"ljp2hl4sb6","x":719,"y":541,"tool":"Pencil"},{"type":"child","parent":"ljp2hl4sb6","x":662,"y":552,"tool":"Pencil"},{"type":"child","parent":"ljp2hl4sb6","x":665,"y":556,"tool":"Pencil"},{"type":"child","parent":"ljp2hl4sb6","x":763,"y":561,"tool":"Pencil"}]}}