{"ljziirflwf":{"type":"line","id":"ljziirflwf","color":"#ffdc00","size":10,"tool":"Pencil","time":1566226403834,"_children":[{"type":"child","parent":"ljziirflwf","x":264,"y":202,"tool":"Pencil"},{"type":"child","parent":"ljziirflwf","x":277,"y":202,"tool":"Pencil"},{"type":"child","parent":"ljziirflwf","x":337,"y":196,"tool":"Pencil"},{"type":"child","parent":"ljziirflwf","x":390,"y":195,"tool":"Pencil"},{"type":"child","parent":"ljziirflwf","x":444,"y":195,"tool":"Pencil"},{"type":"child","parent":"ljziirflwf","x":472,"y":193,"tool":"Pencil"},{"type":"child","parent":"ljziirflwf","x":491,"y":193,"tool":"Pencil"},{"type":"child","parent":"ljziirflwf","x":501,"y":193,"tool":"Pencil"},{"type":"child","parent":"ljziirflwf","x":507,"y":193,"tool":"Pencil"},{"type":"child","parent":"ljziirflwf","x":510,"y":193,"tool":"Pencil"},{"type":"child","parent":"ljziirflwf","x":511,"y":194,"tool":"Pencil"},{"type":"child","parent":"ljziirflwf","x":511,"y":211,"tool":"Pencil"},{"type":"child","parent":"ljziirflwf","x":513,"y":228,"tool":"Pencil"},{"type":"child","parent":"ljziirflwf","x":513,"y":233,"tool":"Pencil"},{"type":"child","parent":"ljziirflwf","x":512,"y":234,"tool":"Pencil"},{"type":"child","parent":"ljziirflwf","x":430,"y":234,"tool":"Pencil"},{"type":"child","parent":"ljziirflwf","x":365,"y":234,"tool":"Pencil"},{"type":"child","parent":"ljziirflwf","x":324,"y":234,"tool":"Pencil"},{"type":"child","parent":"ljziirflwf","x":313,"y":234,"tool":"Pencil"},{"type":"child","parent":"ljziirflwf","x":297,"y":234,"tool":"Pencil"},{"type":"child","parent":"ljziirflwf","x":271,"y":234,"tool":"Pencil"},{"type":"child","parent":"ljziirflwf","x":265,"y":234,"tool":"Pencil"},{"type":"child","parent":"ljziirflwf","x":261,"y":232,"tool":"Pencil"},{"type":"child","parent":"ljziirflwf","x":257,"y":230,"tool":"Pencil"},{"type":"child","parent":"ljziirflwf","x":257,"y":228,"tool":"Pencil"},{"type":"child","parent":"ljziirflwf","x":257,"y":214,"tool":"Pencil"},{"type":"child","parent":"ljziirflwf","x":258,"y":206,"tool":"Pencil"},{"type":"child","parent":"ljziirflwf","x":258,"y":206,"tool":"Pencil"}]},"ljziirikio":{"type":"line","id":"ljziirikio","color":"#ffdc00","size":10,"tool":"Pencil","time":1566226407670,"_children":[{"type":"child","parent":"ljziirikio","x":391,"y":235,"tool":"Pencil"},{"type":"child","parent":"ljziirikio","x":391,"y":246,"tool":"Pencil"},{"type":"child","parent":"ljziirikio","x":391,"y":264,"tool":"Pencil"},{"type":"child","parent":"ljziirikio","x":400,"y":269,"tool":"Pencil"},{"type":"child","parent":"ljziirikio","x":439,"y":269,"tool":"Pencil"},{"type":"child","parent":"ljziirikio","x":468,"y":269,"tool":"Pencil"},{"type":"child","parent":"ljziirikio","x":508,"y":269,"tool":"Pencil"},{"type":"child","parent":"ljziirikio","x":517,"y":269,"tool":"Pencil"},{"type":"child","parent":"ljziirikio","x":526,"y":269,"tool":"Pencil"},{"type":"child","parent":"ljziirikio","x":532,"y":269,"tool":"Pencil"}]},"ljziirjmxz":{"type":"line","id":"ljziirjmxz","color":"#ffdc00","size":10,"tool":"Pencil","time":1566226409054,"_children":[{"type":"child","parent":"ljziirjmxz","x":518,"y":253,"tool":"Pencil"},{"type":"child","parent":"ljziirjmxz","x":536,"y":255,"tool":"Pencil"},{"type":"child","parent":"ljziirjmxz","x":539,"y":257,"tool":"Pencil"},{"type":"child","parent":"ljziirjmxz","x":539,"y":267,"tool":"Pencil"},{"type":"child","parent":"ljziirjmxz","x":527,"y":281,"tool":"Pencil"},{"type":"child","parent":"ljziirjmxz","x":521,"y":295,"tool":"Pencil"},{"type":"child","parent":"ljziirjmxz","x":520,"y":297,"tool":"Pencil"}]},"ljziirkr4y":{"type":"line","id":"ljziirkr4y","color":"#ffdc00","size":10,"tool":"Pencil","time":1566226410500,"_children":[{"type":"child","parent":"ljziirkr4y","x":551,"y":247,"tool":"Pencil"},{"type":"child","parent":"ljziirkr4y","x":551,"y":260,"tool":"Pencil"},{"type":"child","parent":"ljziirkr4y","x":551,"y":278,"tool":"Pencil"},{"type":"child","parent":"ljziirkr4y","x":551,"y":287,"tool":"Pencil"},{"type":"child","parent":"ljziirkr4y","x":551,"y":294,"tool":"Pencil"},{"type":"child","parent":"ljziirkr4y","x":556,"y":294,"tool":"Pencil"},{"type":"child","parent":"ljziirkr4y","x":617,"y":294,"tool":"Pencil"},{"type":"child","parent":"ljziirkr4y","x":653,"y":294,"tool":"Pencil"},{"type":"child","parent":"ljziirkr4y","x":672,"y":294,"tool":"Pencil"},{"type":"child","parent":"ljziirkr4y","x":678,"y":294,"tool":"Pencil"},{"type":"child","parent":"ljziirkr4y","x":679,"y":294,"tool":"Pencil"},{"type":"child","parent":"ljziirkr4y","x":680,"y":290,"tool":"Pencil"},{"type":"child","parent":"ljziirkr4y","x":680,"y":274,"tool":"Pencil"},{"type":"child","parent":"ljziirkr4y","x":680,"y":258,"tool":"Pencil"},{"type":"child","parent":"ljziirkr4y","x":680,"y":250,"tool":"Pencil"},{"type":"child","parent":"ljziirkr4y","x":680,"y":249,"tool":"Pencil"},{"type":"child","parent":"ljziirkr4y","x":669,"y":248,"tool":"Pencil"},{"type":"child","parent":"ljziirkr4y","x":640,"y":247,"tool":"Pencil"},{"type":"child","parent":"ljziirkr4y","x":614,"y":242,"tool":"Pencil"},{"type":"child","parent":"ljziirkr4y","x":601,"y":242,"tool":"Pencil"},{"type":"child","parent":"ljziirkr4y","x":583,"y":242,"tool":"Pencil"},{"type":"child","parent":"ljziirkr4y","x":573,"y":242,"tool":"Pencil"},{"type":"child","parent":"ljziirkr4y","x":560,"y":242,"tool":"Pencil"},{"type":"child","parent":"ljziirkr4y","x":557,"y":242,"tool":"Pencil"},{"type":"child","parent":"ljziirkr4y","x":555,"y":242,"tool":"Pencil"}]}}