{"ljp2405n1o":{"type":"line","id":"ljp2405n1o","color":"#1913b0","size":10,"tool":"Pencil","_children":[{"type":"child","parent":"ljp2405n1o","x":128,"y":192,"tool":"Pencil"},{"type":"child","parent":"ljp2405n1o","x":128,"y":185,"tool":"Pencil"},{"type":"child","parent":"ljp2405n1o","x":143,"y":157,"tool":"Pencil"},{"type":"child","parent":"ljp2405n1o","x":177,"y":137,"tool":"Pencil"},{"type":"child","parent":"ljp2405n1o","x":213,"y":144,"tool":"Pencil"},{"type":"child","parent":"ljp2405n1o","x":238,"y":169,"tool":"Pencil"},{"type":"child","parent":"ljp2405n1o","x":244,"y":211,"tool":"Pencil"},{"type":"child","parent":"ljp2405n1o","x":232,"y":252,"tool":"Pencil"},{"type":"child","parent":"ljp2405n1o","x":203,"y":275,"tool":"Pencil"},{"type":"child","parent":"ljp2405n1o","x":166,"y":272,"tool":"Pencil"},{"type":"child","parent":"ljp2405n1o","x":152,"y":249,"tool":"Pencil"},{"type":"child","parent":"ljp2405n1o","x":158,"y":224,"tool":"Pencil"},{"type":"child","parent":"ljp2405n1o","x":188,"y":201,"tool":"Pencil"},{"type":"child","parent":"ljp2405n1o","x":228,"y":190,"tool":"Pencil"},{"type":"child","parent":"ljp2405n1o","x":265,"y":196,"tool":"Pencil"},{"type":"child","parent":"ljp2405n1o","x":289,"y":219,"tool":"Pencil"},{"type":"child","parent":"ljp2405n1o","x":297,"y":256,"tool":"Pencil"},{"type":"child","parent":"ljp2405n1o","x":286,"y":296,"tool":"Pencil"},{"type":"child","parent":"ljp2405n1o","x":269,"y":331,"tool":"Pencil"},{"type":"child","parent":"ljp2405n1o","x":250,"y":350,"tool":"Pencil"},{"type":"child","parent":"ljp2405n1o","x":220,"y":353,"tool":"Pencil"},{"type":"child","parent":"ljp2405n1o","x":201,"y":344,"tool":"Pencil"},{"type":"child","parent":"ljp2405n1o","x":183,"y":329,"tool":"Pencil"},{"type":"child","parent":"ljp2405n1o","x":159,"y":328,"tool":"Pencil"},{"type":"child","parent":"ljp2405n1o","x":148,"y":357,"tool":"Pencil"},{"type":"child","parent":"ljp2405n1o","x":154,"y":386,"tool":"Pencil"},{"type":"child","parent":"ljp2405n1o","x":167,"y":402,"tool":"Pencil"},{"type":"child","parent":"ljp2405n1o","x":190,"y":408,"tool":"Pencil"},{"type":"child","parent":"ljp2405n1o","x":212,"y":394,"tool":"Pencil"},{"type":"child","parent":"ljp2405n1o","x":215,"y":376,"tool":"Pencil"},{"type":"child","parent":"ljp2405n1o","x":196,"y":366,"tool":"Pencil"}]},"tjp240a5xc":{"type":"new","id":"tjp240a5xc","color":"#1913b0","size":27,"x":88,"y":103,"tool":"Text"},"tjp240b2gi":{"type":"new","id":"tjp240b2gi","color":"#1913b0","size":27,"x":281,"y":180,"tool":"Text"},"rjp240eclr":{"type":"rect","id":"rjp240eclr","color":"#1913b0","size":10,"x":134,"y":451,"x2":299.0476379394531,"y2":589.7142944335938,"tool":"Rectangle"},"rjp240f9k8":{"type":"rect","id":"rjp240f9k8","color":"#1913b0","size":10,"x":326,"y":315,"x2":240.76190185546875,"y2":383.23809814453125,"tool":"Rectangle"},"rjp240fxr6":{"type":"rect","id":"rjp240fxr6","color":"#1913b0","size":10,"x":236,"y":148,"x2":102.47618865966797,"y2":269.3333435058594,"tool":"Rectangle"},"rjp240ghsl":{"type":"rect","id":"rjp240ghsl","color":"#1913b0","size":10,"x":169,"y":60,"x2":307.0476379394531,"y2":160.38095092773438,"tool":"Rectangle"},"rjp240gwyw":{"type":"rect","id":"rjp240gwyw","color":"#1913b0","size":10,"x":382,"y":83,"x2":226.2857208251953,"y2":197.33334350585938,"tool":"Rectangle"},"rjp240haeu":{"type":"rect","id":"rjp240haeu","color":"#1913b0","size":10,"x":86,"y":293,"x2":233.1428680419922,"y2":352.76190185546875,"tool":"Rectangle"},"rjp240hnbh":{"type":"rect","id":"rjp240hnbh","color":"#1913b0","size":10,"x":307,"y":261,"x2":192,"y2":395.8095397949219,"tool":"Rectangle"},"rjp240hz66":{"type":"rect","id":"rjp240hz66","color":"#1913b0","size":10,"x":104,"y":422,"x2":230.09524536132812,"y2":535.2380981445312,"tool":"Rectangle"},"rjp240ie5i":{"type":"rect","id":"rjp240ie5i","color":"#1913b0","size":10,"x":302,"y":382,"x2":200,"y2":460.952392578125,"tool":"Rectangle"},"rjp240irww":{"type":"rect","id":"rjp240irww","color":"#1913b0","size":10,"x":138,"y":265,"x2":271.23809814453125,"y2":349.3333435058594,"tool":"Rectangle"},"rjp240j3mn":{"type":"rect","id":"rjp240j3mn","color":"#1913b0","size":10,"x":318,"y":163,"x2":185.90476989746094,"y2":258.28570556640625,"tool":"Rectangle"},"rjp240jf5v":{"type":"rect","id":"rjp240jf5v","color":"#1913b0","size":10,"x":90,"y":77,"x2":239.61904907226562,"y2":144.76190185546875,"tool":"Rectangle"},"rjp240jpt9":{"type":"rect","id":"rjp240jpt9","color":"#1913b0","size":10,"x":323,"y":43,"x2":249.90476989746094,"y2":108.5714340209961,"tool":"Rectangle"},"rjp240jzud":{"type":"rect","id":"rjp240jzud","color":"#1913b0","size":10,"x":133,"y":33,"x2":208.38095092773438,"y2":120,"tool":"Rectangle"},"rjp240k9ie":{"type":"rect","id":"rjp240k9ie","color":"#1913b0","size":10,"x":242,"y":187,"x2":188.57142639160156,"y2":261.3333435058594,"tool":"Rectangle"},"rjp240kgwl":{"type":"rect","id":"rjp240kgwl","color":"#1913b0","size":10,"x":151,"y":350,"x2":231.61904907226562,"y2":566.857177734375,"tool":"Rectangle"},"rjp240kvrq":{"type":"rect","id":"rjp240kvrq","color":"#1913b0","size":10,"x":168,"y":578,"x2":182.85714721679688,"y2":581.3333740234375,"tool":"Rectangle"},"rjp240l6ei":{"type":"rect","id":"rjp240l6ei","color":"#1913b0","size":10,"x":358,"y":384,"x2":299.8095397949219,"y2":401.1428527832031,"tool":"Rectangle"},"rjp240lgov":{"type":"rect","id":"rjp240lgov","color":"#1913b0","size":10,"x":206,"y":318,"x2":308.5714416503906,"y2":254.09524536132812,"tool":"Rectangle"},"rjp240lqw4":{"type":"rect","id":"rjp240lqw4","color":"#1913b0","size":10,"x":307,"y":186,"x2":220.57142639160156,"y2":247.23809814453125,"tool":"Rectangle"},"rjp240m04z":{"type":"rect","id":"rjp240m04z","color":"#1913b0","size":10,"x":60,"y":370,"x2":122.28571319580078,"y2":425.1428527832031,"tool":"Rectangle"},"rjp240m8oc":{"type":"rect","id":"rjp240m8oc","color":"#1913b0","size":10,"x":270,"y":385,"x2":212.1904754638672,"y2":506.2857360839844,"tool":"Rectangle"},"rjp240mg9r":{"type":"rect","id":"rjp240mg9r","color":"#1913b0","size":10,"x":121,"y":537,"x2":181.33334350585938,"y2":596.1904907226562,"tool":"Rectangle"},"rjp240mol4":{"type":"rect","id":"rjp240mol4","color":"#1913b0","size":10,"x":318,"y":541,"x2":281.5238037109375,"y2":553.1428833007812,"tool":"Rectangle"},"rjp240mzeq":{"type":"rect","id":"rjp240mzeq","color":"#1913b0","size":10,"x":280,"y":445,"x2":284.19049072265625,"y2":441.90478515625,"tool":"Rectangle"},"rjp240n7sl":{"type":"rect","id":"rjp240n7sl","color":"#1913b0","size":10,"x":347,"y":203,"x2":255.23809814453125,"y2":225.52381896972656,"tool":"Rectangle"},"rjp240nfjz":{"type":"rect","id":"rjp240nfjz","color":"#1913b0","size":10,"x":101,"y":294,"x2":269.3333435058594,"y2":304.3809509277344,"tool":"Rectangle"},"rjp240nnfb":{"type":"rect","id":"rjp240nnfb","color":"#1913b0","size":10,"x":371,"y":260,"x2":319.6190490722656,"y2":421.3333435058594,"tool":"Rectangle"},"rjp240nu7n":{"type":"rect","id":"rjp240nu7n","color":"#1913b0","size":10,"x":258,"y":400,"x2":150.09524536132812,"y2":393.9047546386719,"tool":"Rectangle"},"rjp240o2ks":{"type":"rect","id":"rjp240o2ks","color":"#1913b0","size":10,"x":71,"y":271,"x2":71.61904907226562,"y2":268.5714416503906,"tool":"Rectangle"},"rjp240o9mc":{"type":"rect","id":"rjp240o9mc","color":"#1913b0","size":10,"x":81,"y":152,"x2":133.71429443359375,"y2":217.90476989746094,"tool":"Rectangle"},"rjp240ogtm":{"type":"rect","id":"rjp240ogtm","color":"#1913b0","size":10,"x":195,"y":371,"x2":171.42857360839844,"y2":475.0476379394531,"tool":"Rectangle"},"rjp240olmf":{"type":"rect","id":"rjp240olmf","color":"#1913b0","size":10,"x":129,"y":492,"x2":62.85714340209961,"y2":429.3333435058594,"tool":"Rectangle"},"rjp240ot4s":{"type":"rect","id":"rjp240ot4s","color":"#1913b0","size":10,"x":75,"y":276,"x2":75.42857360839844,"y2":276.5714416503906,"tool":"Rectangle"},"rjp240otpr":{"type":"rect","id":"rjp240otpr","color":"#1913b0","size":10,"x":382,"y":275,"x2":382.0952453613281,"y2":275.0476379394531,"tool":"Rectangle"},"rjp240ozsh":{"type":"rect","id":"rjp240ozsh","color":"#1913b0","size":10,"x":275,"y":162,"x2":202.2857208251953,"y2":337.5238037109375,"tool":"Rectangle"},"rjp240p6l3":{"type":"rect","id":"rjp240p6l3","color":"#1913b0","size":10,"x":168,"y":401,"x2":168,"y2":401.9047546386719,"tool":"Rectangle"},"ljp3b5xqp7":{"type":"line","id":"ljp3b5xqp7","color":"#1913b0","size":10,"tool":"Pencil","_children":[{"type":"child","parent":"ljp3b5xqp7","x":183,"y":337,"tool":"Pencil"},{"type":"child","parent":"ljp3b5xqp7","x":193,"y":357,"tool":"Pencil"},{"type":"child","parent":"ljp3b5xqp7","x":220,"y":403,"tool":"Pencil"},{"type":"child","parent":"ljp3b5xqp7","x":244,"y":436,"tool":"Pencil"},{"type":"child","parent":"ljp3b5xqp7","x":266,"y":467,"tool":"Pencil"},{"type":"child","parent":"ljp3b5xqp7","x":278,"y":487,"tool":"Pencil"}]},"ljp3b5yfyr":{"type":"line","id":"ljp3b5yfyr","color":"#1913b0","size":10,"tool":"Pencil","_children":[{"type":"child","parent":"ljp3b5yfyr","x":219,"y":684,"tool":"Pencil"},{"type":"child","parent":"ljp3b5yfyr","x":228,"y":649,"tool":"Pencil"},{"type":"child","parent":"ljp3b5yfyr","x":262,"y":583,"tool":"Pencil"}]},"ljp3b5zadb":{"type":"line","id":"ljp3b5zadb","color":"#1913b0","size":10,"tool":"Pencil","_children":[{"type":"child","parent":"ljp3b5zadb","x":103,"y":228,"tool":"Pencil"},{"type":"child","parent":"ljp3b5zadb","x":198,"y":166,"tool":"Pencil"}]},"rjp3b60sl4":{"type":"rect","id":"rjp3b60sl4","color":"#1913b0","size":10,"x":121.14286041259766,"y":687.2380981445312,"x2":322.66668701171875,"y2":486.4761962890625,"tool":"Rectangle"},"rjp3b61myo":{"type":"rect","id":"rjp3b61myo","color":"#1913b0","size":10,"x":370.2857360839844,"y":319.23809814453125,"x2":226.6666717529297,"y2":460.952392578125,"tool":"Rectangle"},"rjp3b623f3":{"type":"rect","id":"rjp3b623f3","color":"#1913b0","size":10,"x":371.4285888671875,"y":190.09524536132812,"x2":254.85714721679688,"y2":339.4285888671875,"tool":"Rectangle"},"rjp3b62gko":{"type":"rect","id":"rjp3b62gko","color":"#1913b0","size":10,"x":255.61904907226562,"y":245.33334350585938,"x2":190.4761962890625,"y2":366.0952453613281,"tool":"Rectangle"},"rjp3b62ux7":{"type":"rect","id":"rjp3b62ux7","color":"#1913b0","size":10,"x":138.6666717529297,"y":333.3333435058594,"x2":201.1428680419922,"y2":433.1428527832031,"tool":"Rectangle"},"rjp3b637fl":{"type":"rect","id":"rjp3b637fl","color":"#1913b0","size":10,"x":136.76190185546875,"y":522.2857055664062,"x2":182.85714721679688,"y2":354.66668701171875,"tool":"Rectangle"},"rjp3b63igj":{"type":"rect","id":"rjp3b63igj","color":"#1913b0","size":10,"x":147.04762268066406,"y":310.8571472167969,"x2":91.80952453613281,"y2":504,"tool":"Rectangle"},"rjp3b642al":{"type":"rect","id":"rjp3b642al","color":"#1913b0","size":10,"x":81.52381134033203,"y":545.5238037109375,"x2":24,"y2":568,"tool":"Rectangle"},"rjp3b64f9r":{"type":"rect","id":"rjp3b64f9r","color":"#1913b0","size":10,"x":44.57143020629883,"y":636.1904907226562,"x2":157.71429443359375,"y2":544,"tool":"Rectangle"},"rjp3b64xqs":{"type":"rect","id":"rjp3b64xqs","color":"#1913b0","size":10,"x":145.52381896972656,"y":501.3333435058594,"x2":29.71428680419922,"y2":370.66668701171875,"tool":"Rectangle"},"rjp3b65lfv":{"type":"rect","id":"rjp3b65lfv","color":"#1913b0","size":10,"x":117.33333587646484,"y":332.952392578125,"x2":7.61904764175415,"y2":315.0476379394531,"tool":"Rectangle"},"rjp3b666pv":{"type":"rect","id":"rjp3b666pv","color":"#1913b0","size":10,"x":121.52381134033203,"y":412.19049072265625,"x2":65.14286041259766,"y2":428.19049072265625,"tool":"Rectangle"},"rjp3b66lk8":{"type":"rect","id":"rjp3b66lk8","color":"#1913b0","size":10,"x":143.61904907226562,"y":505.90478515625,"x2":55.23809814453125,"y2":533.3333129882812,"tool":"Rectangle"},"rjp3b66yyt":{"type":"rect","id":"rjp3b66yyt","color":"#1913b0","size":10,"x":136.76190185546875,"y":590.0952758789062,"x2":35.0476188659668,"y2":620.952392578125,"tool":"Rectangle"},"rjp3b67ad5":{"type":"rect","id":"rjp3b67ad5","color":"#1913b0","size":10,"x":133.3333282470703,"y":664.3809814453125,"x2":75.42857360839844,"y2":675.4285888671875,"tool":"Rectangle"},"rjp3b67n0f":{"type":"rect","id":"rjp3b67n0f","color":"#1913b0","size":10,"x":134.85714721679688,"y":721.5238037109375,"x2":62.476192474365234,"y2":715.047607421875,"tool":"Rectangle"},"rjp3b67zf4":{"type":"rect","id":"rjp3b67zf4","color":"#1913b0","size":10,"x":159.23809814453125,"y":683.8095092773438,"x2":232,"y2":518.4761962890625,"tool":"Rectangle"},"rjp3b68apa":{"type":"rect","id":"rjp3b68apa","color":"#1913b0","size":10,"x":264.3809509277344,"y":647.6190795898438,"x2":328,"y2":528.7619018554688,"tool":"Rectangle"},"rjp3b68kes":{"type":"rect","id":"rjp3b68kes","color":"#1913b0","size":10,"x":276.5714416503906,"y":590.4761962890625,"x2":366.4761962890625,"y2":505.1428527832031,"tool":"Rectangle"},"rjp3b68vvz":{"type":"rect","id":"rjp3b68vvz","color":"#1913b0","size":10,"x":216.76190185546875,"y":496.76190185546875,"x2":297.9047546386719,"y2":385.5238037109375,"tool":"Rectangle"},"rjp3b696e4":{"type":"rect","id":"rjp3b696e4","color":"#1913b0","size":10,"x":154.6666717529297,"y":385.1428527832031,"x2":257.5238037109375,"y2":272,"tool":"Rectangle"},"rjp3b69f9j":{"type":"rect","id":"rjp3b69f9j","color":"#1913b0","size":10,"x":256.76190185546875,"y":302.4761962890625,"x2":241.52381896972656,"y2":272.3809509277344,"tool":"Rectangle"},"rjp3b69pmb":{"type":"rect","id":"rjp3b69pmb","color":"#1913b0","size":10,"x":288.3809509277344,"y":145.90476989746094,"x2":180.95237731933594,"y2":218.6666717529297,"tool":"Rectangle"},"rjp3b69y97":{"type":"rect","id":"rjp3b69y97","color":"#1913b0","size":10,"x":101.71428680419922,"y":313.9047546386719,"x2":203.8095245361328,"y2":241.52381896972656,"tool":"Rectangle"},"rjp3b6a52u":{"type":"rect","id":"rjp3b6a52u","color":"#1913b0","size":10,"x":321.5238037109375,"y":168.38095092773438,"x2":180.1904754638672,"y2":286.4761962890625,"tool":"Rectangle"},"rjp3b6adbz":{"type":"rect","id":"rjp3b6adbz","color":"#1913b0","size":10,"x":119.61904907226562,"y":378.66668701171875,"x2":202.2857208251953,"y2":289.1428527832031,"tool":"Rectangle"},"rjp3b6ajf4":{"type":"rect","id":"rjp3b6ajf4","color":"#1913b0","size":10,"x":329.1428527832031,"y":190.4761962890625,"x2":204.57142639160156,"y2":352.3809509277344,"tool":"Rectangle"},"rjp3b6aqao":{"type":"rect","id":"rjp3b6aqao","color":"#1913b0","size":10,"x":153.14285278320312,"y":476.5714416503906,"x2":155.42857360839844,"y2":473.5238037109375,"tool":"Rectangle"},"rjp3b6avpq":{"type":"rect","id":"rjp3b6avpq","color":"#1913b0","size":10,"x":326.8571472167969,"y":259.8095397949219,"x2":200.76190185546875,"y2":412.952392578125,"tool":"Rectangle"},"rjp3b6b2k3":{"type":"rect","id":"rjp3b6b2k3","color":"#1913b0","size":10,"x":176,"y":492.5714416503906,"x2":289.1428527832031,"y2":324.952392578125,"tool":"Rectangle"},"rjp3b6b8gx":{"type":"rect","id":"rjp3b6b8gx","color":"#1913b0","size":10,"x":327.6190490722656,"y":275.4285888671875,"x2":176,"y2":436.5714416503906,"tool":"Rectangle"},"rjp3b6bf8h":{"type":"rect","id":"rjp3b6bf8h","color":"#1913b0","size":10,"x":144,"y":480,"x2":245.33334350585938,"y2":342.0952453613281,"tool":"Rectangle"},"rjp3b6bl7n":{"type":"rect","id":"rjp3b6bl7n","color":"#1913b0","size":10,"x":292.952392578125,"y":265.5238037109375,"x2":132.1904754638672,"y2":438.4761962890625,"tool":"Rectangle"},"rjp3b6brzu":{"type":"rect","id":"rjp3b6brzu","color":"#1913b0","size":10,"x":120.38095092773438,"y":470.4761962890625,"x2":246.09524536132812,"y2":320.76190185546875,"tool":"Rectangle"},"rjp3b6bxwe":{"type":"rect","id":"rjp3b6bxwe","color":"#1913b0","size":10,"x":284.952392578125,"y":269.71429443359375,"x2":163.42857360839844,"y2":414.0952453613281,"tool":"Rectangle"},"rjp3b6c5b9":{"type":"rect","id":"rjp3b6c5b9","color":"#1913b0","size":10,"x":161.14285278320312,"y":431.23809814453125,"x2":164.57142639160156,"y2":426.66668701171875,"tool":"Rectangle"},"rjp3b6cb27":{"type":"rect","id":"rjp3b6cb27","color":"#1913b0","size":10,"x":282.66668701171875,"y":270.8571472167969,"x2":157.71429443359375,"y2":415.23809814453125,"tool":"Rectangle"},"rjp3b6chnl":{"type":"rect","id":"rjp3b6chnl","color":"#1913b0","size":10,"x":106.66667175292969,"y":494.0952453613281,"x2":262.8571472167969,"y2":322.28570556640625,"tool":"Rectangle"},"rjp3b6cns5":{"type":"rect","id":"rjp3b6cns5","color":"#1913b0","size":10,"x":303.6190490722656,"y":280.76190185546875,"x2":170.2857208251953,"y2":429.71429443359375,"tool":"Rectangle"},"rjp3b6cvck":{"type":"rect","id":"rjp3b6cvck","color":"#1913b0","size":10,"x":141.71429443359375,"y":478.4761962890625,"x2":273.5238037109375,"y2":328.76190185546875,"tool":"Rectangle"},"rjp3b6d0j4":{"type":"rect","id":"rjp3b6d0j4","color":"#1913b0","size":10,"x":324.19049072265625,"y":273.1428527832031,"x2":198.4761962890625,"y2":406.8571472167969,"tool":"Rectangle"},"rjp3b6d7l0":{"type":"rect","id":"rjp3b6d7l0","color":"#1913b0","size":10,"x":137.90476989746094,"y":491.8095397949219,"x2":264.76190185546875,"y2":338.66668701171875,"tool":"Rectangle"},"rjp3b6dcz6":{"type":"rect","id":"rjp3b6dcz6","color":"#1913b0","size":10,"x":307.4285888671875,"y":290.28570556640625,"x2":187.8095245361328,"y2":424.3809509277344,"tool":"Rectangle"},"rjp3b6dkdd":{"type":"rect","id":"rjp3b6dkdd","color":"#1913b0","size":10,"x":126.0952377319336,"y":522.2857055664062,"x2":231.23809814453125,"y2":389.3333435058594,"tool":"Rectangle"},"rjp3b6dq69":{"type":"rect","id":"rjp3b6dq69","color":"#1913b0","size":10,"x":297.1428527832031,"y":305.9047546386719,"x2":188.57142639160156,"y2":430.4761962890625,"tool":"Rectangle"},"rjp3b6dxjy":{"type":"rect","id":"rjp3b6dxjy","color":"#1913b0","size":10,"x":139.04762268066406,"y":517.7142944335938,"x2":265.1428527832031,"y2":347.8095397949219,"tool":"Rectangle"},"rjp3b6e35r":{"type":"rect","id":"rjp3b6e35r","color":"#1913b0","size":10,"x":312.3809509277344,"y":290.66668701171875,"x2":176,"y2":415.23809814453125,"tool":"Rectangle"},"rjp3b6eahl":{"type":"rect","id":"rjp3b6eahl","color":"#1913b0","size":10,"x":84.57142639160156,"y":495.6190490722656,"x2":209.52381896972656,"y2":356.5714416503906,"tool":"Rectangle"},"rjp3b6eh2n":{"type":"rect","id":"rjp3b6eh2n","color":"#1913b0","size":10,"x":260.952392578125,"y":313.1428527832031,"x2":133.3333282470703,"y2":478.8571472167969,"tool":"Rectangle"},"rjp3b6eo45":{"type":"rect","id":"rjp3b6eo45","color":"#1913b0","size":10,"x":153.14285278320312,"y":476.5714416503906,"x2":282.28570556640625,"y2":327.23809814453125,"tool":"Rectangle"},"rjp3b6etab":{"type":"rect","id":"rjp3b6etab","color":"#1913b0","size":10,"x":321.1428527832031,"y":286.8571472167969,"x2":204.1904754638672,"y2":412.5714416503906,"tool":"Rectangle"},"rjp3b6f0vb":{"type":"rect","id":"rjp3b6f0vb","color":"#1913b0","size":10,"x":172.95237731933594,"y":479.23809814453125,"x2":281.5238037109375,"y2":339.0476379394531,"tool":"Rectangle"},"rjp3b6f61n":{"type":"rect","id":"rjp3b6f61n","color":"#1913b0","size":10,"x":281.9047546386719,"y":322.28570556640625,"x2":178.6666717529297,"y2":415.23809814453125,"tool":"Rectangle"},"rjp3b6fdm5":{"type":"rect","id":"rjp3b6fdm5","color":"#1913b0","size":10,"x":121.52381134033203,"y":508.952392578125,"x2":209.1428680419922,"y2":548.952392578125,"tool":"Rectangle"},"rjp3b6fr9g":{"type":"rect","id":"rjp3b6fr9g","color":"#1913b0","size":10,"x":226.6666717529297,"y":497.1428527832031,"x2":273.5238037109375,"y2":396.5714416503906,"tool":"Rectangle"},"rjp3b6fyaa":{"type":"rect","id":"rjp3b6fyaa","color":"#1913b0","size":10,"x":291.4285888671875,"y":338.66668701171875,"x2":188.1904754638672,"y2":416,"tool":"Rectangle"},"rjp3b6g5dt":{"type":"rect","id":"rjp3b6g5dt","color":"#1913b0","size":10,"x":136,"y":475.4285888671875,"x2":206.85714721679688,"y2":422.4761962890625,"tool":"Rectangle"},"rjp3b6gc7w":{"type":"rect","id":"rjp3b6gc7w","color":"#1913b0","size":10,"x":276.952392578125,"y":360.76190185546875,"x2":161.52381896972656,"y2":419.8095397949219,"tool":"Rectangle"},"rjp3b6gj9m":{"type":"rect","id":"rjp3b6gj9m","color":"#1913b0","size":10,"x":101.71428680419922,"y":472,"x2":193.90476989746094,"y2":415.23809814453125,"tool":"Rectangle"},"rjp3b6gp5q":{"type":"rect","id":"rjp3b6gp5q","color":"#1913b0","size":10,"x":283.4285888671875,"y":385.5238037109375,"x2":217.52381896972656,"y2":480.76190185546875,"tool":"Rectangle"},"rjp3b6gw09":{"type":"rect","id":"rjp3b6gw09","color":"#1913b0","size":10,"x":186.2857208251953,"y":507.0476379394531,"x2":271.6190490722656,"y2":420.5714416503906,"tool":"Rectangle"},"rjp3b6h32v":{"type":"rect","id":"rjp3b6h32v","color":"#1913b0","size":10,"x":309.3333435058594,"y":374.8571472167969,"x2":93.33333587646484,"y2":497.90478515625,"tool":"Rectangle"},"rjp3b6hbbg":{"type":"rect","id":"rjp3b6hbbg","color":"#1913b0","size":10,"x":132.1904754638672,"y":467.8095397949219,"x2":262.8571472167969,"y2":358.0952453613281,"tool":"Rectangle"},"rjp3b6hi52":{"type":"rect","id":"rjp3b6hi52","color":"#1913b0","size":10,"x":327.23809814453125,"y":307.4285888671875,"x2":201.1428680419922,"y2":386.2857360839844,"tool":"Rectangle"},"rjp3b6hpma":{"type":"rect","id":"rjp3b6hpma","color":"#1913b0","size":10,"x":104,"y":459.4285888671875,"x2":217.90476989746094,"y2":353.9047546386719,"tool":"Rectangle"},"rjp3b6hx0y":{"type":"rect","id":"rjp3b6hx0y","color":"#1913b0","size":10,"x":312.3809509277344,"y":300.952392578125,"x2":243.8095245361328,"y2":481.1428527832031,"tool":"Rectangle"},"rjp3b6i512":{"type":"rect","id":"rjp3b6i512","color":"#1913b0","size":10,"x":254.85714721679688,"y":484.19049072265625,"x2":319.23809814453125,"y2":393.9047546386719,"tool":"Rectangle"},"rjp3b6ic3y":{"type":"rect","id":"rjp3b6ic3y","color":"#1913b0","size":10,"x":340.19049072265625,"y":351.6190490722656,"x2":155.42857360839844,"y2":434.66668701171875,"tool":"Rectangle"},"rjp3b6il13":{"type":"rect","id":"rjp3b6il13","color":"#1913b0","size":10,"x":172.1904754638672,"y":417.5238037109375,"x2":270.4761962890625,"y2":366.0952453613281,"tool":"Rectangle"},"rjp3b6irwc":{"type":"rect","id":"rjp3b6irwc","color":"#1913b0","size":10,"x":340.952392578125,"y":340.5714416503906,"x2":170.2857208251953,"y2":493.71429443359375,"tool":"Rectangle"},"rjp3b6ize6":{"type":"rect","id":"rjp3b6ize6","color":"#1913b0","size":10,"x":174.09524536132812,"y":477.71429443359375,"x2":249.90476989746094,"y2":405.71429443359375,"tool":"Rectangle"},"rjp3b6j6gk":{"type":"rect","id":"rjp3b6j6gk","color":"#1913b0","size":10,"x":314.28570556640625,"y":332.5714416503906,"x2":174.4761962890625,"y2":392,"tool":"Rectangle"},"rjp3b6jdz6":{"type":"rect","id":"rjp3b6jdz6","color":"#1913b0","size":10,"x":131.8095245361328,"y":390.4761962890625,"x2":300.5714416503906,"y2":253.71429443359375,"tool":"Rectangle"},"rjp3b6jmge":{"type":"rect","id":"rjp3b6jmge","color":"#1913b0","size":10,"x":329.9047546386719,"y":221.33334350585938,"x2":177.90476989746094,"y2":349.3333435058594,"tool":"Rectangle"},"rjp3b6ju0i":{"type":"rect","id":"rjp3b6ju0i","color":"#1913b0","size":10,"x":111.61904907226562,"y":411.4285888671875,"x2":277.3333435058594,"y2":252.1904754638672,"tool":"Rectangle"},"rjp3b6k24h":{"type":"rect","id":"rjp3b6k24h","color":"#1913b0","size":10,"x":304.76190185546875,"y":227.8095245361328,"x2":100.5714340209961,"y2":467.4285888671875,"tool":"Rectangle"},"rjp3b6kaic":{"type":"rect","id":"rjp3b6kaic","color":"#1913b0","size":10,"x":149.33334350585938,"y":413.71429443359375,"x2":375.6190490722656,"y2":214.85714721679688,"tool":"Rectangle"},"rjp3b6ki19":{"type":"rect","id":"rjp3b6ki19","color":"#1913b0","size":10,"x":334.4761962890625,"y":231.23809814453125,"x2":153.90476989746094,"y2":440.76190185546875,"tool":"Rectangle"},"rjp3b6kqtw":{"type":"rect","id":"rjp3b6kqtw","color":"#1913b0","size":10,"x":130.2857208251953,"y":467.0476379394531,"x2":216,"y2":371.0476379394531,"tool":"Rectangle"},"rjp3b6ky1j":{"type":"rect","id":"rjp3b6ky1j","color":"#1913b0","size":10,"x":313.9047546386719,"y":268.19049072265625,"x2":111.61904907226562,"y2":494.0952453613281,"tool":"Rectangle"},"rjp3b6l6k9":{"type":"rect","id":"rjp3b6l6k9","color":"#1913b0","size":10,"x":109.71428680419922,"y":500.952392578125,"x2":192.38095092773438,"y2":394.66668701171875,"tool":"Rectangle"},"rjp3b6letq":{"type":"rect","id":"rjp3b6letq","color":"#1913b0","size":10,"x":247.23809814453125,"y":308.19049072265625,"x2":78.0952377319336,"y2":474.2857360839844,"tool":"Rectangle"},"rjp3b6lma9":{"type":"rect","id":"rjp3b6lma9","color":"#1913b0","size":10,"x":98.28571319580078,"y":451.4285888671875,"x2":195.42857360839844,"y2":355.0476379394531,"tool":"Rectangle"},"rjp3b6lto0":{"type":"rect","id":"rjp3b6lto0","color":"#1913b0","size":10,"x":299.8095397949219,"y":263.23809814453125,"x2":124.5714340209961,"y2":467.0476379394531,"tool":"Rectangle"},"rjp3b6m1jw":{"type":"rect","id":"rjp3b6m1jw","color":"#1913b0","size":10,"x":112.38095092773438,"y":473.90478515625,"x2":214.09524536132812,"y2":371.8095397949219,"tool":"Rectangle"},"rjp3b6m8w8":{"type":"rect","id":"rjp3b6m8w8","color":"#1913b0","size":10,"x":311.23809814453125,"y":283.4285888671875,"x2":161.52381896972656,"y2":497.90478515625,"tool":"Rectangle"},"rjp3b6mgqk":{"type":"rect","id":"rjp3b6mgqk","color":"#1913b0","size":10,"x":143.23809814453125,"y":513.1428833007812,"x2":286.8571472167969,"y2":478.8571472167969,"tool":"Rectangle"},"rjp3b6mp6f":{"type":"rect","id":"rjp3b6mp6f","color":"#1913b0","size":10,"x":265.5238037109375,"y":477.71429443359375,"x2":158.09524536132812,"y2":483.8095397949219,"tool":"Rectangle"},"rjp3b6mwqh":{"type":"rect","id":"rjp3b6mwqh","color":"#1913b0","size":10,"x":100.19047546386719,"y":490.2857360839844,"x2":179.8095245361328,"y2":396.5714416503906,"tool":"Rectangle"},"rjp3b6n58b":{"type":"rect","id":"rjp3b6n58b","color":"#1913b0","size":10,"x":273.5238037109375,"y":290.28570556640625,"x2":129.14285278320312,"y2":428.952392578125,"tool":"Rectangle"},"rjp3b6ndh9":{"type":"rect","id":"rjp3b6ndh9","color":"#1913b0","size":10,"x":111.61904907226562,"y":445.71429443359375,"x2":215.61904907226562,"y2":345.1428527832031,"tool":"Rectangle"},"rjp3b6nkj9":{"type":"rect","id":"rjp3b6nkj9","color":"#1913b0","size":10,"x":309.71429443359375,"y":265.5238037109375,"x2":134.85714721679688,"y2":429.71429443359375,"tool":"Rectangle"},"rjp3b6ns9u":{"type":"rect","id":"rjp3b6ns9u","color":"#1913b0","size":10,"x":120,"y":441.90478515625,"x2":252.1904754638672,"y2":365.71429443359375,"tool":"Rectangle"},"rjp3b6o1hk":{"type":"rect","id":"rjp3b6o1hk","color":"#1913b0","size":10,"x":250.6666717529297,"y":361.1428527832031,"x2":184.38095092773438,"y2":368.76190185546875,"tool":"Rectangle"},"rjp3b6o92n":{"type":"rect","id":"rjp3b6o92n","color":"#1913b0","size":10,"x":128,"y":391.6190490722656,"x2":190.4761962890625,"y2":407.6190490722656,"tool":"Rectangle"},"rjp3b6ohak":{"type":"rect","id":"rjp3b6ohak","color":"#1913b0","size":10,"x":265.9047546386719,"y":429.3333435058594,"x2":189.71429443359375,"y2":445.3333435058594,"tool":"Rectangle"},"rjp3b6opet":{"type":"rect","id":"rjp3b6opet","color":"#1913b0","size":10,"x":125.33333587646484,"y":523.4285888671875,"x2":214.09524536132812,"y2":526.4761962890625,"tool":"Rectangle"},"rjp3b6pl610":{"type":"rect","id":"rjp3b6pl610","color":"#1913b0","size":10,"x":83.42857360839844,"y":574.857177734375,"x2":338.28570556640625,"y2":230.09524536132812,"tool":"Rectangle"},"rjp3b6rqfl":{"type":"rect","id":"rjp3b6rqfl","color":"#1913b0","size":10,"x":368,"y":588.5714111328125,"x2":53.333335876464844,"y2":205.71429443359375,"tool":"Rectangle"},"rjp3b6thkt":{"type":"rect","id":"rjp3b6thkt","color":"#1913b0","size":10,"x":70.85714721679688,"y":219.42857360839844,"x2":64.38095092773438,"y2":528,"tool":"Rectangle"},"rjp3b6vz8p":{"type":"rect","id":"rjp3b6vz8p","color":"#1913b0","size":10,"x":350.0952453613281,"y":552,"x2":359.6190490722656,"y2":238.4761962890625,"tool":"Rectangle"},"rjp3b6ysap":{"type":"rect","id":"rjp3b6ysap","color":"#1913b0","size":10,"x":346.28570556640625,"y":563.4285888671875,"x2":52.19047546386719,"y2":573.7142944335938,"tool":"Rectangle"},"rjp3b70arv":{"type":"rect","id":"rjp3b70arv","color":"#1913b0","size":10,"x":305,"y":291,"x2":305.5238037109375,"y2":291.4285888671875,"tool":"Rectangle"},"rjp3b70aws":{"type":"rect","id":"rjp3b70aws","color":"#1913b0","size":10,"x":90.28571319580078,"y":533.7142944335938,"x2":244.57142639160156,"y2":410.66668701171875,"tool":"Rectangle"},"rjp3b70s4p":{"type":"rect","id":"rjp3b70s4p","color":"#1913b0","size":10,"x":259,"y":406,"x2":259.4285888671875,"y2":406.4761962890625,"tool":"Rectangle"},"rjp3b716xw":{"type":"rect","id":"rjp3b716xw","color":"#1913b0","size":10,"x":286.8571472167969,"y":654.0952758789062,"x2":312.76190185546875,"y2":418.2857360839844,"tool":"Rectangle"}}