{"sk7xpo368p":{"type":"straight","id":"sk7xpo368p","color":"#0074d9","size":10,"x":460,"y":83,"tool":"Straight line","time":1584559257131,"x2":311,"y2":360},"sk7xpo47y3":{"type":"straight","id":"sk7xpo47y3","color":"#0074d9","size":10,"x":311,"y":360,"tool":"Straight line","time":1584559258487,"x2":614,"y2":516},"sk7xpo7b11":{"type":"straight","id":"sk7xpo7b11","color":"#0074d9","size":10,"x":614,"y":516,"tool":"Straight line","time":1584559262489,"x2":783,"y2":208},"sk7xpo8kq3":{"type":"straight","id":"sk7xpo8kq3","color":"#0074d9","size":10,"x":783,"y":208,"tool":"Straight line","time":1584559264130,"x2":470,"y2":68},"sk7xpoas11":{"type":"straight","id":"sk7xpoas11","color":"#0074d9","size":10,"x":470,"y":68,"tool":"Straight line","time":1584559266986,"x2":458,"y2":89},"sk7xpof2de":{"type":"straight","id":"sk7xpof2de","color":"#0074d9","size":10,"x":472,"y":80,"tool":"Straight line","time":1584559272543,"x2":612,"y2":516},"sk7xpoi327":{"type":"straight","id":"sk7xpoi327","color":"#0074d9","size":10,"x":315,"y":358,"tool":"Straight line","time":1584559276455,"x2":775,"y2":208},"rk7xpooiy1":{"type":"rect","id":"rk7xpooiy1","color":"#0074d9","size":10,"x":298,"y":58,"x2":784,"y2":524,"tool":"Rectangle","time":1584559284803}}