{"ljp1jbhsnn":{"type":"line","id":"ljp1jbhsnn","color":"#1913b0","size":"10","tool":"Pencil","_children":[{"type":"child","parent":"ljp1jbhsnn","x":113.14286041259766,"y":90.28571319580078,"tool":"Pencil"},{"type":"child","parent":"ljp1jbhsnn","x":119.61904907226562,"y":106.28571319580078,"tool":"Pencil"},{"type":"child","parent":"ljp1jbhsnn","x":141.71429443359375,"y":163.8095245361328,"tool":"Pencil"},{"type":"child","parent":"ljp1jbhsnn","x":151.23809814453125,"y":197.33334350585938,"tool":"Pencil"}]},"ljp1jbi6a2":{"type":"line","id":"ljp1jbi6a2","color":"#1913b0","size":"10","tool":"Pencil","_children":[{"type":"child","parent":"ljp1jbi6a2","x":77.71428680419922,"y":113.52381134033203,"tool":"Pencil"},{"type":"child","parent":"ljp1jbi6a2","x":78.85714721679688,"y":112.38095092773438,"tool":"Pencil"},{"type":"child","parent":"ljp1jbi6a2","x":120.38095092773438,"y":82.66667175292969,"tool":"Pencil"}]},"ljp1jbiiv4":{"type":"line","id":"ljp1jbiiv4","color":"#1913b0","size":"10","tool":"Pencil","_children":[{"type":"child","parent":"ljp1jbiiv4","x":169.90476989746094,"y":166.85714721679688,"tool":"Pencil"},{"type":"child","parent":"ljp1jbiiv4","x":171.8095245361328,"y":165.33334350585938,"tool":"Pencil"},{"type":"child","parent":"ljp1jbiiv4","x":189.33334350585938,"y":143.23809814453125,"tool":"Pencil"},{"type":"child","parent":"ljp1jbiiv4","x":184.38095092773438,"y":130.6666717529297,"tool":"Pencil"},{"type":"child","parent":"ljp1jbiiv4","x":172.57142639160156,"y":159.61904907226562,"tool":"Pencil"},{"type":"child","parent":"ljp1jbiiv4","x":194.2857208251953,"y":174.4761962890625,"tool":"Pencil"}]},"ljp1jbizzk":{"type":"line","id":"ljp1jbizzk","color":"#1913b0","size":"10","tool":"Pencil","_children":[{"type":"child","parent":"ljp1jbizzk","x":251.42857360839844,"y":112.38095092773438,"tool":"Pencil"},{"type":"child","parent":"ljp1jbizzk","x":247.61904907226562,"y":109.71428680419922,"tool":"Pencil"},{"type":"child","parent":"ljp1jbizzk","x":229.33334350585938,"y":121.52381134033203,"tool":"Pencil"},{"type":"child","parent":"ljp1jbizzk","x":229.71429443359375,"y":135.23809814453125,"tool":"Pencil"},{"type":"child","parent":"ljp1jbizzk","x":249.90476989746094,"y":146.6666717529297,"tool":"Pencil"},{"type":"child","parent":"ljp1jbizzk","x":252.1904754638672,"y":163.42857360839844,"tool":"Pencil"},{"type":"child","parent":"ljp1jbizzk","x":231.61904907226562,"y":174.4761962890625,"tool":"Pencil"}]},"ljp1jbjj9x":{"type":"line","id":"ljp1jbjj9x","color":"#1913b0","size":"10","tool":"Pencil","_children":[{"type":"child","parent":"ljp1jbjj9x","x":285.71429443359375,"y":51.80952453613281,"tool":"Pencil"},{"type":"child","parent":"ljp1jbjj9x","x":285.71429443359375,"y":61.71428680419922,"tool":"Pencil"},{"type":"child","parent":"ljp1jbjj9x","x":298.66668701171875,"y":141.33334350585938,"tool":"Pencil"}]},"ljp1jbjs6u":{"type":"line","id":"ljp1jbjs6u","color":"#1913b0","size":"10","tool":"Pencil","_children":[{"type":"child","parent":"ljp1jbjs6u","x":246.85714721679688,"y":105.14286041259766,"tool":"Pencil"},{"type":"child","parent":"ljp1jbjs6u","x":248.76190185546875,"y":104,"tool":"Pencil"}]},"ljp1jbki1j":{"type":"line","id":"ljp1jbki1j","color":"#1913b0","size":"10","tool":"Pencil","_children":[{"type":"child","parent":"ljp1jbki1j","x":246.4761962890625,"y":92.95238494873047,"tool":"Pencil"},{"type":"child","parent":"ljp1jbki1j","x":268.952392578125,"y":83.04762268066406,"tool":"Pencil"},{"type":"child","parent":"ljp1jbki1j","x":300.952392578125,"y":70.85714721679688,"tool":"Pencil"}]}}