{"sk1f5zin4q":{"type":"straight","id":"sk1f5zin4q","color":"#01ff70","size":10,"x":457,"y":292,"tool":"Straight line","time":1570377111329,"x2":1084,"y2":283},"lk1f5zleif":{"type":"line","id":"lk1f5zleif","color":"#01ff70","size":10,"tool":"Pencil","time":1570377114908,"_children":[{"type":"child","parent":"lk1f5zleif","x":525,"y":234,"tool":"Pencil"},{"type":"child","parent":"lk1f5zleif","x":525,"y":234,"tool":"Pencil"},{"type":"child","parent":"lk1f5zleif","x":529,"y":269,"tool":"Pencil"},{"type":"child","parent":"lk1f5zleif","x":536,"y":343,"tool":"Pencil"},{"type":"child","parent":"lk1f5zleif","x":534,"y":366,"tool":"Pencil"},{"type":"child","parent":"lk1f5zleif","x":534,"y":366,"tool":"Pencil"}]},"lk1f5zm9g6":{"type":"line","id":"lk1f5zm9g6","color":"#01ff70","size":10,"tool":"Pencil","time":1570377116021,"_children":[{"type":"child","parent":"lk1f5zm9g6","x":525,"y":238,"tool":"Pencil"},{"type":"child","parent":"lk1f5zm9g6","x":528,"y":220,"tool":"Pencil"},{"type":"child","parent":"lk1f5zm9g6","x":563,"y":188,"tool":"Pencil"},{"type":"child","parent":"lk1f5zm9g6","x":628,"y":188,"tool":"Pencil"},{"type":"child","parent":"lk1f5zm9g6","x":658,"y":207,"tool":"Pencil"},{"type":"child","parent":"lk1f5zm9g6","x":668,"y":249,"tool":"Pencil"},{"type":"child","parent":"lk1f5zm9g6","x":668,"y":258,"tool":"Pencil"},{"type":"child","parent":"lk1f5zm9g6","x":668,"y":245,"tool":"Pencil"},{"type":"child","parent":"lk1f5zm9g6","x":674,"y":226,"tool":"Pencil"},{"type":"child","parent":"lk1f5zm9g6","x":681,"y":218,"tool":"Pencil"},{"type":"child","parent":"lk1f5zm9g6","x":691,"y":212,"tool":"Pencil"},{"type":"child","parent":"lk1f5zm9g6","x":706,"y":212,"tool":"Pencil"},{"type":"child","parent":"lk1f5zm9g6","x":728,"y":223,"tool":"Pencil"},{"type":"child","parent":"lk1f5zm9g6","x":747,"y":255,"tool":"Pencil"},{"type":"child","parent":"lk1f5zm9g6","x":744,"y":289,"tool":"Pencil"},{"type":"child","parent":"lk1f5zm9g6","x":722,"y":311,"tool":"Pencil"},{"type":"child","parent":"lk1f5zm9g6","x":677,"y":331,"tool":"Pencil"},{"type":"child","parent":"lk1f5zm9g6","x":644,"y":340,"tool":"Pencil"},{"type":"child","parent":"lk1f5zm9g6","x":567,"y":336,"tool":"Pencil"},{"type":"child","parent":"lk1f5zm9g6","x":558,"y":338,"tool":"Pencil"},{"type":"child","parent":"lk1f5zm9g6","x":556,"y":338,"tool":"Pencil"}]},"lk1f5zs4cx":{"type":"line","id":"lk1f5zs4cx","color":"#6184ff","size":10,"tool":"Pencil","time":1570377123614,"_children":[{"type":"child","parent":"lk1f5zs4cx","x":595,"y":494,"tool":"Pencil"},{"type":"child","parent":"lk1f5zs4cx","x":583,"y":477,"tool":"Pencil"},{"type":"child","parent":"lk1f5zs4cx","x":600,"y":442,"tool":"Pencil"},{"type":"child","parent":"lk1f5zs4cx","x":642,"y":437,"tool":"Pencil"},{"type":"child","parent":"lk1f5zs4cx","x":657,"y":471,"tool":"Pencil"},{"type":"child","parent":"lk1f5zs4cx","x":652,"y":472,"tool":"Pencil"},{"type":"child","parent":"lk1f5zs4cx","x":647,"y":456,"tool":"Pencil"},{"type":"child","parent":"lk1f5zs4cx","x":675,"y":440,"tool":"Pencil"},{"type":"child","parent":"lk1f5zs4cx","x":704,"y":447,"tool":"Pencil"},{"type":"child","parent":"lk1f5zs4cx","x":705,"y":478,"tool":"Pencil"},{"type":"child","parent":"lk1f5zs4cx","x":651,"y":494,"tool":"Pencil"},{"type":"child","parent":"lk1f5zs4cx","x":583,"y":489,"tool":"Pencil"},{"type":"child","parent":"lk1f5zs4cx","x":576,"y":501,"tool":"Pencil"},{"type":"child","parent":"lk1f5zs4cx","x":590,"y":526,"tool":"Pencil"},{"type":"child","parent":"lk1f5zs4cx","x":652,"y":535,"tool":"Pencil"},{"type":"child","parent":"lk1f5zs4cx","x":725,"y":521,"tool":"Pencil"},{"type":"child","parent":"lk1f5zs4cx","x":745,"y":474,"tool":"Pencil"},{"type":"child","parent":"lk1f5zs4cx","x":752,"y":432,"tool":"Pencil"},{"type":"child","parent":"lk1f5zs4cx","x":740,"y":416,"tool":"Pencil"},{"type":"child","parent":"lk1f5zs4cx","x":740,"y":421,"tool":"Pencil"},{"type":"child","parent":"lk1f5zs4cx","x":742,"y":482,"tool":"Pencil"},{"type":"child","parent":"lk1f5zs4cx","x":740,"y":531,"tool":"Pencil"},{"type":"child","parent":"lk1f5zs4cx","x":745,"y":566,"tool":"Pencil"},{"type":"child","parent":"lk1f5zs4cx","x":749,"y":575,"tool":"Pencil"},{"type":"child","parent":"lk1f5zs4cx","x":751,"y":584,"tool":"Pencil"},{"type":"child","parent":"lk1f5zs4cx","x":750,"y":585,"tool":"Pencil"}]},"lk1f5zv9tx":{"type":"line","id":"lk1f5zv9tx","color":"#6184ff","size":10,"tool":"Pencil","time":1570377127704,"_children":[{"type":"child","parent":"lk1f5zv9tx","x":910,"y":460,"tool":"Pencil"},{"type":"child","parent":"lk1f5zv9tx","x":910,"y":460,"tool":"Pencil"},{"type":"child","parent":"lk1f5zv9tx","x":950,"y":461,"tool":"Pencil"},{"type":"child","parent":"lk1f5zv9tx","x":983,"y":460,"tool":"Pencil"},{"type":"child","parent":"lk1f5zv9tx","x":1018,"y":458,"tool":"Pencil"},{"type":"child","parent":"lk1f5zv9tx","x":1073,"y":458,"tool":"Pencil"},{"type":"child","parent":"lk1f5zv9tx","x":1086,"y":458,"tool":"Pencil"},{"type":"child","parent":"lk1f5zv9tx","x":1100,"y":458,"tool":"Pencil"},{"type":"child","parent":"lk1f5zv9tx","x":1126,"y":458,"tool":"Pencil"},{"type":"child","parent":"lk1f5zv9tx","x":1139,"y":458,"tool":"Pencil"},{"type":"child","parent":"lk1f5zv9tx","x":1168,"y":457,"tool":"Pencil"},{"type":"child","parent":"lk1f5zv9tx","x":1192,"y":457,"tool":"Pencil"},{"type":"child","parent":"lk1f5zv9tx","x":1225,"y":457,"tool":"Pencil"},{"type":"child","parent":"lk1f5zv9tx","x":1233,"y":457,"tool":"Pencil"},{"type":"child","parent":"lk1f5zv9tx","x":1233,"y":457,"tool":"Pencil"}]},"lk1f5zwii2":{"type":"line","id":"lk1f5zwii2","color":"#6184ff","size":10,"tool":"Pencil","time":1570377129313,"_children":[{"type":"child","parent":"lk1f5zwii2","x":1213,"y":440,"tool":"Pencil"},{"type":"child","parent":"lk1f5zwii2","x":1212,"y":440,"tool":"Pencil"},{"type":"child","parent":"lk1f5zwii2","x":1212,"y":440,"tool":"Pencil"},{"type":"child","parent":"lk1f5zwii2","x":1227,"y":446,"tool":"Pencil"},{"type":"child","parent":"lk1f5zwii2","x":1242,"y":449,"tool":"Pencil"},{"type":"child","parent":"lk1f5zwii2","x":1249,"y":452,"tool":"Pencil"},{"type":"child","parent":"lk1f5zwii2","x":1250,"y":452,"tool":"Pencil"},{"type":"child","parent":"lk1f5zwii2","x":1240,"y":457,"tool":"Pencil"},{"type":"child","parent":"lk1f5zwii2","x":1231,"y":462,"tool":"Pencil"},{"type":"child","parent":"lk1f5zwii2","x":1224,"y":466,"tool":"Pencil"},{"type":"child","parent":"lk1f5zwii2","x":1223,"y":467,"tool":"Pencil"}]},"lk1f5zymfp":{"type":"line","id":"lk1f5zymfp","color":"#6184ff","size":10,"tool":"Pencil","time":1570377132048,"_children":[{"type":"child","parent":"lk1f5zymfp","x":903,"y":461,"tool":"Pencil"},{"type":"child","parent":"lk1f5zymfp","x":906,"y":466,"tool":"Pencil"},{"type":"child","parent":"lk1f5zymfp","x":937,"y":500,"tool":"Pencil"},{"type":"child","parent":"lk1f5zymfp","x":962,"y":531,"tool":"Pencil"},{"type":"child","parent":"lk1f5zymfp","x":982,"y":556,"tool":"Pencil"},{"type":"child","parent":"lk1f5zymfp","x":1016,"y":592,"tool":"Pencil"},{"type":"child","parent":"lk1f5zymfp","x":1040,"y":609,"tool":"Pencil"},{"type":"child","parent":"lk1f5zymfp","x":1057,"y":622,"tool":"Pencil"},{"type":"child","parent":"lk1f5zymfp","x":1071,"y":639,"tool":"Pencil"},{"type":"child","parent":"lk1f5zymfp","x":1085,"y":653,"tool":"Pencil"},{"type":"child","parent":"lk1f5zymfp","x":1097,"y":667,"tool":"Pencil"},{"type":"child","parent":"lk1f5zymfp","x":1107,"y":679,"tool":"Pencil"},{"type":"child","parent":"lk1f5zymfp","x":1112,"y":684,"tool":"Pencil"},{"type":"child","parent":"lk1f5zymfp","x":1112,"y":684,"tool":"Pencil"},{"type":"child","parent":"lk1f5zymfp","x":1111,"y":675,"tool":"Pencil"},{"type":"child","parent":"lk1f5zymfp","x":1110,"y":659,"tool":"Pencil"},{"type":"child","parent":"lk1f5zymfp","x":1111,"y":654,"tool":"Pencil"},{"type":"child","parent":"lk1f5zymfp","x":1111,"y":655,"tool":"Pencil"}]},"lk1f6002ay":{"type":"line","id":"lk1f6002ay","color":"#6184ff","size":10,"tool":"Pencil","time":1570377133908,"_children":[{"type":"child","parent":"lk1f6002ay","x":1115,"y":678,"tool":"Pencil"},{"type":"child","parent":"lk1f6002ay","x":1109,"y":681,"tool":"Pencil"},{"type":"child","parent":"lk1f6002ay","x":1083,"y":692,"tool":"Pencil"},{"type":"child","parent":"lk1f6002ay","x":1080,"y":694,"tool":"Pencil"}]},"lk1f6016ao":{"type":"line","id":"lk1f6016ao","color":"#6184ff","size":10,"tool":"Pencil","time":1570377135347,"_children":[{"type":"child","parent":"lk1f6016ao","x":1038,"y":461,"tool":"Pencil"},{"type":"child","parent":"lk1f6016ao","x":1038,"y":464,"tool":"Pencil"},{"type":"child","parent":"lk1f6016ao","x":1039,"y":480,"tool":"Pencil"},{"type":"child","parent":"lk1f6016ao","x":1039,"y":496,"tool":"Pencil"},{"type":"child","parent":"lk1f6016ao","x":1036,"y":505,"tool":"Pencil"},{"type":"child","parent":"lk1f6016ao","x":1034,"y":515,"tool":"Pencil"},{"type":"child","parent":"lk1f6016ao","x":1030,"y":522,"tool":"Pencil"},{"type":"child","parent":"lk1f6016ao","x":1025,"y":530,"tool":"Pencil"},{"type":"child","parent":"lk1f6016ao","x":1017,"y":539,"tool":"Pencil"},{"type":"child","parent":"lk1f6016ao","x":1009,"y":547,"tool":"Pencil"},{"type":"child","parent":"lk1f6016ao","x":1003,"y":551,"tool":"Pencil"},{"type":"child","parent":"lk1f6016ao","x":997,"y":554,"tool":"Pencil"},{"type":"child","parent":"lk1f6016ao","x":992,"y":556,"tool":"Pencil"},{"type":"child","parent":"lk1f6016ao","x":989,"y":557,"tool":"Pencil"}]},"lk1f602l84":{"type":"line","id":"lk1f602l84","color":"#6184ff","size":10,"tool":"Pencil","time":1570377137184,"_children":[{"type":"child","parent":"lk1f602l84","x":989,"y":485,"tool":"Pencil"},{"type":"child","parent":"lk1f602l84","x":987,"y":482,"tool":"Pencil"},{"type":"child","parent":"lk1f602l84","x":982,"y":482,"tool":"Pencil"},{"type":"child","parent":"lk1f602l84","x":976,"y":490,"tool":"Pencil"},{"type":"child","parent":"lk1f602l84","x":976,"y":498,"tool":"Pencil"},{"type":"child","parent":"lk1f602l84","x":979,"y":506,"tool":"Pencil"},{"type":"child","parent":"lk1f602l84","x":982,"y":509,"tool":"Pencil"},{"type":"child","parent":"lk1f602l84","x":987,"y":511,"tool":"Pencil"},{"type":"child","parent":"lk1f602l84","x":996,"y":511,"tool":"Pencil"},{"type":"child","parent":"lk1f602l84","x":1006,"y":509,"tool":"Pencil"},{"type":"child","parent":"lk1f602l84","x":1012,"y":500,"tool":"Pencil"},{"type":"child","parent":"lk1f602l84","x":1012,"y":492,"tool":"Pencil"},{"type":"child","parent":"lk1f602l84","x":1011,"y":486,"tool":"Pencil"},{"type":"child","parent":"lk1f602l84","x":1007,"y":483,"tool":"Pencil"},{"type":"child","parent":"lk1f602l84","x":1004,"y":481,"tool":"Pencil"},{"type":"child","parent":"lk1f602l84","x":1001,"y":481,"tool":"Pencil"},{"type":"child","parent":"lk1f602l84","x":995,"y":479,"tool":"Pencil"},{"type":"child","parent":"lk1f602l84","x":989,"y":479,"tool":"Pencil"},{"type":"child","parent":"lk1f602l84","x":987,"y":479,"tool":"Pencil"},{"type":"child","parent":"lk1f602l84","x":984,"y":482,"tool":"Pencil"}]},"lk1f6043yu":{"type":"line","id":"lk1f6043yu","color":"#6184ff","size":10,"tool":"Pencil","time":1570377139154,"_children":[{"type":"child","parent":"lk1f6043yu","x":979,"y":495,"tool":"Pencil"},{"type":"child","parent":"lk1f6043yu","x":979,"y":495,"tool":"Pencil"},{"type":"child","parent":"lk1f6043yu","x":988,"y":493,"tool":"Pencil"},{"type":"child","parent":"lk1f6043yu","x":993,"y":493,"tool":"Pencil"},{"type":"child","parent":"lk1f6043yu","x":995,"y":492,"tool":"Pencil"},{"type":"child","parent":"lk1f6043yu","x":997,"y":492,"tool":"Pencil"},{"type":"child","parent":"lk1f6043yu","x":1002,"y":492,"tool":"Pencil"},{"type":"child","parent":"lk1f6043yu","x":1008,"y":491,"tool":"Pencil"},{"type":"child","parent":"lk1f6043yu","x":1011,"y":491,"tool":"Pencil"}]},"lk1f605mbh":{"type":"line","id":"lk1f605mbh","color":"#6184ff","size":10,"tool":"Pencil","time":1570377141110,"_children":[{"type":"child","parent":"lk1f605mbh","x":854,"y":93,"tool":"Pencil"},{"type":"child","parent":"lk1f605mbh","x":854,"y":91,"tool":"Pencil"},{"type":"child","parent":"lk1f605mbh","x":834,"y":86,"tool":"Pencil"},{"type":"child","parent":"lk1f605mbh","x":808,"y":97,"tool":"Pencil"},{"type":"child","parent":"lk1f605mbh","x":818,"y":112,"tool":"Pencil"},{"type":"child","parent":"lk1f605mbh","x":839,"y":113,"tool":"Pencil"},{"type":"child","parent":"lk1f605mbh","x":850,"y":117,"tool":"Pencil"},{"type":"child","parent":"lk1f605mbh","x":849,"y":124,"tool":"Pencil"},{"type":"child","parent":"lk1f605mbh","x":828,"y":129,"tool":"Pencil"},{"type":"child","parent":"lk1f605mbh","x":825,"y":127,"tool":"Pencil"},{"type":"child","parent":"lk1f605mbh","x":826,"y":120,"tool":"Pencil"}]},"lk1f606jfc":{"type":"line","id":"lk1f606jfc","color":"#6184ff","size":10,"tool":"Pencil","time":1570377142308,"_children":[{"type":"child","parent":"lk1f606jfc","x":869,"y":104,"tool":"Pencil"},{"type":"child","parent":"lk1f606jfc","x":873,"y":122,"tool":"Pencil"},{"type":"child","parent":"lk1f606jfc","x":882,"y":123,"tool":"Pencil"}]},"lk1f606vlj":{"type":"line","id":"lk1f606vlj","color":"#6184ff","size":10,"tool":"Pencil","time":1570377142738,"_children":[{"type":"child","parent":"lk1f606vlj","x":872,"y":88,"tool":"Pencil"},{"type":"child","parent":"lk1f606vlj","x":872,"y":87,"tool":"Pencil"}]},"lk1f6075x4":{"type":"line","id":"lk1f6075x4","color":"#6184ff","size":10,"tool":"Pencil","time":1570377143110,"_children":[{"type":"child","parent":"lk1f6075x4","x":903,"y":87,"tool":"Pencil"},{"type":"child","parent":"lk1f6075x4","x":907,"y":108,"tool":"Pencil"},{"type":"child","parent":"lk1f6075x4","x":907,"y":111,"tool":"Pencil"},{"type":"child","parent":"lk1f6075x4","x":908,"y":88,"tool":"Pencil"},{"type":"child","parent":"lk1f6075x4","x":915,"y":83,"tool":"Pencil"},{"type":"child","parent":"lk1f6075x4","x":924,"y":100,"tool":"Pencil"},{"type":"child","parent":"lk1f6075x4","x":924,"y":106,"tool":"Pencil"},{"type":"child","parent":"lk1f6075x4","x":925,"y":106,"tool":"Pencil"}]},"lk1f607wts":{"type":"line","id":"lk1f607wts","color":"#6184ff","size":10,"tool":"Pencil","time":1570377144078,"_children":[{"type":"child","parent":"lk1f607wts","x":969,"y":91,"tool":"Pencil"},{"type":"child","parent":"lk1f607wts","x":960,"y":105,"tool":"Pencil"},{"type":"child","parent":"lk1f607wts","x":968,"y":119,"tool":"Pencil"},{"type":"child","parent":"lk1f607wts","x":985,"y":111,"tool":"Pencil"},{"type":"child","parent":"lk1f607wts","x":992,"y":91,"tool":"Pencil"},{"type":"child","parent":"lk1f607wts","x":971,"y":77,"tool":"Pencil"},{"type":"child","parent":"lk1f607wts","x":964,"y":81,"tool":"Pencil"},{"type":"child","parent":"lk1f607wts","x":964,"y":89,"tool":"Pencil"},{"type":"child","parent":"lk1f607wts","x":970,"y":91,"tool":"Pencil"},{"type":"child","parent":"lk1f607wts","x":982,"y":89,"tool":"Pencil"},{"type":"child","parent":"lk1f607wts","x":983,"y":89,"tool":"Pencil"}]},"lk1f608tan":{"type":"line","id":"lk1f608tan","color":"#6184ff","size":10,"tool":"Pencil","time":1570377145251,"_children":[{"type":"child","parent":"lk1f608tan","x":1007,"y":89,"tool":"Pencil"},{"type":"child","parent":"lk1f608tan","x":1012,"y":90,"tool":"Pencil"},{"type":"child","parent":"lk1f608tan","x":1033,"y":91,"tool":"Pencil"}]},"lk1f6094t9":{"type":"line","id":"lk1f6094t9","color":"#6184ff","size":10,"tool":"Pencil","time":1570377145663,"_children":[{"type":"child","parent":"lk1f6094t9","x":1015,"y":103,"tool":"Pencil"},{"type":"child","parent":"lk1f6094t9","x":1017,"y":103,"tool":"Pencil"},{"type":"child","parent":"lk1f6094t9","x":1041,"y":102,"tool":"Pencil"},{"type":"child","parent":"lk1f6094t9","x":1042,"y":102,"tool":"Pencil"}]},"lk1f609qqc":{"type":"line","id":"lk1f609qqc","color":"#6184ff","size":10,"tool":"Pencil","time":1570377146452,"_children":[{"type":"child","parent":"lk1f609qqc","x":1113,"y":48,"tool":"Pencil"},{"type":"child","parent":"lk1f609qqc","x":1113,"y":55,"tool":"Pencil"},{"type":"child","parent":"lk1f609qqc","x":1113,"y":75,"tool":"Pencil"},{"type":"child","parent":"lk1f609qqc","x":1113,"y":74,"tool":"Pencil"},{"type":"child","parent":"lk1f609qqc","x":1122,"y":59,"tool":"Pencil"},{"type":"child","parent":"lk1f609qqc","x":1128,"y":58,"tool":"Pencil"},{"type":"child","parent":"lk1f609qqc","x":1133,"y":68,"tool":"Pencil"},{"type":"child","parent":"lk1f609qqc","x":1133,"y":70,"tool":"Pencil"},{"type":"child","parent":"lk1f609qqc","x":1136,"y":74,"tool":"Pencil"}]},"lk1f60al15":{"type":"line","id":"lk1f60al15","color":"#6184ff","size":10,"tool":"Pencil","time":1570377147542,"_children":[{"type":"child","parent":"lk1f60al15","x":1108,"y":85,"tool":"Pencil"},{"type":"child","parent":"lk1f60al15","x":1106,"y":85,"tool":"Pencil"},{"type":"child","parent":"lk1f60al15","x":1189,"y":78,"tool":"Pencil"},{"type":"child","parent":"lk1f60al15","x":1206,"y":76,"tool":"Pencil"},{"type":"child","parent":"lk1f60al15","x":1201,"y":75,"tool":"Pencil"}]},"lk1f60b9f3":{"type":"line","id":"lk1f60b9f3","color":"#6184ff","size":10,"tool":"Pencil","time":1570377148422,"_children":[{"type":"child","parent":"lk1f60b9f3","x":1147,"y":101,"tool":"Pencil"},{"type":"child","parent":"lk1f60b9f3","x":1145,"y":129,"tool":"Pencil"},{"type":"child","parent":"lk1f60b9f3","x":1145,"y":145,"tool":"Pencil"},{"type":"child","parent":"lk1f60b9f3","x":1145,"y":143,"tool":"Pencil"},{"type":"child","parent":"lk1f60b9f3","x":1146,"y":134,"tool":"Pencil"},{"type":"child","parent":"lk1f60b9f3","x":1156,"y":128,"tool":"Pencil"},{"type":"child","parent":"lk1f60b9f3","x":1162,"y":131,"tool":"Pencil"},{"type":"child","parent":"lk1f60b9f3","x":1164,"y":140,"tool":"Pencil"},{"type":"child","parent":"lk1f60b9f3","x":1162,"y":145,"tool":"Pencil"},{"type":"child","parent":"lk1f60b9f3","x":1152,"y":145,"tool":"Pencil"},{"type":"child","parent":"lk1f60b9f3","x":1150,"y":145,"tool":"Pencil"}]},"tk1f60mj2u":{"type":"new","id":"tk1f60mj2u","color":"#6184ff","size":27,"x":345.1,"y":464.7,"tool":"Text","time":1570377163028},"tk1f60njxw":{"type":"new","id":"tk1f60njxw","color":"#6184ff","size":27,"x":373,"y":571.6,"tool":"Text","time":1570377164352},"tk1f60nut2":{"type":"new","id":"tk1f60nut2","color":"#6184ff","size":27,"x":374,"y":571.6,"tool":"Text","time":1570377164744}}