{"ljwutlho1w":{"type":"line","id":"ljwutlho1w","color":"#001f3f","size":10,"tool":"Pencil","time":1560439849478,"_children":[{"type":"child","parent":"ljwutlho1w","x":328,"y":199,"tool":"Pencil"},{"type":"child","parent":"ljwutlho1w","x":329,"y":199,"tool":"Pencil"},{"type":"child","parent":"ljwutlho1w","x":371,"y":157,"tool":"Pencil"},{"type":"child","parent":"ljwutlho1w","x":423,"y":128,"tool":"Pencil"},{"type":"child","parent":"ljwutlho1w","x":468,"y":244,"tool":"Pencil"},{"type":"child","parent":"ljwutlho1w","x":482,"y":351,"tool":"Pencil"},{"type":"child","parent":"ljwutlho1w","x":400,"y":333,"tool":"Pencil"},{"type":"child","parent":"ljwutlho1w","x":298,"y":245,"tool":"Pencil"},{"type":"child","parent":"ljwutlho1w","x":288,"y":208,"tool":"Pencil"},{"type":"child","parent":"ljwutlho1w","x":299,"y":196,"tool":"Pencil"},{"type":"child","parent":"ljwutlho1w","x":313,"y":194,"tool":"Pencil"},{"type":"child","parent":"ljwutlho1w","x":338,"y":191,"tool":"Pencil"},{"type":"child","parent":"ljwutlho1w","x":345,"y":190,"tool":"Pencil"},{"type":"child","parent":"ljwutlho1w","x":346,"y":190,"tool":"Pencil"}]},"ljwutlj6tf":{"type":"line","id":"ljwutlj6tf","color":"#001f3f","size":10,"tool":"Pencil","time":1560439851449,"_children":[{"type":"child","parent":"ljwutlj6tf","x":579,"y":77,"tool":"Pencil"},{"type":"child","parent":"ljwutlj6tf","x":579,"y":78,"tool":"Pencil"},{"type":"child","parent":"ljwutlj6tf","x":579,"y":181,"tool":"Pencil"},{"type":"child","parent":"ljwutlj6tf","x":586,"y":260,"tool":"Pencil"}]},"ljwutljw9f":{"type":"line","id":"ljwutljw9f","color":"#001f3f","size":10,"tool":"Pencil","time":1560439852365,"_children":[{"type":"child","parent":"ljwutljw9f","x":581,"y":83,"tool":"Pencil"},{"type":"child","parent":"ljwutljw9f","x":581,"y":82,"tool":"Pencil"},{"type":"child","parent":"ljwutljw9f","x":745,"y":90,"tool":"Pencil"},{"type":"child","parent":"ljwutljw9f","x":820,"y":105,"tool":"Pencil"},{"type":"child","parent":"ljwutljw9f","x":823,"y":107,"tool":"Pencil"},{"type":"child","parent":"ljwutljw9f","x":826,"y":167,"tool":"Pencil"},{"type":"child","parent":"ljwutljw9f","x":829,"y":281,"tool":"Pencil"},{"type":"child","parent":"ljwutljw9f","x":813,"y":283,"tool":"Pencil"},{"type":"child","parent":"ljwutljw9f","x":729,"y":254,"tool":"Pencil"},{"type":"child","parent":"ljwutljw9f","x":655,"y":260,"tool":"Pencil"},{"type":"child","parent":"ljwutljw9f","x":628,"y":267,"tool":"Pencil"},{"type":"child","parent":"ljwutljw9f","x":621,"y":267,"tool":"Pencil"},{"type":"child","parent":"ljwutljw9f","x":619,"y":265,"tool":"Pencil"},{"type":"child","parent":"ljwutljw9f","x":619,"y":263,"tool":"Pencil"},{"type":"child","parent":"ljwutljw9f","x":619,"y":263,"tool":"Pencil"},{"type":"child","parent":"ljwutljw9f","x":618,"y":262,"tool":"Pencil"},{"type":"child","parent":"ljwutljw9f","x":612,"y":259,"tool":"Pencil"},{"type":"child","parent":"ljwutljw9f","x":605,"y":257,"tool":"Pencil"},{"type":"child","parent":"ljwutljw9f","x":600,"y":256,"tool":"Pencil"},{"type":"child","parent":"ljwutljw9f","x":599,"y":255,"tool":"Pencil"}]},"ljwutllohc":{"type":"line","id":"ljwutllohc","color":"#001f3f","size":10,"tool":"Pencil","time":1560439854677,"_children":[{"type":"child","parent":"ljwutllohc","x":882,"y":119,"tool":"Pencil"},{"type":"child","parent":"ljwutllohc","x":883,"y":119,"tool":"Pencil"},{"type":"child","parent":"ljwutllohc","x":894,"y":175,"tool":"Pencil"},{"type":"child","parent":"ljwutllohc","x":918,"y":245,"tool":"Pencil"},{"type":"child","parent":"ljwutllohc","x":919,"y":252,"tool":"Pencil"},{"type":"child","parent":"ljwutllohc","x":912,"y":251,"tool":"Pencil"}]},"ljwutlmm3b":{"type":"line","id":"ljwutlmm3b","color":"#001f3f","size":10,"tool":"Pencil","time":1560439855887,"_children":[{"type":"child","parent":"ljwutlmm3b","x":884,"y":128,"tool":"Pencil"},{"type":"child","parent":"ljwutlmm3b","x":904,"y":127,"tool":"Pencil"},{"type":"child","parent":"ljwutlmm3b","x":1004,"y":127,"tool":"Pencil"},{"type":"child","parent":"ljwutlmm3b","x":1016,"y":128,"tool":"Pencil"},{"type":"child","parent":"ljwutlmm3b","x":1025,"y":267,"tool":"Pencil"},{"type":"child","parent":"ljwutlmm3b","x":1039,"y":415,"tool":"Pencil"},{"type":"child","parent":"ljwutlmm3b","x":1039,"y":431,"tool":"Pencil"},{"type":"child","parent":"ljwutlmm3b","x":978,"y":426,"tool":"Pencil"},{"type":"child","parent":"ljwutlmm3b","x":886,"y":406,"tool":"Pencil"},{"type":"child","parent":"ljwutlmm3b","x":874,"y":401,"tool":"Pencil"}]}}