{"ljw4m4f8rq":{"type":"line","id":"ljw4m4f8rq","color":"#7fdbff","size":10,"tool":"Pencil","time":1558855176906,"_children":[{"type":"child","parent":"ljw4m4f8rq","x":282.9,"y":135.6,"tool":"Pencil"},{"type":"child","parent":"ljw4m4f8rq","x":274.2,"y":138.5,"tool":"Pencil"},{"type":"child","parent":"ljw4m4f8rq","x":257.5,"y":151.6,"tool":"Pencil"},{"type":"child","parent":"ljw4m4f8rq","x":264,"y":178.5,"tool":"Pencil"},{"type":"child","parent":"ljw4m4f8rq","x":294.2,"y":177.5,"tool":"Pencil"},{"type":"child","parent":"ljw4m4f8rq","x":304,"y":154.2,"tool":"Pencil"},{"type":"child","parent":"ljw4m4f8rq","x":296.4,"y":142.5,"tool":"Pencil"},{"type":"child","parent":"ljw4m4f8rq","x":278.2,"y":142.9,"tool":"Pencil"}]},"ljw4m4g04d":{"type":"line","id":"ljw4m4g04d","color":"#7fdbff","size":10,"tool":"Pencil","time":1558855178612,"_children":[{"type":"child","parent":"ljw4m4g04d","x":332,"y":81.5,"tool":"Pencil"},{"type":"child","parent":"ljw4m4g04d","x":328,"y":115.3,"tool":"Pencil"},{"type":"child","parent":"ljw4m4g04d","x":320.4,"y":170.5,"tool":"Pencil"},{"type":"child","parent":"ljw4m4g04d","x":320.4,"y":178.9,"tool":"Pencil"}]},"ljw4m4pavy":{"type":"line","id":"ljw4m4pavy","color":"#7fdbff","size":10,"tool":"Pencil","time":1558855189999,"_children":[{"type":"child","parent":"ljw4m4pavy","x":279.6,"y":284,"tool":"Pencil"},{"type":"child","parent":"ljw4m4pavy","x":283.3,"y":300.4,"tool":"Pencil"},{"type":"child","parent":"ljw4m4pavy","x":292,"y":327.3,"tool":"Pencil"}]},"ljw4m4zgrt":{"type":"line","id":"ljw4m4zgrt","color":"#7fdbff","size":10,"tool":"Pencil","time":1558855203115,"_children":[{"type":"child","parent":"ljw4m4zgrt","x":250.5,"y":265.1,"tool":"Pencil"},{"type":"child","parent":"ljw4m4zgrt","x":244.4,"y":278.5,"tool":"Pencil"},{"type":"child","parent":"ljw4m4zgrt","x":228.4,"y":314.5,"tool":"Pencil"}]},"ljw4m5l3g7":{"type":"line","id":"ljw4m5l3g7","color":"#7fdbff","size":10,"tool":"Pencil","time":1558855232329,"_children":[{"type":"child","parent":"ljw4m5l3g7","x":244.4,"y":106.9,"tool":"Pencil"},{"type":"child","parent":"ljw4m5l3g7","x":243.6,"y":114.2,"tool":"Pencil"},{"type":"child","parent":"ljw4m5l3g7","x":241.8,"y":143.6,"tool":"Pencil"},{"type":"child","parent":"ljw4m5l3g7","x":238.2,"y":162.9,"tool":"Pencil"},{"type":"child","parent":"ljw4m5l3g7","x":237.5,"y":169.5,"tool":"Pencil"}]},"ljw4m5lwwi":{"type":"line","id":"ljw4m5lwwi","color":"#7fdbff","size":10,"tool":"Pencil","time":1558855232636,"_children":[{"type":"child","parent":"ljw4m5lwwi","x":247.6,"y":86.9,"tool":"Pencil"},{"type":"child","parent":"ljw4m5lwwi","x":245.8,"y":100,"tool":"Pencil"},{"type":"child","parent":"ljw4m5lwwi","x":241.8,"y":138.9,"tool":"Pencil"},{"type":"child","parent":"ljw4m5lwwi","x":237.1,"y":162.9,"tool":"Pencil"}]},"ljw4m5nler":{"type":"line","id":"ljw4m5nler","color":"#7fdbff","size":10,"tool":"Pencil","time":1558855234381,"_children":[{"type":"child","parent":"ljw4m5nler","x":276,"y":203.3,"tool":"Pencil"},{"type":"child","parent":"ljw4m5nler","x":275.3,"y":206.2,"tool":"Pencil"},{"type":"child","parent":"ljw4m5nler","x":270.2,"y":236.4,"tool":"Pencil"},{"type":"child","parent":"ljw4m5nler","x":268.7,"y":251.3,"tool":"Pencil"}]}}