{"tjucy30ndi":{"type":"new","id":"tjucy30ndi","color":"#85144b","size":27,"x":597.5,"y":1199,"tool":"Text","time":1555005429850,"txt":""},"tjucy31pp7":{"type":"new","id":"tjucy31pp7","color":"#85144b","size":27,"x":1602.5,"y":553.5,"tool":"Text","time":1555005431230},"tjuljb0j6h":{"type":"new","id":"tjuljb0j6h","color":"#ff851b","size":27,"x":66.7,"y":76.6,"tool":"Text","time":1555524804280,"txt":""},"sjuljba3yk":{"type":"straight","id":"sjuljba3yk","color":"#ff851b","size":10,"x":1,"y":130.1,"tool":"Straight line","time":1555524816687,"x2":1.0111932470443237,"y2":130.1068644530363},"sjuljc7eb3":{"type":"straight","id":"sjuljc7eb3","color":"#ff851b","size":1,"x":1112.7,"y":876.7,"tool":"Straight line","time":1555524859838,"x2":1112.6666666666667,"y2":876.6666666666666},"sjuljcbfol":{"type":"straight","id":"sjuljcbfol","color":"#ff851b","size":1,"x":66.7,"y":507.3,"tool":"Straight line","time":1555524865079},"sjuljcbg3h":{"type":"straight","id":"sjuljcbg3h","color":"#ff851b","size":1,"x":50.7,"y":94.7,"tool":"Straight line","time":1555524865134,"x2":38.5837598951147,"y2":189.48913192934108},"sjuljccbv4":{"type":"straight","id":"sjuljccbv4","color":"#ff851b","size":1,"x":2980,"y":13180,"tool":"Straight line","time":1555524866219,"x2":5760,"y2":20860},"sjuljccqf8":{"type":"straight","id":"sjuljccqf8","color":"#ff851b","size":1,"x":4120,"y":13180,"tool":"Straight line","time":1555524866759,"x2":5680,"y2":21980},"tjuljdj8om":{"type":"new","id":"tjuljdj8om","color":"#39cccc","size":27,"x":330,"y":65.5,"tool":"Text","time":1555524922003,"txt":""},"sjulje5rrt":{"type":"straight","id":"sjulje5rrt","color":"#000000","size":6,"x":264,"y":86,"tool":"Straight line","time":1555524951203,"x2":632,"y2":86},"sjuljeabj10":{"type":"straight","id":"sjuljeabj10","color":"#000000","size":6,"x":261,"y":87,"tool":"Straight line","time":1555524957101,"x2":260,"y2":155},"tjuljedtbz":{"type":"new","id":"tjuljedtbz","color":"#000000","size":21,"x":235,"y":183.5,"tool":"Text","time":1555524961628,"txt":"Strategic/Biz"},"tjuljeidpf":{"type":"new","id":"tjuljeidpf","color":"#000000","size":21,"x":235,"y":215,"tool":"Text","time":1555524967546,"txt":"Development"},"sjuljf69wf":{"type":"straight","id":"sjuljf69wf","color":"#000000","size":6,"x":632,"y":87,"tool":"Straight line","time":1555524998515,"x2":631,"y2":212},"tjuljfehgo":{"type":"new","id":"tjuljfehgo","color":"#000000","size":21,"x":645,"y":145.5,"tool":"Text","time":1555525009155,"txt":"d/b/a"},"tjuljfhjyo":{"type":"new","id":"tjuljfhjyo","color":"#000000","size":21,"x":645,"y":177,"tool":"Text","time":1555525013132,"txt":""},"tjuljg1x2u":{"type":"new","id":"tjuljg1x2u","color":"#000000","size":21,"x":512,"y":181.5,"tool":"Text","time":1555525039526,"txt":""},"tjuljg6uqo":{"type":"new","id":"tjuljg6uqo","color":"#000000","size":21,"x":537,"y":179.5,"tool":"Text","time":1555525045921},"tjuljh3doq":{"type":"new","id":"tjuljh3doq","color":"#000000","size":21,"x":827,"y":174.5,"tool":"Text","time":1555525088071},"tjuljhanmp":{"type":"new","id":"tjuljhanmp","color":"#000000","size":21,"x":627,"y":238.5,"tool":"Text","time":1555525097501,"txt":"\"Texas Capitol Solutions\""},"sjuljhicn6":{"type":"straight","id":"sjuljhicn6","color":"#000000","size":6,"x":635,"y":256,"tool":"Straight line","time":1555525107473,"x2":937,"y2":254},"sjulji8zea":{"type":"straight","id":"sjulji8zea","color":"#000000","size":6,"x":635,"y":259,"tool":"Straight line","time":1555525141989,"x2":635,"y2":314},"tjuljigxki":{"type":"new","id":"tjuljigxki","color":"#000000","size":21,"x":600,"y":342.5,"tool":"Text","time":1555525152290,"txt":"Advocacy"},"sjuljinjl1":{"type":"straight","id":"sjuljinjl1","color":"#000000","size":6,"x":765,"y":257,"tool":"Straight line","time":1555525160859,"x2":765,"y2":311},"tjuljitauo":{"type":"new","id":"tjuljitauo","color":"#000000","size":21,"x":730,"y":342.5,"tool":"Text","time":1555525168319,"txt":"Public Affairs"},"tjuljiux00":{"type":"new","id":"tjuljiux00","color":"#000000","size":21,"x":730,"y":374,"tool":"Text","time":1555525170412,"txt":""},"sjuljj038z":{"type":"straight","id":"sjuljj038z","color":"#000000","size":6,"x":937,"y":256,"tool":"Straight line","time":1555525177119,"x2":936,"y2":309},"tjuljj3w0i":{"type":"new","id":"tjuljj3w0i","color":"#000000","size":21,"x":887,"y":340.5,"tool":"Text","time":1555525182041,"txt":"Lobbying"},"tjuljjdyx1":{"type":"new","id":"tjuljjdyx1","color":"#000000","size":21,"x":788,"y":341.5,"tool":"Text","time":1555525195107},"sjuljjvv3d":{"type":"straight","id":"sjuljjvv3d","color":"#000000","size":6,"x":635,"y":359,"tool":"Straight line","time":1555525218301,"x2":635,"y2":396},"tjuljk2pkn":{"type":"new","id":"tjuljk2pkn","color":"#000000","size":21,"x":594,"y":425.5,"tool":"Text","time":1555525227173,"txt":"Lobby"},"tjuljk4cwy":{"type":"new","id":"tjuljk4cwy","color":"#000000","size":21,"x":594,"y":457,"tool":"Text","time":1555525229309,"txt":"Days"},"sjuljkk1ag":{"type":"straight","id":"sjuljkk1ag","color":"#000000","size":6,"x":765,"y":358,"tool":"Straight line","time":1555525249629,"x2":765,"y2":396},"tjuljkt37k":{"type":"new","id":"tjuljkt37k","color":"#000000","size":21,"x":739,"y":422.5,"tool":"Text","time":1555525261361,"txt":"Political"},"tjuljkutdg":{"type":"new","id":"tjuljkutdg","color":"#000000","size":21,"x":739,"y":454,"tool":"Text","time":1555525263598,"txt":"Consulting"},"sjuljn68p10":{"type":"straight","id":"sjuljn68p10","color":"#000000","size":6,"x":563,"y":89,"tool":"Straight line","time":1555525371716,"x2":563,"y2":148},"tjuljniamv":{"type":"new","id":"tjuljniamv","color":"#000000","size":21,"x":533,"y":176.5,"tool":"Text","time":1555525387336,"txt":"Event"},"tjuljnjv0x":{"type":"new","id":"tjuljnjv0x","color":"#000000","size":21,"x":533,"y":208,"tool":"Text","time":1555525389365,"txt":"Planning"},"sjuljnn5dy":{"type":"straight","id":"sjuljnn5dy","color":"#000000","size":6,"x":555,"y":222,"tool":"Straight line","time":1555525393628,"x2":557,"y2":387},"sjuljnp3m0":{"type":"straight","id":"sjuljnp3m0","color":"#000000","size":6,"x":557,"y":387,"tool":"Straight line","time":1555525396156,"x2":586,"y2":410},"sjuljny8ie":{"type":"straight","id":"sjuljny8ie","color":"#000000","size":6,"x":431,"y":90,"tool":"Straight line","time":1555525407996,"x2":431,"y2":148},"tjuljo2jbv":{"type":"new","id":"tjuljo2jbv","color":"#000000","size":21,"x":400,"y":183.5,"tool":"Text","time":1555525413576,"txt":"Comms/PR"},"sjuljo9e9u":{"type":"straight","id":"sjuljo9e9u","color":"#000000","size":6,"x":436,"y":199,"tool":"Straight line","time":1555525422466,"x2":435,"y2":581},"sjuljoimeo":{"type":"straight","id":"sjuljoimeo","color":"#000000","size":6,"x":448,"y":198,"tool":"Straight line","time":1555525434947,"x2":449,"y2":582},"sjuljooo1l":{"type":"straight","id":"sjuljooo1l","color":"#000000","size":6,"x":433,"y":581,"tool":"Straight line","time":1555525442257,"x2":417,"y2":551},"sjuljos5el":{"type":"straight","id":"sjuljos5el","color":"#000000","size":6,"x":450,"y":195,"tool":"Straight line","time":1555525446771,"x2":466,"y2":224},"ljuljozep2":{"type":"line","id":"ljuljozep2","color":"#000000","size":6,"tool":"Pencil","time":1555525456179,"_children":[{"type":"child","parent":"ljuljozep2","x":474,"y":346,"tool":"Pencil"},{"type":"child","parent":"ljuljozep2","x":473,"y":346,"tool":"Pencil"},{"type":"child","parent":"ljuljozep2","x":469,"y":346,"tool":"Pencil"},{"type":"child","parent":"ljuljozep2","x":466,"y":346,"tool":"Pencil"},{"type":"child","parent":"ljuljozep2","x":462,"y":347,"tool":"Pencil"},{"type":"child","parent":"ljuljozep2","x":460,"y":349,"tool":"Pencil"},{"type":"child","parent":"ljuljozep2","x":458,"y":353,"tool":"Pencil"},{"type":"child","parent":"ljuljozep2","x":461,"y":358,"tool":"Pencil"},{"type":"child","parent":"ljuljozep2","x":464,"y":363,"tool":"Pencil"},{"type":"child","parent":"ljuljozep2","x":468,"y":368,"tool":"Pencil"},{"type":"child","parent":"ljuljozep2","x":473,"y":373,"tool":"Pencil"},{"type":"child","parent":"ljuljozep2","x":477,"y":377,"tool":"Pencil"},{"type":"child","parent":"ljuljozep2","x":481,"y":383,"tool":"Pencil"},{"type":"child","parent":"ljuljozep2","x":482,"y":389,"tool":"Pencil"},{"type":"child","parent":"ljuljozep2","x":481,"y":395,"tool":"Pencil"},{"type":"child","parent":"ljuljozep2","x":477,"y":396,"tool":"Pencil"},{"type":"child","parent":"ljuljozep2","x":471,"y":398,"tool":"Pencil"},{"type":"child","parent":"ljuljozep2","x":466,"y":399,"tool":"Pencil"},{"type":"child","parent":"ljuljozep2","x":461,"y":400,"tool":"Pencil"},{"type":"child","parent":"ljuljozep2","x":456,"y":400,"tool":"Pencil"}]},"ljuljp1uif":{"type":"line","id":"ljuljp1uif","color":"#000000","size":6,"tool":"Pencil","time":1555525459339,"_children":[{"type":"child","parent":"ljuljp1uif","x":468,"y":325,"tool":"Pencil"},{"type":"child","parent":"ljuljp1uif","x":469,"y":326,"tool":"Pencil"},{"type":"child","parent":"ljuljp1uif","x":470,"y":332,"tool":"Pencil"},{"type":"child","parent":"ljuljp1uif","x":471,"y":338,"tool":"Pencil"},{"type":"child","parent":"ljuljp1uif","x":472,"y":344,"tool":"Pencil"},{"type":"child","parent":"ljuljp1uif","x":473,"y":350,"tool":"Pencil"},{"type":"child","parent":"ljuljp1uif","x":475,"y":356,"tool":"Pencil"},{"type":"child","parent":"ljuljp1uif","x":475,"y":361,"tool":"Pencil"},{"type":"child","parent":"ljuljp1uif","x":475,"y":366,"tool":"Pencil"},{"type":"child","parent":"ljuljp1uif","x":475,"y":371,"tool":"Pencil"},{"type":"child","parent":"ljuljp1uif","x":475,"y":376,"tool":"Pencil"},{"type":"child","parent":"ljuljp1uif","x":475,"y":382,"tool":"Pencil"},{"type":"child","parent":"ljuljp1uif","x":475,"y":388,"tool":"Pencil"},{"type":"child","parent":"ljuljp1uif","x":475,"y":393,"tool":"Pencil"},{"type":"child","parent":"ljuljp1uif","x":475,"y":400,"tool":"Pencil"},{"type":"child","parent":"ljuljp1uif","x":475,"y":405,"tool":"Pencil"},{"type":"child","parent":"ljuljp1uif","x":475,"y":411,"tool":"Pencil"},{"type":"child","parent":"ljuljp1uif","x":475,"y":415,"tool":"Pencil"},{"type":"child","parent":"ljuljp1uif","x":475,"y":417,"tool":"Pencil"}]},"ljuljp3xyc":{"type":"line","id":"ljuljp3xyc","color":"#000000","size":6,"tool":"Pencil","time":1555525462054,"_children":[{"type":"child","parent":"ljuljp3xyc","x":459,"y":327,"tool":"Pencil"},{"type":"child","parent":"ljuljp3xyc","x":459,"y":328,"tool":"Pencil"},{"type":"child","parent":"ljuljp3xyc","x":461,"y":333,"tool":"Pencil"},{"type":"child","parent":"ljuljp3xyc","x":462,"y":339,"tool":"Pencil"},{"type":"child","parent":"ljuljp3xyc","x":462,"y":345,"tool":"Pencil"},{"type":"child","parent":"ljuljp3xyc","x":463,"y":350,"tool":"Pencil"},{"type":"child","parent":"ljuljp3xyc","x":464,"y":355,"tool":"Pencil"},{"type":"child","parent":"ljuljp3xyc","x":465,"y":362,"tool":"Pencil"},{"type":"child","parent":"ljuljp3xyc","x":466,"y":367,"tool":"Pencil"},{"type":"child","parent":"ljuljp3xyc","x":466,"y":372,"tool":"Pencil"},{"type":"child","parent":"ljuljp3xyc","x":466,"y":378,"tool":"Pencil"},{"type":"child","parent":"ljuljp3xyc","x":466,"y":384,"tool":"Pencil"},{"type":"child","parent":"ljuljp3xyc","x":467,"y":390,"tool":"Pencil"},{"type":"child","parent":"ljuljp3xyc","x":467,"y":396,"tool":"Pencil"},{"type":"child","parent":"ljuljp3xyc","x":467,"y":400,"tool":"Pencil"},{"type":"child","parent":"ljuljp3xyc","x":467,"y":406,"tool":"Pencil"},{"type":"child","parent":"ljuljp3xyc","x":467,"y":411,"tool":"Pencil"},{"type":"child","parent":"ljuljp3xyc","x":467,"y":413,"tool":"Pencil"},{"type":"child","parent":"ljuljp3xyc","x":467,"y":413,"tool":"Pencil"}]},"tjuljpe3hb":{"type":"new","id":"tjuljpe3hb","color":"#000000","size":21,"x":673,"y":566.5,"tool":"Text","time":1555525475215,"txt":"clients"},"tjuljpxf7p":{"type":"new","id":"tjuljpxf7p","color":"#000000","size":21,"x":336,"y":379.5,"tool":"Text","time":1555525500260,"txt":"Services"},"tjuljqg7yy":{"type":"new","id":"tjuljqg7yy","color":"#000000","size":21,"x":617,"y":504.5,"tool":"Text","time":1555525524623,"txt":"add-on"},"tjuljqi2dl":{"type":"new","id":"tjuljqi2dl","color":"#000000","size":21,"x":617,"y":536,"tool":"Text","time":1555525527014,"txt":""},"tjuljqr2lr":{"type":"new","id":"tjuljqr2lr","color":"#000000","size":21,"x":267,"y":646.5,"tool":"Text","time":1555525538678,"txt":"Cates Legal Group, PLLC"},"sjuljqzxh7":{"type":"straight","id":"sjuljqzxh7","color":"#000000","size":6,"x":266,"y":658,"tool":"Straight line","time":1555525550158,"x2":537,"y2":654},"sjuljr94ee":{"type":"straight","id":"sjuljr94ee","color":"#000000","size":6,"x":537,"y":654,"tool":"Straight line","time":1555525562071,"x2":537,"y2":703},"sjuljrieq5":{"type":"straight","id":"sjuljrieq5","color":"#000000","size":6,"x":265,"y":659,"tool":"Straight line","time":1555525574108,"x2":265,"y2":702},"sjuljrmrnm":{"type":"straight","id":"sjuljrmrnm","color":"#000000","size":6,"x":394,"y":657,"tool":"Straight line","time":1555525579757,"x2":394,"y2":701},"tjuljrqz66":{"type":"new","id":"tjuljrqz66","color":"#000000","size":21,"x":245,"y":735.5,"tool":"Text","time":1555525585211,"txt":"PAC"},"tjuljryi3f":{"type":"new","id":"tjuljryi3f","color":"#000000","size":21,"x":513,"y":734.5,"tool":"Text","time":1555525594964,"txt":"Corp"},"rjuljs7q4i":{"type":"rect","id":"rjuljs7q4i","color":"#000000","size":6,"x":231,"y":707,"x2":584,"y2":754,"tool":"Rectangle","time":1555525606917},"tjuljsdk3b":{"type":"new","id":"tjuljsdk3b","color":"#000000","size":21,"x":261,"y":779.5,"tool":"Text","time":1555525614477,"txt":"Legal Services"},"tjuljsllm0":{"type":"new","id":"tjuljsllm0","color":"#000000","size":21,"x":355,"y":738.5,"tool":"Text","time":1555525624900,"txt":"Campaign"},"tjuljtegme":{"type":"new","id":"tjuljtegme","color":"#000000","size":21,"x":304,"y":65.5,"tool":"Text","time":1555525662303,"txt":"Salient Strategies, LLC"},"tjuljtt7od":{"type":"new","id":"tjuljtt7od","color":"#000000","size":21,"x":528,"y":528.5,"tool":"Text","time":1555525681422,"txt":"legal services"},"sjuljubhdd":{"type":"straight","id":"sjuljubhdd","color":"#000000","size":6,"x":730,"y":463,"tool":"Straight line","time":1555525705099,"x2":535,"y2":648},"sjuljufg54":{"type":"straight","id":"sjuljufg54","color":"#000000","size":6,"x":743,"y":468,"tool":"Straight line","time":1555525710239,"x2":542,"y2":659},"sjuljuiq0t":{"type":"straight","id":"sjuljuiq0t","color":"#000000","size":6,"x":543,"y":659,"tool":"Straight line","time":1555525714481,"x2":572,"y2":655},"sjuljulpah":{"type":"straight","id":"sjuljulpah","color":"#000000","size":6,"x":729,"y":463,"tool":"Straight line","time":1555525718344,"x2":697,"y2":470}}