{"ljqre5ma43":{"type":"line","id":"ljqre5ma43","color":"#b10dc9","size":10,"tool":"Pencil","time":1547171819402,"_children":[{"type":"child","parent":"ljqre5ma43","x":531,"y":93,"tool":"Pencil"},{"type":"child","parent":"ljqre5ma43","x":540,"y":118,"tool":"Pencil"},{"type":"child","parent":"ljqre5ma43","x":483,"y":165,"tool":"Pencil"},{"type":"child","parent":"ljqre5ma43","x":394,"y":187,"tool":"Pencil"}]},"ljqre5mzhj":{"type":"line","id":"ljqre5mzhj","color":"#b10dc9","size":10,"tool":"Pencil","time":1547171820313,"_children":[{"type":"child","parent":"ljqre5mzhj","x":519,"y":170,"tool":"Pencil"},{"type":"child","parent":"ljqre5mzhj","x":529,"y":270,"tool":"Pencil"},{"type":"child","parent":"ljqre5mzhj","x":529,"y":308,"tool":"Pencil"}]},"ljqre5nenx":{"type":"line","id":"ljqre5nenx","color":"#b10dc9","size":10,"tool":"Pencil","time":1547171820859,"_children":[{"type":"child","parent":"ljqre5nenx","x":583,"y":165,"tool":"Pencil"},{"type":"child","parent":"ljqre5nenx","x":571,"y":182,"tool":"Pencil"},{"type":"child","parent":"ljqre5nenx","x":571,"y":184,"tool":"Pencil"},{"type":"child","parent":"ljqre5nenx","x":680,"y":184,"tool":"Pencil"},{"type":"child","parent":"ljqre5nenx","x":756,"y":179,"tool":"Pencil"}]},"ljqre5o0l2":{"type":"line","id":"ljqre5o0l2","color":"#b10dc9","size":10,"tool":"Pencil","time":1547171821649,"_children":[{"type":"child","parent":"ljqre5o0l2","x":636,"y":230,"tool":"Pencil"},{"type":"child","parent":"ljqre5o0l2","x":644,"y":288,"tool":"Pencil"},{"type":"child","parent":"ljqre5o0l2","x":639,"y":291,"tool":"Pencil"},{"type":"child","parent":"ljqre5o0l2","x":606,"y":276,"tool":"Pencil"}]},"ljqre5of010":{"type":"line","id":"ljqre5of010","color":"#b10dc9","size":10,"tool":"Pencil","time":1547171822168,"_children":[{"type":"child","parent":"ljqre5of010","x":657,"y":264,"tool":"Pencil"},{"type":"child","parent":"ljqre5of010","x":673,"y":266,"tool":"Pencil"},{"type":"child","parent":"ljqre5of010","x":690,"y":269,"tool":"Pencil"},{"type":"child","parent":"ljqre5of010","x":713,"y":272,"tool":"Pencil"},{"type":"child","parent":"ljqre5of010","x":713,"y":272,"tool":"Pencil"}]}}