{"ljp1gs62v1":{"type":"line","id":"ljp1gs62v1","color":"#1913B0","size":10,"tool":"Pencil","_children":[{"type":"child","parent":"ljp1gs62v1","x":243,"y":183,"tool":"Pencil"},{"type":"child","parent":"ljp1gs62v1","x":225,"y":207,"tool":"Pencil"},{"type":"child","parent":"ljp1gs62v1","x":193,"y":253,"tool":"Pencil"},{"type":"child","parent":"ljp1gs62v1","x":177,"y":306,"tool":"Pencil"},{"type":"child","parent":"ljp1gs62v1","x":171,"y":354,"tool":"Pencil"},{"type":"child","parent":"ljp1gs62v1","x":176,"y":376,"tool":"Pencil"},{"type":"child","parent":"ljp1gs62v1","x":196,"y":376,"tool":"Pencil"},{"type":"child","parent":"ljp1gs62v1","x":232,"y":331,"tool":"Pencil"},{"type":"child","parent":"ljp1gs62v1","x":249,"y":265,"tool":"Pencil"},{"type":"child","parent":"ljp1gs62v1","x":254,"y":219,"tool":"Pencil"},{"type":"child","parent":"ljp1gs62v1","x":257,"y":210,"tool":"Pencil"}]},"ljp1o80pc1":{"type":"line","id":"ljp1o80pc1","color":"#1913B0","size":10,"tool":"Pencil","_children":[{"type":"child","parent":"ljp1o80pc1","x":152,"y":82,"tool":"Pencil"},{"type":"child","parent":"ljp1o80pc1","x":151,"y":89,"tool":"Pencil"},{"type":"child","parent":"ljp1o80pc1","x":187,"y":75,"tool":"Pencil"},{"type":"child","parent":"ljp1o80pc1","x":218,"y":62,"tool":"Pencil"},{"type":"child","parent":"ljp1o80pc1","x":236,"y":84,"tool":"Pencil"},{"type":"child","parent":"ljp1o80pc1","x":268,"y":133,"tool":"Pencil"},{"type":"child","parent":"ljp1o80pc1","x":287,"y":147,"tool":"Pencil"}]},"ljp1o81e2v":{"type":"line","id":"ljp1o81e2v","color":"#1913B0","size":10,"tool":"Pencil","_children":[{"type":"child","parent":"ljp1o81e2v","x":63,"y":335,"tool":"Pencil"}]},"ljp2735sbw":{"type":"line","id":"ljp2735sbw","color":"#1913b0","size":10,"tool":"Pencil","_children":[{"type":"child","parent":"ljp2735sbw","x":452,"y":444,"tool":"Pencil"},{"type":"child","parent":"ljp2735sbw","x":497,"y":434,"tool":"Pencil"},{"type":"child","parent":"ljp2735sbw","x":471,"y":383,"tool":"Pencil"},{"type":"child","parent":"ljp2735sbw","x":406,"y":455,"tool":"Pencil"},{"type":"child","parent":"ljp2735sbw","x":606,"y":501,"tool":"Pencil"},{"type":"child","parent":"ljp2735sbw","x":589,"y":700,"tool":"Pencil"},{"type":"child","parent":"ljp2735sbw","x":509,"y":731,"tool":"Pencil"},{"type":"child","parent":"ljp2735sbw","x":446,"y":578,"tool":"Pencil"},{"type":"child","parent":"ljp2735sbw","x":622,"y":402,"tool":"Pencil"},{"type":"child","parent":"ljp2735sbw","x":749,"y":303,"tool":"Pencil"},{"type":"child","parent":"ljp2735sbw","x":606,"y":234,"tool":"Pencil"},{"type":"child","parent":"ljp2735sbw","x":542,"y":254,"tool":"Pencil"},{"type":"child","parent":"ljp2735sbw","x":787,"y":272,"tool":"Pencil"},{"type":"child","parent":"ljp2735sbw","x":990,"y":255,"tool":"Pencil"}]},"ljp2737r42":{"type":"line","id":"ljp2737r42","color":"#1913b0","size":10,"tool":"Pencil","_children":[{"type":"child","parent":"ljp2737r42","x":401,"y":695,"tool":"Pencil"},{"type":"child","parent":"ljp2737r42","x":403,"y":717,"tool":"Pencil"},{"type":"child","parent":"ljp2737r42","x":456,"y":819,"tool":"Pencil"},{"type":"child","parent":"ljp2737r42","x":500,"y":763,"tool":"Pencil"},{"type":"child","parent":"ljp2737r42","x":576,"y":624,"tool":"Pencil"},{"type":"child","parent":"ljp2737r42","x":612,"y":693,"tool":"Pencil"},{"type":"child","parent":"ljp2737r42","x":657,"y":665,"tool":"Pencil"},{"type":"child","parent":"ljp2737r42","x":702,"y":699,"tool":"Pencil"},{"type":"child","parent":"ljp2737r42","x":712,"y":703,"tool":"Pencil"}]},"ljp2738cl8":{"type":"line","id":"ljp2738cl8","color":"#1913b0","size":10,"tool":"Pencil","_children":[{"type":"child","parent":"ljp2738cl8","x":726,"y":641,"tool":"Pencil"},{"type":"child","parent":"ljp2738cl8","x":765,"y":658,"tool":"Pencil"}]},"ljp2738ks2":{"type":"line","id":"ljp2738ks2","color":"#1913b0","size":10,"tool":"Pencil","_children":[{"type":"child","parent":"ljp2738ks2","x":808,"y":599,"tool":"Pencil"},{"type":"child","parent":"ljp2738ks2","x":839,"y":552,"tool":"Pencil"},{"type":"child","parent":"ljp2738ks2","x":805,"y":409,"tool":"Pencil"},{"type":"child","parent":"ljp2738ks2","x":695,"y":405,"tool":"Pencil"},{"type":"child","parent":"ljp2738ks2","x":729,"y":433,"tool":"Pencil"}]},"ljp2738vul":{"type":"line","id":"ljp2738vul","color":"#1913b0","size":10,"tool":"Pencil","_children":[{"type":"child","parent":"ljp2738vul","x":789,"y":431,"tool":"Pencil"},{"type":"child","parent":"ljp2738vul","x":755,"y":459,"tool":"Pencil"},{"type":"child","parent":"ljp2738vul","x":632,"y":242,"tool":"Pencil"}]},"ljp27392eh":{"type":"line","id":"ljp27392eh","color":"#1913b0","size":10,"tool":"Pencil","_children":[{"type":"child","parent":"ljp27392eh","x":578,"y":151,"tool":"Pencil"},{"type":"child","parent":"ljp27392eh","x":530,"y":137,"tool":"Pencil"},{"type":"child","parent":"ljp27392eh","x":486,"y":131,"tool":"Pencil"},{"type":"child","parent":"ljp27392eh","x":453,"y":185,"tool":"Pencil"},{"type":"child","parent":"ljp27392eh","x":503,"y":274,"tool":"Pencil"},{"type":"child","parent":"ljp27392eh","x":514,"y":291,"tool":"Pencil"},{"type":"child","parent":"ljp27392eh","x":409,"y":322,"tool":"Pencil"},{"type":"child","parent":"ljp27392eh","x":405,"y":291,"tool":"Pencil"},{"type":"child","parent":"ljp27392eh","x":453,"y":115,"tool":"Pencil"},{"type":"child","parent":"ljp27392eh","x":485,"y":63,"tool":"Pencil"},{"type":"child","parent":"ljp27392eh","x":484,"y":63,"tool":"Pencil"},{"type":"child","parent":"ljp27392eh","x":430,"y":91,"tool":"Pencil"},{"type":"child","parent":"ljp27392eh","x":427,"y":112,"tool":"Pencil"}]},"ljp2739zxl":{"type":"line","id":"ljp2739zxl","color":"#1913b0","size":10,"tool":"Pencil","_children":[{"type":"child","parent":"ljp2739zxl","x":501,"y":71,"tool":"Pencil"},{"type":"child","parent":"ljp2739zxl","x":433,"y":55,"tool":"Pencil"},{"type":"child","parent":"ljp2739zxl","x":402,"y":89,"tool":"Pencil"}]},"ljp273a5m5":{"type":"line","id":"ljp273a5m5","color":"#1913b0","size":10,"tool":"Pencil","_children":[{"type":"child","parent":"ljp273a5m5","x":396,"y":114,"tool":"Pencil"},{"type":"child","parent":"ljp273a5m5","x":441,"y":168,"tool":"Pencil"},{"type":"child","parent":"ljp273a5m5","x":574,"y":219,"tool":"Pencil"},{"type":"child","parent":"ljp273a5m5","x":545,"y":252,"tool":"Pencil"},{"type":"child","parent":"ljp273a5m5","x":464,"y":310,"tool":"Pencil"},{"type":"child","parent":"ljp273a5m5","x":463,"y":311,"tool":"Pencil"}]},"ljp273amua":{"type":"line","id":"ljp273amua","color":"#1913b0","size":10,"tool":"Pencil","_children":[{"type":"child","parent":"ljp273amua","x":452,"y":315,"tool":"Pencil"},{"type":"child","parent":"ljp273amua","x":442,"y":316,"tool":"Pencil"},{"type":"child","parent":"ljp273amua","x":364,"y":288,"tool":"Pencil"},{"type":"child","parent":"ljp273amua","x":320,"y":306,"tool":"Pencil"},{"type":"child","parent":"ljp273amua","x":323,"y":322,"tool":"Pencil"}]},"ljp1yily4p":{"type":"line","id":"ljp1yily4p","color":"#1913b0","size":10,"tool":"Pencil","_children":[{"type":"child","parent":"ljp1yily4p","x":329.5,"y":398.5,"tool":"Pencil"},{"type":"child","parent":"ljp1yily4p","x":274.4,"y":409.1,"tool":"Pencil"}]},"ljp1yimmsc":{"type":"line","id":"ljp1yimmsc","color":"#1913b0","size":10,"tool":"Pencil","_children":[{"type":"child","parent":"ljp1yimmsc","x":333,"y":263.2,"tool":"Pencil"},{"type":"child","parent":"ljp1yimmsc","x":328,"y":262.5,"tool":"Pencil"},{"type":"child","parent":"ljp1yimmsc","x":290.4,"y":273.2,"tool":"Pencil"},{"type":"child","parent":"ljp1yimmsc","x":245.3,"y":294.5,"tool":"Pencil"},{"type":"child","parent":"ljp1yimmsc","x":204.8,"y":325.9,"tool":"Pencil"},{"type":"child","parent":"ljp1yimmsc","x":178.9,"y":352.2,"tool":"Pencil"},{"type":"child","parent":"ljp1yimmsc","x":165.5,"y":376.3,"tool":"Pencil"},{"type":"child","parent":"ljp1yimmsc","x":163.9,"y":395.3,"tool":"Pencil"},{"type":"child","parent":"ljp1yimmsc","x":189.3,"y":409.1,"tool":"Pencil"},{"type":"child","parent":"ljp1yimmsc","x":219.3,"y":406.4,"tool":"Pencil"},{"type":"child","parent":"ljp1yimmsc","x":238.1,"y":399.1,"tool":"Pencil"}]},"ljp1yioflu":{"type":"line","id":"ljp1yioflu","color":"#1913b0","size":10,"tool":"Pencil","_children":[{"type":"child","parent":"ljp1yioflu","x":336.8,"y":413,"tool":"Pencil"}]},"ljp1yiofok":{"type":"line","id":"ljp1yiofok","color":"#1913b0","size":10,"tool":"Pencil","_children":[{"type":"child","parent":"ljp1yiofok","x":157.7,"y":251.8,"tool":"Pencil"}]},"ljp202ke4c":{"type":"line","id":"ljp202ke4c","color":"#1913B0","size":10,"tool":"Pencil","_children":[{"type":"child","parent":"ljp202ke4c","x":124,"y":391,"tool":"Pencil"},{"type":"child","parent":"ljp202ke4c","x":62,"y":303,"tool":"Pencil"},{"type":"child","parent":"ljp202ke4c","x":33,"y":267,"tool":"Pencil"},{"type":"child","parent":"ljp202ke4c","x":34,"y":266,"tool":"Pencil"}]},"ljp202l03r":{"type":"line","id":"ljp202l03r","color":"#1913B0","size":10,"tool":"Pencil","_children":[{"type":"child","parent":"ljp202l03r","x":115,"y":278,"tool":"Pencil"},{"type":"child","parent":"ljp202l03r","x":107,"y":303,"tool":"Pencil"},{"type":"child","parent":"ljp202l03r","x":100,"y":341,"tool":"Pencil"},{"type":"child","parent":"ljp202l03r","x":100,"y":362,"tool":"Pencil"},{"type":"child","parent":"ljp202l03r","x":100,"y":374,"tool":"Pencil"},{"type":"child","parent":"ljp202l03r","x":100,"y":376,"tool":"Pencil"},{"type":"child","parent":"ljp202l03r","x":107,"y":380,"tool":"Pencil"},{"type":"child","parent":"ljp202l03r","x":149,"y":397,"tool":"Pencil"},{"type":"child","parent":"ljp202l03r","x":212,"y":413,"tool":"Pencil"},{"type":"child","parent":"ljp202l03r","x":242,"y":431,"tool":"Pencil"},{"type":"child","parent":"ljp202l03r","x":262,"y":446,"tool":"Pencil"},{"type":"child","parent":"ljp202l03r","x":274,"y":454,"tool":"Pencil"},{"type":"child","parent":"ljp202l03r","x":283,"y":460,"tool":"Pencil"},{"type":"child","parent":"ljp202l03r","x":288,"y":464,"tool":"Pencil"},{"type":"child","parent":"ljp202l03r","x":291,"y":454,"tool":"Pencil"},{"type":"child","parent":"ljp202l03r","x":279,"y":396,"tool":"Pencil"},{"type":"child","parent":"ljp202l03r","x":260,"y":358,"tool":"Pencil"},{"type":"child","parent":"ljp202l03r","x":250,"y":342,"tool":"Pencil"},{"type":"child","parent":"ljp202l03r","x":245,"y":336,"tool":"Pencil"}]},"lk7swasxvs":{"type":"line","id":"lk7swasxvs","color":"#001f3f","size":10,"tool":"Pencil","time":1584268063102,"_children":[{"type":"child","parent":"lk7swasxvs","x":750,"y":109,"tool":"Pencil"},{"type":"child","parent":"lk7swasxvs","x":752,"y":162,"tool":"Pencil"},{"type":"child","parent":"lk7swasxvs","x":815,"y":182,"tool":"Pencil"},{"type":"child","parent":"lk7swasxvs","x":849,"y":115,"tool":"Pencil"},{"type":"child","parent":"lk7swasxvs","x":824,"y":89,"tool":"Pencil"},{"type":"child","parent":"lk7swasxvs","x":761,"y":120,"tool":"Pencil"},{"type":"child","parent":"lk7swasxvs","x":749,"y":191,"tool":"Pencil"},{"type":"child","parent":"lk7swasxvs","x":765,"y":227,"tool":"Pencil"},{"type":"child","parent":"lk7swasxvs","x":849,"y":207,"tool":"Pencil"},{"type":"child","parent":"lk7swasxvs","x":872,"y":198,"tool":"Pencil"}]},"lk7ywbh3p6":{"type":"line","id":"lk7ywbh3p6","color":"#ff4136","size":10,"tool":"Pencil","time":1584630891496,"_children":[{"type":"child","parent":"lk7ywbh3p6","x":2120.5,"y":3776.9,"tool":"Pencil"},{"type":"child","parent":"lk7ywbh3p6","x":1970,"y":3876.6,"tool":"Pencil"},{"type":"child","parent":"lk7ywbh3p6","x":1389.5,"y":4232.5,"tool":"Pencil"},{"type":"child","parent":"lk7ywbh3p6","x":1784.5,"y":4049.3,"tool":"Pencil"},{"type":"child","parent":"lk7ywbh3p6","x":1851.4,"y":3950.9,"tool":"Pencil"},{"type":"child","parent":"lk7ywbh3p6","x":1994.8,"y":4293.5,"tool":"Pencil"},{"type":"child","parent":"lk7ywbh3p6","x":2170.2,"y":4771.9,"tool":"Pencil"}]},"lk7ywbhvm3":{"type":"line","id":"lk7ywbhvm3","color":"#ff4136","size":10,"tool":"Pencil","time":1584630894597,"_children":[{"type":"child","parent":"lk7ywbhvm3","x":4778.1,"y":4389.9,"tool":"Pencil"},{"type":"child","parent":"lk7ywbhvm3","x":4638,"y":4449,"tool":"Pencil"},{"type":"child","parent":"lk7ywbhvm3","x":3679.2,"y":4518.1,"tool":"Pencil"}]},"lk7ywbiiwj":{"type":"line","id":"lk7ywbiiwj","color":"#ff4136","size":10,"tool":"Pencil","time":1584630894598,"_children":[{"type":"child","parent":"lk7ywbiiwj","x":4687,"y":1225.2,"tool":"Pencil"},{"type":"child","parent":"lk7ywbiiwj","x":4692.7,"y":1374.6,"tool":"Pencil"},{"type":"child","parent":"lk7ywbiiwj","x":4758.9,"y":2213.9,"tool":"Pencil"},{"type":"child","parent":"lk7ywbiiwj","x":4829.6,"y":3026.2,"tool":"Pencil"},{"type":"child","parent":"lk7ywbiiwj","x":4933.4,"y":3294.3,"tool":"Pencil"},{"type":"child","parent":"lk7ywbiiwj","x":4922.9,"y":3296.4,"tool":"Pencil"},{"type":"child","parent":"lk7ywbiiwj","x":4440,"y":3402.3,"tool":"Pencil"},{"type":"child","parent":"lk7ywbiiwj","x":4104.9,"y":3478.6,"tool":"Pencil"},{"type":"child","parent":"lk7ywbiiwj","x":3725.7,"y":3472.3,"tool":"Pencil"},{"type":"child","parent":"lk7ywbiiwj","x":3420.3,"y":3379.2,"tool":"Pencil"}]},"lk7ywbj65t":{"type":"line","id":"lk7ywbj65t","color":"#ff4136","size":10,"tool":"Pencil","time":1584630894603,"_children":[{"type":"child","parent":"lk7ywbj65t","x":3138.8,"y":2658.4,"tool":"Pencil"},{"type":"child","parent":"lk7ywbj65t","x":3114,"y":1941.5,"tool":"Pencil"},{"type":"child","parent":"lk7ywbj65t","x":3114,"y":1096,"tool":"Pencil"},{"type":"child","parent":"lk7ywbj65t","x":3300.9,"y":829.5,"tool":"Pencil"},{"type":"child","parent":"lk7ywbj65t","x":4037.4,"y":856.5,"tool":"Pencil"},{"type":"child","parent":"lk7ywbj65t","x":4399.3,"y":949.6,"tool":"Pencil"},{"type":"child","parent":"lk7ywbj65t","x":4621,"y":1285.5,"tool":"Pencil"}]},"lk7ywbjvj3":{"type":"line","id":"lk7ywbjvj3","color":"#ff4136","size":10,"tool":"Pencil","time":1584630894606,"_children":[{"type":"child","parent":"lk7ywbjvj3","x":3900.5,"y":1904.5,"tool":"Pencil"},{"type":"child","parent":"lk7ywbjvj3","x":4074.5,"y":1933,"tool":"Pencil"},{"type":"child","parent":"lk7ywbjvj3","x":4248.2,"y":2075,"tool":"Pencil"},{"type":"child","parent":"lk7ywbjvj3","x":4119.4,"y":2219.3,"tool":"Pencil"},{"type":"child","parent":"lk7ywbjvj3","x":3844.7,"y":2140.7,"tool":"Pencil"},{"type":"child","parent":"lk7ywbjvj3","x":3905,"y":1921.1,"tool":"Pencil"},{"type":"child","parent":"lk7ywbjvj3","x":4132.3,"y":2099.7,"tool":"Pencil"}]},"lk7ywbkqfm":{"type":"line","id":"lk7ywbkqfm","color":"#ff4136","size":10,"tool":"Pencil","time":1584630894609,"_children":[{"type":"child","parent":"lk7ywbkqfm","x":4057.8,"y":2260.8,"tool":"Pencil"},{"type":"child","parent":"lk7ywbkqfm","x":4057.8,"y":2373,"tool":"Pencil"},{"type":"child","parent":"lk7ywbkqfm","x":4066.1,"y":2840.5,"tool":"Pencil"},{"type":"child","parent":"lk7ywbkqfm","x":4074.4,"y":2954.7,"tool":"Pencil"}]},"lk7ywbmc1e":{"type":"line","id":"lk7ywbmc1e","color":"#ff4136","size":10,"tool":"Pencil","time":1584630896014,"_children":[{"type":"child","parent":"lk7ywbmc1e","x":4033.1,"y":2608.7,"tool":"Pencil"},{"type":"child","parent":"lk7ywbmc1e","x":3972.9,"y":2417.3,"tool":"Pencil"},{"type":"child","parent":"lk7ywbmc1e","x":3865.3,"y":1943.2,"tool":"Pencil"},{"type":"child","parent":"lk7ywbmc1e","x":3809.6,"y":1624.9,"tool":"Pencil"},{"type":"child","parent":"lk7ywbmc1e","x":3788.7,"y":1465,"tool":"Pencil"}]},"lk7ywbnuzg":{"type":"line","id":"lk7ywbnuzg","color":"#ff4136","size":10,"tool":"Pencil","time":1584630897993,"_children":[{"type":"child","parent":"lk7ywbnuzg","x":4281.5,"y":5831.5,"tool":"Pencil"},{"type":"child","parent":"lk7ywbnuzg","x":3599.3,"y":6537.4,"tool":"Pencil"},{"type":"child","parent":"lk7ywbnuzg","x":4147.9,"y":5399.3,"tool":"Pencil"}]},"lk7ywbpim3":{"type":"line","id":"lk7ywbpim3","color":"#ff4136","size":10,"tool":"Pencil","time":1584630900125,"_children":[{"type":"child","parent":"lk7ywbpim3","x":3581.6,"y":4761.8,"tool":"Pencil"},{"type":"child","parent":"lk7ywbpim3","x":3559.5,"y":4655.7,"tool":"Pencil"},{"type":"child","parent":"lk7ywbpim3","x":3435.7,"y":4358.2,"tool":"Pencil"},{"type":"child","parent":"lk7ywbpim3","x":3352.6,"y":4044.9,"tool":"Pencil"},{"type":"child","parent":"lk7ywbpim3","x":3279.9,"y":3858.8,"tool":"Pencil"},{"type":"child","parent":"lk7ywbpim3","x":3243.7,"y":3727,"tool":"Pencil"},{"type":"child","parent":"lk7ywbpim3","x":3191.5,"y":3589.7,"tool":"Pencil"},{"type":"child","parent":"lk7ywbpim3","x":3144.6,"y":3472.9,"tool":"Pencil"},{"type":"child","parent":"lk7ywbpim3","x":3132.2,"y":3458.6,"tool":"Pencil"}]},"lk7ywbqf6i":{"type":"line","id":"lk7ywbqf6i","color":"#ff4136","size":10,"tool":"Pencil","time":1584630901313,"_children":[{"type":"child","parent":"lk7ywbqf6i","x":3277.3,"y":2814.1,"tool":"Pencil"},{"type":"child","parent":"lk7ywbqf6i","x":3271.3,"y":2825,"tool":"Pencil"}]},"lk7ywbqj34":{"type":"line","id":"lk7ywbqj34","color":"#ff4136","size":10,"tool":"Pencil","time":1584630901435},"lk7ywbqj7u":{"type":"line","id":"lk7ywbqj7u","color":"#ff4136","size":10,"tool":"Pencil","time":1584630901477,"_children":[{"type":"child","parent":"lk7ywbqj7u","x":3284.3,"y":2962.8,"tool":"Pencil"}]},"lk7ywbr4m1":{"type":"line","id":"lk7ywbr4m1","color":"#ff4136","size":10,"tool":"Pencil","time":1584630902223,"_children":[{"type":"child","parent":"lk7ywbr4m1","x":2007.4,"y":2706.2,"tool":"Pencil"}]},"lk7ywbr4uh":{"type":"line","id":"lk7ywbr4uh","color":"#ff4136","size":10,"tool":"Pencil","time":1584630902295,"_children":[{"type":"child","parent":"lk7ywbr4uh","x":4959.7,"y":6155.8,"tool":"Pencil"},{"type":"child","parent":"lk7ywbr4uh","x":3415.1,"y":5443.5,"tool":"Pencil"}]},"lk7ywbrtlo":{"type":"line","id":"lk7ywbrtlo","color":"#ff4136","size":10,"tool":"Pencil","time":1584630903151,"_children":[{"type":"child","parent":"lk7ywbrtlo","x":5531.5,"y":5063.9,"tool":"Pencil"},{"type":"child","parent":"lk7ywbrtlo","x":5520.2,"y":5063.9,"tool":"Pencil"},{"type":"child","parent":"lk7ywbrtlo","x":5002.4,"y":5063.9,"tool":"Pencil"}]},"lk7ywbs5d6":{"type":"line","id":"lk7ywbs5d6","color":"#ff4136","size":10,"tool":"Pencil","time":1584630903555,"_children":[{"type":"child","parent":"lk7ywbs5d6","x":5511.6,"y":5063.9,"tool":"Pencil"},{"type":"child","parent":"lk7ywbs5d6","x":5518.8,"y":5102.7,"tool":"Pencil"},{"type":"child","parent":"lk7ywbs5d6","x":5633.9,"y":5805.7,"tool":"Pencil"}]},"lk7ywbsizu":{"type":"line","id":"lk7ywbsizu","color":"#ff4136","size":10,"tool":"Pencil","time":1584630904023,"_children":[{"type":"child","parent":"lk7ywbsizu","x":5262,"y":5093.9,"tool":"Pencil"},{"type":"child","parent":"lk7ywbsizu","x":5272,"y":5132.4,"tool":"Pencil"},{"type":"child","parent":"lk7ywbsizu","x":5321.9,"y":5712.1,"tool":"Pencil"}]},"lk7ywbt5lu":{"type":"line","id":"lk7ywbt5lu","color":"#ff4136","size":10,"tool":"Pencil","time":1584630904853,"_children":[{"type":"child","parent":"lk7ywbt5lu","x":5172.1,"y":6092.9,"tool":"Pencil"},{"type":"child","parent":"lk7ywbt5lu","x":5179.1,"y":6209.2,"tool":"Pencil"},{"type":"child","parent":"lk7ywbt5lu","x":5218.9,"y":6536,"tool":"Pencil"}]},"lk7ywbthmo":{"type":"line","id":"lk7ywbthmo","color":"#ff4136","size":10,"tool":"Pencil","time":1584630905270,"_children":[{"type":"child","parent":"lk7ywbthmo","x":5272,"y":6152.8,"tool":"Pencil"},{"type":"child","parent":"lk7ywbthmo","x":5296.3,"y":6184.4,"tool":"Pencil"},{"type":"child","parent":"lk7ywbthmo","x":5401.7,"y":6552.4,"tool":"Pencil"}]},"lk7ywbu13f":{"type":"line","id":"lk7ywbu13f","color":"#ff4136","size":10,"tool":"Pencil","time":1584630905983,"_children":[{"type":"child","parent":"lk7ywbu13f","x":5491.6,"y":6962,"tool":"Pencil"},{"type":"child","parent":"lk7ywbu13f","x":5436.1,"y":6962,"tool":"Pencil"},{"type":"child","parent":"lk7ywbu13f","x":5019.8,"y":6952,"tool":"Pencil"},{"type":"child","parent":"lk7ywbu13f","x":5029.8,"y":6942.1,"tool":"Pencil"},{"type":"child","parent":"lk7ywbu13f","x":5375.3,"y":7042.5,"tool":"Pencil"},{"type":"child","parent":"lk7ywbu13f","x":5471.6,"y":7109.4,"tool":"Pencil"},{"type":"child","parent":"lk7ywbu13f","x":5454.1,"y":7141.8,"tool":"Pencil"},{"type":"child","parent":"lk7ywbu13f","x":5071.3,"y":7179.5,"tool":"Pencil"},{"type":"child","parent":"lk7ywbu13f","x":5002.4,"y":7189.4,"tool":"Pencil"},{"type":"child","parent":"lk7ywbu13f","x":5044.4,"y":7229.1,"tool":"Pencil"},{"type":"child","parent":"lk7ywbu13f","x":5222.8,"y":7314.8,"tool":"Pencil"},{"type":"child","parent":"lk7ywbu13f","x":5379.3,"y":7439,"tool":"Pencil"},{"type":"child","parent":"lk7ywbu13f","x":5366.8,"y":7451.6,"tool":"Pencil"},{"type":"child","parent":"lk7ywbu13f","x":5012.1,"y":7479.1,"tool":"Pencil"}]},"lk7ywbvdfh":{"type":"line","id":"lk7ywbvdfh","color":"#ff4136","size":10,"tool":"Pencil","time":1584630907726,"_children":[{"type":"child","parent":"lk7ywbvdfh","x":5052.3,"y":7891.1,"tool":"Pencil"},{"type":"child","parent":"lk7ywbvdfh","x":5145.4,"y":7825.8,"tool":"Pencil"},{"type":"child","parent":"lk7ywbvdfh","x":5351.8,"y":7656.4,"tool":"Pencil"},{"type":"child","parent":"lk7ywbvdfh","x":5119,"y":7601.4,"tool":"Pencil"},{"type":"child","parent":"lk7ywbvdfh","x":5012.4,"y":7654.1,"tool":"Pencil"},{"type":"child","parent":"lk7ywbvdfh","x":5071.9,"y":7843.3,"tool":"Pencil"},{"type":"child","parent":"lk7ywbvdfh","x":5301.9,"y":7891.1,"tool":"Pencil"},{"type":"child","parent":"lk7ywbvdfh","x":5282,"y":7891.1,"tool":"Pencil"}]}}