{"ljvz2df04f":{"type":"line","id":"ljvz2df04f","color":"#0074d9","size":10,"tool":"Pencil","time":1558519671975,"_children":[{"type":"child","parent":"ljvz2df04f","x":402,"y":93,"tool":"Pencil"},{"type":"child","parent":"ljvz2df04f","x":440,"y":163,"tool":"Pencil"},{"type":"child","parent":"ljvz2df04f","x":552,"y":299,"tool":"Pencil"},{"type":"child","parent":"ljvz2df04f","x":561,"y":308,"tool":"Pencil"}]},"ljvz2dq7bv":{"type":"line","id":"ljvz2dq7bv","color":"#aaaaaa","size":10,"tool":"Pencil","time":1558519686739,"_children":[{"type":"child","parent":"ljvz2dq7bv","x":874,"y":459,"tool":"Pencil"},{"type":"child","parent":"ljvz2dq7bv","x":875,"y":494,"tool":"Pencil"},{"type":"child","parent":"ljvz2dq7bv","x":875,"y":558,"tool":"Pencil"},{"type":"child","parent":"ljvz2dq7bv","x":953,"y":561,"tool":"Pencil"},{"type":"child","parent":"ljvz2dq7bv","x":954,"y":386,"tool":"Pencil"},{"type":"child","parent":"ljvz2dq7bv","x":797,"y":318,"tool":"Pencil"},{"type":"child","parent":"ljvz2dq7bv","x":720,"y":430,"tool":"Pencil"},{"type":"child","parent":"ljvz2dq7bv","x":857,"y":451,"tool":"Pencil"},{"type":"child","parent":"ljvz2dq7bv","x":917,"y":354,"tool":"Pencil"},{"type":"child","parent":"ljvz2dq7bv","x":678,"y":414,"tool":"Pencil"},{"type":"child","parent":"ljvz2dq7bv","x":640,"y":499,"tool":"Pencil"},{"type":"child","parent":"ljvz2dq7bv","x":958,"y":395,"tool":"Pencil"},{"type":"child","parent":"ljvz2dq7bv","x":915,"y":374,"tool":"Pencil"},{"type":"child","parent":"ljvz2dq7bv","x":763,"y":453,"tool":"Pencil"},{"type":"child","parent":"ljvz2dq7bv","x":864,"y":422,"tool":"Pencil"},{"type":"child","parent":"ljvz2dq7bv","x":878,"y":366,"tool":"Pencil"}]},"ljvz2drys1":{"type":"line","id":"ljvz2drys1","color":"#0074d9","size":10,"tool":"Pencil","time":1558519688777,"_children":[{"type":"child","parent":"ljvz2drys1","x":604,"y":216,"tool":"Pencil"},{"type":"child","parent":"ljvz2drys1","x":972,"y":510,"tool":"Pencil"},{"type":"child","parent":"ljvz2drys1","x":1150,"y":601,"tool":"Pencil"},{"type":"child","parent":"ljvz2drys1","x":1104,"y":549,"tool":"Pencil"},{"type":"child","parent":"ljvz2drys1","x":685,"y":290,"tool":"Pencil"},{"type":"child","parent":"ljvz2drys1","x":640,"y":254,"tool":"Pencil"},{"type":"child","parent":"ljvz2drys1","x":929,"y":333,"tool":"Pencil"},{"type":"child","parent":"ljvz2drys1","x":906,"y":318,"tool":"Pencil"},{"type":"child","parent":"ljvz2drys1","x":646,"y":295,"tool":"Pencil"},{"type":"child","parent":"ljvz2drys1","x":675,"y":304,"tool":"Pencil"}]},"ljvz2dsvpp":{"type":"line","id":"ljvz2dsvpp","color":"#0074d9","size":10,"tool":"Pencil","time":1558519689961,"_children":[{"type":"child","parent":"ljvz2dsvpp","x":575,"y":398,"tool":"Pencil"},{"type":"child","parent":"ljvz2dsvpp","x":668,"y":369,"tool":"Pencil"},{"type":"child","parent":"ljvz2dsvpp","x":942,"y":281,"tool":"Pencil"},{"type":"child","parent":"ljvz2dsvpp","x":942,"y":287,"tool":"Pencil"},{"type":"child","parent":"ljvz2dsvpp","x":635,"y":364,"tool":"Pencil"},{"type":"child","parent":"ljvz2dsvpp","x":682,"y":351,"tool":"Pencil"},{"type":"child","parent":"ljvz2dsvpp","x":905,"y":342,"tool":"Pencil"},{"type":"child","parent":"ljvz2dsvpp","x":900,"y":349,"tool":"Pencil"}]},"ljvz2dtmst":{"type":"line","id":"ljvz2dtmst","color":"#0074d9","size":10,"tool":"Pencil","time":1558519690937,"_children":[{"type":"child","parent":"ljvz2dtmst","x":750,"y":459,"tool":"Pencil"},{"type":"child","parent":"ljvz2dtmst","x":905,"y":384,"tool":"Pencil"},{"type":"child","parent":"ljvz2dtmst","x":1070,"y":320,"tool":"Pencil"},{"type":"child","parent":"ljvz2dtmst","x":1035,"y":334,"tool":"Pencil"},{"type":"child","parent":"ljvz2dtmst","x":980,"y":353,"tool":"Pencil"}]},"sjvz2dx43d":{"type":"straight","id":"sjvz2dx43d","color":"#0074d9","size":10,"x":612,"y":95,"tool":"Straight line","time":1558519695446,"x2":865,"y2":305},"rjvz2dyv0u":{"type":"rect","id":"rjvz2dyv0u","color":"#0074d9","size":10,"x":320,"y":58,"x2":998,"y2":400,"tool":"Rectangle","time":1558519697712},"rjvz2dzo3j":{"type":"rect","id":"rjvz2dzo3j","color":"#0074d9","size":10,"x":405,"y":134,"x2":768,"y2":421,"tool":"Rectangle","time":1558519698759},"tjvz2e84gp":{"type":"new","id":"tjvz2e84gp","color":"#3d809c","size":27,"x":276,"y":272,"tool":"Text","time":1558519709716},"tjvz2ea6k3":{"type":"new","id":"tjvz2ea6k3","color":"#3d809c","size":27,"x":316,"y":455.5,"tool":"Text","time":1558519712383,"txt":""},"tjvz2eabhi":{"type":"new","id":"tjvz2eabhi","color":"#3d809c","size":27,"x":316,"y":455.5,"tool":"Text","time":1558519712565},"tjvz2eaulo":{"type":"new","id":"tjvz2eaulo","color":"#3d809c","size":27,"x":329,"y":539.5,"tool":"Text","time":1558519713249},"tjvz2eb0lt":{"type":"new","id":"tjvz2eb0lt","color":"#3d809c","size":27,"x":329,"y":539.5,"tool":"Text","time":1558519713464},"ljvz2gbo8s":{"type":"line","id":"ljvz2gbo8s","color":"#3d809c","size":28,"tool":"Pencil","time":1558519807630,"_children":[{"type":"child","parent":"ljvz2gbo8s","x":905.3,"y":247.2,"tool":"Pencil"},{"type":"child","parent":"ljvz2gbo8s","x":912.7,"y":268,"tool":"Pencil"},{"type":"child","parent":"ljvz2gbo8s","x":1064.6,"y":480.9,"tool":"Pencil"},{"type":"child","parent":"ljvz2gbo8s","x":1194.1,"y":463.1,"tool":"Pencil"},{"type":"child","parent":"ljvz2gbo8s","x":1168.8,"y":354.4,"tool":"Pencil"},{"type":"child","parent":"ljvz2gbo8s","x":1078,"y":386.4,"tool":"Pencil"},{"type":"child","parent":"ljvz2gbo8s","x":1138.3,"y":437.7,"tool":"Pencil"},{"type":"child","parent":"ljvz2gbo8s","x":1302.1,"y":346.2,"tool":"Pencil"},{"type":"child","parent":"ljvz2gbo8s","x":1208.3,"y":355.9,"tool":"Pencil"},{"type":"child","parent":"ljvz2gbo8s","x":1153.2,"y":442.2,"tool":"Pencil"},{"type":"child","parent":"ljvz2gbo8s","x":1231.3,"y":370,"tool":"Pencil"},{"type":"child","parent":"ljvz2gbo8s","x":1122.7,"y":383.4,"tool":"Pencil"},{"type":"child","parent":"ljvz2gbo8s","x":1133.1,"y":458.6,"tool":"Pencil"},{"type":"child","parent":"ljvz2gbo8s","x":1240.3,"y":376,"tool":"Pencil"},{"type":"child","parent":"ljvz2gbo8s","x":1128.6,"y":378.9,"tool":"Pencil"},{"type":"child","parent":"ljvz2gbo8s","x":1105.5,"y":456.4,"tool":"Pencil"},{"type":"child","parent":"ljvz2gbo8s","x":1290.9,"y":368.5,"tool":"Pencil"},{"type":"child","parent":"ljvz2gbo8s","x":1220.9,"y":364,"tool":"Pencil"},{"type":"child","parent":"ljvz2gbo8s","x":1153.9,"y":472.7,"tool":"Pencil"},{"type":"child","parent":"ljvz2gbo8s","x":1319.2,"y":417.6,"tool":"Pencil"},{"type":"child","parent":"ljvz2gbo8s","x":1293.1,"y":326.8,"tool":"Pencil"},{"type":"child","parent":"ljvz2gbo8s","x":1144.2,"y":464.5,"tool":"Pencil"},{"type":"child","parent":"ljvz2gbo8s","x":1245.5,"y":419.9,"tool":"Pencil"},{"type":"child","parent":"ljvz2gbo8s","x":1252.2,"y":378.9,"tool":"Pencil"},{"type":"child","parent":"ljvz2gbo8s","x":1150.9,"y":443,"tool":"Pencil"},{"type":"child","parent":"ljvz2gbo8s","x":1206.8,"y":420.6,"tool":"Pencil"},{"type":"child","parent":"ljvz2gbo8s","x":1167.3,"y":416.9,"tool":"Pencil"}]},"ljvz2gezlb":{"type":"line","id":"ljvz2gezlb","color":"#3d809c","size":28,"opacity":0.5,"tool":"Pencil","time":1558519811928,"_children":[{"type":"child","parent":"ljvz2gezlb","x":965.6,"y":288.9,"tool":"Pencil"},{"type":"child","parent":"ljvz2gezlb","x":952.2,"y":303.7,"tool":"Pencil"},{"type":"child","parent":"ljvz2gezlb","x":999.1,"y":400.5,"tool":"Pencil"},{"type":"child","parent":"ljvz2gezlb","x":1104,"y":376.7,"tool":"Pencil"},{"type":"child","parent":"ljvz2gezlb","x":1066.1,"y":315.7,"tool":"Pencil"},{"type":"child","parent":"ljvz2gezlb","x":925.4,"y":364.8,"tool":"Pencil"},{"type":"child","parent":"ljvz2gezlb","x":941.7,"y":408.7,"tool":"Pencil"},{"type":"child","parent":"ljvz2gezlb","x":1116.7,"y":342.5,"tool":"Pencil"},{"type":"child","parent":"ljvz2gezlb","x":1070.5,"y":312.7,"tool":"Pencil"},{"type":"child","parent":"ljvz2gezlb","x":889.6,"y":375.2,"tool":"Pencil"},{"type":"child","parent":"ljvz2gezlb","x":940.3,"y":395.3,"tool":"Pencil"},{"type":"child","parent":"ljvz2gezlb","x":1101.1,"y":326.8,"tool":"Pencil"},{"type":"child","parent":"ljvz2gezlb","x":1043.7,"y":326.8,"tool":"Pencil"},{"type":"child","parent":"ljvz2gezlb","x":949.9,"y":393.8,"tool":"Pencil"},{"type":"child","parent":"ljvz2gezlb","x":1101.8,"y":350.6,"tool":"Pencil"},{"type":"child","parent":"ljvz2gezlb","x":1107,"y":291.8,"tool":"Pencil"},{"type":"child","parent":"ljvz2gezlb","x":976,"y":363.3,"tool":"Pencil"},{"type":"child","parent":"ljvz2gezlb","x":1016.9,"y":422.9,"tool":"Pencil"},{"type":"child","parent":"ljvz2gezlb","x":1134.6,"y":362.6,"tool":"Pencil"},{"type":"child","parent":"ljvz2gezlb","x":1049.7,"y":349.9,"tool":"Pencil"},{"type":"child","parent":"ljvz2gezlb","x":961.1,"y":428.8,"tool":"Pencil"},{"type":"child","parent":"ljvz2gezlb","x":1148.7,"y":351.4,"tool":"Pencil"},{"type":"child","parent":"ljvz2gezlb","x":1180,"y":301.5,"tool":"Pencil"},{"type":"child","parent":"ljvz2gezlb","x":1013.2,"y":415.4,"tool":"Pencil"},{"type":"child","parent":"ljvz2gezlb","x":1040.8,"y":434.8,"tool":"Pencil"},{"type":"child","parent":"ljvz2gezlb","x":1132.3,"y":399.8,"tool":"Pencil"},{"type":"child","parent":"ljvz2gezlb","x":1036.3,"y":377.4,"tool":"Pencil"},{"type":"child","parent":"ljvz2gezlb","x":973.8,"y":406.5,"tool":"Pencil"},{"type":"child","parent":"ljvz2gezlb","x":1150.2,"y":409.5,"tool":"Pencil"},{"type":"child","parent":"ljvz2gezlb","x":1197.1,"y":403.5,"tool":"Pencil"},{"type":"child","parent":"ljvz2gezlb","x":944.7,"y":395.3,"tool":"Pencil"},{"type":"child","parent":"ljvz2gezlb","x":1168.8,"y":353.6,"tool":"Pencil"},{"type":"child","parent":"ljvz2gezlb","x":1326.6,"y":340.2,"tool":"Pencil"},{"type":"child","parent":"ljvz2gezlb","x":1185.9,"y":333.5,"tool":"Pencil"},{"type":"child","parent":"ljvz2gezlb","x":1199.3,"y":328.3,"tool":"Pencil"},{"type":"child","parent":"ljvz2gezlb","x":1273,"y":326.1,"tool":"Pencil"},{"type":"child","parent":"ljvz2gezlb","x":1282,"y":329.1,"tool":"Pencil"},{"type":"child","parent":"ljvz2gezlb","x":1308.8,"y":368.5,"tool":"Pencil"},{"type":"child","parent":"ljvz2gezlb","x":1366.8,"y":407.2,"tool":"Pencil"},{"type":"child","parent":"ljvz2gezlb","x":1377.3,"y":410.2,"tool":"Pencil"},{"type":"child","parent":"ljvz2gezlb","x":1405.5,"y":415.4,"tool":"Pencil"},{"type":"child","parent":"ljvz2gezlb","x":1417.5,"y":428.8,"tool":"Pencil"},{"type":"child","parent":"ljvz2gezlb","x":1420.4,"y":472.7,"tool":"Pencil"},{"type":"child","parent":"ljvz2gezlb","x":1352.7,"y":458.6,"tool":"Pencil"},{"type":"child","parent":"ljvz2gezlb","x":1232.8,"y":435.5,"tool":"Pencil"},{"type":"child","parent":"ljvz2gezlb","x":1217.9,"y":417.6,"tool":"Pencil"},{"type":"child","parent":"ljvz2gezlb","x":1202.3,"y":369.3,"tool":"Pencil"},{"type":"child","parent":"ljvz2gezlb","x":1185.9,"y":335.8,"tool":"Pencil"},{"type":"child","parent":"ljvz2gezlb","x":1176.3,"y":323.8,"tool":"Pencil"},{"type":"child","parent":"ljvz2gezlb","x":1175.5,"y":323.8,"tool":"Pencil"},{"type":"child","parent":"ljvz2gezlb","x":1158.4,"y":271.7,"tool":"Pencil"},{"type":"child","parent":"ljvz2gezlb","x":1161.4,"y":243.4,"tool":"Pencil"},{"type":"child","parent":"ljvz2gezlb","x":1162.1,"y":243.4,"tool":"Pencil"},{"type":"child","parent":"ljvz2gezlb","x":1174.8,"y":310.4,"tool":"Pencil"},{"type":"child","parent":"ljvz2gezlb","x":1176.3,"y":329.8,"tool":"Pencil"},{"type":"child","parent":"ljvz2gezlb","x":1147.2,"y":352.9,"tool":"Pencil"},{"type":"child","parent":"ljvz2gezlb","x":1137.5,"y":384.9,"tool":"Pencil"},{"type":"child","parent":"ljvz2gezlb","x":1139.8,"y":402,"tool":"Pencil"},{"type":"child","parent":"ljvz2gezlb","x":1186.7,"y":440,"tool":"Pencil"},{"type":"child","parent":"ljvz2gezlb","x":1305,"y":484.6,"tool":"Pencil"},{"type":"child","parent":"ljvz2gezlb","x":1354.2,"y":496.6,"tool":"Pencil"},{"type":"child","parent":"ljvz2gezlb","x":1358.6,"y":498,"tool":"Pencil"},{"type":"child","parent":"ljvz2gezlb","x":1364.6,"y":501.8,"tool":"Pencil"}]},"ljvz2glczy":{"type":"line","id":"ljvz2glczy","color":"#3d809c","size":28,"opacity":0.5,"tool":"Pencil","time":1558519820184,"_children":[{"type":"child","parent":"ljvz2glczy","x":1127.9,"y":378.2,"tool":"Pencil"},{"type":"child","parent":"ljvz2glczy","x":1139,"y":408.7,"tool":"Pencil"},{"type":"child","parent":"ljvz2glczy","x":1162.1,"y":461.6,"tool":"Pencil"},{"type":"child","parent":"ljvz2glczy","x":1161.4,"y":466.8,"tool":"Pencil"}]}}