{"tjp487rsp1":{"type":"new","id":"tjp487rsp1","color":"#1913b0","size":27,"x":393,"y":237,"tool":"Text"},"ljp487vk1b":{"type":"line","id":"ljp487vk1b","color":"#1913b0","size":10,"tool":"Pencil","_children":[{"type":"child","parent":"ljp487vk1b","x":367,"y":354,"tool":"Pencil"},{"type":"child","parent":"ljp487vk1b","x":368,"y":354,"tool":"Pencil"},{"type":"child","parent":"ljp487vk1b","x":406,"y":359,"tool":"Pencil"},{"type":"child","parent":"ljp487vk1b","x":462,"y":363,"tool":"Pencil"},{"type":"child","parent":"ljp487vk1b","x":472,"y":363,"tool":"Pencil"},{"type":"child","parent":"ljp487vk1b","x":473,"y":363,"tool":"Pencil"},{"type":"child","parent":"ljp487vk1b","x":472,"y":347,"tool":"Pencil"},{"type":"child","parent":"ljp487vk1b","x":472,"y":336,"tool":"Pencil"},{"type":"child","parent":"ljp487vk1b","x":473,"y":323,"tool":"Pencil"},{"type":"child","parent":"ljp487vk1b","x":473,"y":312,"tool":"Pencil"},{"type":"child","parent":"ljp487vk1b","x":473,"y":311,"tool":"Pencil"},{"type":"child","parent":"ljp487vk1b","x":490,"y":309,"tool":"Pencil"},{"type":"child","parent":"ljp487vk1b","x":502,"y":308,"tool":"Pencil"},{"type":"child","parent":"ljp487vk1b","x":509,"y":308,"tool":"Pencil"},{"type":"child","parent":"ljp487vk1b","x":510,"y":308,"tool":"Pencil"},{"type":"child","parent":"ljp487vk1b","x":510,"y":309,"tool":"Pencil"},{"type":"child","parent":"ljp487vk1b","x":512,"y":309,"tool":"Pencil"},{"type":"child","parent":"ljp487vk1b","x":521,"y":309,"tool":"Pencil"},{"type":"child","parent":"ljp487vk1b","x":532,"y":309,"tool":"Pencil"},{"type":"child","parent":"ljp487vk1b","x":533,"y":309,"tool":"Pencil"},{"type":"child","parent":"ljp487vk1b","x":533,"y":316,"tool":"Pencil"},{"type":"child","parent":"ljp487vk1b","x":533,"y":323,"tool":"Pencil"},{"type":"child","parent":"ljp487vk1b","x":534,"y":328,"tool":"Pencil"},{"type":"child","parent":"ljp487vk1b","x":536,"y":334,"tool":"Pencil"},{"type":"child","parent":"ljp487vk1b","x":536,"y":339,"tool":"Pencil"},{"type":"child","parent":"ljp487vk1b","x":536,"y":346,"tool":"Pencil"},{"type":"child","parent":"ljp487vk1b","x":536,"y":346,"tool":"Pencil"},{"type":"child","parent":"ljp487vk1b","x":533,"y":346,"tool":"Pencil"},{"type":"child","parent":"ljp487vk1b","x":528,"y":346,"tool":"Pencil"},{"type":"child","parent":"ljp487vk1b","x":521,"y":348,"tool":"Pencil"},{"type":"child","parent":"ljp487vk1b","x":520,"y":365,"tool":"Pencil"},{"type":"child","parent":"ljp487vk1b","x":520,"y":365,"tool":"Pencil"},{"type":"child","parent":"ljp487vk1b","x":528,"y":365,"tool":"Pencil"},{"type":"child","parent":"ljp487vk1b","x":534,"y":365,"tool":"Pencil"},{"type":"child","parent":"ljp487vk1b","x":537,"y":366,"tool":"Pencil"},{"type":"child","parent":"ljp487vk1b","x":537,"y":367,"tool":"Pencil"},{"type":"child","parent":"ljp487vk1b","x":537,"y":376,"tool":"Pencil"},{"type":"child","parent":"ljp487vk1b","x":538,"y":383,"tool":"Pencil"},{"type":"child","parent":"ljp487vk1b","x":538,"y":390,"tool":"Pencil"},{"type":"child","parent":"ljp487vk1b","x":538,"y":394,"tool":"Pencil"},{"type":"child","parent":"ljp487vk1b","x":535,"y":395,"tool":"Pencil"},{"type":"child","parent":"ljp487vk1b","x":524,"y":398,"tool":"Pencil"},{"type":"child","parent":"ljp487vk1b","x":517,"y":399,"tool":"Pencil"},{"type":"child","parent":"ljp487vk1b","x":509,"y":399,"tool":"Pencil"},{"type":"child","parent":"ljp487vk1b","x":496,"y":399,"tool":"Pencil"},{"type":"child","parent":"ljp487vk1b","x":495,"y":399,"tool":"Pencil"},{"type":"child","parent":"ljp487vk1b","x":497,"y":421,"tool":"Pencil"},{"type":"child","parent":"ljp487vk1b","x":497,"y":446,"tool":"Pencil"},{"type":"child","parent":"ljp487vk1b","x":497,"y":453,"tool":"Pencil"},{"type":"child","parent":"ljp487vk1b","x":497,"y":476,"tool":"Pencil"},{"type":"child","parent":"ljp487vk1b","x":498,"y":483,"tool":"Pencil"},{"type":"child","parent":"ljp487vk1b","x":499,"y":493,"tool":"Pencil"},{"type":"child","parent":"ljp487vk1b","x":497,"y":493,"tool":"Pencil"},{"type":"child","parent":"ljp487vk1b","x":491,"y":493,"tool":"Pencil"},{"type":"child","parent":"ljp487vk1b","x":485,"y":493,"tool":"Pencil"},{"type":"child","parent":"ljp487vk1b","x":484,"y":493,"tool":"Pencil"},{"type":"child","parent":"ljp487vk1b","x":480,"y":482,"tool":"Pencil"},{"type":"child","parent":"ljp487vk1b","x":477,"y":466,"tool":"Pencil"},{"type":"child","parent":"ljp487vk1b","x":479,"y":456,"tool":"Pencil"},{"type":"child","parent":"ljp487vk1b","x":480,"y":445,"tool":"Pencil"},{"type":"child","parent":"ljp487vk1b","x":481,"y":432,"tool":"Pencil"},{"type":"child","parent":"ljp487vk1b","x":482,"y":428,"tool":"Pencil"},{"type":"child","parent":"ljp487vk1b","x":477,"y":420,"tool":"Pencil"},{"type":"child","parent":"ljp487vk1b","x":475,"y":414,"tool":"Pencil"},{"type":"child","parent":"ljp487vk1b","x":467,"y":413,"tool":"Pencil"},{"type":"child","parent":"ljp487vk1b","x":463,"y":413,"tool":"Pencil"},{"type":"child","parent":"ljp487vk1b","x":460,"y":413,"tool":"Pencil"},{"type":"child","parent":"ljp487vk1b","x":455,"y":414,"tool":"Pencil"},{"type":"child","parent":"ljp487vk1b","x":459,"y":426,"tool":"Pencil"},{"type":"child","parent":"ljp487vk1b","x":461,"y":441,"tool":"Pencil"},{"type":"child","parent":"ljp487vk1b","x":463,"y":453,"tool":"Pencil"},{"type":"child","parent":"ljp487vk1b","x":463,"y":465,"tool":"Pencil"},{"type":"child","parent":"ljp487vk1b","x":463,"y":479,"tool":"Pencil"},{"type":"child","parent":"ljp487vk1b","x":463,"y":486,"tool":"Pencil"},{"type":"child","parent":"ljp487vk1b","x":464,"y":495,"tool":"Pencil"},{"type":"child","parent":"ljp487vk1b","x":464,"y":495,"tool":"Pencil"},{"type":"child","parent":"ljp487vk1b","x":459,"y":495,"tool":"Pencil"},{"type":"child","parent":"ljp487vk1b","x":448,"y":497,"tool":"Pencil"},{"type":"child","parent":"ljp487vk1b","x":443,"y":483,"tool":"Pencil"},{"type":"child","parent":"ljp487vk1b","x":442,"y":457,"tool":"Pencil"},{"type":"child","parent":"ljp487vk1b","x":442,"y":450,"tool":"Pencil"},{"type":"child","parent":"ljp487vk1b","x":442,"y":439,"tool":"Pencil"},{"type":"child","parent":"ljp487vk1b","x":442,"y":427,"tool":"Pencil"},{"type":"child","parent":"ljp487vk1b","x":441,"y":425,"tool":"Pencil"},{"type":"child","parent":"ljp487vk1b","x":441,"y":424,"tool":"Pencil"},{"type":"child","parent":"ljp487vk1b","x":433,"y":422,"tool":"Pencil"},{"type":"child","parent":"ljp487vk1b","x":424,"y":421,"tool":"Pencil"},{"type":"child","parent":"ljp487vk1b","x":412,"y":421,"tool":"Pencil"},{"type":"child","parent":"ljp487vk1b","x":395,"y":421,"tool":"Pencil"},{"type":"child","parent":"ljp487vk1b","x":385,"y":419,"tool":"Pencil"},{"type":"child","parent":"ljp487vk1b","x":385,"y":421,"tool":"Pencil"},{"type":"child","parent":"ljp487vk1b","x":385,"y":448,"tool":"Pencil"},{"type":"child","parent":"ljp487vk1b","x":386,"y":468,"tool":"Pencil"},{"type":"child","parent":"ljp487vk1b","x":386,"y":476,"tool":"Pencil"},{"type":"child","parent":"ljp487vk1b","x":386,"y":479,"tool":"Pencil"},{"type":"child","parent":"ljp487vk1b","x":386,"y":486,"tool":"Pencil"},{"type":"child","parent":"ljp487vk1b","x":385,"y":486,"tool":"Pencil"},{"type":"child","parent":"ljp487vk1b","x":376,"y":487,"tool":"Pencil"},{"type":"child","parent":"ljp487vk1b","x":365,"y":486,"tool":"Pencil"},{"type":"child","parent":"ljp487vk1b","x":364,"y":474,"tool":"Pencil"},{"type":"child","parent":"ljp487vk1b","x":363,"y":462,"tool":"Pencil"},{"type":"child","parent":"ljp487vk1b","x":363,"y":456,"tool":"Pencil"},{"type":"child","parent":"ljp487vk1b","x":363,"y":447,"tool":"Pencil"},{"type":"child","parent":"ljp487vk1b","x":363,"y":441,"tool":"Pencil"},{"type":"child","parent":"ljp487vk1b","x":363,"y":433,"tool":"Pencil"},{"type":"child","parent":"ljp487vk1b","x":363,"y":428,"tool":"Pencil"},{"type":"child","parent":"ljp487vk1b","x":363,"y":421,"tool":"Pencil"},{"type":"child","parent":"ljp487vk1b","x":363,"y":421,"tool":"Pencil"},{"type":"child","parent":"ljp487vk1b","x":356,"y":418,"tool":"Pencil"},{"type":"child","parent":"ljp487vk1b","x":353,"y":418,"tool":"Pencil"},{"type":"child","parent":"ljp487vk1b","x":349,"y":420,"tool":"Pencil"},{"type":"child","parent":"ljp487vk1b","x":349,"y":444,"tool":"Pencil"},{"type":"child","parent":"ljp487vk1b","x":349,"y":469,"tool":"Pencil"},{"type":"child","parent":"ljp487vk1b","x":349,"y":484,"tool":"Pencil"},{"type":"child","parent":"ljp487vk1b","x":348,"y":494,"tool":"Pencil"},{"type":"child","parent":"ljp487vk1b","x":348,"y":494,"tool":"Pencil"},{"type":"child","parent":"ljp487vk1b","x":342,"y":494,"tool":"Pencil"},{"type":"child","parent":"ljp487vk1b","x":334,"y":494,"tool":"Pencil"},{"type":"child","parent":"ljp487vk1b","x":331,"y":476,"tool":"Pencil"},{"type":"child","parent":"ljp487vk1b","x":330,"y":452,"tool":"Pencil"},{"type":"child","parent":"ljp487vk1b","x":330,"y":441,"tool":"Pencil"},{"type":"child","parent":"ljp487vk1b","x":330,"y":427,"tool":"Pencil"},{"type":"child","parent":"ljp487vk1b","x":330,"y":421,"tool":"Pencil"},{"type":"child","parent":"ljp487vk1b","x":330,"y":409,"tool":"Pencil"},{"type":"child","parent":"ljp487vk1b","x":330,"y":404,"tool":"Pencil"},{"type":"child","parent":"ljp487vk1b","x":331,"y":394,"tool":"Pencil"},{"type":"child","parent":"ljp487vk1b","x":331,"y":390,"tool":"Pencil"},{"type":"child","parent":"ljp487vk1b","x":331,"y":385,"tool":"Pencil"}]},"ljp4888iq1":{"type":"line","id":"ljp4888iq1","color":"#1913b0","size":10,"tool":"Pencil","_children":[{"type":"child","parent":"ljp4888iq1","x":480,"y":308,"tool":"Pencil"},{"type":"child","parent":"ljp4888iq1","x":481,"y":303,"tool":"Pencil"},{"type":"child","parent":"ljp4888iq1","x":482,"y":291,"tool":"Pencil"},{"type":"child","parent":"ljp4888iq1","x":482,"y":291,"tool":"Pencil"}]},"ljp48894ao":{"type":"line","id":"ljp48894ao","color":"#1913b0","size":10,"tool":"Pencil","_children":[{"type":"child","parent":"ljp48894ao","x":506,"y":303,"tool":"Pencil"},{"type":"child","parent":"ljp48894ao","x":508,"y":295,"tool":"Pencil"},{"type":"child","parent":"ljp48894ao","x":509,"y":286,"tool":"Pencil"}]},"ljp48898d5":{"type":"line","id":"ljp48898d5","color":"#1913b0","size":10,"tool":"Pencil","_children":[{"type":"child","parent":"ljp48898d5","x":718,"y":105,"tool":"Pencil"},{"type":"child","parent":"ljp48898d5","x":719,"y":104,"tool":"Pencil"},{"type":"child","parent":"ljp48898d5","x":723,"y":100,"tool":"Pencil"},{"type":"child","parent":"ljp48898d5","x":730,"y":94,"tool":"Pencil"},{"type":"child","parent":"ljp48898d5","x":738,"y":88,"tool":"Pencil"},{"type":"child","parent":"ljp48898d5","x":747,"y":86,"tool":"Pencil"},{"type":"child","parent":"ljp48898d5","x":756,"y":84,"tool":"Pencil"},{"type":"child","parent":"ljp48898d5","x":761,"y":84,"tool":"Pencil"},{"type":"child","parent":"ljp48898d5","x":767,"y":88,"tool":"Pencil"},{"type":"child","parent":"ljp48898d5","x":773,"y":91,"tool":"Pencil"},{"type":"child","parent":"ljp48898d5","x":777,"y":95,"tool":"Pencil"},{"type":"child","parent":"ljp48898d5","x":778,"y":96,"tool":"Pencil"},{"type":"child","parent":"ljp48898d5","x":789,"y":87,"tool":"Pencil"},{"type":"child","parent":"ljp48898d5","x":803,"y":81,"tool":"Pencil"},{"type":"child","parent":"ljp48898d5","x":816,"y":80,"tool":"Pencil"},{"type":"child","parent":"ljp48898d5","x":837,"y":80,"tool":"Pencil"},{"type":"child","parent":"ljp48898d5","x":856,"y":87,"tool":"Pencil"},{"type":"child","parent":"ljp48898d5","x":868,"y":96,"tool":"Pencil"},{"type":"child","parent":"ljp48898d5","x":877,"y":109,"tool":"Pencil"},{"type":"child","parent":"ljp48898d5","x":883,"y":127,"tool":"Pencil"},{"type":"child","parent":"ljp48898d5","x":883,"y":138,"tool":"Pencil"},{"type":"child","parent":"ljp48898d5","x":876,"y":130,"tool":"Pencil"},{"type":"child","parent":"ljp48898d5","x":864,"y":121,"tool":"Pencil"},{"type":"child","parent":"ljp48898d5","x":843,"y":114,"tool":"Pencil"},{"type":"child","parent":"ljp48898d5","x":826,"y":112,"tool":"Pencil"},{"type":"child","parent":"ljp48898d5","x":800,"y":109,"tool":"Pencil"},{"type":"child","parent":"ljp48898d5","x":790,"y":109,"tool":"Pencil"},{"type":"child","parent":"ljp48898d5","x":783,"y":113,"tool":"Pencil"},{"type":"child","parent":"ljp48898d5","x":780,"y":115,"tool":"Pencil"},{"type":"child","parent":"ljp48898d5","x":777,"y":112,"tool":"Pencil"},{"type":"child","parent":"ljp48898d5","x":768,"y":106,"tool":"Pencil"},{"type":"child","parent":"ljp48898d5","x":762,"y":104,"tool":"Pencil"},{"type":"child","parent":"ljp48898d5","x":757,"y":104,"tool":"Pencil"},{"type":"child","parent":"ljp48898d5","x":748,"y":104,"tool":"Pencil"},{"type":"child","parent":"ljp48898d5","x":741,"y":104,"tool":"Pencil"},{"type":"child","parent":"ljp48898d5","x":735,"y":105,"tool":"Pencil"},{"type":"child","parent":"ljp48898d5","x":729,"y":107,"tool":"Pencil"},{"type":"child","parent":"ljp48898d5","x":725,"y":108,"tool":"Pencil"},{"type":"child","parent":"ljp48898d5","x":720,"y":109,"tool":"Pencil"},{"type":"child","parent":"ljp48898d5","x":718,"y":109,"tool":"Pencil"},{"type":"child","parent":"ljp48898d5","x":718,"y":109,"tool":"Pencil"}]},"ljp4889ptl":{"type":"line","id":"ljp4889ptl","color":"#1913b0","size":10,"tool":"Pencil","_children":[{"type":"child","parent":"ljp4889ptl","x":501,"y":333,"tool":"Pencil"},{"type":"child","parent":"ljp4889ptl","x":501,"y":334,"tool":"Pencil"}]},"ljp488axk1":{"type":"line","id":"ljp488axk1","color":"#1913b0","size":10,"tool":"Pencil","_children":[{"type":"child","parent":"ljp488axk1","x":514,"y":333,"tool":"Pencil"},{"type":"child","parent":"ljp488axk1","x":514,"y":333,"tool":"Pencil"}]},"ljp488d73j":{"type":"line","id":"ljp488d73j","color":"#1913b0","size":10,"tool":"Pencil","_children":[{"type":"child","parent":"ljp488d73j","x":1016,"y":173,"tool":"Pencil"},{"type":"child","parent":"ljp488d73j","x":1016,"y":176,"tool":"Pencil"},{"type":"child","parent":"ljp488d73j","x":1019,"y":204,"tool":"Pencil"},{"type":"child","parent":"ljp488d73j","x":1024,"y":244,"tool":"Pencil"},{"type":"child","parent":"ljp488d73j","x":1028,"y":276,"tool":"Pencil"},{"type":"child","parent":"ljp488d73j","x":1030,"y":307,"tool":"Pencil"},{"type":"child","parent":"ljp488d73j","x":1030,"y":324,"tool":"Pencil"},{"type":"child","parent":"ljp488d73j","x":1030,"y":324,"tool":"Pencil"}]},"ljp488dzz7":{"type":"line","id":"ljp488dzz7","color":"#1913b0","size":10,"tool":"Pencil","_children":[{"type":"child","parent":"ljp488dzz7","x":1040,"y":144,"tool":"Pencil"},{"type":"child","parent":"ljp488dzz7","x":1046,"y":158,"tool":"Pencil"},{"type":"child","parent":"ljp488dzz7","x":1060,"y":200,"tool":"Pencil"},{"type":"child","parent":"ljp488dzz7","x":1069,"y":251,"tool":"Pencil"},{"type":"child","parent":"ljp488dzz7","x":1072,"y":289,"tool":"Pencil"},{"type":"child","parent":"ljp488dzz7","x":1073,"y":295,"tool":"Pencil"}]},"ljp488etqc":{"type":"line","id":"ljp488etqc","color":"#1913b0","size":10,"tool":"Pencil","_children":[{"type":"child","parent":"ljp488etqc","x":1024,"y":149,"tool":"Pencil"},{"type":"child","parent":"ljp488etqc","x":1017,"y":154,"tool":"Pencil"},{"type":"child","parent":"ljp488etqc","x":992,"y":170,"tool":"Pencil"},{"type":"child","parent":"ljp488etqc","x":969,"y":200,"tool":"Pencil"},{"type":"child","parent":"ljp488etqc","x":951,"y":233,"tool":"Pencil"},{"type":"child","parent":"ljp488etqc","x":946,"y":241,"tool":"Pencil"},{"type":"child","parent":"ljp488etqc","x":943,"y":228,"tool":"Pencil"},{"type":"child","parent":"ljp488etqc","x":943,"y":191,"tool":"Pencil"},{"type":"child","parent":"ljp488etqc","x":944,"y":161,"tool":"Pencil"},{"type":"child","parent":"ljp488etqc","x":953,"y":142,"tool":"Pencil"},{"type":"child","parent":"ljp488etqc","x":972,"y":124,"tool":"Pencil"},{"type":"child","parent":"ljp488etqc","x":981,"y":118,"tool":"Pencil"},{"type":"child","parent":"ljp488etqc","x":983,"y":117,"tool":"Pencil"},{"type":"child","parent":"ljp488etqc","x":971,"y":107,"tool":"Pencil"},{"type":"child","parent":"ljp488etqc","x":932,"y":88,"tool":"Pencil"},{"type":"child","parent":"ljp488etqc","x":914,"y":83,"tool":"Pencil"},{"type":"child","parent":"ljp488etqc","x":906,"y":81,"tool":"Pencil"},{"type":"child","parent":"ljp488etqc","x":906,"y":80,"tool":"Pencil"},{"type":"child","parent":"ljp488etqc","x":920,"y":71,"tool":"Pencil"},{"type":"child","parent":"ljp488etqc","x":970,"y":56,"tool":"Pencil"},{"type":"child","parent":"ljp488etqc","x":1005,"y":54,"tool":"Pencil"},{"type":"child","parent":"ljp488etqc","x":1036,"y":63,"tool":"Pencil"},{"type":"child","parent":"ljp488etqc","x":1043,"y":68,"tool":"Pencil"},{"type":"child","parent":"ljp488etqc","x":1043,"y":68,"tool":"Pencil"},{"type":"child","parent":"ljp488etqc","x":1070,"y":52,"tool":"Pencil"},{"type":"child","parent":"ljp488etqc","x":1109,"y":38,"tool":"Pencil"},{"type":"child","parent":"ljp488etqc","x":1129,"y":37,"tool":"Pencil"},{"type":"child","parent":"ljp488etqc","x":1140,"y":37,"tool":"Pencil"},{"type":"child","parent":"ljp488etqc","x":1140,"y":37,"tool":"Pencil"},{"type":"child","parent":"ljp488etqc","x":1132,"y":48,"tool":"Pencil"},{"type":"child","parent":"ljp488etqc","x":1117,"y":63,"tool":"Pencil"},{"type":"child","parent":"ljp488etqc","x":1097,"y":86,"tool":"Pencil"},{"type":"child","parent":"ljp488etqc","x":1095,"y":89,"tool":"Pencil"},{"type":"child","parent":"ljp488etqc","x":1119,"y":103,"tool":"Pencil"},{"type":"child","parent":"ljp488etqc","x":1145,"y":131,"tool":"Pencil"},{"type":"child","parent":"ljp488etqc","x":1156,"y":155,"tool":"Pencil"},{"type":"child","parent":"ljp488etqc","x":1157,"y":160,"tool":"Pencil"},{"type":"child","parent":"ljp488etqc","x":1138,"y":150,"tool":"Pencil"},{"type":"child","parent":"ljp488etqc","x":1061,"y":134,"tool":"Pencil"},{"type":"child","parent":"ljp488etqc","x":1035,"y":128,"tool":"Pencil"},{"type":"child","parent":"ljp488etqc","x":1033,"y":128,"tool":"Pencil"},{"type":"child","parent":"ljp488etqc","x":1035,"y":137,"tool":"Pencil"},{"type":"child","parent":"ljp488etqc","x":1037,"y":156,"tool":"Pencil"},{"type":"child","parent":"ljp488etqc","x":1036,"y":167,"tool":"Pencil"},{"type":"child","parent":"ljp488etqc","x":1035,"y":170,"tool":"Pencil"},{"type":"child","parent":"ljp488etqc","x":1026,"y":160,"tool":"Pencil"},{"type":"child","parent":"ljp488etqc","x":1024,"y":153,"tool":"Pencil"}]},"ljp488if24":{"type":"line","id":"ljp488if24","color":"#1913b0","size":10,"tool":"Pencil","_children":[{"type":"child","parent":"ljp488if24","x":1021,"y":213,"tool":"Pencil"},{"type":"child","parent":"ljp488if24","x":1024,"y":208,"tool":"Pencil"},{"type":"child","parent":"ljp488if24","x":1038,"y":201,"tool":"Pencil"},{"type":"child","parent":"ljp488if24","x":1043,"y":199,"tool":"Pencil"},{"type":"child","parent":"ljp488if24","x":1047,"y":198,"tool":"Pencil"},{"type":"child","parent":"ljp488if24","x":1052,"y":198,"tool":"Pencil"},{"type":"child","parent":"ljp488if24","x":1053,"y":198,"tool":"Pencil"}]},"ljp488j26a":{"type":"line","id":"ljp488j26a","color":"#1913b0","size":10,"tool":"Pencil","_children":[{"type":"child","parent":"ljp488j26a","x":1021,"y":242,"tool":"Pencil"},{"type":"child","parent":"ljp488j26a","x":1024,"y":239,"tool":"Pencil"},{"type":"child","parent":"ljp488j26a","x":1041,"y":231,"tool":"Pencil"},{"type":"child","parent":"ljp488j26a","x":1049,"y":229,"tool":"Pencil"},{"type":"child","parent":"ljp488j26a","x":1056,"y":229,"tool":"Pencil"},{"type":"child","parent":"ljp488j26a","x":1059,"y":230,"tool":"Pencil"}]},"ljp488jnag":{"type":"line","id":"ljp488jnag","color":"#1913b0","size":10,"tool":"Pencil","_children":[{"type":"child","parent":"ljp488jnag","x":1020,"y":268,"tool":"Pencil"},{"type":"child","parent":"ljp488jnag","x":1026,"y":265,"tool":"Pencil"},{"type":"child","parent":"ljp488jnag","x":1048,"y":258,"tool":"Pencil"},{"type":"child","parent":"ljp488jnag","x":1052,"y":257,"tool":"Pencil"},{"type":"child","parent":"ljp488jnag","x":1061,"y":257,"tool":"Pencil"},{"type":"child","parent":"ljp488jnag","x":1067,"y":257,"tool":"Pencil"},{"type":"child","parent":"ljp488jnag","x":1072,"y":258,"tool":"Pencil"}]},"ljp488kc7q":{"type":"line","id":"ljp488kc7q","color":"#1913b0","size":10,"tool":"Pencil","_children":[{"type":"child","parent":"ljp488kc7q","x":928,"y":421,"tool":"Pencil"},{"type":"child","parent":"ljp488kc7q","x":953,"y":396,"tool":"Pencil"},{"type":"child","parent":"ljp488kc7q","x":1001,"y":362,"tool":"Pencil"},{"type":"child","parent":"ljp488kc7q","x":1022,"y":343,"tool":"Pencil"},{"type":"child","parent":"ljp488kc7q","x":1045,"y":325,"tool":"Pencil"},{"type":"child","parent":"ljp488kc7q","x":1062,"y":312,"tool":"Pencil"},{"type":"child","parent":"ljp488kc7q","x":1085,"y":300,"tool":"Pencil"},{"type":"child","parent":"ljp488kc7q","x":1107,"y":292,"tool":"Pencil"},{"type":"child","parent":"ljp488kc7q","x":1139,"y":285,"tool":"Pencil"},{"type":"child","parent":"ljp488kc7q","x":1167,"y":283,"tool":"Pencil"},{"type":"child","parent":"ljp488kc7q","x":1184,"y":282,"tool":"Pencil"},{"type":"child","parent":"ljp488kc7q","x":1193,"y":283,"tool":"Pencil"},{"type":"child","parent":"ljp488kc7q","x":1196,"y":284,"tool":"Pencil"},{"type":"child","parent":"ljp488kc7q","x":1203,"y":285,"tool":"Pencil"},{"type":"child","parent":"ljp488kc7q","x":1213,"y":288,"tool":"Pencil"},{"type":"child","parent":"ljp488kc7q","x":1219,"y":289,"tool":"Pencil"},{"type":"child","parent":"ljp488kc7q","x":1229,"y":289,"tool":"Pencil"},{"type":"child","parent":"ljp488kc7q","x":1240,"y":292,"tool":"Pencil"},{"type":"child","parent":"ljp488kc7q","x":1246,"y":295,"tool":"Pencil"},{"type":"child","parent":"ljp488kc7q","x":1248,"y":296,"tool":"Pencil"}]},"ljp488m06l":{"type":"line","id":"ljp488m06l","color":"#1913b0","size":10,"tool":"Pencil","_children":[{"type":"child","parent":"ljp488m06l","x":1245,"y":455,"tool":"Pencil"},{"type":"child","parent":"ljp488m06l","x":1231,"y":458,"tool":"Pencil"},{"type":"child","parent":"ljp488m06l","x":1185,"y":459,"tool":"Pencil"},{"type":"child","parent":"ljp488m06l","x":1143,"y":459,"tool":"Pencil"},{"type":"child","parent":"ljp488m06l","x":1089,"y":459,"tool":"Pencil"},{"type":"child","parent":"ljp488m06l","x":1054,"y":459,"tool":"Pencil"},{"type":"child","parent":"ljp488m06l","x":1023,"y":458,"tool":"Pencil"},{"type":"child","parent":"ljp488m06l","x":1001,"y":450,"tool":"Pencil"},{"type":"child","parent":"ljp488m06l","x":975,"y":440,"tool":"Pencil"},{"type":"child","parent":"ljp488m06l","x":960,"y":435,"tool":"Pencil"},{"type":"child","parent":"ljp488m06l","x":949,"y":432,"tool":"Pencil"},{"type":"child","parent":"ljp488m06l","x":939,"y":430,"tool":"Pencil"},{"type":"child","parent":"ljp488m06l","x":927,"y":428,"tool":"Pencil"},{"type":"child","parent":"ljp488m06l","x":914,"y":426,"tool":"Pencil"},{"type":"child","parent":"ljp488m06l","x":897,"y":421,"tool":"Pencil"},{"type":"child","parent":"ljp488m06l","x":885,"y":416,"tool":"Pencil"},{"type":"child","parent":"ljp488m06l","x":876,"y":413,"tool":"Pencil"},{"type":"child","parent":"ljp488m06l","x":860,"y":412,"tool":"Pencil"},{"type":"child","parent":"ljp488m06l","x":840,"y":413,"tool":"Pencil"},{"type":"child","parent":"ljp488m06l","x":821,"y":413,"tool":"Pencil"},{"type":"child","parent":"ljp488m06l","x":795,"y":413,"tool":"Pencil"},{"type":"child","parent":"ljp488m06l","x":749,"y":413,"tool":"Pencil"},{"type":"child","parent":"ljp488m06l","x":716,"y":413,"tool":"Pencil"},{"type":"child","parent":"ljp488m06l","x":704,"y":412,"tool":"Pencil"},{"type":"child","parent":"ljp488m06l","x":691,"y":412,"tool":"Pencil"},{"type":"child","parent":"ljp488m06l","x":681,"y":412,"tool":"Pencil"},{"type":"child","parent":"ljp488m06l","x":672,"y":412,"tool":"Pencil"},{"type":"child","parent":"ljp488m06l","x":658,"y":411,"tool":"Pencil"},{"type":"child","parent":"ljp488m06l","x":634,"y":409,"tool":"Pencil"}]},"ljp488nss5":{"type":"line","id":"ljp488nss5","color":"#1913b0","size":10,"tool":"Pencil","_children":[{"type":"child","parent":"ljp488nss5","x":272,"y":570,"tool":"Pencil"},{"type":"child","parent":"ljp488nss5","x":273,"y":579,"tool":"Pencil"},{"type":"child","parent":"ljp488nss5","x":275,"y":623,"tool":"Pencil"},{"type":"child","parent":"ljp488nss5","x":274,"y":627,"tool":"Pencil"}]},"ljp488o3qj":{"type":"line","id":"ljp488o3qj","color":"#1913b0","size":10,"tool":"Pencil","_children":[{"type":"child","parent":"ljp488o3qj","x":738,"y":476,"tool":"Pencil"},{"type":"child","parent":"ljp488o3qj","x":743,"y":475,"tool":"Pencil"},{"type":"child","parent":"ljp488o3qj","x":762,"y":468,"tool":"Pencil"},{"type":"child","parent":"ljp488o3qj","x":773,"y":473,"tool":"Pencil"},{"type":"child","parent":"ljp488o3qj","x":784,"y":472,"tool":"Pencil"},{"type":"child","parent":"ljp488o3qj","x":798,"y":474,"tool":"Pencil"},{"type":"child","parent":"ljp488o3qj","x":827,"y":474,"tool":"Pencil"},{"type":"child","parent":"ljp488o3qj","x":833,"y":472,"tool":"Pencil"},{"type":"child","parent":"ljp488o3qj","x":848,"y":473,"tool":"Pencil"},{"type":"child","parent":"ljp488o3qj","x":860,"y":474,"tool":"Pencil"},{"type":"child","parent":"ljp488o3qj","x":872,"y":475,"tool":"Pencil"}]},"ljp488okw2":{"type":"line","id":"ljp488okw2","color":"#1913b0","size":10,"tool":"Pencil","_children":[{"type":"child","parent":"ljp488okw2","x":296,"y":565,"tool":"Pencil"},{"type":"child","parent":"ljp488okw2","x":298,"y":575,"tool":"Pencil"},{"type":"child","parent":"ljp488okw2","x":303,"y":609,"tool":"Pencil"},{"type":"child","parent":"ljp488okw2","x":305,"y":617,"tool":"Pencil"},{"type":"child","parent":"ljp488okw2","x":306,"y":622,"tool":"Pencil"}]},"ljp488oxir":{"type":"line","id":"ljp488oxir","color":"#1913b0","size":10,"tool":"Pencil","_children":[{"type":"child","parent":"ljp488oxir","x":897,"y":537,"tool":"Pencil"},{"type":"child","parent":"ljp488oxir","x":940,"y":532,"tool":"Pencil"},{"type":"child","parent":"ljp488oxir","x":970,"y":519,"tool":"Pencil"},{"type":"child","parent":"ljp488oxir","x":983,"y":520,"tool":"Pencil"},{"type":"child","parent":"ljp488oxir","x":994,"y":515,"tool":"Pencil"},{"type":"child","parent":"ljp488oxir","x":1010,"y":521,"tool":"Pencil"},{"type":"child","parent":"ljp488oxir","x":1033,"y":512,"tool":"Pencil"},{"type":"child","parent":"ljp488oxir","x":1040,"y":510,"tool":"Pencil"},{"type":"child","parent":"ljp488oxir","x":1079,"y":523,"tool":"Pencil"},{"type":"child","parent":"ljp488oxir","x":1091,"y":513,"tool":"Pencil"},{"type":"child","parent":"ljp488oxir","x":1125,"y":525,"tool":"Pencil"},{"type":"child","parent":"ljp488oxir","x":1131,"y":518,"tool":"Pencil"}]},"ljp488p7q4":{"type":"line","id":"ljp488p7q4","color":"#1913b0","size":10,"tool":"Pencil","_children":[{"type":"child","parent":"ljp488p7q4","x":277,"y":602,"tool":"Pencil"},{"type":"child","parent":"ljp488p7q4","x":287,"y":601,"tool":"Pencil"},{"type":"child","parent":"ljp488p7q4","x":308,"y":599,"tool":"Pencil"}]},"ljp488ps26":{"type":"line","id":"ljp488ps26","color":"#1913b0","size":10,"tool":"Pencil","_children":[{"type":"child","parent":"ljp488ps26","x":312,"y":565,"tool":"Pencil"},{"type":"child","parent":"ljp488ps26","x":316,"y":573,"tool":"Pencil"},{"type":"child","parent":"ljp488ps26","x":327,"y":619,"tool":"Pencil"},{"type":"child","parent":"ljp488ps26","x":329,"y":623,"tool":"Pencil"},{"type":"child","parent":"ljp488ps26","x":334,"y":620,"tool":"Pencil"},{"type":"child","parent":"ljp488ps26","x":344,"y":617,"tool":"Pencil"},{"type":"child","parent":"ljp488ps26","x":355,"y":614,"tool":"Pencil"},{"type":"child","parent":"ljp488ps26","x":360,"y":613,"tool":"Pencil"}]},"ljp488q06x":{"type":"line","id":"ljp488q06x","color":"#1913b0","size":10,"tool":"Pencil","_children":[{"type":"child","parent":"ljp488q06x","x":605,"y":517,"tool":"Pencil"},{"type":"child","parent":"ljp488q06x","x":612,"y":519,"tool":"Pencil"},{"type":"child","parent":"ljp488q06x","x":643,"y":516,"tool":"Pencil"},{"type":"child","parent":"ljp488q06x","x":645,"y":507,"tool":"Pencil"},{"type":"child","parent":"ljp488q06x","x":668,"y":524,"tool":"Pencil"},{"type":"child","parent":"ljp488q06x","x":676,"y":516,"tool":"Pencil"},{"type":"child","parent":"ljp488q06x","x":696,"y":525,"tool":"Pencil"},{"type":"child","parent":"ljp488q06x","x":710,"y":518,"tool":"Pencil"},{"type":"child","parent":"ljp488q06x","x":724,"y":525,"tool":"Pencil"},{"type":"child","parent":"ljp488q06x","x":743,"y":518,"tool":"Pencil"},{"type":"child","parent":"ljp488q06x","x":748,"y":519,"tool":"Pencil"},{"type":"child","parent":"ljp488q06x","x":760,"y":518,"tool":"Pencil"}]},"ljp488qqe1":{"type":"line","id":"ljp488qqe1","color":"#1913b0","size":10,"tool":"Pencil","_children":[{"type":"child","parent":"ljp488qqe1","x":322,"y":585,"tool":"Pencil"},{"type":"child","parent":"ljp488qqe1","x":329,"y":583,"tool":"Pencil"},{"type":"child","parent":"ljp488qqe1","x":355,"y":574,"tool":"Pencil"}]},"ljp488r9fp":{"type":"line","id":"ljp488r9fp","color":"#1913b0","size":10,"tool":"Pencil","_children":[{"type":"child","parent":"ljp488r9fp","x":315,"y":563,"tool":"Pencil"},{"type":"child","parent":"ljp488r9fp","x":331,"y":561,"tool":"Pencil"},{"type":"child","parent":"ljp488r9fp","x":345,"y":559,"tool":"Pencil"},{"type":"child","parent":"ljp488r9fp","x":350,"y":558,"tool":"Pencil"}]},"ljp488s0m6":{"type":"line","id":"ljp488s0m6","color":"#1913b0","size":10,"tool":"Pencil","_children":[{"type":"child","parent":"ljp488s0m6","x":369,"y":560,"tool":"Pencil"},{"type":"child","parent":"ljp488s0m6","x":372,"y":566,"tool":"Pencil"},{"type":"child","parent":"ljp488s0m6","x":378,"y":593,"tool":"Pencil"},{"type":"child","parent":"ljp488s0m6","x":379,"y":606,"tool":"Pencil"},{"type":"child","parent":"ljp488s0m6","x":379,"y":606,"tool":"Pencil"}]},"ljp488s3ye":{"type":"line","id":"ljp488s3ye","color":"#1913b0","size":10,"tool":"Pencil","_children":[{"type":"child","parent":"ljp488s3ye","x":693,"y":404,"tool":"Pencil"},{"type":"child","parent":"ljp488s3ye","x":694,"y":407,"tool":"Pencil"},{"type":"child","parent":"ljp488s3ye","x":695,"y":408,"tool":"Pencil"},{"type":"child","parent":"ljp488s3ye","x":680,"y":387,"tool":"Pencil"},{"type":"child","parent":"ljp488s3ye","x":673,"y":375,"tool":"Pencil"},{"type":"child","parent":"ljp488s3ye","x":671,"y":372,"tool":"Pencil"},{"type":"child","parent":"ljp488s3ye","x":671,"y":372,"tool":"Pencil"},{"type":"child","parent":"ljp488s3ye","x":688,"y":376,"tool":"Pencil"},{"type":"child","parent":"ljp488s3ye","x":701,"y":380,"tool":"Pencil"},{"type":"child","parent":"ljp488s3ye","x":717,"y":382,"tool":"Pencil"},{"type":"child","parent":"ljp488s3ye","x":733,"y":384,"tool":"Pencil"},{"type":"child","parent":"ljp488s3ye","x":742,"y":385,"tool":"Pencil"},{"type":"child","parent":"ljp488s3ye","x":755,"y":386,"tool":"Pencil"},{"type":"child","parent":"ljp488s3ye","x":763,"y":389,"tool":"Pencil"},{"type":"child","parent":"ljp488s3ye","x":767,"y":395,"tool":"Pencil"},{"type":"child","parent":"ljp488s3ye","x":769,"y":398,"tool":"Pencil"},{"type":"child","parent":"ljp488s3ye","x":771,"y":401,"tool":"Pencil"},{"type":"child","parent":"ljp488s3ye","x":775,"y":406,"tool":"Pencil"},{"type":"child","parent":"ljp488s3ye","x":777,"y":409,"tool":"Pencil"}]},"ljp488si5j":{"type":"line","id":"ljp488si5j","color":"#1913b0","size":10,"tool":"Pencil","_children":[{"type":"child","parent":"ljp488si5j","x":376,"y":589,"tool":"Pencil"},{"type":"child","parent":"ljp488si5j","x":387,"y":588,"tool":"Pencil"},{"type":"child","parent":"ljp488si5j","x":411,"y":597,"tool":"Pencil"},{"type":"child","parent":"ljp488si5j","x":414,"y":598,"tool":"Pencil"}]},"ljp488t0ww":{"type":"line","id":"ljp488t0ww","color":"#1913b0","size":10,"tool":"Pencil","_children":[{"type":"child","parent":"ljp488t0ww","x":381,"y":582,"tool":"Pencil"},{"type":"child","parent":"ljp488t0ww","x":381,"y":582,"tool":"Pencil"},{"type":"child","parent":"ljp488t0ww","x":384,"y":573,"tool":"Pencil"},{"type":"child","parent":"ljp488t0ww","x":390,"y":562,"tool":"Pencil"},{"type":"child","parent":"ljp488t0ww","x":391,"y":559,"tool":"Pencil"},{"type":"child","parent":"ljp488t0ww","x":393,"y":557,"tool":"Pencil"}]},"ljp488tqvl":{"type":"line","id":"ljp488tqvl","color":"#1913b0","size":10,"tool":"Pencil","_children":[{"type":"child","parent":"ljp488tqvl","x":725,"y":376,"tool":"Pencil"},{"type":"child","parent":"ljp488tqvl","x":725,"y":376,"tool":"Pencil"},{"type":"child","parent":"ljp488tqvl","x":725,"y":369,"tool":"Pencil"},{"type":"child","parent":"ljp488tqvl","x":726,"y":362,"tool":"Pencil"},{"type":"child","parent":"ljp488tqvl","x":727,"y":350,"tool":"Pencil"},{"type":"child","parent":"ljp488tqvl","x":727,"y":337,"tool":"Pencil"},{"type":"child","parent":"ljp488tqvl","x":727,"y":316,"tool":"Pencil"},{"type":"child","parent":"ljp488tqvl","x":728,"y":296,"tool":"Pencil"},{"type":"child","parent":"ljp488tqvl","x":728,"y":290,"tool":"Pencil"}]},"ljp488u0kq":{"type":"line","id":"ljp488u0kq","color":"#1913b0","size":10,"tool":"Pencil","_children":[{"type":"child","parent":"ljp488u0kq","x":414,"y":556,"tool":"Pencil"},{"type":"child","parent":"ljp488u0kq","x":429,"y":553,"tool":"Pencil"},{"type":"child","parent":"ljp488u0kq","x":450,"y":546,"tool":"Pencil"},{"type":"child","parent":"ljp488u0kq","x":457,"y":543,"tool":"Pencil"}]},"ljp488ug5u":{"type":"line","id":"ljp488ug5u","color":"#1913b0","size":10,"tool":"Pencil","_children":[{"type":"child","parent":"ljp488ug5u","x":444,"y":549,"tool":"Pencil"},{"type":"child","parent":"ljp488ug5u","x":448,"y":560,"tool":"Pencil"},{"type":"child","parent":"ljp488ug5u","x":458,"y":599,"tool":"Pencil"},{"type":"child","parent":"ljp488ug5u","x":461,"y":613,"tool":"Pencil"}]},"ljp488uqoe":{"type":"line","id":"ljp488uqoe","color":"#1913b0","size":10,"tool":"Pencil","_children":[{"type":"child","parent":"ljp488uqoe","x":729,"y":294,"tool":"Pencil"},{"type":"child","parent":"ljp488uqoe","x":727,"y":295,"tool":"Pencil"},{"type":"child","parent":"ljp488uqoe","x":716,"y":307,"tool":"Pencil"},{"type":"child","parent":"ljp488uqoe","x":706,"y":317,"tool":"Pencil"},{"type":"child","parent":"ljp488uqoe","x":702,"y":322,"tool":"Pencil"},{"type":"child","parent":"ljp488uqoe","x":696,"y":327,"tool":"Pencil"},{"type":"child","parent":"ljp488uqoe","x":693,"y":331,"tool":"Pencil"},{"type":"child","parent":"ljp488uqoe","x":692,"y":332,"tool":"Pencil"},{"type":"child","parent":"ljp488uqoe","x":701,"y":337,"tool":"Pencil"},{"type":"child","parent":"ljp488uqoe","x":710,"y":342,"tool":"Pencil"},{"type":"child","parent":"ljp488uqoe","x":721,"y":345,"tool":"Pencil"},{"type":"child","parent":"ljp488uqoe","x":723,"y":345,"tool":"Pencil"}]},"ljp488v2yp":{"type":"line","id":"ljp488v2yp","color":"#1913b0","size":10,"tool":"Pencil","_children":[{"type":"child","parent":"ljp488v2yp","x":475,"y":567,"tool":"Pencil"},{"type":"child","parent":"ljp488v2yp","x":479,"y":571,"tool":"Pencil"},{"type":"child","parent":"ljp488v2yp","x":493,"y":585,"tool":"Pencil"},{"type":"child","parent":"ljp488v2yp","x":506,"y":591,"tool":"Pencil"},{"type":"child","parent":"ljp488v2yp","x":511,"y":576,"tool":"Pencil"},{"type":"child","parent":"ljp488v2yp","x":505,"y":557,"tool":"Pencil"},{"type":"child","parent":"ljp488v2yp","x":491,"y":547,"tool":"Pencil"},{"type":"child","parent":"ljp488v2yp","x":481,"y":545,"tool":"Pencil"},{"type":"child","parent":"ljp488v2yp","x":479,"y":547,"tool":"Pencil"},{"type":"child","parent":"ljp488v2yp","x":477,"y":555,"tool":"Pencil"},{"type":"child","parent":"ljp488v2yp","x":480,"y":562,"tool":"Pencil"}]},"ljp488vsey":{"type":"line","id":"ljp488vsey","color":"#1913b0","size":10,"tool":"Pencil","_children":[{"type":"child","parent":"ljp488vsey","x":732,"y":302,"tool":"Pencil"},{"type":"child","parent":"ljp488vsey","x":732,"y":302,"tool":"Pencil"},{"type":"child","parent":"ljp488vsey","x":750,"y":326,"tool":"Pencil"},{"type":"child","parent":"ljp488vsey","x":760,"y":341,"tool":"Pencil"},{"type":"child","parent":"ljp488vsey","x":761,"y":342,"tool":"Pencil"},{"type":"child","parent":"ljp488vsey","x":747,"y":343,"tool":"Pencil"},{"type":"child","parent":"ljp488vsey","x":729,"y":343,"tool":"Pencil"},{"type":"child","parent":"ljp488vsey","x":724,"y":342,"tool":"Pencil"},{"type":"child","parent":"ljp488vsey","x":722,"y":341,"tool":"Pencil"}]},"ljp488wn9d":{"type":"line","id":"ljp488wn9d","color":"#1913b0","size":10,"tool":"Pencil","_children":[{"type":"child","parent":"ljp488wn9d","x":516,"y":534,"tool":"Pencil"},{"type":"child","parent":"ljp488wn9d","x":520,"y":547,"tool":"Pencil"},{"type":"child","parent":"ljp488wn9d","x":528,"y":575,"tool":"Pencil"},{"type":"child","parent":"ljp488wn9d","x":529,"y":577,"tool":"Pencil"}]},"ljp488wufh":{"type":"line","id":"ljp488wufh","color":"#1913b0","size":10,"tool":"Pencil","_children":[{"type":"child","parent":"ljp488wufh","x":619,"y":138,"tool":"Pencil"},{"type":"child","parent":"ljp488wufh","x":555,"y":141,"tool":"Pencil"},{"type":"child","parent":"ljp488wufh","x":525,"y":146,"tool":"Pencil"},{"type":"child","parent":"ljp488wufh","x":527,"y":151,"tool":"Pencil"},{"type":"child","parent":"ljp488wufh","x":553,"y":158,"tool":"Pencil"},{"type":"child","parent":"ljp488wufh","x":562,"y":158,"tool":"Pencil"},{"type":"child","parent":"ljp488wufh","x":542,"y":161,"tool":"Pencil"},{"type":"child","parent":"ljp488wufh","x":528,"y":166,"tool":"Pencil"},{"type":"child","parent":"ljp488wufh","x":529,"y":168,"tool":"Pencil"},{"type":"child","parent":"ljp488wufh","x":528,"y":168,"tool":"Pencil"},{"type":"child","parent":"ljp488wufh","x":499,"y":171,"tool":"Pencil"},{"type":"child","parent":"ljp488wufh","x":493,"y":175,"tool":"Pencil"},{"type":"child","parent":"ljp488wufh","x":543,"y":180,"tool":"Pencil"},{"type":"child","parent":"ljp488wufh","x":576,"y":180,"tool":"Pencil"},{"type":"child","parent":"ljp488wufh","x":595,"y":180,"tool":"Pencil"},{"type":"child","parent":"ljp488wufh","x":616,"y":179,"tool":"Pencil"},{"type":"child","parent":"ljp488wufh","x":620,"y":178,"tool":"Pencil"},{"type":"child","parent":"ljp488wufh","x":600,"y":170,"tool":"Pencil"},{"type":"child","parent":"ljp488wufh","x":593,"y":169,"tool":"Pencil"},{"type":"child","parent":"ljp488wufh","x":603,"y":166,"tool":"Pencil"},{"type":"child","parent":"ljp488wufh","x":594,"y":162,"tool":"Pencil"},{"type":"child","parent":"ljp488wufh","x":588,"y":161,"tool":"Pencil"},{"type":"child","parent":"ljp488wufh","x":653,"y":157,"tool":"Pencil"},{"type":"child","parent":"ljp488wufh","x":655,"y":156,"tool":"Pencil"},{"type":"child","parent":"ljp488wufh","x":638,"y":149,"tool":"Pencil"},{"type":"child","parent":"ljp488wufh","x":598,"y":145,"tool":"Pencil"},{"type":"child","parent":"ljp488wufh","x":593,"y":144,"tool":"Pencil"},{"type":"child","parent":"ljp488wufh","x":593,"y":144,"tool":"Pencil"}]},"ljp488x9fb":{"type":"line","id":"ljp488x9fb","color":"#1913b0","size":10,"tool":"Pencil","_children":[{"type":"child","parent":"ljp488x9fb","x":518,"y":532,"tool":"Pencil"},{"type":"child","parent":"ljp488x9fb","x":526,"y":531,"tool":"Pencil"},{"type":"child","parent":"ljp488x9fb","x":540,"y":541,"tool":"Pencil"},{"type":"child","parent":"ljp488x9fb","x":543,"y":547,"tool":"Pencil"},{"type":"child","parent":"ljp488x9fb","x":536,"y":550,"tool":"Pencil"},{"type":"child","parent":"ljp488x9fb","x":534,"y":550,"tool":"Pencil"},{"type":"child","parent":"ljp488x9fb","x":531,"y":550,"tool":"Pencil"},{"type":"child","parent":"ljp488x9fb","x":528,"y":551,"tool":"Pencil"},{"type":"child","parent":"ljp488x9fb","x":526,"y":552,"tool":"Pencil"},{"type":"child","parent":"ljp488x9fb","x":526,"y":552,"tool":"Pencil"},{"type":"child","parent":"ljp488x9fb","x":541,"y":555,"tool":"Pencil"},{"type":"child","parent":"ljp488x9fb","x":548,"y":557,"tool":"Pencil"},{"type":"child","parent":"ljp488x9fb","x":554,"y":558,"tool":"Pencil"},{"type":"child","parent":"ljp488x9fb","x":559,"y":559,"tool":"Pencil"},{"type":"child","parent":"ljp488x9fb","x":562,"y":560,"tool":"Pencil"},{"type":"child","parent":"ljp488x9fb","x":567,"y":560,"tool":"Pencil"}]},"ljp488yvz8":{"type":"line","id":"ljp488yvz8","color":"#1913b0","size":10,"tool":"Pencil","_children":[{"type":"child","parent":"ljp488yvz8","x":903,"y":199,"tool":"Pencil"},{"type":"child","parent":"ljp488yvz8","x":842,"y":199,"tool":"Pencil"},{"type":"child","parent":"ljp488yvz8","x":807,"y":201,"tool":"Pencil"},{"type":"child","parent":"ljp488yvz8","x":839,"y":205,"tool":"Pencil"},{"type":"child","parent":"ljp488yvz8","x":846,"y":206,"tool":"Pencil"},{"type":"child","parent":"ljp488yvz8","x":810,"y":212,"tool":"Pencil"},{"type":"child","parent":"ljp488yvz8","x":822,"y":216,"tool":"Pencil"},{"type":"child","parent":"ljp488yvz8","x":835,"y":219,"tool":"Pencil"},{"type":"child","parent":"ljp488yvz8","x":824,"y":227,"tool":"Pencil"},{"type":"child","parent":"ljp488yvz8","x":837,"y":230,"tool":"Pencil"},{"type":"child","parent":"ljp488yvz8","x":878,"y":230,"tool":"Pencil"},{"type":"child","parent":"ljp488yvz8","x":915,"y":234,"tool":"Pencil"},{"type":"child","parent":"ljp488yvz8","x":953,"y":235,"tool":"Pencil"},{"type":"child","parent":"ljp488yvz8","x":967,"y":233,"tool":"Pencil"},{"type":"child","parent":"ljp488yvz8","x":989,"y":229,"tool":"Pencil"},{"type":"child","parent":"ljp488yvz8","x":1004,"y":225,"tool":"Pencil"},{"type":"child","parent":"ljp488yvz8","x":986,"y":220,"tool":"Pencil"},{"type":"child","parent":"ljp488yvz8","x":976,"y":220,"tool":"Pencil"},{"type":"child","parent":"ljp488yvz8","x":950,"y":216,"tool":"Pencil"},{"type":"child","parent":"ljp488yvz8","x":940,"y":216,"tool":"Pencil"},{"type":"child","parent":"ljp488yvz8","x":913,"y":212,"tool":"Pencil"},{"type":"child","parent":"ljp488yvz8","x":900,"y":210,"tool":"Pencil"},{"type":"child","parent":"ljp488yvz8","x":904,"y":206,"tool":"Pencil"},{"type":"child","parent":"ljp488yvz8","x":900,"y":203,"tool":"Pencil"},{"type":"child","parent":"ljp488yvz8","x":889,"y":202,"tool":"Pencil"}]},"ljp488zob4":{"type":"line","id":"ljp488zob4","color":"#1913b0","size":10,"tool":"Pencil","_children":[{"type":"child","parent":"ljp488zob4","x":536,"y":608,"tool":"Pencil"},{"type":"child","parent":"ljp488zob4","x":535,"y":609,"tool":"Pencil"},{"type":"child","parent":"ljp488zob4","x":541,"y":629,"tool":"Pencil"},{"type":"child","parent":"ljp488zob4","x":546,"y":645,"tool":"Pencil"},{"type":"child","parent":"ljp488zob4","x":547,"y":645,"tool":"Pencil"}]},"ljp48905io":{"type":"line","id":"ljp48905io","color":"#1913b0","size":10,"tool":"Pencil","_children":[{"type":"child","parent":"ljp48905io","x":543,"y":632,"tool":"Pencil"},{"type":"child","parent":"ljp48905io","x":547,"y":626,"tool":"Pencil"},{"type":"child","parent":"ljp48905io","x":552,"y":605,"tool":"Pencil"},{"type":"child","parent":"ljp48905io","x":554,"y":601,"tool":"Pencil"},{"type":"child","parent":"ljp48905io","x":554,"y":601,"tool":"Pencil"}]},"ljp4890m2a":{"type":"line","id":"ljp4890m2a","color":"#1913b0","size":10,"tool":"Pencil","_children":[{"type":"child","parent":"ljp4890m2a","x":547,"y":622,"tool":"Pencil"},{"type":"child","parent":"ljp4890m2a","x":549,"y":623,"tool":"Pencil"},{"type":"child","parent":"ljp4890m2a","x":567,"y":628,"tool":"Pencil"},{"type":"child","parent":"ljp4890m2a","x":580,"y":632,"tool":"Pencil"},{"type":"child","parent":"ljp4890m2a","x":588,"y":632,"tool":"Pencil"}]},"ljp489162s":{"type":"line","id":"ljp489162s","color":"#1913b0","size":10,"tool":"Pencil","_children":[{"type":"child","parent":"ljp489162s","x":570,"y":593,"tool":"Pencil"},{"type":"child","parent":"ljp489162s","x":572,"y":597,"tool":"Pencil"},{"type":"child","parent":"ljp489162s","x":586,"y":619,"tool":"Pencil"},{"type":"child","parent":"ljp489162s","x":591,"y":629,"tool":"Pencil"},{"type":"child","parent":"ljp489162s","x":591,"y":629,"tool":"Pencil"},{"type":"child","parent":"ljp489162s","x":593,"y":628,"tool":"Pencil"},{"type":"child","parent":"ljp489162s","x":603,"y":622,"tool":"Pencil"},{"type":"child","parent":"ljp489162s","x":612,"y":618,"tool":"Pencil"},{"type":"child","parent":"ljp489162s","x":618,"y":616,"tool":"Pencil"},{"type":"child","parent":"ljp489162s","x":619,"y":616,"tool":"Pencil"}]},"ljp4891nry":{"type":"line","id":"ljp4891nry","color":"#1913b0","size":10,"tool":"Pencil","_children":[{"type":"child","parent":"ljp4891nry","x":579,"y":21,"tool":"Pencil"},{"type":"child","parent":"ljp4891nry","x":579,"y":29,"tool":"Pencil"},{"type":"child","parent":"ljp4891nry","x":584,"y":40,"tool":"Pencil"},{"type":"child","parent":"ljp4891nry","x":597,"y":48,"tool":"Pencil"},{"type":"child","parent":"ljp4891nry","x":615,"y":50,"tool":"Pencil"},{"type":"child","parent":"ljp4891nry","x":636,"y":50,"tool":"Pencil"},{"type":"child","parent":"ljp4891nry","x":659,"y":42,"tool":"Pencil"},{"type":"child","parent":"ljp4891nry","x":674,"y":34,"tool":"Pencil"},{"type":"child","parent":"ljp4891nry","x":684,"y":24,"tool":"Pencil"},{"type":"child","parent":"ljp4891nry","x":686,"y":20,"tool":"Pencil"},{"type":"child","parent":"ljp4891nry","x":686,"y":15,"tool":"Pencil"},{"type":"child","parent":"ljp4891nry","x":686,"y":15,"tool":"Pencil"}]},"ljp4892m7n":{"type":"line","id":"ljp4892m7n","color":"#1913b0","size":10,"tool":"Pencil","_children":[{"type":"child","parent":"ljp4892m7n","x":568,"y":52,"tool":"Pencil"},{"type":"child","parent":"ljp4892m7n","x":558,"y":60,"tool":"Pencil"},{"type":"child","parent":"ljp4892m7n","x":545,"y":70,"tool":"Pencil"}]},"ljp48930ni":{"type":"line","id":"ljp48930ni","color":"#1913b0","size":10,"tool":"Pencil","_children":[{"type":"child","parent":"ljp48930ni","x":585,"y":67,"tool":"Pencil"},{"type":"child","parent":"ljp48930ni","x":586,"y":82,"tool":"Pencil"},{"type":"child","parent":"ljp48930ni","x":583,"y":96,"tool":"Pencil"},{"type":"child","parent":"ljp48930ni","x":582,"y":99,"tool":"Pencil"}]},"ljp4893e7q":{"type":"line","id":"ljp4893e7q","color":"#1913b0","size":10,"tool":"Pencil","_children":[{"type":"child","parent":"ljp4893e7q","x":633,"y":73,"tool":"Pencil"},{"type":"child","parent":"ljp4893e7q","x":636,"y":82,"tool":"Pencil"},{"type":"child","parent":"ljp4893e7q","x":642,"y":95,"tool":"Pencil"}]},"ljp4893p1j":{"type":"line","id":"ljp4893p1j","color":"#1913b0","size":10,"tool":"Pencil","_children":[{"type":"child","parent":"ljp4893p1j","x":651,"y":602,"tool":"Pencil"},{"type":"child","parent":"ljp4893p1j","x":313,"y":538,"tool":"Pencil"}]},"ljp4893ri7":{"type":"line","id":"ljp4893ri7","color":"#1913b0","size":10,"tool":"Pencil","_children":[{"type":"child","parent":"ljp4893ri7","x":663,"y":62,"tool":"Pencil"},{"type":"child","parent":"ljp4893ri7","x":667,"y":65,"tool":"Pencil"},{"type":"child","parent":"ljp4893ri7","x":679,"y":76,"tool":"Pencil"}]},"ljp48944fz":{"type":"line","id":"ljp48944fz","color":"#1913b0","size":10,"tool":"Pencil","_children":[{"type":"child","parent":"ljp48944fz","x":685,"y":42,"tool":"Pencil"},{"type":"child","parent":"ljp48944fz","x":686,"y":42,"tool":"Pencil"},{"type":"child","parent":"ljp48944fz","x":711,"y":50,"tool":"Pencil"},{"type":"child","parent":"ljp48944fz","x":720,"y":52,"tool":"Pencil"}]},"ljp4894gnd":{"type":"line","id":"ljp4894gnd","color":"#1913b0","size":10,"tool":"Pencil","_children":[{"type":"child","parent":"ljp4894gnd","x":716,"y":27,"tool":"Pencil"},{"type":"child","parent":"ljp4894gnd","x":724,"y":27,"tool":"Pencil"},{"type":"child","parent":"ljp4894gnd","x":746,"y":28,"tool":"Pencil"},{"type":"child","parent":"ljp4894gnd","x":750,"y":28,"tool":"Pencil"}]},"ljp4895cng":{"type":"line","id":"ljp4895cng","color":"#1913b0","size":10,"tool":"Pencil","_children":[{"type":"child","parent":"ljp4895cng","x":768,"y":111,"tool":"Pencil"},{"type":"child","parent":"ljp4895cng","x":762,"y":111,"tool":"Pencil"},{"type":"child","parent":"ljp4895cng","x":757,"y":113,"tool":"Pencil"},{"type":"child","parent":"ljp4895cng","x":755,"y":120,"tool":"Pencil"},{"type":"child","parent":"ljp4895cng","x":759,"y":126,"tool":"Pencil"},{"type":"child","parent":"ljp4895cng","x":765,"y":129,"tool":"Pencil"},{"type":"child","parent":"ljp4895cng","x":773,"y":128,"tool":"Pencil"},{"type":"child","parent":"ljp4895cng","x":777,"y":122,"tool":"Pencil"},{"type":"child","parent":"ljp4895cng","x":777,"y":119,"tool":"Pencil"},{"type":"child","parent":"ljp4895cng","x":775,"y":117,"tool":"Pencil"}]},"ljp489667c":{"type":"line","id":"ljp489667c","color":"#1913b0","size":10,"tool":"Pencil","_children":[{"type":"child","parent":"ljp489667c","x":790,"y":114,"tool":"Pencil"},{"type":"child","parent":"ljp489667c","x":788,"y":114,"tool":"Pencil"},{"type":"child","parent":"ljp489667c","x":783,"y":119,"tool":"Pencil"},{"type":"child","parent":"ljp489667c","x":784,"y":125,"tool":"Pencil"},{"type":"child","parent":"ljp489667c","x":787,"y":126,"tool":"Pencil"},{"type":"child","parent":"ljp489667c","x":790,"y":127,"tool":"Pencil"},{"type":"child","parent":"ljp489667c","x":794,"y":127,"tool":"Pencil"},{"type":"child","parent":"ljp489667c","x":799,"y":125,"tool":"Pencil"},{"type":"child","parent":"ljp489667c","x":803,"y":121,"tool":"Pencil"},{"type":"child","parent":"ljp489667c","x":804,"y":114,"tool":"Pencil"},{"type":"child","parent":"ljp489667c","x":799,"y":109,"tool":"Pencil"}]},"ljp48972fy":{"type":"line","id":"ljp48972fy","color":"#1913b0","size":10,"tool":"Pencil","_children":[{"type":"child","parent":"ljp48972fy","x":787,"y":118,"tool":"Pencil"},{"type":"child","parent":"ljp48972fy","x":782,"y":122,"tool":"Pencil"},{"type":"child","parent":"ljp48972fy","x":775,"y":132,"tool":"Pencil"},{"type":"child","parent":"ljp48972fy","x":772,"y":140,"tool":"Pencil"},{"type":"child","parent":"ljp48972fy","x":766,"y":150,"tool":"Pencil"},{"type":"child","parent":"ljp48972fy","x":763,"y":158,"tool":"Pencil"},{"type":"child","parent":"ljp48972fy","x":762,"y":162,"tool":"Pencil"},{"type":"child","parent":"ljp48972fy","x":766,"y":163,"tool":"Pencil"},{"type":"child","parent":"ljp48972fy","x":774,"y":164,"tool":"Pencil"},{"type":"child","parent":"ljp48972fy","x":783,"y":161,"tool":"Pencil"},{"type":"child","parent":"ljp48972fy","x":793,"y":151,"tool":"Pencil"},{"type":"child","parent":"ljp48972fy","x":795,"y":141,"tool":"Pencil"},{"type":"child","parent":"ljp48972fy","x":793,"y":134,"tool":"Pencil"},{"type":"child","parent":"ljp48972fy","x":790,"y":129,"tool":"Pencil"},{"type":"child","parent":"ljp48972fy","x":790,"y":127,"tool":"Pencil"}]},"ljp4898a05":{"type":"line","id":"ljp4898a05","color":"#1913b0","size":10,"tool":"Pencil","_children":[{"type":"child","parent":"ljp4898a05","x":773,"y":141,"tool":"Pencil"},{"type":"child","parent":"ljp4898a05","x":775,"y":141,"tool":"Pencil"},{"type":"child","parent":"ljp4898a05","x":788,"y":141,"tool":"Pencil"},{"type":"child","parent":"ljp4898a05","x":790,"y":141,"tool":"Pencil"}]},"ljp4898qfh":{"type":"line","id":"ljp4898qfh","color":"#1913b0","size":10,"tool":"Pencil","_children":[{"type":"child","parent":"ljp4898qfh","x":782,"y":144,"tool":"Pencil"},{"type":"child","parent":"ljp4898qfh","x":780,"y":147,"tool":"Pencil"},{"type":"child","parent":"ljp4898qfh","x":777,"y":154,"tool":"Pencil"},{"type":"child","parent":"ljp4898qfh","x":775,"y":156,"tool":"Pencil"}]},"ljp4899u0w":{"type":"line","id":"ljp4899u0w","color":"#1913b0","size":10,"tool":"Pencil","_children":[{"type":"child","parent":"ljp4899u0w","x":769,"y":190,"tool":"Pencil"},{"type":"child","parent":"ljp4899u0w","x":765,"y":205,"tool":"Pencil"},{"type":"child","parent":"ljp4899u0w","x":764,"y":207,"tool":"Pencil"}]},"ljp489a684":{"type":"line","id":"ljp489a684","color":"#1913b0","size":10,"tool":"Pencil","_children":[{"type":"child","parent":"ljp489a684","x":757,"y":230,"tool":"Pencil"},{"type":"child","parent":"ljp489a684","x":756,"y":233,"tool":"Pencil"},{"type":"child","parent":"ljp489a684","x":754,"y":243,"tool":"Pencil"},{"type":"child","parent":"ljp489a684","x":753,"y":248,"tool":"Pencil"}]},"ljp489alb5":{"type":"line","id":"ljp489alb5","color":"#1913b0","size":10,"tool":"Pencil","_children":[{"type":"child","parent":"ljp489alb5","x":748,"y":271,"tool":"Pencil"},{"type":"child","parent":"ljp489alb5","x":748,"y":277,"tool":"Pencil"},{"type":"child","parent":"ljp489alb5","x":746,"y":287,"tool":"Pencil"}]},"ljp489bou6":{"type":"line","id":"ljp489bou6","color":"#1913b0","size":10,"tool":"Pencil","_children":[{"type":"child","parent":"ljp489bou6","x":740,"y":362,"tool":"Pencil"},{"type":"child","parent":"ljp489bou6","x":740,"y":362,"tool":"Pencil"},{"type":"child","parent":"ljp489bou6","x":738,"y":355,"tool":"Pencil"},{"type":"child","parent":"ljp489bou6","x":742,"y":354,"tool":"Pencil"},{"type":"child","parent":"ljp489bou6","x":745,"y":354,"tool":"Pencil"},{"type":"child","parent":"ljp489bou6","x":753,"y":351,"tool":"Pencil"},{"type":"child","parent":"ljp489bou6","x":755,"y":353,"tool":"Pencil"},{"type":"child","parent":"ljp489bou6","x":775,"y":345,"tool":"Pencil"},{"type":"child","parent":"ljp489bou6","x":776,"y":350,"tool":"Pencil"},{"type":"child","parent":"ljp489bou6","x":780,"y":352,"tool":"Pencil"},{"type":"child","parent":"ljp489bou6","x":780,"y":355,"tool":"Pencil"},{"type":"child","parent":"ljp489bou6","x":776,"y":361,"tool":"Pencil"},{"type":"child","parent":"ljp489bou6","x":768,"y":365,"tool":"Pencil"},{"type":"child","parent":"ljp489bou6","x":765,"y":368,"tool":"Pencil"},{"type":"child","parent":"ljp489bou6","x":771,"y":376,"tool":"Pencil"},{"type":"child","parent":"ljp489bou6","x":767,"y":379,"tool":"Pencil"},{"type":"child","parent":"ljp489bou6","x":764,"y":379,"tool":"Pencil"}]},"ljp489d3sx":{"type":"line","id":"ljp489d3sx","color":"#1913b0","size":10,"tool":"Pencil","_children":[{"type":"child","parent":"ljp489d3sx","x":744,"y":368,"tool":"Pencil"},{"type":"child","parent":"ljp489d3sx","x":744,"y":374,"tool":"Pencil"},{"type":"child","parent":"ljp489d3sx","x":744,"y":375,"tool":"Pencil"}]},"ljp489difr":{"type":"line","id":"ljp489difr","color":"#1913b0","size":10,"tool":"Pencil","_children":[{"type":"child","parent":"ljp489difr","x":801,"y":362,"tool":"Pencil"},{"type":"child","parent":"ljp489difr","x":805,"y":359,"tool":"Pencil"},{"type":"child","parent":"ljp489difr","x":809,"y":358,"tool":"Pencil"},{"type":"child","parent":"ljp489difr","x":816,"y":356,"tool":"Pencil"}]},"ljp489e5jv":{"type":"line","id":"ljp489e5jv","color":"#1913b0","size":10,"tool":"Pencil","_children":[{"type":"child","parent":"ljp489e5jv","x":825,"y":347,"tool":"Pencil"},{"type":"child","parent":"ljp489e5jv","x":825,"y":348,"tool":"Pencil"},{"type":"child","parent":"ljp489e5jv","x":822,"y":351,"tool":"Pencil"},{"type":"child","parent":"ljp489e5jv","x":820,"y":353,"tool":"Pencil"},{"type":"child","parent":"ljp489e5jv","x":828,"y":340,"tool":"Pencil"},{"type":"child","parent":"ljp489e5jv","x":829,"y":338,"tool":"Pencil"}]},"ljp489esop":{"type":"line","id":"ljp489esop","color":"#1913b0","size":10,"tool":"Pencil","_children":[{"type":"child","parent":"ljp489esop","x":823,"y":356,"tool":"Pencil"},{"type":"child","parent":"ljp489esop","x":831,"y":361,"tool":"Pencil"},{"type":"child","parent":"ljp489esop","x":844,"y":372,"tool":"Pencil"},{"type":"child","parent":"ljp489esop","x":844,"y":372,"tool":"Pencil"}]},"ljp489f6w5":{"type":"line","id":"ljp489f6w5","color":"#1913b0","size":10,"tool":"Pencil","_children":[{"type":"child","parent":"ljp489f6w5","x":827,"y":354,"tool":"Pencil"},{"type":"child","parent":"ljp489f6w5","x":827,"y":354,"tool":"Pencil"},{"type":"child","parent":"ljp489f6w5","x":834,"y":350,"tool":"Pencil"},{"type":"child","parent":"ljp489f6w5","x":834,"y":346,"tool":"Pencil"},{"type":"child","parent":"ljp489f6w5","x":830,"y":346,"tool":"Pencil"},{"type":"child","parent":"ljp489f6w5","x":829,"y":350,"tool":"Pencil"}]},"ljp489fts6":{"type":"line","id":"ljp489fts6","color":"#1913b0","size":10,"tool":"Pencil","_children":[{"type":"child","parent":"ljp489fts6","x":802,"y":360,"tool":"Pencil"},{"type":"child","parent":"ljp489fts6","x":783,"y":359,"tool":"Pencil"},{"type":"child","parent":"ljp489fts6","x":783,"y":359,"tool":"Pencil"}]},"ljp489g676":{"type":"line","id":"ljp489g676","color":"#1913b0","size":10,"tool":"Pencil","_children":[{"type":"child","parent":"ljp489g676","x":800,"y":361,"tool":"Pencil"},{"type":"child","parent":"ljp489g676","x":800,"y":369,"tool":"Pencil"},{"type":"child","parent":"ljp489g676","x":795,"y":384,"tool":"Pencil"},{"type":"child","parent":"ljp489g676","x":795,"y":385,"tool":"Pencil"}]},"ljp489m9ab":{"type":"line","id":"ljp489m9ab","color":"#1913b0","size":10,"tool":"Pencil","_children":[{"type":"child","parent":"ljp489m9ab","x":909,"y":328,"tool":"Pencil"},{"type":"child","parent":"ljp489m9ab","x":911,"y":328,"tool":"Pencil"},{"type":"child","parent":"ljp489m9ab","x":919,"y":330,"tool":"Pencil"},{"type":"child","parent":"ljp489m9ab","x":927,"y":331,"tool":"Pencil"},{"type":"child","parent":"ljp489m9ab","x":940,"y":333,"tool":"Pencil"},{"type":"child","parent":"ljp489m9ab","x":944,"y":334,"tool":"Pencil"},{"type":"child","parent":"ljp489m9ab","x":953,"y":335,"tool":"Pencil"},{"type":"child","parent":"ljp489m9ab","x":962,"y":336,"tool":"Pencil"},{"type":"child","parent":"ljp489m9ab","x":969,"y":336,"tool":"Pencil"},{"type":"child","parent":"ljp489m9ab","x":971,"y":336,"tool":"Pencil"},{"type":"child","parent":"ljp489m9ab","x":973,"y":337,"tool":"Pencil"}]},"ljp489nsaq":{"type":"line","id":"ljp489nsaq","color":"#1913b0","size":10,"tool":"Pencil","_children":[{"type":"child","parent":"ljp489nsaq","x":910,"y":322,"tool":"Pencil"},{"type":"child","parent":"ljp489nsaq","x":910,"y":320,"tool":"Pencil"},{"type":"child","parent":"ljp489nsaq","x":914,"y":306,"tool":"Pencil"},{"type":"child","parent":"ljp489nsaq","x":914,"y":299,"tool":"Pencil"},{"type":"child","parent":"ljp489nsaq","x":915,"y":295,"tool":"Pencil"},{"type":"child","parent":"ljp489nsaq","x":915,"y":295,"tool":"Pencil"},{"type":"child","parent":"ljp489nsaq","x":929,"y":295,"tool":"Pencil"},{"type":"child","parent":"ljp489nsaq","x":938,"y":295,"tool":"Pencil"},{"type":"child","parent":"ljp489nsaq","x":951,"y":296,"tool":"Pencil"},{"type":"child","parent":"ljp489nsaq","x":955,"y":297,"tool":"Pencil"},{"type":"child","parent":"ljp489nsaq","x":964,"y":300,"tool":"Pencil"},{"type":"child","parent":"ljp489nsaq","x":975,"y":304,"tool":"Pencil"},{"type":"child","parent":"ljp489nsaq","x":981,"y":306,"tool":"Pencil"},{"type":"child","parent":"ljp489nsaq","x":987,"y":307,"tool":"Pencil"},{"type":"child","parent":"ljp489nsaq","x":987,"y":307,"tool":"Pencil"}]},"ljp489p3qb":{"type":"line","id":"ljp489p3qb","color":"#1913b0","size":10,"tool":"Pencil","_children":[{"type":"child","parent":"ljp489p3qb","x":1005,"y":312,"tool":"Pencil"},{"type":"child","parent":"ljp489p3qb","x":1003,"y":312,"tool":"Pencil"},{"type":"child","parent":"ljp489p3qb","x":997,"y":312,"tool":"Pencil"},{"type":"child","parent":"ljp489p3qb","x":993,"y":312,"tool":"Pencil"},{"type":"child","parent":"ljp489p3qb","x":987,"y":314,"tool":"Pencil"},{"type":"child","parent":"ljp489p3qb","x":985,"y":315,"tool":"Pencil"},{"type":"child","parent":"ljp489p3qb","x":982,"y":319,"tool":"Pencil"},{"type":"child","parent":"ljp489p3qb","x":981,"y":327,"tool":"Pencil"},{"type":"child","parent":"ljp489p3qb","x":979,"y":334,"tool":"Pencil"},{"type":"child","parent":"ljp489p3qb","x":979,"y":341,"tool":"Pencil"},{"type":"child","parent":"ljp489p3qb","x":985,"y":345,"tool":"Pencil"},{"type":"child","parent":"ljp489p3qb","x":993,"y":348,"tool":"Pencil"},{"type":"child","parent":"ljp489p3qb","x":1002,"y":348,"tool":"Pencil"},{"type":"child","parent":"ljp489p3qb","x":1012,"y":348,"tool":"Pencil"},{"type":"child","parent":"ljp489p3qb","x":1014,"y":344,"tool":"Pencil"},{"type":"child","parent":"ljp489p3qb","x":1013,"y":335,"tool":"Pencil"},{"type":"child","parent":"ljp489p3qb","x":1012,"y":326,"tool":"Pencil"},{"type":"child","parent":"ljp489p3qb","x":1010,"y":317,"tool":"Pencil"},{"type":"child","parent":"ljp489p3qb","x":1005,"y":314,"tool":"Pencil"},{"type":"child","parent":"ljp489p3qb","x":999,"y":311,"tool":"Pencil"}]},"ljp489r4wo":{"type":"line","id":"ljp489r4wo","color":"#1913b0","size":10,"tool":"Pencil","_children":[{"type":"child","parent":"ljp489r4wo","x":966,"y":339,"tool":"Pencil"},{"type":"child","parent":"ljp489r4wo","x":966,"y":339,"tool":"Pencil"},{"type":"child","parent":"ljp489r4wo","x":970,"y":343,"tool":"Pencil"},{"type":"child","parent":"ljp489r4wo","x":973,"y":346,"tool":"Pencil"},{"type":"child","parent":"ljp489r4wo","x":975,"y":348,"tool":"Pencil"},{"type":"child","parent":"ljp489r4wo","x":979,"y":351,"tool":"Pencil"},{"type":"child","parent":"ljp489r4wo","x":981,"y":353,"tool":"Pencil"},{"type":"child","parent":"ljp489r4wo","x":985,"y":355,"tool":"Pencil"},{"type":"child","parent":"ljp489r4wo","x":990,"y":356,"tool":"Pencil"},{"type":"child","parent":"ljp489r4wo","x":990,"y":356,"tool":"Pencil"}]},"ljp489stjo":{"type":"line","id":"ljp489stjo","color":"#1913b0","size":10,"tool":"Pencil","_children":[{"type":"child","parent":"ljp489stjo","x":929,"y":300,"tool":"Pencil"},{"type":"child","parent":"ljp489stjo","x":929,"y":305,"tool":"Pencil"},{"type":"child","parent":"ljp489stjo","x":929,"y":311,"tool":"Pencil"},{"type":"child","parent":"ljp489stjo","x":928,"y":314,"tool":"Pencil"},{"type":"child","parent":"ljp489stjo","x":927,"y":317,"tool":"Pencil"},{"type":"child","parent":"ljp489stjo","x":927,"y":320,"tool":"Pencil"},{"type":"child","parent":"ljp489stjo","x":927,"y":323,"tool":"Pencil"},{"type":"child","parent":"ljp489stjo","x":926,"y":326,"tool":"Pencil"},{"type":"child","parent":"ljp489stjo","x":925,"y":327,"tool":"Pencil"}]},"ljp489tuxf":{"type":"line","id":"ljp489tuxf","color":"#1913b0","size":10,"tool":"Pencil","_children":[{"type":"child","parent":"ljp489tuxf","x":964,"y":297,"tool":"Pencil"},{"type":"child","parent":"ljp489tuxf","x":966,"y":292,"tool":"Pencil"},{"type":"child","parent":"ljp489tuxf","x":966,"y":291,"tool":"Pencil"},{"type":"child","parent":"ljp489tuxf","x":966,"y":291,"tool":"Pencil"}]},"ljp489v7kq":{"type":"line","id":"ljp489v7kq","color":"#1913b0","size":10,"tool":"Pencil","_children":[{"type":"child","parent":"ljp489v7kq","x":906,"y":291,"tool":"Pencil"},{"type":"child","parent":"ljp489v7kq","x":903,"y":288,"tool":"Pencil"},{"type":"child","parent":"ljp489v7kq","x":895,"y":279,"tool":"Pencil"},{"type":"child","parent":"ljp489v7kq","x":894,"y":279,"tool":"Pencil"},{"type":"child","parent":"ljp489v7kq","x":898,"y":289,"tool":"Pencil"},{"type":"child","parent":"ljp489v7kq","x":899,"y":294,"tool":"Pencil"},{"type":"child","parent":"ljp489v7kq","x":888,"y":295,"tool":"Pencil"},{"type":"child","parent":"ljp489v7kq","x":881,"y":295,"tool":"Pencil"},{"type":"child","parent":"ljp489v7kq","x":880,"y":295,"tool":"Pencil"},{"type":"child","parent":"ljp489v7kq","x":887,"y":299,"tool":"Pencil"},{"type":"child","parent":"ljp489v7kq","x":888,"y":299,"tool":"Pencil"},{"type":"child","parent":"ljp489v7kq","x":874,"y":307,"tool":"Pencil"},{"type":"child","parent":"ljp489v7kq","x":869,"y":309,"tool":"Pencil"},{"type":"child","parent":"ljp489v7kq","x":877,"y":309,"tool":"Pencil"},{"type":"child","parent":"ljp489v7kq","x":900,"y":309,"tool":"Pencil"},{"type":"child","parent":"ljp489v7kq","x":899,"y":309,"tool":"Pencil"},{"type":"child","parent":"ljp489v7kq","x":889,"y":315,"tool":"Pencil"},{"type":"child","parent":"ljp489v7kq","x":887,"y":320,"tool":"Pencil"},{"type":"child","parent":"ljp489v7kq","x":894,"y":320,"tool":"Pencil"},{"type":"child","parent":"ljp489v7kq","x":897,"y":320,"tool":"Pencil"},{"type":"child","parent":"ljp489v7kq","x":899,"y":321,"tool":"Pencil"},{"type":"child","parent":"ljp489v7kq","x":895,"y":327,"tool":"Pencil"},{"type":"child","parent":"ljp489v7kq","x":891,"y":332,"tool":"Pencil"},{"type":"child","parent":"ljp489v7kq","x":891,"y":335,"tool":"Pencil"},{"type":"child","parent":"ljp489v7kq","x":891,"y":335,"tool":"Pencil"}]},"ljp489xou4":{"type":"line","id":"ljp489xou4","color":"#1913b0","size":10,"tool":"Pencil","_children":[{"type":"child","parent":"ljp489xou4","x":859,"y":287,"tool":"Pencil"},{"type":"child","parent":"ljp489xou4","x":860,"y":296,"tool":"Pencil"},{"type":"child","parent":"ljp489xou4","x":861,"y":305,"tool":"Pencil"},{"type":"child","parent":"ljp489xou4","x":859,"y":314,"tool":"Pencil"},{"type":"child","parent":"ljp489xou4","x":859,"y":314,"tool":"Pencil"}]},"ljp489yetw":{"type":"line","id":"ljp489yetw","color":"#1913b0","size":10,"tool":"Pencil","_children":[{"type":"child","parent":"ljp489yetw","x":853,"y":289,"tool":"Pencil"},{"type":"child","parent":"ljp489yetw","x":852,"y":289,"tool":"Pencil"},{"type":"child","parent":"ljp489yetw","x":846,"y":288,"tool":"Pencil"},{"type":"child","parent":"ljp489yetw","x":833,"y":288,"tool":"Pencil"},{"type":"child","parent":"ljp489yetw","x":829,"y":288,"tool":"Pencil"},{"type":"child","parent":"ljp489yetw","x":826,"y":288,"tool":"Pencil"},{"type":"child","parent":"ljp489yetw","x":821,"y":291,"tool":"Pencil"},{"type":"child","parent":"ljp489yetw","x":818,"y":295,"tool":"Pencil"},{"type":"child","parent":"ljp489yetw","x":818,"y":301,"tool":"Pencil"},{"type":"child","parent":"ljp489yetw","x":819,"y":303,"tool":"Pencil"},{"type":"child","parent":"ljp489yetw","x":824,"y":307,"tool":"Pencil"},{"type":"child","parent":"ljp489yetw","x":829,"y":309,"tool":"Pencil"},{"type":"child","parent":"ljp489yetw","x":834,"y":310,"tool":"Pencil"},{"type":"child","parent":"ljp489yetw","x":837,"y":310,"tool":"Pencil"},{"type":"child","parent":"ljp489yetw","x":842,"y":310,"tool":"Pencil"},{"type":"child","parent":"ljp489yetw","x":845,"y":311,"tool":"Pencil"},{"type":"child","parent":"ljp489yetw","x":849,"y":311,"tool":"Pencil"},{"type":"child","parent":"ljp489yetw","x":855,"y":312,"tool":"Pencil"},{"type":"child","parent":"ljp489yetw","x":859,"y":312,"tool":"Pencil"},{"type":"child","parent":"ljp489yetw","x":859,"y":312,"tool":"Pencil"}]},"ljp48ks0y3":{"type":"line","id":"ljp48ks0y3","color":"#000000","size":28,"tool":"Pencil","_children":[{"type":"child","parent":"ljp48ks0y3","x":1395,"y":236,"tool":"Pencil"},{"type":"child","parent":"ljp48ks0y3","x":1397,"y":251,"tool":"Pencil"},{"type":"child","parent":"ljp48ks0y3","x":1399,"y":335,"tool":"Pencil"},{"type":"child","parent":"ljp48ks0y3","x":1399,"y":376,"tool":"Pencil"},{"type":"child","parent":"ljp48ks0y3","x":1399,"y":375,"tool":"Pencil"}]},"ljp48kss2w":{"type":"line","id":"ljp48kss2w","color":"#000000","size":28,"tool":"Pencil","_children":[{"type":"child","parent":"ljp48kss2w","x":1398,"y":235,"tool":"Pencil"},{"type":"child","parent":"ljp48kss2w","x":1417,"y":233,"tool":"Pencil"},{"type":"child","parent":"ljp48kss2w","x":1497,"y":232,"tool":"Pencil"},{"type":"child","parent":"ljp48kss2w","x":1511,"y":235,"tool":"Pencil"}]},"ljp48ktluo":{"type":"line","id":"ljp48ktluo","color":"#000000","size":28,"tool":"Pencil","_children":[{"type":"child","parent":"ljp48ktluo","x":1412,"y":310,"tool":"Pencil"},{"type":"child","parent":"ljp48ktluo","x":1413,"y":310,"tool":"Pencil"},{"type":"child","parent":"ljp48ktluo","x":1451,"y":310,"tool":"Pencil"},{"type":"child","parent":"ljp48ktluo","x":1496,"y":310,"tool":"Pencil"}]},"ljp48kumk8":{"type":"line","id":"ljp48kumk8","color":"#000000","size":28,"tool":"Pencil","_children":[{"type":"child","parent":"ljp48kumk8","x":1601,"y":228,"tool":"Pencil"},{"type":"child","parent":"ljp48kumk8","x":1601,"y":229,"tool":"Pencil"},{"type":"child","parent":"ljp48kumk8","x":1568,"y":279,"tool":"Pencil"},{"type":"child","parent":"ljp48kumk8","x":1549,"y":328,"tool":"Pencil"},{"type":"child","parent":"ljp48kumk8","x":1549,"y":353,"tool":"Pencil"},{"type":"child","parent":"ljp48kumk8","x":1547,"y":359,"tool":"Pencil"},{"type":"child","parent":"ljp48kumk8","x":1543,"y":363,"tool":"Pencil"},{"type":"child","parent":"ljp48kumk8","x":1542,"y":363,"tool":"Pencil"},{"type":"child","parent":"ljp48kumk8","x":1542,"y":363,"tool":"Pencil"}]},"ljp48kvz0p":{"type":"line","id":"ljp48kvz0p","color":"#000000","size":28,"tool":"Pencil","_children":[{"type":"child","parent":"ljp48kvz0p","x":1608,"y":230,"tool":"Pencil"},{"type":"child","parent":"ljp48kvz0p","x":1616,"y":247,"tool":"Pencil"},{"type":"child","parent":"ljp48kvz0p","x":1653,"y":304,"tool":"Pencil"},{"type":"child","parent":"ljp48kvz0p","x":1673,"y":351,"tool":"Pencil"},{"type":"child","parent":"ljp48kvz0p","x":1679,"y":367,"tool":"Pencil"}]},"ljp48kwvvd":{"type":"line","id":"ljp48kwvvd","color":"#000000","size":28,"tool":"Pencil","_children":[{"type":"child","parent":"ljp48kwvvd","x":1568,"y":315,"tool":"Pencil"},{"type":"child","parent":"ljp48kwvvd","x":1575,"y":315,"tool":"Pencil"},{"type":"child","parent":"ljp48kwvvd","x":1619,"y":313,"tool":"Pencil"},{"type":"child","parent":"ljp48kwvvd","x":1630,"y":313,"tool":"Pencil"},{"type":"child","parent":"ljp48kwvvd","x":1637,"y":313,"tool":"Pencil"},{"type":"child","parent":"ljp48kwvvd","x":1639,"y":313,"tool":"Pencil"}]},"ljp48ky0rv":{"type":"line","id":"ljp48ky0rv","color":"#000000","size":28,"tool":"Pencil","_children":[{"type":"child","parent":"ljp48ky0rv","x":1399,"y":426,"tool":"Pencil"},{"type":"child","parent":"ljp48ky0rv","x":1389,"y":473,"tool":"Pencil"},{"type":"child","parent":"ljp48ky0rv","x":1388,"y":519,"tool":"Pencil"},{"type":"child","parent":"ljp48ky0rv","x":1388,"y":526,"tool":"Pencil"},{"type":"child","parent":"ljp48ky0rv","x":1388,"y":540,"tool":"Pencil"},{"type":"child","parent":"ljp48ky0rv","x":1391,"y":545,"tool":"Pencil"},{"type":"child","parent":"ljp48ky0rv","x":1391,"y":551,"tool":"Pencil"},{"type":"child","parent":"ljp48ky0rv","x":1391,"y":558,"tool":"Pencil"},{"type":"child","parent":"ljp48ky0rv","x":1391,"y":560,"tool":"Pencil"}]},"ljp48kyw41":{"type":"line","id":"ljp48kyw41","color":"#000000","size":28,"tool":"Pencil","_children":[{"type":"child","parent":"ljp48kyw41","x":1407,"y":492,"tool":"Pencil"},{"type":"child","parent":"ljp48kyw41","x":1445,"y":468,"tool":"Pencil"},{"type":"child","parent":"ljp48kyw41","x":1472,"y":450,"tool":"Pencil"},{"type":"child","parent":"ljp48kyw41","x":1476,"y":443,"tool":"Pencil"},{"type":"child","parent":"ljp48kyw41","x":1476,"y":440,"tool":"Pencil"},{"type":"child","parent":"ljp48kyw41","x":1477,"y":438,"tool":"Pencil"}]},"ljp48kzmlv":{"type":"line","id":"ljp48kzmlv","color":"#000000","size":28,"tool":"Pencil","_children":[{"type":"child","parent":"ljp48kzmlv","x":1420,"y":492,"tool":"Pencil"},{"type":"child","parent":"ljp48kzmlv","x":1432,"y":517,"tool":"Pencil"},{"type":"child","parent":"ljp48kzmlv","x":1461,"y":545,"tool":"Pencil"},{"type":"child","parent":"ljp48kzmlv","x":1471,"y":552,"tool":"Pencil"},{"type":"child","parent":"ljp48kzmlv","x":1474,"y":554,"tool":"Pencil"},{"type":"child","parent":"ljp48kzmlv","x":1475,"y":556,"tool":"Pencil"}]},"ljp48l0h84":{"type":"line","id":"ljp48l0h84","color":"#000000","size":28,"tool":"Pencil","_children":[{"type":"child","parent":"ljp48l0h84","x":1550,"y":421,"tool":"Pencil"},{"type":"child","parent":"ljp48l0h84","x":1553,"y":421,"tool":"Pencil"},{"type":"child","parent":"ljp48l0h84","x":1625,"y":422,"tool":"Pencil"},{"type":"child","parent":"ljp48l0h84","x":1647,"y":423,"tool":"Pencil"},{"type":"child","parent":"ljp48l0h84","x":1669,"y":423,"tool":"Pencil"},{"type":"child","parent":"ljp48l0h84","x":1667,"y":423,"tool":"Pencil"}]},"ljp48l16cu":{"type":"line","id":"ljp48l16cu","color":"#000000","size":28,"tool":"Pencil","_children":[{"type":"child","parent":"ljp48l16cu","x":1542,"y":432,"tool":"Pencil"},{"type":"child","parent":"ljp48l16cu","x":1546,"y":436,"tool":"Pencil"},{"type":"child","parent":"ljp48l16cu","x":1550,"y":478,"tool":"Pencil"},{"type":"child","parent":"ljp48l16cu","x":1532,"y":554,"tool":"Pencil"},{"type":"child","parent":"ljp48l16cu","x":1535,"y":557,"tool":"Pencil"},{"type":"child","parent":"ljp48l16cu","x":1537,"y":557,"tool":"Pencil"},{"type":"child","parent":"ljp48l16cu","x":1556,"y":557,"tool":"Pencil"},{"type":"child","parent":"ljp48l16cu","x":1620,"y":553,"tool":"Pencil"},{"type":"child","parent":"ljp48l16cu","x":1631,"y":550,"tool":"Pencil"}]},"ljp48l28lm":{"type":"line","id":"ljp48l28lm","color":"#000000","size":28,"tool":"Pencil","_children":[{"type":"child","parent":"ljp48l28lm","x":1557,"y":496,"tool":"Pencil"},{"type":"child","parent":"ljp48l28lm","x":1570,"y":494,"tool":"Pencil"},{"type":"child","parent":"ljp48l28lm","x":1638,"y":485,"tool":"Pencil"},{"type":"child","parent":"ljp48l28lm","x":1648,"y":484,"tool":"Pencil"}]},"ljp48l8c6v":{"type":"line","id":"ljp48l8c6v","color":"#000000","size":28,"tool":"Pencil","_children":[{"type":"child","parent":"ljp48l8c6v","x":3009,"y":2048,"tool":"Pencil"},{"type":"child","parent":"ljp48l8c6v","x":3010,"y":2050,"tool":"Pencil"},{"type":"child","parent":"ljp48l8c6v","x":2996,"y":2068,"tool":"Pencil"},{"type":"child","parent":"ljp48l8c6v","x":2929,"y":2107,"tool":"Pencil"},{"type":"child","parent":"ljp48l8c6v","x":2867,"y":2155,"tool":"Pencil"},{"type":"child","parent":"ljp48l8c6v","x":2855,"y":2173,"tool":"Pencil"},{"type":"child","parent":"ljp48l8c6v","x":2855,"y":2185,"tool":"Pencil"},{"type":"child","parent":"ljp48l8c6v","x":2855,"y":2196,"tool":"Pencil"},{"type":"child","parent":"ljp48l8c6v","x":2855,"y":2202,"tool":"Pencil"},{"type":"child","parent":"ljp48l8c6v","x":2855,"y":2203,"tool":"Pencil"}]},"ljp48l9gcw":{"type":"line","id":"ljp48l9gcw","color":"#000000","size":28,"tool":"Pencil","_children":[{"type":"child","parent":"ljp48l9gcw","x":2908,"y":2127,"tool":"Pencil"},{"type":"child","parent":"ljp48l9gcw","x":2933,"y":2142,"tool":"Pencil"},{"type":"child","parent":"ljp48l9gcw","x":2953,"y":2157,"tool":"Pencil"},{"type":"child","parent":"ljp48l9gcw","x":2952,"y":2158,"tool":"Pencil"}]},"ljp48lb6sw":{"type":"line","id":"ljp48lb6sw","color":"#000000","size":28,"tool":"Pencil","_children":[{"type":"child","parent":"ljp48lb6sw","x":2866,"y":2156,"tool":"Pencil"},{"type":"child","parent":"ljp48lb6sw","x":2862,"y":2165,"tool":"Pencil"},{"type":"child","parent":"ljp48lb6sw","x":2832,"y":2191,"tool":"Pencil"},{"type":"child","parent":"ljp48lb6sw","x":2825,"y":2207,"tool":"Pencil"},{"type":"child","parent":"ljp48lb6sw","x":2822,"y":2215,"tool":"Pencil"},{"type":"child","parent":"ljp48lb6sw","x":2821,"y":2221,"tool":"Pencil"},{"type":"child","parent":"ljp48lb6sw","x":2819,"y":2228,"tool":"Pencil"},{"type":"child","parent":"ljp48lb6sw","x":2819,"y":2228,"tool":"Pencil"}]}}