{"ljp1obt2cw":{"type":"line","id":"ljp1obt2cw","color":"#1913b0","size":"10","tool":"Pencil","_children":[{"type":"child","parent":"ljp1obt2cw","x":708,"y":114,"tool":"Pencil"},{"type":"child","parent":"ljp1obt2cw","x":703,"y":160,"tool":"Pencil"},{"type":"child","parent":"ljp1obt2cw","x":705,"y":171,"tool":"Pencil"},{"type":"child","parent":"ljp1obt2cw","x":707,"y":175,"tool":"Pencil"},{"type":"child","parent":"ljp1obt2cw","x":721,"y":154,"tool":"Pencil"},{"type":"child","parent":"ljp1obt2cw","x":727,"y":176,"tool":"Pencil"}]},"ljp1obtjb5":{"type":"line","id":"ljp1obtjb5","color":"#1913b0","size":"10","tool":"Pencil","_children":[{"type":"child","parent":"ljp1obtjb5","x":739,"y":159,"tool":"Pencil"},{"type":"child","parent":"ljp1obtjb5","x":740,"y":175,"tool":"Pencil"},{"type":"child","parent":"ljp1obtjb5","x":747,"y":159,"tool":"Pencil"}]},"ljp1obtz7m":{"type":"line","id":"ljp1obtz7m","color":"#1913b0","size":"10","tool":"Pencil","_children":[{"type":"child","parent":"ljp1obtz7m","x":766,"y":161,"tool":"Pencil"},{"type":"child","parent":"ljp1obtz7m","x":767,"y":173,"tool":"Pencil"},{"type":"child","parent":"ljp1obtz7m","x":776,"y":172,"tool":"Pencil"},{"type":"child","parent":"ljp1obtz7m","x":780,"y":180,"tool":"Pencil"}]},"ljp1obumjy":{"type":"line","id":"ljp1obumjy","color":"#1913b0","size":"10","tool":"Pencil","_children":[{"type":"child","parent":"ljp1obumjy","x":851,"y":100,"tool":"Pencil"},{"type":"child","parent":"ljp1obumjy","x":853,"y":113,"tool":"Pencil"},{"type":"child","parent":"ljp1obumjy","x":840,"y":188,"tool":"Pencil"},{"type":"child","parent":"ljp1obumjy","x":827,"y":171,"tool":"Pencil"},{"type":"child","parent":"ljp1obumjy","x":819,"y":187,"tool":"Pencil"}]},"ljp1obv71m":{"type":"line","id":"ljp1obv71m","color":"#1913b0","size":"10","tool":"Pencil","_children":[{"type":"child","parent":"ljp1obv71m","x":871,"y":172,"tool":"Pencil"},{"type":"child","parent":"ljp1obv71m","x":860,"y":183,"tool":"Pencil"},{"type":"child","parent":"ljp1obv71m","x":878,"y":191,"tool":"Pencil"},{"type":"child","parent":"ljp1obv71m","x":869,"y":171,"tool":"Pencil"}]},"ljp1obvm9y":{"type":"line","id":"ljp1obvm9y","color":"#1913b0","size":"10","tool":"Pencil","_children":[{"type":"child","parent":"ljp1obvm9y","x":897,"y":183,"tool":"Pencil"},{"type":"child","parent":"ljp1obvm9y","x":902,"y":182,"tool":"Pencil"},{"type":"child","parent":"ljp1obvm9y","x":916,"y":164,"tool":"Pencil"},{"type":"child","parent":"ljp1obvm9y","x":892,"y":187,"tool":"Pencil"},{"type":"child","parent":"ljp1obvm9y","x":933,"y":190,"tool":"Pencil"},{"type":"child","parent":"ljp1obvm9y","x":946,"y":160,"tool":"Pencil"},{"type":"child","parent":"ljp1obvm9y","x":949,"y":180,"tool":"Pencil"},{"type":"child","parent":"ljp1obvm9y","x":954,"y":202,"tool":"Pencil"}]},"ljp1obwi81":{"type":"line","id":"ljp1obwi81","color":"#1913b0","size":"10","tool":"Pencil","_children":[{"type":"child","parent":"ljp1obwi81","x":781,"y":246,"tool":"Pencil"},{"type":"child","parent":"ljp1obwi81","x":779,"y":273,"tool":"Pencil"},{"type":"child","parent":"ljp1obwi81","x":777,"y":298,"tool":"Pencil"},{"type":"child","parent":"ljp1obwi81","x":773,"y":270,"tool":"Pencil"},{"type":"child","parent":"ljp1obwi81","x":776,"y":263,"tool":"Pencil"},{"type":"child","parent":"ljp1obwi81","x":785,"y":251,"tool":"Pencil"},{"type":"child","parent":"ljp1obwi81","x":798,"y":231,"tool":"Pencil"},{"type":"child","parent":"ljp1obwi81","x":793,"y":290,"tool":"Pencil"},{"type":"child","parent":"ljp1obwi81","x":805,"y":274,"tool":"Pencil"},{"type":"child","parent":"ljp1obwi81","x":810,"y":294,"tool":"Pencil"}]},"ljp1obxayh":{"type":"line","id":"ljp1obxayh","color":"#1913b0","size":"10","tool":"Pencil","_children":[{"type":"child","parent":"ljp1obxayh","x":830,"y":277,"tool":"Pencil"},{"type":"child","parent":"ljp1obxayh","x":829,"y":300,"tool":"Pencil"}]},"ljp1obxg77":{"type":"line","id":"ljp1obxg77","color":"#1913b0","size":"10","tool":"Pencil","_children":[{"type":"child","parent":"ljp1obxg77","x":832,"y":267,"tool":"Pencil"}]},"ljp1obxkp1":{"type":"line","id":"ljp1obxkp1","color":"#1913b0","size":"10","tool":"Pencil","_children":[{"type":"child","parent":"ljp1obxkp1","x":850,"y":278,"tool":"Pencil"},{"type":"child","parent":"ljp1obxkp1","x":847,"y":280,"tool":"Pencil"},{"type":"child","parent":"ljp1obxkp1","x":863,"y":294,"tool":"Pencil"},{"type":"child","parent":"ljp1obxkp1","x":857,"y":304,"tool":"Pencil"}]},"ljp1obxyvb":{"type":"line","id":"ljp1obxyvb","color":"#1913b0","size":"10","tool":"Pencil","_children":[{"type":"child","parent":"ljp1obxyvb","x":830,"y":253,"tool":"Pencil"}]},"ljp1oc2p34":{"type":"line","id":"ljp1oc2p34","color":"#1913b0","size":"1","tool":"Pencil","_children":[{"type":"child","parent":"ljp1oc2p34","x":430,"y":339,"tool":"Pencil"},{"type":"child","parent":"ljp1oc2p34","x":424,"y":331,"tool":"Pencil"},{"type":"child","parent":"ljp1oc2p34","x":387,"y":351,"tool":"Pencil"},{"type":"child","parent":"ljp1oc2p34","x":374,"y":428,"tool":"Pencil"},{"type":"child","parent":"ljp1oc2p34","x":414,"y":466,"tool":"Pencil"},{"type":"child","parent":"ljp1oc2p34","x":458,"y":460,"tool":"Pencil"},{"type":"child","parent":"ljp1oc2p34","x":496,"y":440,"tool":"Pencil"},{"type":"child","parent":"ljp1oc2p34","x":512,"y":408,"tool":"Pencil"},{"type":"child","parent":"ljp1oc2p34","x":511,"y":372,"tool":"Pencil"},{"type":"child","parent":"ljp1oc2p34","x":487,"y":339,"tool":"Pencil"},{"type":"child","parent":"ljp1oc2p34","x":433,"y":320,"tool":"Pencil"}]},"ljp1oc3wvg":{"type":"line","id":"ljp1oc3wvg","color":"#1913b0","size":"1","tool":"Pencil","_children":[{"type":"child","parent":"ljp1oc3wvg","x":615,"y":377,"tool":"Pencil"},{"type":"child","parent":"ljp1oc3wvg","x":612,"y":395,"tool":"Pencil"},{"type":"child","parent":"ljp1oc3wvg","x":617,"y":465,"tool":"Pencil"},{"type":"child","parent":"ljp1oc3wvg","x":627,"y":425,"tool":"Pencil"},{"type":"child","parent":"ljp1oc3wvg","x":636,"y":422,"tool":"Pencil"},{"type":"child","parent":"ljp1oc3wvg","x":646,"y":472,"tool":"Pencil"},{"type":"child","parent":"ljp1oc3wvg","x":666,"y":420,"tool":"Pencil"},{"type":"child","parent":"ljp1oc3wvg","x":674,"y":461,"tool":"Pencil"},{"type":"child","parent":"ljp1oc3wvg","x":700,"y":442,"tool":"Pencil"},{"type":"child","parent":"ljp1oc3wvg","x":724,"y":461,"tool":"Pencil"},{"type":"child","parent":"ljp1oc3wvg","x":758,"y":456,"tool":"Pencil"},{"type":"child","parent":"ljp1oc3wvg","x":800,"y":466,"tool":"Pencil"},{"type":"child","parent":"ljp1oc3wvg","x":848,"y":474,"tool":"Pencil"},{"type":"child","parent":"ljp1oc3wvg","x":921,"y":473,"tool":"Pencil"}]},"rjp1onrscm":{"type":"rect","id":"rjp1onrscm","color":"#1913b0","size":"10","x":299,"y":90,"x2":498,"y2":231,"tool":"Rectangle"},"rjp1ontqrp":{"type":"rect","id":"rjp1ontqrp","color":"#1913b0","size":"10","x":644,"y":56,"x2":1004,"y2":357,"tool":"Rectangle"},"rjp1onxqyw":{"type":"rect","id":"rjp1onxqyw","color":"#1913b0","size":"10","x":339,"y":292,"x2":551,"y2":493,"tool":"Rectangle"},"rjp1oofuac":{"type":"rect","id":"rjp1oofuac","color":"#1913b0","size":"10","x":466,"y":258,"x2":336,"y2":61,"tool":"Rectangle"}}