{"ljp1ru6f2p":{"type":"line","id":"ljp1ru6f2p","color":"#1913b0","size":"10","tool":"Pencil","_children":[{"type":"child","parent":"ljp1ru6f2p","x":529,"y":168,"tool":"Pencil"},{"type":"child","parent":"ljp1ru6f2p","x":485,"y":168,"tool":"Pencil"},{"type":"child","parent":"ljp1ru6f2p","x":461,"y":310,"tool":"Pencil"},{"type":"child","parent":"ljp1ru6f2p","x":502,"y":354,"tool":"Pencil"},{"type":"child","parent":"ljp1ru6f2p","x":622,"y":273,"tool":"Pencil"},{"type":"child","parent":"ljp1ru6f2p","x":636,"y":356,"tool":"Pencil"},{"type":"child","parent":"ljp1ru6f2p","x":640,"y":358,"tool":"Pencil"}]},"ljp1ru73j5":{"type":"line","id":"ljp1ru73j5","color":"#1913b0","size":"10","tool":"Pencil","_children":[{"type":"child","parent":"ljp1ru73j5","x":814,"y":384,"tool":"Pencil"},{"type":"child","parent":"ljp1ru73j5","x":803,"y":384,"tool":"Pencil"},{"type":"child","parent":"ljp1ru73j5","x":750,"y":238,"tool":"Pencil"},{"type":"child","parent":"ljp1ru73j5","x":796,"y":413,"tool":"Pencil"},{"type":"child","parent":"ljp1ru73j5","x":847,"y":393,"tool":"Pencil"},{"type":"child","parent":"ljp1ru73j5","x":1027,"y":278,"tool":"Pencil"},{"type":"child","parent":"ljp1ru73j5","x":1046,"y":434,"tool":"Pencil"},{"type":"child","parent":"ljp1ru73j5","x":911,"y":299,"tool":"Pencil"},{"type":"child","parent":"ljp1ru73j5","x":743,"y":512,"tool":"Pencil"},{"type":"child","parent":"ljp1ru73j5","x":675,"y":545,"tool":"Pencil"},{"type":"child","parent":"ljp1ru73j5","x":524,"y":555,"tool":"Pencil"},{"type":"child","parent":"ljp1ru73j5","x":522,"y":490,"tool":"Pencil"},{"type":"child","parent":"ljp1ru73j5","x":516,"y":418,"tool":"Pencil"},{"type":"child","parent":"ljp1ru73j5","x":473,"y":415,"tool":"Pencil"},{"type":"child","parent":"ljp1ru73j5","x":424,"y":367,"tool":"Pencil"}]}}