{"tjp1nfxiwa":{"type":"new","id":"tjp1nfxiwa","color":"#1913b0","size":27,"x":733,"y":145.5,"tool":"Text"},"tjp1nfzdkj":{"type":"new","id":"tjp1nfzdkj","color":"#1913b0","size":27,"x":812,"y":198.5,"tool":"Text"},"tjp1nfzhto":{"type":"new","id":"tjp1nfzhto","color":"#1913b0","size":27,"x":812,"y":198.5,"tool":"Text"},"tjp1nkxf14":{"type":"new","id":"tjp1nkxf14","color":"#1913b0","size":27,"x":297,"y":126.5,"tool":"Text","txt":"AUTOMATON"},"tjp1nl9onw":{"type":"new","id":"tjp1nl9onw","color":"#1913b0","size":27,"x":319,"y":274.5,"tool":"Text","txt":""},"rjp1nlc6ra":{"type":"rect","id":"rjp1nlc6ra","color":"#1913b0","size":"10","x":256,"y":88,"x2":499,"y2":144,"tool":"Rectangle"},"rjp1nlrhbk":{"type":"rect","id":"rjp1nlrhbk","color":"#000000","size":"10","x":613,"y":375,"x2":613,"y2":375,"tool":"Rectangle"},"rjp1nlsaf1":{"type":"rect","id":"rjp1nlsaf1","color":"#000000","size":"10","x":368,"y":306,"x2":368,"y2":306,"tool":"Rectangle"},"tjp1nlz8p6":{"type":"new","id":"tjp1nlz8p6","color":"#000000","size":27,"x":574,"y":313.5,"tool":"Text","txt":"Master Zone"},"rjp1nmctnl":{"type":"rect","id":"rjp1nmctnl","color":"#000000","size":"10","x":535,"y":276,"x2":749,"y2":338,"tool":"Rectangle"},"sjp1nmjq27":{"type":"straight","id":"sjp1nmjq27","color":"#000000","size":"10","x":575,"y":340,"tool":"Straight line","x2":480,"y2":440},"sjp1nmmk18":{"type":"straight","id":"sjp1nmmk18","color":"#000000","size":"10","x":712,"y":339,"tool":"Straight line","x2":821,"y2":434},"rjp1nndszi":{"type":"rect","id":"rjp1nndszi","color":"#000000","size":"10","x":481,"y":444,"x2":346,"y2":528,"tool":"Rectangle"},"rjp1nnhylp":{"type":"rect","id":"rjp1nnhylp","color":"#000000","size":"10","x":825,"y":434,"x2":938,"y2":532,"tool":"Rectangle"},"rjp1phsvev":{"type":"rect","id":"rjp1phsvev","color":"#000000","size":"10","x":688,"y":456,"x2":745,"y2":558,"tool":"Rectangle"},"rjp1phu194":{"type":"rect","id":"rjp1phu194","color":"#000000","size":"10","x":568,"y":473,"x2":739,"y2":699,"tool":"Rectangle"},"rjp1phvhr4":{"type":"rect","id":"rjp1phvhr4","color":"#000000","size":"10","x":677,"y":422,"x2":678,"y2":433,"tool":"Rectangle"},"rjp1phxrzq":{"type":"rect","id":"rjp1phxrzq","color":"#000000","size":"10","x":528,"y":213,"x2":829,"y2":457,"tool":"Rectangle"},"rjp1phymnm":{"type":"rect","id":"rjp1phymnm","color":"#000000","size":"10","x":727,"y":170,"x2":792,"y2":368,"tool":"Rectangle"},"rjp1phzbbp":{"type":"rect","id":"rjp1phzbbp","color":"#000000","size":"10","x":893,"y":93,"x2":944,"y2":275,"tool":"Rectangle"},"rjp1pi56d5":{"type":"rect","id":"rjp1pi56d5","color":"#000000","size":"10","x":1032,"y":72,"x2":1076,"y2":153,"tool":"Rectangle"}}