{"ljr1bbyw8x":{"type":"line","id":"ljr1bbyw8x","color":"#b10dc9","size":10,"tool":"Pencil","time":1547771740790,"_children":[{"type":"child","parent":"ljr1bbyw8x","x":906,"y":571,"tool":"Pencil"},{"type":"child","parent":"ljr1bbyw8x","x":835,"y":554,"tool":"Pencil"},{"type":"child","parent":"ljr1bbyw8x","x":682,"y":471,"tool":"Pencil"},{"type":"child","parent":"ljr1bbyw8x","x":618,"y":356,"tool":"Pencil"},{"type":"child","parent":"ljr1bbyw8x","x":755,"y":233,"tool":"Pencil"},{"type":"child","parent":"ljr1bbyw8x","x":907,"y":265,"tool":"Pencil"},{"type":"child","parent":"ljr1bbyw8x","x":1025,"y":467,"tool":"Pencil"},{"type":"child","parent":"ljr1bbyw8x","x":956,"y":517,"tool":"Pencil"},{"type":"child","parent":"ljr1bbyw8x","x":879,"y":533,"tool":"Pencil"}]},"ljr1bbzqq6":{"type":"line","id":"ljr1bbzqq6","color":"#b10dc9","size":10,"tool":"Pencil","time":1547771741888,"_children":[{"type":"child","parent":"ljr1bbzqq6","x":717,"y":345,"tool":"Pencil"},{"type":"child","parent":"ljr1bbzqq6","x":729,"y":420,"tool":"Pencil"},{"type":"child","parent":"ljr1bbzqq6","x":736,"y":439,"tool":"Pencil"}]},"ljr1bc009n":{"type":"line","id":"ljr1bc009n","color":"#b10dc9","size":10,"tool":"Pencil","time":1547771742231,"_children":[{"type":"child","parent":"ljr1bc009n","x":812,"y":343,"tool":"Pencil"},{"type":"child","parent":"ljr1bc009n","x":841,"y":439,"tool":"Pencil"},{"type":"child","parent":"ljr1bc009n","x":858,"y":468,"tool":"Pencil"}]},"tjr1bclhkl":{"type":"new","id":"tjr1bclhkl","color":"#3d9970","size":27,"x":432,"y":214.5,"tool":"Text","time":1547771770072},"tjr1bcmjs0":{"type":"new","id":"tjr1bcmjs0","color":"#3d9970","size":27,"x":384,"y":144.5,"tool":"Text","time":1547771771445,"txt":"あああああ"},"tjr1bco97g":{"type":"new","id":"tjr1bco97g","color":"#3d9970","size":27,"x":452,"y":283.5,"tool":"Text","time":1547771773657,"txt":""},"sjr1bcryjj":{"type":"straight","id":"sjr1bcryjj","color":"#3d9970","size":10,"x":307,"y":156,"tool":"Straight line","time":1547771778457,"x2":498,"y2":152},"sjr1bctg9e":{"type":"straight","id":"sjr1bctg9e","color":"#3d9970","size":10,"x":464,"y":109,"tool":"Straight line","time":1547771780393,"x2":495,"y2":151},"sjr1bcu1tb":{"type":"straight","id":"sjr1bcu1tb","color":"#3d9970","size":10,"x":495,"y":154,"tool":"Straight line","time":1547771781167,"x2":471,"y2":183},"sjr1bcvdew":{"type":"straight","id":"sjr1bcvdew","color":"#3d9970","size":10,"x":517,"y":100,"tool":"Straight line","time":1547771782879,"x2":524,"y2":218},"sjr1bcwbt4":{"type":"straight","id":"sjr1bcwbt4","color":"#3d9970","size":10,"x":531,"y":101,"tool":"Straight line","time":1547771784119,"x2":728,"y2":97},"rjr1bcxvle":{"type":"rect","id":"rjr1bcxvle","color":"#3d9970","size":10,"x":519,"y":93,"x2":814,"y2":247,"tool":"Rectangle","time":1547771786131},"rjr1bcyfcx":{"type":"rect","id":"rjr1bcyfcx","color":"#3d9970","size":10,"x":1107,"y":241,"x2":1108,"y2":241,"tool":"Rectangle","time":1547771786837}}