{"ljp1gf5b1y":{"type":"line","id":"ljp1gf5b1y","color":"#1913b0","size":"10","tool":"Pencil","_children":[{"type":"child","parent":"ljp1gf5b1y","x":206,"y":126,"tool":"Pencil"},{"type":"child","parent":"ljp1gf5b1y","x":209,"y":126,"tool":"Pencil"},{"type":"child","parent":"ljp1gf5b1y","x":356,"y":143,"tool":"Pencil"},{"type":"child","parent":"ljp1gf5b1y","x":479,"y":144,"tool":"Pencil"},{"type":"child","parent":"ljp1gf5b1y","x":479,"y":144,"tool":"Pencil"}]},"ljp1gf6acj":{"type":"line","id":"ljp1gf6acj","color":"#1913b0","size":"10","tool":"Pencil","_children":[{"type":"child","parent":"ljp1gf6acj","x":332,"y":105,"tool":"Pencil"},{"type":"child","parent":"ljp1gf6acj","x":332,"y":182,"tool":"Pencil"},{"type":"child","parent":"ljp1gf6acj","x":325,"y":310,"tool":"Pencil"},{"type":"child","parent":"ljp1gf6acj","x":323,"y":321,"tool":"Pencil"}]},"tjp1gf8ut9":{"type":"new","id":"tjp1gf8ut9","color":"#1913b0","size":27,"x":388,"y":246.5,"tool":"Text","txt":"saefsaefasef"},"tjp1gfazli":{"type":"new","id":"tjp1gfazli","color":"#1913b0","size":27,"x":388,"y":287,"tool":"Text","txt":""},"sjp1gffpse":{"type":"straight","id":"sjp1gffpse","color":"#1913b0","size":"10","x":397,"y":333,"tool":"Straight line","x2":975,"y2":371},"sjp1gfgs3z":{"type":"straight","id":"sjp1gfgs3z","color":"#1913b0","size":"10","x":974,"y":366,"tool":"Straight line","x2":956,"y2":143},"sjp1gfh9al":{"type":"straight","id":"sjp1gfh9al","color":"#1913b0","size":"10","x":956,"y":143,"tool":"Straight line","x2":430,"y2":679},"sjp1gfi1y6":{"type":"straight","id":"sjp1gfi1y6","color":"#1913b0","size":"10","x":430,"y":679,"tool":"Straight line","x2":411,"y2":541},"sjp1gfinim":{"type":"straight","id":"sjp1gfinim","color":"#1913b0","size":"10","x":438,"y":686,"tool":"Straight line","x2":607,"y2":671},"rjp1gfkge9":{"type":"rect","id":"rjp1gfkge9","color":"#1913b0","size":"10","x":765,"y":527,"x2":1328,"y2":712,"tool":"Rectangle"},"rjp1gfnem8":{"type":"rect","id":"rjp1gfnem8","color":"#1913b0","size":"50","x":296,"y":443,"x2":427,"y2":449,"tool":"Rectangle"},"rjp1gfpb3r":{"type":"rect","id":"rjp1gfpb3r","color":"#1913b0","size":"10","x":201,"y":523,"x2":257,"y2":571,"tool":"Rectangle"},"rjp1gfr67r":{"type":"rect","id":"rjp1gfr67r","color":"#1913b0","size":"5","x":497,"y":383,"x2":710,"y2":538,"tool":"Rectangle"},"rjp1gft1y7":{"type":"rect","id":"rjp1gft1y7","color":"#1913b0","size":"34","x":568,"y":182,"x2":1322,"y2":488,"tool":"Rectangle"}}