{"tjp1hr935g":{"type":"new","id":"tjp1hr935g","color":"#1913b0","size":27,"x":1404,"y":237.5,"tool":"Text","txt":"Blip blip boop"},"rjp1htcc8e":{"type":"rect","id":"rjp1htcc8e","color":"#1913b0","size":"10","x":1239,"y":153,"x2":1752,"y2":288,"tool":"Rectangle"},"rjp1htuxz6":{"type":"rect","id":"rjp1htuxz6","color":"#b01339","size":"4","x":476,"y":530,"x2":728,"y2":647,"tool":"Rectangle"},"sjp1hu5gif":{"type":"straight","id":"sjp1hu5gif","color":"#b01339","size":"4","x":744,"y":587,"tool":"Straight line","x2":843,"y2":587},"sjp1hu6ee7":{"type":"straight","id":"sjp1hu6ee7","color":"#b01339","size":"4","x":843,"y":587,"tool":"Straight line","x2":825,"y2":574},"sjp1hu79fo":{"type":"straight","id":"sjp1hu79fo","color":"#b01339","size":"4","x":844,"y":589,"tool":"Straight line","x2":831,"y2":599},"rjp1huacqg":{"type":"rect","id":"rjp1huacqg","color":"#b01339","size":"4","x":865,"y":528,"x2":1098,"y2":646,"tool":"Rectangle"},"tjp1hukxse":{"type":"new","id":"tjp1hukxse","color":"#b01339","size":18,"x":503,"y":605,"tool":"Text","txt":"Left side"},"tjp1hun58k":{"type":"new","id":"tjp1hun58k","color":"#b01339","size":18,"x":882,"y":595,"tool":"Text","txt":"Right side"},"tjp1hupo41":{"type":"new","id":"tjp1hupo41","color":"#b01339","size":18,"x":1054,"y":760,"tool":"Text","txt":""},"rjp1hvzwmt":{"type":"rect","id":"rjp1hvzwmt","color":"#1913b0","size":"10","x":518,"y":296,"x2":762,"y2":407,"tool":"Rectangle"},"tjp1hw2c1w":{"type":"new","id":"tjp1hw2c1w","color":"#1913b0","size":27,"x":1391,"y":231.5,"tool":"Text"},"tjp1hw4mkb":{"type":"new","id":"tjp1hw4mkb","color":"#1913b0","size":27,"x":640,"y":189.5,"tool":"Text"},"ljp1i21r1v":{"type":"line","id":"ljp1i21r1v","color":"#1913b0","size":"10","tool":"Pencil","_children":[{"type":"child","parent":"ljp1i21r1v","x":1076,"y":1161,"tool":"Pencil"},{"type":"child","parent":"ljp1i21r1v","x":1156,"y":1124,"tool":"Pencil"},{"type":"child","parent":"ljp1i21r1v","x":1486,"y":987,"tool":"Pencil"},{"type":"child","parent":"ljp1i21r1v","x":1623,"y":951,"tool":"Pencil"},{"type":"child","parent":"ljp1i21r1v","x":1627,"y":951,"tool":"Pencil"}]},"ljp1i2cyr4":{"type":"line","id":"ljp1i2cyr4","color":"#1913b0","size":"10","tool":"Pencil","_children":[{"type":"child","parent":"ljp1i2cyr4","x":609,"y":1325,"tool":"Pencil"}]},"ljp1i2e57i":{"type":"line","id":"ljp1i2e57i","color":"#1913b0","size":"10","tool":"Pencil","_children":[{"type":"child","parent":"ljp1i2e57i","x":914,"y":469,"tool":"Pencil"},{"type":"child","parent":"ljp1i2e57i","x":1239,"y":492,"tool":"Pencil"},{"type":"child","parent":"ljp1i2e57i","x":1208,"y":723,"tool":"Pencil"},{"type":"child","parent":"ljp1i2e57i","x":911,"y":591,"tool":"Pencil"},{"type":"child","parent":"ljp1i2e57i","x":1079,"y":222,"tool":"Pencil"},{"type":"child","parent":"ljp1i2e57i","x":1412,"y":325,"tool":"Pencil"},{"type":"child","parent":"ljp1i2e57i","x":1269,"y":789,"tool":"Pencil"},{"type":"child","parent":"ljp1i2e57i","x":830,"y":539,"tool":"Pencil"}]},"ljp1i8jbu1":{"type":"line","id":"ljp1i8jbu1","color":"#1913B0","size":"10","tool":"Pencil","_children":[{"type":"child","parent":"ljp1i8jbu1","x":654,"y":289,"tool":"Pencil"},{"type":"child","parent":"ljp1i8jbu1","x":654,"y":288,"tool":"Pencil"},{"type":"child","parent":"ljp1i8jbu1","x":647,"y":273,"tool":"Pencil"},{"type":"child","parent":"ljp1i8jbu1","x":641,"y":253,"tool":"Pencil"},{"type":"child","parent":"ljp1i8jbu1","x":636,"y":251,"tool":"Pencil"}]}}