{"lk89d6f1v5":{"type":"line","id":"lk89d6f1v5","color":"#3d9970","size":10,"tool":"Pencil","time":1585263870175,"_children":[{"type":"child","parent":"lk89d6f1v5","x":504,"y":206,"tool":"Pencil"},{"type":"child","parent":"lk89d6f1v5","x":512,"y":229,"tool":"Pencil"},{"type":"child","parent":"lk89d6f1v5","x":538,"y":348,"tool":"Pencil"},{"type":"child","parent":"lk89d6f1v5","x":556,"y":430,"tool":"Pencil"},{"type":"child","parent":"lk89d6f1v5","x":566,"y":455,"tool":"Pencil"},{"type":"child","parent":"lk89d6f1v5","x":584,"y":468,"tool":"Pencil"},{"type":"child","parent":"lk89d6f1v5","x":614,"y":467,"tool":"Pencil"},{"type":"child","parent":"lk89d6f1v5","x":684,"y":372,"tool":"Pencil"},{"type":"child","parent":"lk89d6f1v5","x":743,"y":254,"tool":"Pencil"},{"type":"child","parent":"lk89d6f1v5","x":759,"y":228,"tool":"Pencil"}]},"lk89d6g13i":{"type":"line","id":"lk89d6g13i","color":"#3d9970","size":10,"tool":"Pencil","time":1585263871421,"_children":[{"type":"child","parent":"lk89d6g13i","x":759,"y":228,"tool":"Pencil"},{"type":"child","parent":"lk89d6g13i","x":759,"y":247,"tool":"Pencil"},{"type":"child","parent":"lk89d6g13i","x":765,"y":376,"tool":"Pencil"},{"type":"child","parent":"lk89d6g13i","x":777,"y":462,"tool":"Pencil"},{"type":"child","parent":"lk89d6g13i","x":778,"y":489,"tool":"Pencil"},{"type":"child","parent":"lk89d6g13i","x":779,"y":489,"tool":"Pencil"},{"type":"child","parent":"lk89d6g13i","x":820,"y":402,"tool":"Pencil"},{"type":"child","parent":"lk89d6g13i","x":885,"y":255,"tool":"Pencil"},{"type":"child","parent":"lk89d6g13i","x":893,"y":240,"tool":"Pencil"}]},"lk89d6his3":{"type":"line","id":"lk89d6his3","color":"#3d9970","size":10,"tool":"Pencil","time":1585263873361,"_children":[{"type":"child","parent":"lk89d6his3","x":866,"y":383,"tool":"Pencil"},{"type":"child","parent":"lk89d6his3","x":883,"y":387,"tool":"Pencil"},{"type":"child","parent":"lk89d6his3","x":1035,"y":386,"tool":"Pencil"},{"type":"child","parent":"lk89d6his3","x":1134,"y":387,"tool":"Pencil"}]},"lk89d6i9a7":{"type":"line","id":"lk89d6i9a7","color":"#3d9970","size":10,"tool":"Pencil","time":1585263874309,"_children":[{"type":"child","parent":"lk89d6i9a7","x":1145,"y":250,"tool":"Pencil"},{"type":"child","parent":"lk89d6i9a7","x":1144,"y":273,"tool":"Pencil"},{"type":"child","parent":"lk89d6i9a7","x":1134,"y":464,"tool":"Pencil"},{"type":"child","parent":"lk89d6i9a7","x":1128,"y":553,"tool":"Pencil"},{"type":"child","parent":"lk89d6i9a7","x":1128,"y":559,"tool":"Pencil"}]},"lk89d6iumk":{"type":"line","id":"lk89d6iumk","color":"#3d9970","size":10,"tool":"Pencil","time":1585263875079,"_children":[{"type":"child","parent":"lk89d6iumk","x":1128,"y":559,"tool":"Pencil"},{"type":"child","parent":"lk89d6iumk","x":1168,"y":558,"tool":"Pencil"},{"type":"child","parent":"lk89d6iumk","x":1352,"y":542,"tool":"Pencil"},{"type":"child","parent":"lk89d6iumk","x":1402,"y":544,"tool":"Pencil"}]},"lk89d6j7fu":{"type":"line","id":"lk89d6j7fu","color":"#3d9970","size":10,"tool":"Pencil","time":1585263875543,"_children":[{"type":"child","parent":"lk89d6j7fu","x":1402,"y":544,"tool":"Pencil"},{"type":"child","parent":"lk89d6j7fu","x":1398,"y":531,"tool":"Pencil"},{"type":"child","parent":"lk89d6j7fu","x":1330,"y":368,"tool":"Pencil"},{"type":"child","parent":"lk89d6j7fu","x":1251,"y":193,"tool":"Pencil"}]},"lk89d6jp49":{"type":"line","id":"lk89d6jp49","color":"#3d9970","size":10,"tool":"Pencil","time":1585263876187,"_children":[{"type":"child","parent":"lk89d6jp49","x":1244,"y":171,"tool":"Pencil"},{"type":"child","parent":"lk89d6jp49","x":1233,"y":178,"tool":"Pencil"},{"type":"child","parent":"lk89d6jp49","x":1132,"y":257,"tool":"Pencil"},{"type":"child","parent":"lk89d6jp49","x":1090,"y":286,"tool":"Pencil"}]},"sk89d6loj8":{"type":"straight","id":"sk89d6loj8","color":"#3d9970","size":10,"x":413,"y":93,"tool":"Straight line","time":1585263878747,"x2":416,"y2":608},"sk89d6mm23":{"type":"straight","id":"sk89d6mm23","color":"#3d9970","size":10,"x":424,"y":671,"tool":"Straight line","time":1585263879970,"x2":424,"y2":671},"rk89d6rr44":{"type":"rect","id":"rk89d6rr44","color":"#3d9970","size":10,"x":258,"y":118,"x2":475,"y2":281,"tool":"Rectangle","time":1585263886617}}