{"lk20u0e1og":{"type":"line","id":"lk20u0e1og","color":"#f012be","size":10,"tool":"Pencil","time":1571687254503,"_children":[{"type":"child","parent":"lk20u0e1og","x":552,"y":196,"tool":"Pencil"},{"type":"child","parent":"lk20u0e1og","x":591,"y":213,"tool":"Pencil"},{"type":"child","parent":"lk20u0e1og","x":689,"y":239,"tool":"Pencil"},{"type":"child","parent":"lk20u0e1og","x":700,"y":265,"tool":"Pencil"},{"type":"child","parent":"lk20u0e1og","x":917,"y":175,"tool":"Pencil"},{"type":"child","parent":"lk20u0e1og","x":1052,"y":188,"tool":"Pencil"}]},"lk20u0q0qk":{"type":"line","id":"lk20u0q0qk","color":"#f012be","size":1,"tool":"Pencil","time":1571687270115,"_children":[{"type":"child","parent":"lk20u0q0qk","x":362,"y":290,"tool":"Pencil"},{"type":"child","parent":"lk20u0q0qk","x":366,"y":306,"tool":"Pencil"},{"type":"child","parent":"lk20u0q0qk","x":369,"y":327,"tool":"Pencil"},{"type":"child","parent":"lk20u0q0qk","x":384,"y":291,"tool":"Pencil"},{"type":"child","parent":"lk20u0q0qk","x":401,"y":309,"tool":"Pencil"},{"type":"child","parent":"lk20u0q0qk","x":470,"y":281,"tool":"Pencil"},{"type":"child","parent":"lk20u0q0qk","x":475,"y":292,"tool":"Pencil"},{"type":"child","parent":"lk20u0q0qk","x":509,"y":290,"tool":"Pencil"},{"type":"child","parent":"lk20u0q0qk","x":601,"y":294,"tool":"Pencil"},{"type":"child","parent":"lk20u0q0qk","x":599,"y":305,"tool":"Pencil"},{"type":"child","parent":"lk20u0q0qk","x":599,"y":308,"tool":"Pencil"}]},"lk20u0sb7s":{"type":"line","id":"lk20u0sb7s","color":"#f012be","size":1,"tool":"Pencil","time":1571687272987,"_children":[{"type":"child","parent":"lk20u0sb7s","x":864,"y":187,"tool":"Pencil"},{"type":"child","parent":"lk20u0sb7s","x":870,"y":191,"tool":"Pencil"},{"type":"child","parent":"lk20u0sb7s","x":875,"y":198,"tool":"Pencil"},{"type":"child","parent":"lk20u0sb7s","x":881,"y":214,"tool":"Pencil"},{"type":"child","parent":"lk20u0sb7s","x":885,"y":222,"tool":"Pencil"},{"type":"child","parent":"lk20u0sb7s","x":889,"y":225,"tool":"Pencil"},{"type":"child","parent":"lk20u0sb7s","x":889,"y":231,"tool":"Pencil"},{"type":"child","parent":"lk20u0sb7s","x":889,"y":235,"tool":"Pencil"},{"type":"child","parent":"lk20u0sb7s","x":891,"y":236,"tool":"Pencil"},{"type":"child","parent":"lk20u0sb7s","x":895,"y":238,"tool":"Pencil"},{"type":"child","parent":"lk20u0sb7s","x":896,"y":239,"tool":"Pencil"},{"type":"child","parent":"lk20u0sb7s","x":899,"y":241,"tool":"Pencil"},{"type":"child","parent":"lk20u0sb7s","x":915,"y":247,"tool":"Pencil"},{"type":"child","parent":"lk20u0sb7s","x":919,"y":249,"tool":"Pencil"},{"type":"child","parent":"lk20u0sb7s","x":935,"y":254,"tool":"Pencil"},{"type":"child","parent":"lk20u0sb7s","x":941,"y":254,"tool":"Pencil"},{"type":"child","parent":"lk20u0sb7s","x":950,"y":255,"tool":"Pencil"},{"type":"child","parent":"lk20u0sb7s","x":958,"y":257,"tool":"Pencil"},{"type":"child","parent":"lk20u0sb7s","x":969,"y":258,"tool":"Pencil"},{"type":"child","parent":"lk20u0sb7s","x":970,"y":258,"tool":"Pencil"}]},"lk20u0x1pw":{"type":"line","id":"lk20u0x1pw","color":"#f012be","size":1,"tool":"Pencil","time":1571687279136,"_children":[{"type":"child","parent":"lk20u0x1pw","x":966,"y":233,"tool":"Pencil"},{"type":"child","parent":"lk20u0x1pw","x":967,"y":233,"tool":"Pencil"},{"type":"child","parent":"lk20u0x1pw","x":971,"y":231,"tool":"Pencil"},{"type":"child","parent":"lk20u0x1pw","x":973,"y":226,"tool":"Pencil"},{"type":"child","parent":"lk20u0x1pw","x":970,"y":218,"tool":"Pencil"},{"type":"child","parent":"lk20u0x1pw","x":960,"y":205,"tool":"Pencil"},{"type":"child","parent":"lk20u0x1pw","x":953,"y":198,"tool":"Pencil"},{"type":"child","parent":"lk20u0x1pw","x":943,"y":194,"tool":"Pencil"},{"type":"child","parent":"lk20u0x1pw","x":929,"y":188,"tool":"Pencil"},{"type":"child","parent":"lk20u0x1pw","x":918,"y":183,"tool":"Pencil"},{"type":"child","parent":"lk20u0x1pw","x":917,"y":182,"tool":"Pencil"},{"type":"child","parent":"lk20u0x1pw","x":916,"y":181,"tool":"Pencil"},{"type":"child","parent":"lk20u0x1pw","x":914,"y":180,"tool":"Pencil"},{"type":"child","parent":"lk20u0x1pw","x":914,"y":180,"tool":"Pencil"}]},"lk20u10czc":{"type":"line","id":"lk20u10czc","color":"#f012be","size":1,"tool":"Pencil","time":1571687283417,"_children":[{"type":"child","parent":"lk20u10czc","x":842,"y":89,"tool":"Pencil"},{"type":"child","parent":"lk20u10czc","x":867,"y":93,"tool":"Pencil"},{"type":"child","parent":"lk20u10czc","x":877,"y":95,"tool":"Pencil"},{"type":"child","parent":"lk20u10czc","x":889,"y":96,"tool":"Pencil"},{"type":"child","parent":"lk20u10czc","x":905,"y":98,"tool":"Pencil"},{"type":"child","parent":"lk20u10czc","x":915,"y":100,"tool":"Pencil"},{"type":"child","parent":"lk20u10czc","x":919,"y":100,"tool":"Pencil"},{"type":"child","parent":"lk20u10czc","x":923,"y":101,"tool":"Pencil"},{"type":"child","parent":"lk20u10czc","x":924,"y":101,"tool":"Pencil"},{"type":"child","parent":"lk20u10czc","x":924,"y":103,"tool":"Pencil"},{"type":"child","parent":"lk20u10czc","x":923,"y":113,"tool":"Pencil"},{"type":"child","parent":"lk20u10czc","x":922,"y":120,"tool":"Pencil"},{"type":"child","parent":"lk20u10czc","x":918,"y":128,"tool":"Pencil"},{"type":"child","parent":"lk20u10czc","x":915,"y":132,"tool":"Pencil"},{"type":"child","parent":"lk20u10czc","x":913,"y":139,"tool":"Pencil"},{"type":"child","parent":"lk20u10czc","x":910,"y":145,"tool":"Pencil"},{"type":"child","parent":"lk20u10czc","x":906,"y":154,"tool":"Pencil"},{"type":"child","parent":"lk20u10czc","x":899,"y":166,"tool":"Pencil"},{"type":"child","parent":"lk20u10czc","x":898,"y":171,"tool":"Pencil"}]},"lk20u19boa":{"type":"line","id":"lk20u19boa","color":"#f012be","size":1,"tool":"Pencil","time":1571687295036,"_children":[{"type":"child","parent":"lk20u19boa","x":196,"y":29,"tool":"Pencil"},{"type":"child","parent":"lk20u19boa","x":198,"y":29,"tool":"Pencil"},{"type":"child","parent":"lk20u19boa","x":205,"y":33,"tool":"Pencil"},{"type":"child","parent":"lk20u19boa","x":205,"y":35,"tool":"Pencil"},{"type":"child","parent":"lk20u19boa","x":201,"y":42,"tool":"Pencil"},{"type":"child","parent":"lk20u19boa","x":195,"y":46,"tool":"Pencil"},{"type":"child","parent":"lk20u19boa","x":199,"y":48,"tool":"Pencil"},{"type":"child","parent":"lk20u19boa","x":206,"y":52,"tool":"Pencil"},{"type":"child","parent":"lk20u19boa","x":205,"y":54,"tool":"Pencil"},{"type":"child","parent":"lk20u19boa","x":192,"y":57,"tool":"Pencil"},{"type":"child","parent":"lk20u19boa","x":187,"y":57,"tool":"Pencil"}]},"lk20u1amaz":{"type":"line","id":"lk20u1amaz","color":"#f012be","size":1,"tool":"Pencil","time":1571687296717,"_children":[{"type":"child","parent":"lk20u1amaz","x":226,"y":36,"tool":"Pencil"},{"type":"child","parent":"lk20u1amaz","x":225,"y":36,"tool":"Pencil"},{"type":"child","parent":"lk20u1amaz","x":212,"y":46,"tool":"Pencil"},{"type":"child","parent":"lk20u1amaz","x":206,"y":51,"tool":"Pencil"}]},"lk20u1b2qg":{"type":"line","id":"lk20u1b2qg","color":"#f012be","size":1,"tool":"Pencil","time":1571687297327,"_children":[{"type":"child","parent":"lk20u1b2qg","x":212,"y":35,"tool":"Pencil"},{"type":"child","parent":"lk20u1b2qg","x":219,"y":42,"tool":"Pencil"},{"type":"child","parent":"lk20u1b2qg","x":225,"y":54,"tool":"Pencil"}]},"lk20u1bea4":{"type":"line","id":"lk20u1bea4","color":"#f012be","size":1,"tool":"Pencil","time":1571687297744,"_children":[{"type":"child","parent":"lk20u1bea4","x":239,"y":45,"tool":"Pencil"},{"type":"child","parent":"lk20u1bea4","x":253,"y":44,"tool":"Pencil"},{"type":"child","parent":"lk20u1bea4","x":267,"y":45,"tool":"Pencil"}]},"lk20u1bu29":{"type":"line","id":"lk20u1bu29","color":"#f012be","size":1,"tool":"Pencil","time":1571687298290,"_children":[{"type":"child","parent":"lk20u1bu29","x":253,"y":33,"tool":"Pencil"},{"type":"child","parent":"lk20u1bu29","x":253,"y":54,"tool":"Pencil"},{"type":"child","parent":"lk20u1bu29","x":253,"y":58,"tool":"Pencil"}]},"lk20u1c6jn":{"type":"line","id":"lk20u1c6jn","color":"#f012be","size":1,"tool":"Pencil","time":1571687298737,"_children":[{"type":"child","parent":"lk20u1c6jn","x":267,"y":32,"tool":"Pencil"},{"type":"child","parent":"lk20u1c6jn","x":282,"y":39,"tool":"Pencil"}]},"lk20u1cgsv":{"type":"line","id":"lk20u1cgsv","color":"#f012be","size":1,"tool":"Pencil","time":1571687299107,"_children":[{"type":"child","parent":"lk20u1cgsv","x":291,"y":25,"tool":"Pencil"},{"type":"child","parent":"lk20u1cgsv","x":284,"y":54,"tool":"Pencil"},{"type":"child","parent":"lk20u1cgsv","x":275,"y":72,"tool":"Pencil"}]},"sk20u1ghu7":{"type":"straight","id":"sk20u1ghu7","color":"#f012be","size":1,"x":337,"y":116,"tool":"Straight line","time":1571687304346,"x2":660,"y2":113},"sk20u1ih06":{"type":"straight","id":"sk20u1ih06","color":"#f012be","size":1,"x":491,"y":13,"tool":"Straight line","time":1571687306891,"x2":491,"y2":269},"tk20u260zd":{"type":"new","id":"tk20u260zd","color":"#f012be","size":13,"x":173,"y":190.5,"tool":"Text","time":1571687337426,"txt":"Esercizi 45 e 46 pag 78"},"tk20u2dsrh":{"type":"new","id":"tk20u2dsrh","color":"#f012be","size":13,"x":285,"y":203.5,"tool":"Text","time":1571687347499,"txt":""},"tk20u2fq55":{"type":"new","id":"tk20u2fq55","color":"#f012be","size":13,"x":257,"y":246.5,"tool":"Text","time":1571687350053},"tk20u2gib5":{"type":"new","id":"tk20u2gib5","color":"#f012be","size":13,"x":59,"y":92.5,"tool":"Text","time":1571687351003},"lk20u2m6oc":{"type":"line","id":"lk20u2m6oc","color":"#f012be","size":1,"tool":"Pencil","time":1571687358370,"_children":[{"type":"child","parent":"lk20u2m6oc","x":432,"y":377,"tool":"Pencil"},{"type":"child","parent":"lk20u2m6oc","x":439,"y":417,"tool":"Pencil"},{"type":"child","parent":"lk20u2m6oc","x":449,"y":496,"tool":"Pencil"},{"type":"child","parent":"lk20u2m6oc","x":452,"y":534,"tool":"Pencil"},{"type":"child","parent":"lk20u2m6oc","x":451,"y":544,"tool":"Pencil"},{"type":"child","parent":"lk20u2m6oc","x":450,"y":550,"tool":"Pencil"},{"type":"child","parent":"lk20u2m6oc","x":447,"y":559,"tool":"Pencil"},{"type":"child","parent":"lk20u2m6oc","x":446,"y":562,"tool":"Pencil"},{"type":"child","parent":"lk20u2m6oc","x":442,"y":570,"tool":"Pencil"},{"type":"child","parent":"lk20u2m6oc","x":440,"y":580,"tool":"Pencil"},{"type":"child","parent":"lk20u2m6oc","x":440,"y":581,"tool":"Pencil"}]},"lk20u2ncy9":{"type":"line","id":"lk20u2ncy9","color":"#f012be","size":1,"tool":"Pencil","time":1571687359887,"_children":[{"type":"child","parent":"lk20u2ncy9","x":434,"y":385,"tool":"Pencil"},{"type":"child","parent":"lk20u2ncy9","x":438,"y":384,"tool":"Pencil"},{"type":"child","parent":"lk20u2ncy9","x":528,"y":387,"tool":"Pencil"},{"type":"child","parent":"lk20u2ncy9","x":570,"y":387,"tool":"Pencil"},{"type":"child","parent":"lk20u2ncy9","x":604,"y":387,"tool":"Pencil"},{"type":"child","parent":"lk20u2ncy9","x":610,"y":388,"tool":"Pencil"},{"type":"child","parent":"lk20u2ncy9","x":612,"y":455,"tool":"Pencil"},{"type":"child","parent":"lk20u2ncy9","x":613,"y":517,"tool":"Pencil"},{"type":"child","parent":"lk20u2ncy9","x":617,"y":539,"tool":"Pencil"},{"type":"child","parent":"lk20u2ncy9","x":619,"y":548,"tool":"Pencil"},{"type":"child","parent":"lk20u2ncy9","x":620,"y":563,"tool":"Pencil"},{"type":"child","parent":"lk20u2ncy9","x":620,"y":566,"tool":"Pencil"},{"type":"child","parent":"lk20u2ncy9","x":584,"y":561,"tool":"Pencil"},{"type":"child","parent":"lk20u2ncy9","x":493,"y":550,"tool":"Pencil"},{"type":"child","parent":"lk20u2ncy9","x":429,"y":545,"tool":"Pencil"},{"type":"child","parent":"lk20u2ncy9","x":427,"y":544,"tool":"Pencil"},{"type":"child","parent":"lk20u2ncy9","x":438,"y":544,"tool":"Pencil"},{"type":"child","parent":"lk20u2ncy9","x":455,"y":548,"tool":"Pencil"}]},"lk20u2pecb":{"type":"line","id":"lk20u2pecb","color":"#f012be","size":1,"tool":"Pencil","time":1571687362527,"_children":[{"type":"child","parent":"lk20u2pecb","x":443,"y":384,"tool":"Pencil"},{"type":"child","parent":"lk20u2pecb","x":452,"y":361,"tool":"Pencil"},{"type":"child","parent":"lk20u2pecb","x":494,"y":327,"tool":"Pencil"},{"type":"child","parent":"lk20u2pecb","x":496,"y":327,"tool":"Pencil"}]},"lk20u2pw2u":{"type":"line","id":"lk20u2pw2u","color":"#f012be","size":1,"tool":"Pencil","time":1571687363171,"_children":[{"type":"child","parent":"lk20u2pw2u","x":496,"y":327,"tool":"Pencil"},{"type":"child","parent":"lk20u2pw2u","x":500,"y":327,"tool":"Pencil"},{"type":"child","parent":"lk20u2pw2u","x":602,"y":327,"tool":"Pencil"},{"type":"child","parent":"lk20u2pw2u","x":670,"y":327,"tool":"Pencil"},{"type":"child","parent":"lk20u2pw2u","x":671,"y":327,"tool":"Pencil"},{"type":"child","parent":"lk20u2pw2u","x":678,"y":328,"tool":"Pencil"},{"type":"child","parent":"lk20u2pw2u","x":650,"y":359,"tool":"Pencil"},{"type":"child","parent":"lk20u2pw2u","x":612,"y":386,"tool":"Pencil"},{"type":"child","parent":"lk20u2pw2u","x":607,"y":387,"tool":"Pencil"}]},"lk20u2qwi7":{"type":"line","id":"lk20u2qwi7","color":"#f012be","size":1,"tool":"Pencil","time":1571687364486,"_children":[{"type":"child","parent":"lk20u2qwi7","x":671,"y":328,"tool":"Pencil"},{"type":"child","parent":"lk20u2qwi7","x":671,"y":330,"tool":"Pencil"},{"type":"child","parent":"lk20u2qwi7","x":678,"y":398,"tool":"Pencil"},{"type":"child","parent":"lk20u2qwi7","x":681,"y":473,"tool":"Pencil"},{"type":"child","parent":"lk20u2qwi7","x":684,"y":500,"tool":"Pencil"},{"type":"child","parent":"lk20u2qwi7","x":687,"y":509,"tool":"Pencil"},{"type":"child","parent":"lk20u2qwi7","x":687,"y":519,"tool":"Pencil"},{"type":"child","parent":"lk20u2qwi7","x":687,"y":522,"tool":"Pencil"},{"type":"child","parent":"lk20u2qwi7","x":674,"y":537,"tool":"Pencil"},{"type":"child","parent":"lk20u2qwi7","x":643,"y":556,"tool":"Pencil"},{"type":"child","parent":"lk20u2qwi7","x":620,"y":564,"tool":"Pencil"},{"type":"child","parent":"lk20u2qwi7","x":618,"y":564,"tool":"Pencil"}]},"lk20u35q8k":{"type":"line","id":"lk20u35q8k","color":"#001f3f","size":10,"tool":"Pencil","time":1571687382541,"_children":[{"type":"child","parent":"lk20u35q8k","x":300,"y":640,"tool":"Pencil"},{"type":"child","parent":"lk20u35q8k","x":306,"y":673,"tool":"Pencil"},{"type":"child","parent":"lk20u35q8k","x":387,"y":609,"tool":"Pencil"},{"type":"child","parent":"lk20u35q8k","x":444,"y":606,"tool":"Pencil"},{"type":"child","parent":"lk20u35q8k","x":447,"y":623,"tool":"Pencil"},{"type":"child","parent":"lk20u35q8k","x":469,"y":628,"tool":"Pencil"},{"type":"child","parent":"lk20u35q8k","x":472,"y":631,"tool":"Pencil"}]},"lk20u4jj6j":{"type":"line","id":"lk20u4jj6j","color":"#f012be","size":1,"tool":"Pencil","time":1571687448239,"_children":[{"type":"child","parent":"lk20u4jj6j","x":266,"y":2264,"tool":"Pencil"},{"type":"child","parent":"lk20u4jj6j","x":266,"y":2264,"tool":"Pencil"}]},"lk20u4jz6o":{"type":"line","id":"lk20u4jz6o","color":"#f012be","size":1,"tool":"Pencil","time":1571687448814,"_children":[{"type":"child","parent":"lk20u4jz6o","x":392,"y":2204,"tool":"Pencil"},{"type":"child","parent":"lk20u4jz6o","x":418,"y":2227,"tool":"Pencil"},{"type":"child","parent":"lk20u4jz6o","x":483,"y":2195,"tool":"Pencil"},{"type":"child","parent":"lk20u4jz6o","x":572,"y":2175,"tool":"Pencil"},{"type":"child","parent":"lk20u4jz6o","x":580,"y":2176,"tool":"Pencil"}]},"lk4k9rpkiz":{"type":"line","id":"lk4k9rpkiz","color":"#ff851b","size":10,"tool":"Pencil","time":1577216144298,"_children":[{"type":"child","parent":"lk4k9rpkiz","x":587.8,"y":686.2,"tool":"Pencil"},{"type":"child","parent":"lk4k9rpkiz","x":636.2,"y":651.2,"tool":"Pencil"},{"type":"child","parent":"lk4k9rpkiz","x":685.7,"y":637.7,"tool":"Pencil"},{"type":"child","parent":"lk4k9rpkiz","x":686.7,"y":656.7,"tool":"Pencil"},{"type":"child","parent":"lk4k9rpkiz","x":710.7,"y":614.8,"tool":"Pencil"},{"type":"child","parent":"lk4k9rpkiz","x":778.7,"y":578.8,"tool":"Pencil"},{"type":"child","parent":"lk4k9rpkiz","x":802.6,"y":593.3,"tool":"Pencil"}]}}