{"ljp8mb1rvq":{"type":"line","id":"ljp8mb1rvq","color":"#001f3f","size":10,"tool":"Pencil","time":1543859872679,"_children":[{"type":"child","parent":"ljp8mb1rvq","x":724,"y":118,"tool":"Pencil"}]},"ljp8mb1x53":{"type":"line","id":"ljp8mb1x53","color":"#001f3f","size":10,"tool":"Pencil","time":1543859872870,"_children":[{"type":"child","parent":"ljp8mb1x53","x":736,"y":123,"tool":"Pencil"}]},"ljp8mb21um":{"type":"line","id":"ljp8mb21um","color":"#001f3f","size":10,"tool":"Pencil","time":1543859873038,"_children":[{"type":"child","parent":"ljp8mb21um","x":749,"y":124,"tool":"Pencil"}]},"ljp8mb2lee":{"type":"line","id":"ljp8mb2lee","color":"#001f3f","size":10,"tool":"Pencil","time":1543859873743,"_children":[{"type":"child","parent":"ljp8mb2lee","x":794,"y":144,"tool":"Pencil"}]},"ljp8mb2qb3":{"type":"line","id":"ljp8mb2qb3","color":"#001f3f","size":10,"tool":"Pencil","time":1543859873920,"_children":[{"type":"child","parent":"ljp8mb2qb3","x":804,"y":150,"tool":"Pencil"}]},"ljp8mb3ghc":{"type":"line","id":"ljp8mb3ghc","color":"#001f3f","size":10,"tool":"Pencil","time":1543859874862,"_children":[{"type":"child","parent":"ljp8mb3ghc","x":851,"y":185,"tool":"Pencil"}]}}