{"tjpcv82ehn":{"type":"new","id":"tjpcv82ehn","color":"#001f3f","size":27,"x":569,"y":204,"tool":"Text","time":1544116714945,"txt":""},"tjpcv83bbu":{"type":"new","id":"tjpcv83bbu","color":"#001f3f","size":27,"x":569,"y":244,"tool":"Text","time":1544116716095},"tjpcv83l0o":{"type":"new","id":"tjpcv83l0o","color":"#001f3f","size":27,"x":768,"y":443,"tool":"Text","time":1544116716472},"tjqaqzhdv3":{"type":"new","id":"tjqaqzhdv3","color":"#2ecc40","size":27,"x":608,"y":247,"tool":"Text","time":1546165445849,"txt":""},"tjqaqzk3s8":{"type":"new","id":"tjqaqzk3s8","color":"#2ecc40","size":27,"x":1086,"y":224,"tool":"Text","time":1546165449391},"tjqaqzmkqw":{"type":"new","id":"tjqaqzmkqw","color":"#2ecc40","size":27,"x":556,"y":385,"tool":"Text","time":1546165452572,"txt":""},"rk3nbed651":{"type":"rect","id":"rk3nbed651","color":"#3d9970","size":10,"x":507,"y":138,"x2":912,"y2":319,"tool":"Rectangle","time":1575223497068},"sk3nbefo55":{"type":"straight","id":"sk3nbefo55","color":"#3d9970","size":10,"x":510,"y":139,"tool":"Straight line","time":1575223500311,"x2":510,"y2":139},"sk3nbegldu":{"type":"straight","id":"sk3nbegldu","color":"#3d9970","size":10,"x":911,"y":314,"tool":"Straight line","time":1575223501503,"x2":911,"y2":314},"sk3nbeha7b":{"type":"straight","id":"sk3nbeha7b","color":"#3d9970","size":10,"x":914,"y":319,"tool":"Straight line","time":1575223502403,"x2":921,"y2":450},"sk3nbejmx4":{"type":"straight","id":"sk3nbejmx4","color":"#3d9970","size":10,"x":940,"y":253,"tool":"Straight line","time":1575223505463,"x2":474,"y2":307},"sk3nbek4l6":{"type":"straight","id":"sk3nbek4l6","color":"#3d9970","size":10,"x":737,"y":241,"tool":"Straight line","time":1575223506082,"x2":512,"y2":78}}