{"tjp1r1camh":{"type":"new","id":"tjp1r1camh","color":"#1913b0","size":27,"x":468,"y":384,"tool":"Text"},"tjp1r1g70k":{"type":"new","id":"tjp1r1g70k","color":"#1913b0","size":27,"x":247,"y":73,"tool":"Text","txt":""},"tjp1r1h13u":{"type":"new","id":"tjp1r1h13u","color":"#1913b0","size":27,"x":458,"y":220,"tool":"Text"},"tjp1r1hdqw":{"type":"new","id":"tjp1r1hdqw","color":"#1913b0","size":27,"x":458,"y":220,"tool":"Text"},"tjp1r1hhi7":{"type":"new","id":"tjp1r1hhi7","color":"#1913b0","size":27,"x":458,"y":220,"tool":"Text"},"tjp1r1kdqi":{"type":"new","id":"tjp1r1kdqi","color":"#1913b0","size":27,"x":403,"y":193,"tool":"Text","txt":""},"tjp1r1qg52":{"type":"new","id":"tjp1r1qg52","color":"#1913b0","size":27,"x":580,"y":224,"tool":"Text"},"ljp2bp6580":{"type":"line","id":"ljp2bp6580","color":"#1913b0","size":10,"tool":"Pencil","_children":[{"type":"child","parent":"ljp2bp6580","x":1291,"y":150,"tool":"Pencil"},{"type":"child","parent":"ljp2bp6580","x":1291,"y":150,"tool":"Pencil"},{"type":"child","parent":"ljp2bp6580","x":1278,"y":156,"tool":"Pencil"},{"type":"child","parent":"ljp2bp6580","x":1241,"y":181,"tool":"Pencil"},{"type":"child","parent":"ljp2bp6580","x":1183,"y":220,"tool":"Pencil"},{"type":"child","parent":"ljp2bp6580","x":1113,"y":270,"tool":"Pencil"},{"type":"child","parent":"ljp2bp6580","x":1048,"y":323,"tool":"Pencil"},{"type":"child","parent":"ljp2bp6580","x":1002,"y":372,"tool":"Pencil"},{"type":"child","parent":"ljp2bp6580","x":973,"y":404,"tool":"Pencil"},{"type":"child","parent":"ljp2bp6580","x":951,"y":429,"tool":"Pencil"},{"type":"child","parent":"ljp2bp6580","x":934,"y":449,"tool":"Pencil"},{"type":"child","parent":"ljp2bp6580","x":921,"y":464,"tool":"Pencil"},{"type":"child","parent":"ljp2bp6580","x":907,"y":480,"tool":"Pencil"},{"type":"child","parent":"ljp2bp6580","x":903,"y":485,"tool":"Pencil"}]},"ljp2bp7yix":{"type":"line","id":"ljp2bp7yix","color":"#1913b0","size":10,"tool":"Pencil","_children":[{"type":"child","parent":"ljp2bp7yix","x":905,"y":425,"tool":"Pencil"},{"type":"child","parent":"ljp2bp7yix","x":905,"y":425,"tool":"Pencil"},{"type":"child","parent":"ljp2bp7yix","x":903,"y":434,"tool":"Pencil"},{"type":"child","parent":"ljp2bp7yix","x":898,"y":463,"tool":"Pencil"},{"type":"child","parent":"ljp2bp7yix","x":895,"y":486,"tool":"Pencil"},{"type":"child","parent":"ljp2bp7yix","x":896,"y":494,"tool":"Pencil"},{"type":"child","parent":"ljp2bp7yix","x":909,"y":490,"tool":"Pencil"},{"type":"child","parent":"ljp2bp7yix","x":937,"y":483,"tool":"Pencil"},{"type":"child","parent":"ljp2bp7yix","x":958,"y":477,"tool":"Pencil"},{"type":"child","parent":"ljp2bp7yix","x":978,"y":470,"tool":"Pencil"},{"type":"child","parent":"ljp2bp7yix","x":985,"y":467,"tool":"Pencil"}]},"sjp2bpg05q":{"type":"straight","id":"sjp2bpg05q","color":"#1913b0","size":10,"x":194,"y":131,"tool":"Straight line","x2":808,"y2":84},"ljp5jro282":{"type":"line","id":"ljp5jro282","color":"#2ecc40","size":10,"tool":"Pencil","time":1543674210782,"_children":[{"type":"child","parent":"ljp5jro282","x":776,"y":731,"tool":"Pencil"},{"type":"child","parent":"ljp5jro282","x":778,"y":731,"tool":"Pencil"},{"type":"child","parent":"ljp5jro282","x":867,"y":667,"tool":"Pencil"},{"type":"child","parent":"ljp5jro282","x":1124,"y":646,"tool":"Pencil"},{"type":"child","parent":"ljp5jro282","x":1125,"y":704,"tool":"Pencil"},{"type":"child","parent":"ljp5jro282","x":1027,"y":738,"tool":"Pencil"},{"type":"child","parent":"ljp5jro282","x":1027,"y":672,"tool":"Pencil"},{"type":"child","parent":"ljp5jro282","x":1154,"y":560,"tool":"Pencil"},{"type":"child","parent":"ljp5jro282","x":1201,"y":575,"tool":"Pencil"},{"type":"child","parent":"ljp5jro282","x":1201,"y":581,"tool":"Pencil"},{"type":"child","parent":"ljp5jro282","x":1201,"y":573,"tool":"Pencil"}]},"tjp5jrr1qa":{"type":"new","id":"tjp5jrr1qa","color":"#2ecc40","size":27,"x":417,"y":219,"tool":"Text","time":1543674214656},"tjp5jrs86b":{"type":"new","id":"tjp5jrs86b","color":"#2ecc40","size":27,"x":420,"y":279,"tool":"Text","time":1543674217152},"tjp5jrsler":{"type":"new","id":"tjp5jrsler","color":"#2ecc40","size":27,"x":425,"y":411,"tool":"Text","time":1543674217154,"txt":"vbvbvb"},"tjp5jrv36c":{"type":"new","id":"tjp5jrv36c","color":"#2ecc40","size":27,"x":1503,"y":599,"tool":"Text","time":1543674219895,"txt":"vbvb"},"ljp5js6qra":{"type":"line","id":"ljp5js6qra","color":"#cc6e8d","size":10,"tool":"Pencil","time":1543674234989,"_children":[{"type":"child","parent":"ljp5js6qra","x":422,"y":322,"tool":"Pencil"},{"type":"child","parent":"ljp5js6qra","x":423,"y":322,"tool":"Pencil"},{"type":"child","parent":"ljp5js6qra","x":507,"y":288,"tool":"Pencil"},{"type":"child","parent":"ljp5js6qra","x":618,"y":316,"tool":"Pencil"},{"type":"child","parent":"ljp5js6qra","x":598,"y":389,"tool":"Pencil"},{"type":"child","parent":"ljp5js6qra","x":545,"y":406,"tool":"Pencil"},{"type":"child","parent":"ljp5js6qra","x":522,"y":403,"tool":"Pencil"},{"type":"child","parent":"ljp5js6qra","x":538,"y":381,"tool":"Pencil"},{"type":"child","parent":"ljp5js6qra","x":587,"y":424,"tool":"Pencil"},{"type":"child","parent":"ljp5js6qra","x":534,"y":529,"tool":"Pencil"},{"type":"child","parent":"ljp5js6qra","x":397,"y":539,"tool":"Pencil"},{"type":"child","parent":"ljp5js6qra","x":300,"y":531,"tool":"Pencil"},{"type":"child","parent":"ljp5js6qra","x":284,"y":528,"tool":"Pencil"}]},"ljp5js7lcq":{"type":"line","id":"ljp5js7lcq","color":"#cc6e8d","size":10,"tool":"Pencil","time":1543674236089,"_children":[{"type":"child","parent":"ljp5js7lcq","x":283,"y":512,"tool":"Pencil"},{"type":"child","parent":"ljp5js7lcq","x":297,"y":509,"tool":"Pencil"},{"type":"child","parent":"ljp5js7lcq","x":317,"y":512,"tool":"Pencil"},{"type":"child","parent":"ljp5js7lcq","x":365,"y":549,"tool":"Pencil"},{"type":"child","parent":"ljp5js7lcq","x":359,"y":574,"tool":"Pencil"},{"type":"child","parent":"ljp5js7lcq","x":359,"y":574,"tool":"Pencil"},{"type":"child","parent":"ljp5js7lcq","x":362,"y":573,"tool":"Pencil"}]}}