{"rk86cw5qsq":{"type":"rect","id":"rk86cw5qsq","color":"#000000","size":10,"x":136,"y":53,"x2":279,"y2":81,"tool":"Rectangle","time":1585081990417},"sk86cw777h":{"type":"straight","id":"sk86cw777h","color":"#000000","size":10,"x":304,"y":41,"tool":"Straight line","time":1585081992304,"x2":478,"y2":141},"sk86cw7z3g":{"type":"straight","id":"sk86cw7z3g","color":"#000000","size":10,"x":458,"y":60,"tool":"Straight line","time":1585081993296,"x2":382,"y2":181},"lk86cw9doh":{"type":"line","id":"lk86cw9doh","color":"#000000","size":10,"tool":"Pencil","time":1585081995127,"_children":[{"type":"child","parent":"lk86cw9doh","x":196,"y":206,"tool":"Pencil"},{"type":"child","parent":"lk86cw9doh","x":192,"y":187,"tool":"Pencil"},{"type":"child","parent":"lk86cw9doh","x":198,"y":124,"tool":"Pencil"},{"type":"child","parent":"lk86cw9doh","x":201,"y":115,"tool":"Pencil"},{"type":"child","parent":"lk86cw9doh","x":202,"y":113,"tool":"Pencil"},{"type":"child","parent":"lk86cw9doh","x":198,"y":114,"tool":"Pencil"},{"type":"child","parent":"lk86cw9doh","x":182,"y":125,"tool":"Pencil"},{"type":"child","parent":"lk86cw9doh","x":164,"y":140,"tool":"Pencil"},{"type":"child","parent":"lk86cw9doh","x":170,"y":133,"tool":"Pencil"},{"type":"child","parent":"lk86cw9doh","x":190,"y":110,"tool":"Pencil"},{"type":"child","parent":"lk86cw9doh","x":197,"y":114,"tool":"Pencil"},{"type":"child","parent":"lk86cw9doh","x":213,"y":133,"tool":"Pencil"}]},"lk86cwajdc":{"type":"line","id":"lk86cwajdc","color":"#000000","size":10,"tool":"Pencil","time":1585081996629,"_children":[{"type":"child","parent":"lk86cwajdc","x":275,"y":206,"tool":"Pencil"},{"type":"child","parent":"lk86cwajdc","x":277,"y":165,"tool":"Pencil"},{"type":"child","parent":"lk86cwajdc","x":298,"y":137,"tool":"Pencil"},{"type":"child","parent":"lk86cwajdc","x":315,"y":189,"tool":"Pencil"},{"type":"child","parent":"lk86cwajdc","x":330,"y":242,"tool":"Pencil"},{"type":"child","parent":"lk86cwajdc","x":355,"y":261,"tool":"Pencil"},{"type":"child","parent":"lk86cwajdc","x":387,"y":254,"tool":"Pencil"},{"type":"child","parent":"lk86cwajdc","x":414,"y":229,"tool":"Pencil"},{"type":"child","parent":"lk86cwajdc","x":419,"y":204,"tool":"Pencil"},{"type":"child","parent":"lk86cwajdc","x":420,"y":199,"tool":"Pencil"},{"type":"child","parent":"lk86cwajdc","x":419,"y":199,"tool":"Pencil"},{"type":"child","parent":"lk86cwajdc","x":416,"y":190,"tool":"Pencil"},{"type":"child","parent":"lk86cwajdc","x":416,"y":179,"tool":"Pencil"},{"type":"child","parent":"lk86cwajdc","x":407,"y":193,"tool":"Pencil"},{"type":"child","parent":"lk86cwajdc","x":401,"y":210,"tool":"Pencil"},{"type":"child","parent":"lk86cwajdc","x":409,"y":188,"tool":"Pencil"},{"type":"child","parent":"lk86cwajdc","x":416,"y":164,"tool":"Pencil"},{"type":"child","parent":"lk86cwajdc","x":422,"y":178,"tool":"Pencil"}]},"lk86cwd609":{"type":"line","id":"lk86cwd609","color":"#000000","size":10,"tool":"Pencil","time":1585082000034,"_children":[{"type":"child","parent":"lk86cwd609","x":186,"y":398,"tool":"Pencil"}]},"lk86cweyky":{"type":"line","id":"lk86cweyky","color":"#000000","size":10,"tool":"Pencil","time":1585082002359,"_children":[{"type":"child","parent":"lk86cweyky","x":127,"y":453,"tool":"Pencil"},{"type":"child","parent":"lk86cweyky","x":134,"y":429,"tool":"Pencil"},{"type":"child","parent":"lk86cweyky","x":160,"y":449,"tool":"Pencil"},{"type":"child","parent":"lk86cweyky","x":183,"y":486,"tool":"Pencil"},{"type":"child","parent":"lk86cweyky","x":208,"y":457,"tool":"Pencil"},{"type":"child","parent":"lk86cweyky","x":226,"y":434,"tool":"Pencil"},{"type":"child","parent":"lk86cweyky","x":248,"y":452,"tool":"Pencil"},{"type":"child","parent":"lk86cweyky","x":269,"y":451,"tool":"Pencil"},{"type":"child","parent":"lk86cweyky","x":290,"y":412,"tool":"Pencil"},{"type":"child","parent":"lk86cweyky","x":306,"y":408,"tool":"Pencil"},{"type":"child","parent":"lk86cweyky","x":331,"y":426,"tool":"Pencil"},{"type":"child","parent":"lk86cweyky","x":353,"y":411,"tool":"Pencil"},{"type":"child","parent":"lk86cweyky","x":375,"y":368,"tool":"Pencil"},{"type":"child","parent":"lk86cweyky","x":387,"y":366,"tool":"Pencil"},{"type":"child","parent":"lk86cweyky","x":411,"y":380,"tool":"Pencil"},{"type":"child","parent":"lk86cweyky","x":457,"y":346,"tool":"Pencil"},{"type":"child","parent":"lk86cweyky","x":497,"y":289,"tool":"Pencil"},{"type":"child","parent":"lk86cweyky","x":490,"y":234,"tool":"Pencil"},{"type":"child","parent":"lk86cweyky","x":419,"y":193,"tool":"Pencil"},{"type":"child","parent":"lk86cweyky","x":324,"y":228,"tool":"Pencil"},{"type":"child","parent":"lk86cweyky","x":274,"y":313,"tool":"Pencil"},{"type":"child","parent":"lk86cweyky","x":242,"y":367,"tool":"Pencil"},{"type":"child","parent":"lk86cweyky","x":203,"y":360,"tool":"Pencil"},{"type":"child","parent":"lk86cweyky","x":204,"y":245,"tool":"Pencil"},{"type":"child","parent":"lk86cweyky","x":255,"y":206,"tool":"Pencil"},{"type":"child","parent":"lk86cweyky","x":337,"y":272,"tool":"Pencil"},{"type":"child","parent":"lk86cweyky","x":404,"y":300,"tool":"Pencil"}]}}