{"ljx0fofxjd":{"type":"line","id":"ljx0fofxjd","color":"#a80e19","size":10,"tool":"Pencil","time":1560779269557,"_children":[{"type":"child","parent":"ljx0fofxjd","x":404,"y":60,"tool":"Pencil"},{"type":"child","parent":"ljx0fofxjd","x":404,"y":61,"tool":"Pencil"},{"type":"child","parent":"ljx0fofxjd","x":367,"y":135,"tool":"Pencil"},{"type":"child","parent":"ljx0fofxjd","x":363,"y":156,"tool":"Pencil"}]},"ljx0fohd31":{"type":"line","id":"ljx0fohd31","color":"#a80e19","size":10,"tool":"Pencil","time":1560779271416,"_children":[{"type":"child","parent":"ljx0fohd31","x":404,"y":61,"tool":"Pencil"},{"type":"child","parent":"ljx0fohd31","x":404,"y":61,"tool":"Pencil"},{"type":"child","parent":"ljx0fohd31","x":401,"y":96,"tool":"Pencil"},{"type":"child","parent":"ljx0fohd31","x":385,"y":133,"tool":"Pencil"},{"type":"child","parent":"ljx0fohd31","x":380,"y":141,"tool":"Pencil"},{"type":"child","parent":"ljx0fohd31","x":379,"y":141,"tool":"Pencil"},{"type":"child","parent":"ljx0fohd31","x":379,"y":140,"tool":"Pencil"},{"type":"child","parent":"ljx0fohd31","x":370,"y":150,"tool":"Pencil"},{"type":"child","parent":"ljx0fohd31","x":356,"y":174,"tool":"Pencil"},{"type":"child","parent":"ljx0fohd31","x":352,"y":184,"tool":"Pencil"},{"type":"child","parent":"ljx0fohd31","x":355,"y":175,"tool":"Pencil"},{"type":"child","parent":"ljx0fohd31","x":381,"y":131,"tool":"Pencil"},{"type":"child","parent":"ljx0fohd31","x":406,"y":78,"tool":"Pencil"},{"type":"child","parent":"ljx0fohd31","x":417,"y":47,"tool":"Pencil"},{"type":"child","parent":"ljx0fohd31","x":420,"y":39,"tool":"Pencil"},{"type":"child","parent":"ljx0fohd31","x":418,"y":60,"tool":"Pencil"},{"type":"child","parent":"ljx0fohd31","x":385,"y":117,"tool":"Pencil"},{"type":"child","parent":"ljx0fohd31","x":367,"y":137,"tool":"Pencil"},{"type":"child","parent":"ljx0fohd31","x":353,"y":158,"tool":"Pencil"},{"type":"child","parent":"ljx0fohd31","x":352,"y":159,"tool":"Pencil"},{"type":"child","parent":"ljx0fohd31","x":373,"y":130,"tool":"Pencil"},{"type":"child","parent":"ljx0fohd31","x":392,"y":89,"tool":"Pencil"},{"type":"child","parent":"ljx0fohd31","x":395,"y":74,"tool":"Pencil"},{"type":"child","parent":"ljx0fohd31","x":397,"y":65,"tool":"Pencil"},{"type":"child","parent":"ljx0fohd31","x":401,"y":53,"tool":"Pencil"},{"type":"child","parent":"ljx0fohd31","x":403,"y":52,"tool":"Pencil"},{"type":"child","parent":"ljx0fohd31","x":406,"y":50,"tool":"Pencil"},{"type":"child","parent":"ljx0fohd31","x":402,"y":56,"tool":"Pencil"},{"type":"child","parent":"ljx0fohd31","x":368,"y":105,"tool":"Pencil"},{"type":"child","parent":"ljx0fohd31","x":349,"y":146,"tool":"Pencil"},{"type":"child","parent":"ljx0fohd31","x":345,"y":161,"tool":"Pencil"},{"type":"child","parent":"ljx0fohd31","x":343,"y":172,"tool":"Pencil"},{"type":"child","parent":"ljx0fohd31","x":343,"y":176,"tool":"Pencil"},{"type":"child","parent":"ljx0fohd31","x":345,"y":173,"tool":"Pencil"},{"type":"child","parent":"ljx0fohd31","x":376,"y":124,"tool":"Pencil"},{"type":"child","parent":"ljx0fohd31","x":382,"y":114,"tool":"Pencil"},{"type":"child","parent":"ljx0fohd31","x":367,"y":125,"tool":"Pencil"},{"type":"child","parent":"ljx0fohd31","x":343,"y":159,"tool":"Pencil"},{"type":"child","parent":"ljx0fohd31","x":338,"y":172,"tool":"Pencil"},{"type":"child","parent":"ljx0fohd31","x":337,"y":173,"tool":"Pencil"},{"type":"child","parent":"ljx0fohd31","x":336,"y":173,"tool":"Pencil"},{"type":"child","parent":"ljx0fohd31","x":336,"y":173,"tool":"Pencil"},{"type":"child","parent":"ljx0fohd31","x":332,"y":178,"tool":"Pencil"},{"type":"child","parent":"ljx0fohd31","x":331,"y":179,"tool":"Pencil"},{"type":"child","parent":"ljx0fohd31","x":336,"y":173,"tool":"Pencil"},{"type":"child","parent":"ljx0fohd31","x":355,"y":130,"tool":"Pencil"},{"type":"child","parent":"ljx0fohd31","x":374,"y":102,"tool":"Pencil"},{"type":"child","parent":"ljx0fohd31","x":382,"y":88,"tool":"Pencil"},{"type":"child","parent":"ljx0fohd31","x":387,"y":78,"tool":"Pencil"},{"type":"child","parent":"ljx0fohd31","x":395,"y":57,"tool":"Pencil"},{"type":"child","parent":"ljx0fohd31","x":399,"y":52,"tool":"Pencil"},{"type":"child","parent":"ljx0fohd31","x":402,"y":48,"tool":"Pencil"},{"type":"child","parent":"ljx0fohd31","x":404,"y":47,"tool":"Pencil"},{"type":"child","parent":"ljx0fohd31","x":404,"y":46,"tool":"Pencil"},{"type":"child","parent":"ljx0fohd31","x":404,"y":42,"tool":"Pencil"},{"type":"child","parent":"ljx0fohd31","x":405,"y":38,"tool":"Pencil"},{"type":"child","parent":"ljx0fohd31","x":406,"y":37,"tool":"Pencil"},{"type":"child","parent":"ljx0fohd31","x":408,"y":34,"tool":"Pencil"},{"type":"child","parent":"ljx0fohd31","x":409,"y":33,"tool":"Pencil"},{"type":"child","parent":"ljx0fohd31","x":409,"y":33,"tool":"Pencil"},{"type":"child","parent":"ljx0fohd31","x":410,"y":37,"tool":"Pencil"},{"type":"child","parent":"ljx0fohd31","x":410,"y":41,"tool":"Pencil"},{"type":"child","parent":"ljx0fohd31","x":412,"y":42,"tool":"Pencil"},{"type":"child","parent":"ljx0fohd31","x":414,"y":42,"tool":"Pencil"},{"type":"child","parent":"ljx0fohd31","x":414,"y":42,"tool":"Pencil"}]},"ljx0fopxvx":{"type":"line","id":"ljx0fopxvx","color":"#000000","size":10,"tool":"Pencil","time":1560779282534,"_children":[{"type":"child","parent":"ljx0fopxvx","x":492,"y":69,"tool":"Pencil"},{"type":"child","parent":"ljx0fopxvx","x":492,"y":69,"tool":"Pencil"},{"type":"child","parent":"ljx0fopxvx","x":484,"y":69,"tool":"Pencil"},{"type":"child","parent":"ljx0fopxvx","x":465,"y":78,"tool":"Pencil"},{"type":"child","parent":"ljx0fopxvx","x":447,"y":97,"tool":"Pencil"},{"type":"child","parent":"ljx0fopxvx","x":442,"y":130,"tool":"Pencil"},{"type":"child","parent":"ljx0fopxvx","x":442,"y":156,"tool":"Pencil"},{"type":"child","parent":"ljx0fopxvx","x":452,"y":166,"tool":"Pencil"},{"type":"child","parent":"ljx0fopxvx","x":472,"y":172,"tool":"Pencil"},{"type":"child","parent":"ljx0fopxvx","x":493,"y":172,"tool":"Pencil"},{"type":"child","parent":"ljx0fopxvx","x":510,"y":160,"tool":"Pencil"},{"type":"child","parent":"ljx0fopxvx","x":516,"y":137,"tool":"Pencil"},{"type":"child","parent":"ljx0fopxvx","x":512,"y":120,"tool":"Pencil"},{"type":"child","parent":"ljx0fopxvx","x":503,"y":104,"tool":"Pencil"},{"type":"child","parent":"ljx0fopxvx","x":498,"y":94,"tool":"Pencil"},{"type":"child","parent":"ljx0fopxvx","x":493,"y":84,"tool":"Pencil"},{"type":"child","parent":"ljx0fopxvx","x":491,"y":83,"tool":"Pencil"},{"type":"child","parent":"ljx0fopxvx","x":487,"y":83,"tool":"Pencil"},{"type":"child","parent":"ljx0fopxvx","x":487,"y":83,"tool":"Pencil"}]},"ljx0forl7c":{"type":"line","id":"ljx0forl7c","color":"#000000","size":10,"tool":"Pencil","time":1560779284671,"_children":[{"type":"child","parent":"ljx0forl7c","x":617,"y":74,"tool":"Pencil"},{"type":"child","parent":"ljx0forl7c","x":616,"y":74,"tool":"Pencil"},{"type":"child","parent":"ljx0forl7c","x":603,"y":74,"tool":"Pencil"},{"type":"child","parent":"ljx0forl7c","x":576,"y":75,"tool":"Pencil"},{"type":"child","parent":"ljx0forl7c","x":551,"y":86,"tool":"Pencil"},{"type":"child","parent":"ljx0forl7c","x":545,"y":95,"tool":"Pencil"},{"type":"child","parent":"ljx0forl7c","x":552,"y":106,"tool":"Pencil"},{"type":"child","parent":"ljx0forl7c","x":588,"y":116,"tool":"Pencil"},{"type":"child","parent":"ljx0forl7c","x":634,"y":117,"tool":"Pencil"},{"type":"child","parent":"ljx0forl7c","x":648,"y":122,"tool":"Pencil"},{"type":"child","parent":"ljx0forl7c","x":646,"y":136,"tool":"Pencil"},{"type":"child","parent":"ljx0forl7c","x":627,"y":163,"tool":"Pencil"},{"type":"child","parent":"ljx0forl7c","x":605,"y":181,"tool":"Pencil"},{"type":"child","parent":"ljx0forl7c","x":575,"y":187,"tool":"Pencil"},{"type":"child","parent":"ljx0forl7c","x":541,"y":171,"tool":"Pencil"},{"type":"child","parent":"ljx0forl7c","x":537,"y":158,"tool":"Pencil"},{"type":"child","parent":"ljx0forl7c","x":544,"y":154,"tool":"Pencil"},{"type":"child","parent":"ljx0forl7c","x":548,"y":154,"tool":"Pencil"},{"type":"child","parent":"ljx0forl7c","x":549,"y":154,"tool":"Pencil"}]},"ljx0fotac9":{"type":"line","id":"ljx0fotac9","color":"#000000","size":10,"tool":"Pencil","time":1560779286864,"_children":[{"type":"child","parent":"ljx0fotac9","x":710,"y":67,"tool":"Pencil"},{"type":"child","parent":"ljx0fotac9","x":709,"y":67,"tool":"Pencil"},{"type":"child","parent":"ljx0fotac9","x":698,"y":67,"tool":"Pencil"},{"type":"child","parent":"ljx0fotac9","x":683,"y":81,"tool":"Pencil"},{"type":"child","parent":"ljx0fotac9","x":673,"y":101,"tool":"Pencil"},{"type":"child","parent":"ljx0fotac9","x":679,"y":128,"tool":"Pencil"},{"type":"child","parent":"ljx0fotac9","x":681,"y":142,"tool":"Pencil"},{"type":"child","parent":"ljx0fotac9","x":681,"y":156,"tool":"Pencil"},{"type":"child","parent":"ljx0fotac9","x":688,"y":170,"tool":"Pencil"},{"type":"child","parent":"ljx0fotac9","x":700,"y":176,"tool":"Pencil"},{"type":"child","parent":"ljx0fotac9","x":703,"y":177,"tool":"Pencil"},{"type":"child","parent":"ljx0fotac9","x":717,"y":174,"tool":"Pencil"},{"type":"child","parent":"ljx0fotac9","x":726,"y":170,"tool":"Pencil"},{"type":"child","parent":"ljx0fotac9","x":735,"y":167,"tool":"Pencil"},{"type":"child","parent":"ljx0fotac9","x":745,"y":162,"tool":"Pencil"}]},"ljx0fouklv":{"type":"line","id":"ljx0fouklv","color":"#000000","size":10,"tool":"Pencil","time":1560779288531,"_children":[{"type":"child","parent":"ljx0fouklv","x":726,"y":125,"tool":"Pencil"},{"type":"child","parent":"ljx0fouklv","x":724,"y":125,"tool":"Pencil"},{"type":"child","parent":"ljx0fouklv","x":702,"y":125,"tool":"Pencil"},{"type":"child","parent":"ljx0fouklv","x":686,"y":125,"tool":"Pencil"},{"type":"child","parent":"ljx0fouklv","x":679,"y":125,"tool":"Pencil"}]},"ljx0fovczw":{"type":"line","id":"ljx0fovczw","color":"#000000","size":10,"tool":"Pencil","time":1560779289554,"_children":[{"type":"child","parent":"ljx0fovczw","x":766,"y":62,"tool":"Pencil"},{"type":"child","parent":"ljx0fovczw","x":766,"y":63,"tool":"Pencil"},{"type":"child","parent":"ljx0fovczw","x":766,"y":95,"tool":"Pencil"},{"type":"child","parent":"ljx0fovczw","x":766,"y":126,"tool":"Pencil"},{"type":"child","parent":"ljx0fovczw","x":766,"y":148,"tool":"Pencil"},{"type":"child","parent":"ljx0fovczw","x":766,"y":152,"tool":"Pencil"},{"type":"child","parent":"ljx0fovczw","x":766,"y":153,"tool":"Pencil"},{"type":"child","parent":"ljx0fovczw","x":768,"y":157,"tool":"Pencil"},{"type":"child","parent":"ljx0fovczw","x":768,"y":158,"tool":"Pencil"}]},"ljx0fowfgv":{"type":"line","id":"ljx0fowfgv","color":"#000000","size":10,"tool":"Pencil","time":1560779290935,"_children":[{"type":"child","parent":"ljx0fowfgv","x":764,"y":87,"tool":"Pencil"},{"type":"child","parent":"ljx0fowfgv","x":764,"y":87,"tool":"Pencil"},{"type":"child","parent":"ljx0fowfgv","x":774,"y":82,"tool":"Pencil"},{"type":"child","parent":"ljx0fowfgv","x":801,"y":82,"tool":"Pencil"},{"type":"child","parent":"ljx0fowfgv","x":829,"y":85,"tool":"Pencil"},{"type":"child","parent":"ljx0fowfgv","x":851,"y":103,"tool":"Pencil"},{"type":"child","parent":"ljx0fowfgv","x":857,"y":135,"tool":"Pencil"},{"type":"child","parent":"ljx0fowfgv","x":855,"y":155,"tool":"Pencil"},{"type":"child","parent":"ljx0fowfgv","x":839,"y":163,"tool":"Pencil"},{"type":"child","parent":"ljx0fowfgv","x":788,"y":168,"tool":"Pencil"},{"type":"child","parent":"ljx0fowfgv","x":754,"y":170,"tool":"Pencil"},{"type":"child","parent":"ljx0fowfgv","x":747,"y":171,"tool":"Pencil"},{"type":"child","parent":"ljx0fowfgv","x":747,"y":171,"tool":"Pencil"}]},"ljx0foxu9y":{"type":"line","id":"ljx0foxu9y","color":"#000000","size":10,"tool":"Pencil","time":1560779292765,"_children":[{"type":"child","parent":"ljx0foxu9y","x":920,"y":64,"tool":"Pencil"},{"type":"child","parent":"ljx0foxu9y","x":919,"y":64,"tool":"Pencil"},{"type":"child","parent":"ljx0foxu9y","x":906,"y":65,"tool":"Pencil"},{"type":"child","parent":"ljx0foxu9y","x":896,"y":77,"tool":"Pencil"},{"type":"child","parent":"ljx0foxu9y","x":890,"y":97,"tool":"Pencil"},{"type":"child","parent":"ljx0foxu9y","x":890,"y":116,"tool":"Pencil"},{"type":"child","parent":"ljx0foxu9y","x":890,"y":132,"tool":"Pencil"},{"type":"child","parent":"ljx0foxu9y","x":890,"y":143,"tool":"Pencil"},{"type":"child","parent":"ljx0foxu9y","x":898,"y":149,"tool":"Pencil"},{"type":"child","parent":"ljx0foxu9y","x":913,"y":150,"tool":"Pencil"},{"type":"child","parent":"ljx0foxu9y","x":931,"y":149,"tool":"Pencil"},{"type":"child","parent":"ljx0foxu9y","x":940,"y":147,"tool":"Pencil"},{"type":"child","parent":"ljx0foxu9y","x":944,"y":145,"tool":"Pencil"},{"type":"child","parent":"ljx0foxu9y","x":948,"y":143,"tool":"Pencil"}]},"ljx0foz46p":{"type":"line","id":"ljx0foz46p","color":"#000000","size":10,"tool":"Pencil","time":1560779294423,"_children":[{"type":"child","parent":"ljx0foz46p","x":922,"y":100,"tool":"Pencil"},{"type":"child","parent":"ljx0foz46p","x":922,"y":100,"tool":"Pencil"}]},"ljx0foz8wy":{"type":"line","id":"ljx0foz8wy","color":"#000000","size":10,"tool":"Pencil","time":1560779294591,"_children":[{"type":"child","parent":"ljx0foz8wy","x":922,"y":100,"tool":"Pencil"},{"type":"child","parent":"ljx0foz8wy","x":921,"y":100,"tool":"Pencil"},{"type":"child","parent":"ljx0foz8wy","x":915,"y":102,"tool":"Pencil"},{"type":"child","parent":"ljx0foz8wy","x":904,"y":106,"tool":"Pencil"},{"type":"child","parent":"ljx0foz8wy","x":900,"y":107,"tool":"Pencil"},{"type":"child","parent":"ljx0foz8wy","x":899,"y":107,"tool":"Pencil"}]},"ljx0fp0ek4":{"type":"line","id":"ljx0fp0ek4","color":"#000000","size":10,"tool":"Pencil","time":1560779296093,"_children":[{"type":"child","parent":"ljx0fp0ek4","x":969,"y":172,"tool":"Pencil"},{"type":"child","parent":"ljx0fp0ek4","x":969,"y":170,"tool":"Pencil"},{"type":"child","parent":"ljx0fp0ek4","x":969,"y":129,"tool":"Pencil"},{"type":"child","parent":"ljx0fp0ek4","x":969,"y":108,"tool":"Pencil"},{"type":"child","parent":"ljx0fp0ek4","x":969,"y":95,"tool":"Pencil"},{"type":"child","parent":"ljx0fp0ek4","x":970,"y":86,"tool":"Pencil"},{"type":"child","parent":"ljx0fp0ek4","x":980,"y":75,"tool":"Pencil"},{"type":"child","parent":"ljx0fp0ek4","x":1000,"y":69,"tool":"Pencil"},{"type":"child","parent":"ljx0fp0ek4","x":1016,"y":68,"tool":"Pencil"},{"type":"child","parent":"ljx0fp0ek4","x":1022,"y":76,"tool":"Pencil"},{"type":"child","parent":"ljx0fp0ek4","x":1022,"y":102,"tool":"Pencil"},{"type":"child","parent":"ljx0fp0ek4","x":1026,"y":125,"tool":"Pencil"},{"type":"child","parent":"ljx0fp0ek4","x":1030,"y":137,"tool":"Pencil"},{"type":"child","parent":"ljx0fp0ek4","x":1032,"y":141,"tool":"Pencil"},{"type":"child","parent":"ljx0fp0ek4","x":1032,"y":141,"tool":"Pencil"},{"type":"child","parent":"ljx0fp0ek4","x":1032,"y":142,"tool":"Pencil"},{"type":"child","parent":"ljx0fp0ek4","x":1030,"y":149,"tool":"Pencil"},{"type":"child","parent":"ljx0fp0ek4","x":1030,"y":150,"tool":"Pencil"},{"type":"child","parent":"ljx0fp0ek4","x":1029,"y":154,"tool":"Pencil"},{"type":"child","parent":"ljx0fp0ek4","x":1029,"y":155,"tool":"Pencil"},{"type":"child","parent":"ljx0fp0ek4","x":1029,"y":157,"tool":"Pencil"},{"type":"child","parent":"ljx0fp0ek4","x":1029,"y":162,"tool":"Pencil"},{"type":"child","parent":"ljx0fp0ek4","x":1029,"y":161,"tool":"Pencil"},{"type":"child","parent":"ljx0fp0ek4","x":1029,"y":161,"tool":"Pencil"}]},"ljx0fp2xtm":{"type":"line","id":"ljx0fp2xtm","color":"#000000","size":10,"tool":"Pencil","time":1560779299376,"_children":[{"type":"child","parent":"ljx0fp2xtm","x":1023,"y":131,"tool":"Pencil"},{"type":"child","parent":"ljx0fp2xtm","x":1022,"y":131,"tool":"Pencil"},{"type":"child","parent":"ljx0fp2xtm","x":1002,"y":131,"tool":"Pencil"},{"type":"child","parent":"ljx0fp2xtm","x":980,"y":130,"tool":"Pencil"},{"type":"child","parent":"ljx0fp2xtm","x":977,"y":129,"tool":"Pencil"},{"type":"child","parent":"ljx0fp2xtm","x":974,"y":129,"tool":"Pencil"},{"type":"child","parent":"ljx0fp2xtm","x":971,"y":129,"tool":"Pencil"},{"type":"child","parent":"ljx0fp2xtm","x":970,"y":130,"tool":"Pencil"}]},"ljx0fshudu":{"type":"line","id":"ljx0fshudu","color":"#942192","size":10,"tool":"Pencil","time":1560779458680,"_children":[{"type":"child","parent":"ljx0fshudu","x":692,"y":317,"tool":"Pencil"},{"type":"child","parent":"ljx0fshudu","x":692,"y":322,"tool":"Pencil"},{"type":"child","parent":"ljx0fshudu","x":724,"y":352,"tool":"Pencil"},{"type":"child","parent":"ljx0fshudu","x":752,"y":355,"tool":"Pencil"},{"type":"child","parent":"ljx0fshudu","x":798,"y":323,"tool":"Pencil"},{"type":"child","parent":"ljx0fshudu","x":800,"y":318,"tool":"Pencil"},{"type":"child","parent":"ljx0fshudu","x":751,"y":355,"tool":"Pencil"},{"type":"child","parent":"ljx0fshudu","x":689,"y":413,"tool":"Pencil"},{"type":"child","parent":"ljx0fshudu","x":688,"y":415,"tool":"Pencil"}]},"ljx0fsincz":{"type":"line","id":"ljx0fsincz","color":"#942192","size":10,"tool":"Pencil","time":1560779459737,"_children":[{"type":"child","parent":"ljx0fsincz","x":839,"y":347,"tool":"Pencil"},{"type":"child","parent":"ljx0fsincz","x":797,"y":378,"tool":"Pencil"},{"type":"child","parent":"ljx0fsincz","x":814,"y":401,"tool":"Pencil"},{"type":"child","parent":"ljx0fsincz","x":907,"y":405,"tool":"Pencil"}]},"ljx0fsj3l8":{"type":"line","id":"ljx0fsj3l8","color":"#942192","size":10,"tool":"Pencil","time":1560779460308,"_children":[{"type":"child","parent":"ljx0fsj3l8","x":839,"y":378,"tool":"Pencil"},{"type":"child","parent":"ljx0fsj3l8","x":839,"y":378,"tool":"Pencil"},{"type":"child","parent":"ljx0fsj3l8","x":886,"y":375,"tool":"Pencil"},{"type":"child","parent":"ljx0fsj3l8","x":909,"y":374,"tool":"Pencil"}]},"ljx0fsjm20":{"type":"line","id":"ljx0fsjm20","color":"#942192","size":10,"tool":"Pencil","time":1560779461011,"_children":[{"type":"child","parent":"ljx0fsjm20","x":842,"y":352,"tool":"Pencil"},{"type":"child","parent":"ljx0fsjm20","x":934,"y":339,"tool":"Pencil"},{"type":"child","parent":"ljx0fsjm20","x":938,"y":337,"tool":"Pencil"}]},"ljx0fsk2bd":{"type":"line","id":"ljx0fsk2bd","color":"#942192","size":10,"tool":"Pencil","time":1560779461555,"_children":[{"type":"child","parent":"ljx0fsk2bd","x":942,"y":404,"tool":"Pencil"},{"type":"child","parent":"ljx0fsk2bd","x":942,"y":404,"tool":"Pencil"},{"type":"child","parent":"ljx0fsk2bd","x":981,"y":359,"tool":"Pencil"},{"type":"child","parent":"ljx0fsk2bd","x":999,"y":340,"tool":"Pencil"},{"type":"child","parent":"ljx0fsk2bd","x":1025,"y":396,"tool":"Pencil"},{"type":"child","parent":"ljx0fsk2bd","x":1035,"y":413,"tool":"Pencil"}]},"ljx0fsknj6":{"type":"line","id":"ljx0fsknj6","color":"#942192","size":10,"tool":"Pencil","time":1560779462343,"_children":[{"type":"child","parent":"ljx0fsknj6","x":954,"y":387,"tool":"Pencil"},{"type":"child","parent":"ljx0fsknj6","x":967,"y":387,"tool":"Pencil"}]},"ljx0fsli54":{"type":"line","id":"ljx0fsli54","color":"#942192","size":10,"tool":"Pencil","time":1560779463457,"_children":[{"type":"child","parent":"ljx0fsli54","x":965,"y":388,"tool":"Pencil"},{"type":"child","parent":"ljx0fsli54","x":978,"y":388,"tool":"Pencil"},{"type":"child","parent":"ljx0fsli54","x":1048,"y":386,"tool":"Pencil"},{"type":"child","parent":"ljx0fsli54","x":1051,"y":386,"tool":"Pencil"}]},"ljx0fsm9d9":{"type":"line","id":"ljx0fsm9d9","color":"#942192","size":10,"tool":"Pencil","time":1560779464414,"_children":[{"type":"child","parent":"ljx0fsm9d9","x":1116,"y":333,"tool":"Pencil"},{"type":"child","parent":"ljx0fsm9d9","x":1105,"y":393,"tool":"Pencil"},{"type":"child","parent":"ljx0fsm9d9","x":1106,"y":421,"tool":"Pencil"},{"type":"child","parent":"ljx0fsm9d9","x":1102,"y":392,"tool":"Pencil"},{"type":"child","parent":"ljx0fsm9d9","x":1103,"y":392,"tool":"Pencil"},{"type":"child","parent":"ljx0fsm9d9","x":1119,"y":395,"tool":"Pencil"},{"type":"child","parent":"ljx0fsm9d9","x":1144,"y":392,"tool":"Pencil"},{"type":"child","parent":"ljx0fsm9d9","x":1153,"y":389,"tool":"Pencil"},{"type":"child","parent":"ljx0fsm9d9","x":1159,"y":374,"tool":"Pencil"}]},"ljx0fsn1sc":{"type":"line","id":"ljx0fsn1sc","color":"#942192","size":10,"tool":"Pencil","time":1560779465422,"_children":[{"type":"child","parent":"ljx0fsn1sc","x":1162,"y":349,"tool":"Pencil"},{"type":"child","parent":"ljx0fsn1sc","x":1152,"y":411,"tool":"Pencil"},{"type":"child","parent":"ljx0fsn1sc","x":1152,"y":430,"tool":"Pencil"}]},"ljx0fsogfa":{"type":"line","id":"ljx0fsogfa","color":"#942192","size":10,"tool":"Pencil","time":1560779467248,"_children":[{"type":"child","parent":"ljx0fsogfa","x":1313,"y":314,"tool":"Pencil"},{"type":"child","parent":"ljx0fsogfa","x":1310,"y":321,"tool":"Pencil"},{"type":"child","parent":"ljx0fsogfa","x":1269,"y":405,"tool":"Pencil"},{"type":"child","parent":"ljx0fsogfa","x":1260,"y":421,"tool":"Pencil"},{"type":"child","parent":"ljx0fsogfa","x":1263,"y":418,"tool":"Pencil"}]},"ljx0fsoy9k":{"type":"line","id":"ljx0fsoy9k","color":"#942192","size":10,"tool":"Pencil","time":1560779467893,"_children":[{"type":"child","parent":"ljx0fsoy9k","x":1249,"y":440,"tool":"Pencil"},{"type":"child","parent":"ljx0fsoy9k","x":1242,"y":455,"tool":"Pencil"},{"type":"child","parent":"ljx0fsoy9k","x":1252,"y":450,"tool":"Pencil"},{"type":"child","parent":"ljx0fsoy9k","x":1250,"y":449,"tool":"Pencil"},{"type":"child","parent":"ljx0fsoy9k","x":1251,"y":449,"tool":"Pencil"},{"type":"child","parent":"ljx0fsoy9k","x":1251,"y":450,"tool":"Pencil"},{"type":"child","parent":"ljx0fsoy9k","x":1251,"y":450,"tool":"Pencil"}]},"ljx0fspohh":{"type":"line","id":"ljx0fspohh","color":"#942192","size":10,"tool":"Pencil","time":1560779468893,"_children":[{"type":"child","parent":"ljx0fspohh","x":1415,"y":288,"tool":"Pencil"},{"type":"child","parent":"ljx0fspohh","x":1405,"y":301,"tool":"Pencil"},{"type":"child","parent":"ljx0fspohh","x":1357,"y":378,"tool":"Pencil"},{"type":"child","parent":"ljx0fspohh","x":1356,"y":384,"tool":"Pencil"},{"type":"child","parent":"ljx0fspohh","x":1356,"y":383,"tool":"Pencil"}]},"ljx0fsq86j":{"type":"line","id":"ljx0fsq86j","color":"#942192","size":10,"tool":"Pencil","time":1560779469538,"_children":[{"type":"child","parent":"ljx0fsq86j","x":1348,"y":433,"tool":"Pencil"},{"type":"child","parent":"ljx0fsq86j","x":1337,"y":442,"tool":"Pencil"},{"type":"child","parent":"ljx0fsq86j","x":1342,"y":439,"tool":"Pencil"},{"type":"child","parent":"ljx0fsq86j","x":1342,"y":438,"tool":"Pencil"}]},"ljx0g08lzg":{"type":"line","id":"ljx0g08lzg","color":"#ff4136","size":10,"tool":"Pencil","time":1560779819956,"_children":[{"type":"child","parent":"ljx0g08lzg","x":1851,"y":127,"tool":"Pencil"},{"type":"child","parent":"ljx0g08lzg","x":1851,"y":128,"tool":"Pencil"},{"type":"child","parent":"ljx0g08lzg","x":1851,"y":145,"tool":"Pencil"},{"type":"child","parent":"ljx0g08lzg","x":1851,"y":185,"tool":"Pencil"},{"type":"child","parent":"ljx0g08lzg","x":1852,"y":222,"tool":"Pencil"},{"type":"child","parent":"ljx0g08lzg","x":1854,"y":247,"tool":"Pencil"},{"type":"child","parent":"ljx0g08lzg","x":1855,"y":268,"tool":"Pencil"},{"type":"child","parent":"ljx0g08lzg","x":1856,"y":268,"tool":"Pencil"}]},"ljx0g09xrq":{"type":"line","id":"ljx0g09xrq","color":"#ff4136","size":10,"tool":"Pencil","time":1560779821673,"_children":[{"type":"child","parent":"ljx0g09xrq","x":1847,"y":192,"tool":"Pencil"},{"type":"child","parent":"ljx0g09xrq","x":1857,"y":192,"tool":"Pencil"},{"type":"child","parent":"ljx0g09xrq","x":1879,"y":192,"tool":"Pencil"},{"type":"child","parent":"ljx0g09xrq","x":1890,"y":192,"tool":"Pencil"},{"type":"child","parent":"ljx0g09xrq","x":1894,"y":187,"tool":"Pencil"},{"type":"child","parent":"ljx0g09xrq","x":1895,"y":166,"tool":"Pencil"},{"type":"child","parent":"ljx0g09xrq","x":1895,"y":144,"tool":"Pencil"},{"type":"child","parent":"ljx0g09xrq","x":1896,"y":135,"tool":"Pencil"},{"type":"child","parent":"ljx0g09xrq","x":1896,"y":135,"tool":"Pencil"},{"type":"child","parent":"ljx0g09xrq","x":1896,"y":138,"tool":"Pencil"},{"type":"child","parent":"ljx0g09xrq","x":1897,"y":156,"tool":"Pencil"},{"type":"child","parent":"ljx0g09xrq","x":1897,"y":191,"tool":"Pencil"},{"type":"child","parent":"ljx0g09xrq","x":1899,"y":227,"tool":"Pencil"},{"type":"child","parent":"ljx0g09xrq","x":1902,"y":242,"tool":"Pencil"},{"type":"child","parent":"ljx0g09xrq","x":1902,"y":243,"tool":"Pencil"}]},"ljx0g0bkp8":{"type":"line","id":"ljx0g0bkp8","color":"#ff4136","size":10,"tool":"Pencil","time":1560779823792,"_children":[{"type":"child","parent":"ljx0g0bkp8","x":1924,"y":216,"tool":"Pencil"},{"type":"child","parent":"ljx0g0bkp8","x":1924,"y":218,"tool":"Pencil"},{"type":"child","parent":"ljx0g0bkp8","x":1924,"y":259,"tool":"Pencil"},{"type":"child","parent":"ljx0g0bkp8","x":1924,"y":261,"tool":"Pencil"}]},"ljx0g0ckxe":{"type":"line","id":"ljx0g0ckxe","color":"#ff4136","size":10,"tool":"Pencil","time":1560779825096,"_children":[{"type":"child","parent":"ljx0g0ckxe","x":1927,"y":184,"tool":"Pencil"},{"type":"child","parent":"ljx0g0ckxe","x":1927,"y":184,"tool":"Pencil"}]},"ljx0g0d73w":{"type":"line","id":"ljx0g0d73w","color":"#ff4136","size":10,"tool":"Pencil","time":1560779825896,"_children":[{"type":"child","parent":"ljx0g0d73w","x":1996,"y":127,"tool":"Pencil"},{"type":"child","parent":"ljx0g0d73w","x":1996,"y":133,"tool":"Pencil"},{"type":"child","parent":"ljx0g0d73w","x":1995,"y":195,"tool":"Pencil"},{"type":"child","parent":"ljx0g0d73w","x":1995,"y":241,"tool":"Pencil"},{"type":"child","parent":"ljx0g0d73w","x":1995,"y":245,"tool":"Pencil"},{"type":"child","parent":"ljx0g0d73w","x":1995,"y":245,"tool":"Pencil"}]},"ljx0g0dzjm":{"type":"line","id":"ljx0g0dzjm","color":"#ff4136","size":10,"tool":"Pencil","time":1560779826922,"_children":[{"type":"child","parent":"ljx0g0dzjm","x":1997,"y":299,"tool":"Pencil"},{"type":"child","parent":"ljx0g0dzjm","x":1997,"y":299,"tool":"Pencil"}]},"ljx0gfg8r0":{"type":"line","id":"ljx0gfg8r0","color":"#b10dc9","size":10,"tool":"Pencil","time":1560780529678,"_children":[{"type":"child","parent":"ljx0gfg8r0","x":428,"y":275,"tool":"Pencil"},{"type":"child","parent":"ljx0gfg8r0","x":428,"y":276,"tool":"Pencil"},{"type":"child","parent":"ljx0gfg8r0","x":497,"y":276,"tool":"Pencil"},{"type":"child","parent":"ljx0gfg8r0","x":650,"y":266,"tool":"Pencil"},{"type":"child","parent":"ljx0gfg8r0","x":764,"y":264,"tool":"Pencil"},{"type":"child","parent":"ljx0gfg8r0","x":799,"y":262,"tool":"Pencil"},{"type":"child","parent":"ljx0gfg8r0","x":802,"y":261,"tool":"Pencil"}]},"ljx0gfjesx":{"type":"line","id":"ljx0gfjesx","color":"#ff851b","size":10,"tool":"Pencil","time":1560780533778,"_children":[{"type":"child","parent":"ljx0gfjesx","x":363,"y":358,"tool":"Pencil"},{"type":"child","parent":"ljx0gfjesx","x":368,"y":364,"tool":"Pencil"},{"type":"child","parent":"ljx0gfjesx","x":381,"y":374,"tool":"Pencil"},{"type":"child","parent":"ljx0gfjesx","x":382,"y":374,"tool":"Pencil"}]},"ljx0gfjyrv":{"type":"line","id":"ljx0gfjyrv","color":"#ff851b","size":10,"tool":"Pencil","time":1560780534503,"_children":[{"type":"child","parent":"ljx0gfjyrv","x":381,"y":356,"tool":"Pencil"},{"type":"child","parent":"ljx0gfjyrv","x":370,"y":362,"tool":"Pencil"},{"type":"child","parent":"ljx0gfjyrv","x":361,"y":371,"tool":"Pencil"},{"type":"child","parent":"ljx0gfjyrv","x":361,"y":371,"tool":"Pencil"}]},"ljx0gfkkm9":{"type":"line","id":"ljx0gfkkm9","color":"#ff851b","size":10,"tool":"Pencil","time":1560780535299,"_children":[{"type":"child","parent":"ljx0gfkkm9","x":406,"y":357,"tool":"Pencil"},{"type":"child","parent":"ljx0gfkkm9","x":413,"y":368,"tool":"Pencil"},{"type":"child","parent":"ljx0gfkkm9","x":423,"y":376,"tool":"Pencil"}]},"ljx0gfky24":{"type":"line","id":"ljx0gfky24","color":"#ff851b","size":10,"tool":"Pencil","time":1560780535778,"_children":[{"type":"child","parent":"ljx0gfky24","x":419,"y":356,"tool":"Pencil"},{"type":"child","parent":"ljx0gfky24","x":410,"y":366,"tool":"Pencil"},{"type":"child","parent":"ljx0gfky24","x":403,"y":374,"tool":"Pencil"}]},"ljx0gfllty":{"type":"line","id":"ljx0gfllty","color":"#ff851b","size":10,"tool":"Pencil","time":1560780536626,"_children":[{"type":"child","parent":"ljx0gfllty","x":440,"y":356,"tool":"Pencil"},{"type":"child","parent":"ljx0gfllty","x":448,"y":363,"tool":"Pencil"},{"type":"child","parent":"ljx0gfllty","x":462,"y":374,"tool":"Pencil"}]},"ljx0gfm9lg":{"type":"line","id":"ljx0gfm9lg","color":"#ff851b","size":10,"tool":"Pencil","time":1560780537491,"_children":[{"type":"child","parent":"ljx0gfm9lg","x":465,"y":353,"tool":"Pencil"},{"type":"child","parent":"ljx0gfm9lg","x":458,"y":359,"tool":"Pencil"},{"type":"child","parent":"ljx0gfm9lg","x":429,"y":384,"tool":"Pencil"},{"type":"child","parent":"ljx0gfm9lg","x":429,"y":386,"tool":"Pencil"}]},"ljx0gfmxbh":{"type":"line","id":"ljx0gfmxbh","color":"#ff851b","size":10,"tool":"Pencil","time":1560780538387,"_children":[{"type":"child","parent":"ljx0gfmxbh","x":481,"y":355,"tool":"Pencil"},{"type":"child","parent":"ljx0gfmxbh","x":482,"y":363,"tool":"Pencil"},{"type":"child","parent":"ljx0gfmxbh","x":514,"y":387,"tool":"Pencil"},{"type":"child","parent":"ljx0gfmxbh","x":518,"y":386,"tool":"Pencil"}]},"ljx0gfnbdw":{"type":"line","id":"ljx0gfnbdw","color":"#ff851b","size":10,"tool":"Pencil","time":1560780538845,"_children":[{"type":"child","parent":"ljx0gfnbdw","x":509,"y":358,"tool":"Pencil"},{"type":"child","parent":"ljx0gfnbdw","x":494,"y":374,"tool":"Pencil"},{"type":"child","parent":"ljx0gfnbdw","x":487,"y":382,"tool":"Pencil"}]},"ljx0o5xmj2":{"type":"line","id":"ljx0o5xmj2","color":"#ff4136","size":10,"tool":"Pencil","time":1560793522586,"_children":[{"type":"child","parent":"ljx0o5xmj2","x":309,"y":589,"tool":"Pencil"},{"type":"child","parent":"ljx0o5xmj2","x":309,"y":589,"tool":"Pencil"}]},"ljx0o609hy":{"type":"line","id":"ljx0o609hy","color":"#ff4136","size":10,"tool":"Pencil","time":1560793526096,"_children":[{"type":"child","parent":"ljx0o609hy","x":1198,"y":205,"tool":"Pencil"},{"type":"child","parent":"ljx0o609hy","x":1198,"y":205,"tool":"Pencil"}]},"ljx0o60va7":{"type":"line","id":"ljx0o60va7","color":"#ff4136","size":10,"tool":"Pencil","time":1560793526786,"_children":[{"type":"child","parent":"ljx0o60va7","x":978,"y":240,"tool":"Pencil"},{"type":"child","parent":"ljx0o60va7","x":978,"y":240,"tool":"Pencil"}]},"ljx0o61hqr":{"type":"line","id":"ljx0o61hqr","color":"#ff4136","size":10,"tool":"Pencil","time":1560793527601,"_children":[{"type":"child","parent":"ljx0o61hqr","x":1056,"y":509,"tool":"Pencil"},{"type":"child","parent":"ljx0o61hqr","x":1056,"y":509,"tool":"Pencil"}]},"ljx0o6212i":{"type":"line","id":"ljx0o6212i","color":"#ff4136","size":10,"tool":"Pencil","time":1560793528295,"_children":[{"type":"child","parent":"ljx0o6212i","x":528,"y":568,"tool":"Pencil"},{"type":"child","parent":"ljx0o6212i","x":528,"y":568,"tool":"Pencil"}]},"ljx0o62ogv":{"type":"line","id":"ljx0o62ogv","color":"#ff4136","size":10,"tool":"Pencil","time":1560793529134,"_children":[{"type":"child","parent":"ljx0o62ogv","x":622,"y":356,"tool":"Pencil"},{"type":"child","parent":"ljx0o62ogv","x":622,"y":356,"tool":"Pencil"}]},"ljx0o638de":{"type":"line","id":"ljx0o638de","color":"#ff4136","size":10,"tool":"Pencil","time":1560793529861,"_children":[{"type":"child","parent":"ljx0o638de","x":270,"y":195,"tool":"Pencil"},{"type":"child","parent":"ljx0o638de","x":270,"y":195,"tool":"Pencil"}]},"ljx0o63pat":{"type":"line","id":"ljx0o63pat","color":"#ff4136","size":10,"tool":"Pencil","time":1560793530457,"_children":[{"type":"child","parent":"ljx0o63pat","x":236,"y":439,"tool":"Pencil"},{"type":"child","parent":"ljx0o63pat","x":236,"y":439,"tool":"Pencil"}]},"ljx0o64hb8":{"type":"line","id":"ljx0o64hb8","color":"#ff4136","size":10,"tool":"Pencil","time":1560793531466,"_children":[{"type":"child","parent":"ljx0o64hb8","x":828,"y":605,"tool":"Pencil"},{"type":"child","parent":"ljx0o64hb8","x":828,"y":605,"tool":"Pencil"}]},"ljx0o6546r":{"type":"line","id":"ljx0o6546r","color":"#ff4136","size":10,"tool":"Pencil","time":1560793532295,"_children":[{"type":"child","parent":"ljx0o6546r","x":1181,"y":657,"tool":"Pencil"},{"type":"child","parent":"ljx0o6546r","x":1181,"y":657,"tool":"Pencil"}]},"ljx0o65v63":{"type":"line","id":"ljx0o65v63","color":"#ff4136","size":10,"tool":"Pencil","time":1560793533263,"_children":[{"type":"child","parent":"ljx0o65v63","x":1220,"y":349,"tool":"Pencil"},{"type":"child","parent":"ljx0o65v63","x":1220,"y":349,"tool":"Pencil"}]},"ljx0o67h1g":{"type":"line","id":"ljx0o67h1g","color":"#ff4136","size":10,"tool":"Pencil","time":1560793535344,"_children":[{"type":"child","parent":"ljx0o67h1g","x":1582,"y":300,"tool":"Pencil"},{"type":"child","parent":"ljx0o67h1g","x":1582,"y":300,"tool":"Pencil"}]},"ljx0o680vm":{"type":"line","id":"ljx0o680vm","color":"#ff4136","size":10,"tool":"Pencil","time":1560793536059,"_children":[{"type":"child","parent":"ljx0o680vm","x":1601,"y":77,"tool":"Pencil"},{"type":"child","parent":"ljx0o680vm","x":1601,"y":77,"tool":"Pencil"}]},"ljx0o68jqp":{"type":"line","id":"ljx0o68jqp","color":"#ff4136","size":10,"tool":"Pencil","time":1560793536739,"_children":[{"type":"child","parent":"ljx0o68jqp","x":1279,"y":40,"tool":"Pencil"},{"type":"child","parent":"ljx0o68jqp","x":1279,"y":40,"tool":"Pencil"}]},"ljx0o691ra":{"type":"line","id":"ljx0o691ra","color":"#ff4136","size":10,"tool":"Pencil","time":1560793537394,"_children":[{"type":"child","parent":"ljx0o691ra","x":1393,"y":172,"tool":"Pencil"},{"type":"child","parent":"ljx0o691ra","x":1393,"y":172,"tool":"Pencil"}]},"ljx0o69mbj":{"type":"line","id":"ljx0o69mbj","color":"#ff4136","size":10,"tool":"Pencil","time":1560793538129,"_children":[{"type":"child","parent":"ljx0o69mbj","x":1578,"y":515,"tool":"Pencil"},{"type":"child","parent":"ljx0o69mbj","x":1578,"y":515,"tool":"Pencil"}]},"ljx0o6a58l":{"type":"line","id":"ljx0o6a58l","color":"#ff4136","size":10,"tool":"Pencil","time":1560793538814,"_children":[{"type":"child","parent":"ljx0o6a58l","x":1358,"y":540,"tool":"Pencil"},{"type":"child","parent":"ljx0o6a58l","x":1358,"y":540,"tool":"Pencil"}]},"ljx0o6bz3r":{"type":"line","id":"ljx0o6bz3r","color":"#ff4136","size":10,"tool":"Pencil","time":1560793541180,"_children":[{"type":"child","parent":"ljx0o6bz3r","x":2198,"y":406,"tool":"Pencil"},{"type":"child","parent":"ljx0o6bz3r","x":2198,"y":406,"tool":"Pencil"}]},"ljx0o6cg6n":{"type":"line","id":"ljx0o6cg6n","color":"#ff4136","size":10,"tool":"Pencil","time":1560793541794,"_children":[{"type":"child","parent":"ljx0o6cg6n","x":2158,"y":123,"tool":"Pencil"},{"type":"child","parent":"ljx0o6cg6n","x":2158,"y":123,"tool":"Pencil"}]},"ljx0o6cyrs":{"type":"line","id":"ljx0o6cyrs","color":"#ff4136","size":10,"tool":"Pencil","time":1560793542469,"_children":[{"type":"child","parent":"ljx0o6cyrs","x":1985,"y":45,"tool":"Pencil"},{"type":"child","parent":"ljx0o6cyrs","x":1985,"y":45,"tool":"Pencil"}]},"ljx0o6dk48":{"type":"line","id":"ljx0o6dk48","color":"#ff4136","size":10,"tool":"Pencil","time":1560793543233,"_children":[{"type":"child","parent":"ljx0o6dk48","x":1993,"y":489,"tool":"Pencil"},{"type":"child","parent":"ljx0o6dk48","x":1993,"y":489,"tool":"Pencil"}]},"ljx0o6e1af":{"type":"line","id":"ljx0o6e1af","color":"#ff4136","size":10,"tool":"Pencil","time":1560793543854,"_children":[{"type":"child","parent":"ljx0o6e1af","x":1786,"y":322,"tool":"Pencil"},{"type":"child","parent":"ljx0o6e1af","x":1786,"y":322,"tool":"Pencil"}]},"ljx0o6ej0t":{"type":"line","id":"ljx0o6ej0t","color":"#ff4136","size":10,"tool":"Pencil","time":1560793544492,"_children":[{"type":"child","parent":"ljx0o6ej0t","x":1681,"y":536,"tool":"Pencil"},{"type":"child","parent":"ljx0o6ej0t","x":1681,"y":536,"tool":"Pencil"}]},"ljx0o6f53k":{"type":"line","id":"ljx0o6f53k","color":"#ff4136","size":10,"tool":"Pencil","time":1560793545286,"_children":[{"type":"child","parent":"ljx0o6f53k","x":2324,"y":699,"tool":"Pencil"},{"type":"child","parent":"ljx0o6f53k","x":2324,"y":699,"tool":"Pencil"}]},"ljx0o6fqvz":{"type":"line","id":"ljx0o6fqvz","color":"#ff4136","size":10,"tool":"Pencil","time":1560793546066,"_children":[{"type":"child","parent":"ljx0o6fqvz","x":1999,"y":620,"tool":"Pencil"}]},"ljx0o6gmds":{"type":"line","id":"ljx0o6gmds","color":"#ff4136","size":10,"tool":"Pencil","time":1560793547200,"_children":[{"type":"child","parent":"ljx0o6gmds","x":2230,"y":268,"tool":"Pencil"},{"type":"child","parent":"ljx0o6gmds","x":2230,"y":268,"tool":"Pencil"}]},"ljx0o6h797":{"type":"line","id":"ljx0o6h797","color":"#ff4136","size":10,"tool":"Pencil","time":1560793547954,"_children":[{"type":"child","parent":"ljx0o6h797","x":1952,"y":639,"tool":"Pencil"}]},"ljx0o6i2fs":{"type":"line","id":"ljx0o6i2fs","color":"#ff4136","size":10,"tool":"Pencil","time":1560793549092,"_children":[{"type":"child","parent":"ljx0o6i2fs","x":2023,"y":655,"tool":"Pencil"},{"type":"child","parent":"ljx0o6i2fs","x":2023,"y":655,"tool":"Pencil"}]},"ljx0o6iq7a":{"type":"line","id":"ljx0o6iq7a","color":"#ff4136","size":10,"tool":"Pencil","time":1560793549937,"_children":[{"type":"child","parent":"ljx0o6iq7a","x":1583,"y":659,"tool":"Pencil"},{"type":"child","parent":"ljx0o6iq7a","x":1583,"y":659,"tool":"Pencil"}]},"ljx0o6k51a":{"type":"line","id":"ljx0o6k51a","color":"#ff4136","size":10,"tool":"Pencil","time":1560793551762,"_children":[{"type":"child","parent":"ljx0o6k51a","x":1856,"y":536,"tool":"Pencil"},{"type":"child","parent":"ljx0o6k51a","x":1856,"y":536,"tool":"Pencil"}]},"ljx0o6mlhs":{"type":"line","id":"ljx0o6mlhs","color":"#ff4136","size":10,"tool":"Pencil","time":1560793554943,"_children":[{"type":"child","parent":"ljx0o6mlhs","x":1007,"y":17,"tool":"Pencil"},{"type":"child","parent":"ljx0o6mlhs","x":1007,"y":17,"tool":"Pencil"}]},"ljx0o6ngbh":{"type":"line","id":"ljx0o6ngbh","color":"#ff4136","size":10,"tool":"Pencil","time":1560793556063,"_children":[{"type":"child","parent":"ljx0o6ngbh","x":484,"y":38,"tool":"Pencil"},{"type":"child","parent":"ljx0o6ngbh","x":484,"y":38,"tool":"Pencil"}]},"ljx0o6p2tr":{"type":"line","id":"ljx0o6p2tr","color":"#ff4136","size":10,"tool":"Pencil","time":1560793558159,"_children":[{"type":"child","parent":"ljx0o6p2tr","x":652,"y":700,"tool":"Pencil"},{"type":"child","parent":"ljx0o6p2tr","x":652,"y":700,"tool":"Pencil"}]},"tjx1ww079r":{"type":"new","id":"tjx1ww079r","color":"#2ecc40","size":27,"x":3998,"y":2483.5,"tool":"Text","time":1560868642874,"txt":"😈"},"tjx1ww3xik":{"type":"new","id":"tjx1ww3xik","color":"#2ecc40","size":27,"x":3998,"y":2524,"tool":"Text","time":1560868647699,"txt":""},"tjx1ww4uy5":{"type":"new","id":"tjx1ww4uy5","color":"#2ecc40","size":27,"x":4093,"y":2160.5,"tool":"Text","time":1560868648904},"tjx1ww6j6k":{"type":"new","id":"tjx1ww6j6k","color":"#2ecc40","size":27,"x":3638,"y":2209.5,"tool":"Text","time":1560868651074}}