{"lk77hu220n":{"type":"line","id":"lk77hu220n","color":"#ffdc00","size":10,"tool":"Pencil","time":1582973977422,"_children":[{"type":"child","parent":"lk77hu220n","x":488,"y":114,"tool":"Pencil"},{"type":"child","parent":"lk77hu220n","x":493,"y":125,"tool":"Pencil"},{"type":"child","parent":"lk77hu220n","x":542,"y":169,"tool":"Pencil"},{"type":"child","parent":"lk77hu220n","x":571,"y":166,"tool":"Pencil"},{"type":"child","parent":"lk77hu220n","x":583,"y":156,"tool":"Pencil"},{"type":"child","parent":"lk77hu220n","x":581,"y":152,"tool":"Pencil"}]},"lk77hu2mfj":{"type":"line","id":"lk77hu2mfj","color":"#ffdc00","size":10,"tool":"Pencil","time":1582973978161,"_children":[{"type":"child","parent":"lk77hu2mfj","x":687,"y":192,"tool":"Pencil"},{"type":"child","parent":"lk77hu2mfj","x":698,"y":188,"tool":"Pencil"},{"type":"child","parent":"lk77hu2mfj","x":721,"y":140,"tool":"Pencil"},{"type":"child","parent":"lk77hu2mfj","x":725,"y":77,"tool":"Pencil"}]},"lk77hu31o5":{"type":"line","id":"lk77hu31o5","color":"#ffdc00","size":10,"tool":"Pencil","time":1582973978707,"_children":[{"type":"child","parent":"lk77hu31o5","x":801,"y":97,"tool":"Pencil"},{"type":"child","parent":"lk77hu31o5","x":804,"y":100,"tool":"Pencil"},{"type":"child","parent":"lk77hu31o5","x":788,"y":111,"tool":"Pencil"},{"type":"child","parent":"lk77hu31o5","x":787,"y":111,"tool":"Pencil"}]},"lk77hu3p4o":{"type":"line","id":"lk77hu3p4o","color":"#ffdc00","size":10,"tool":"Pencil","time":1582973979550,"_children":[{"type":"child","parent":"lk77hu3p4o","x":769,"y":168,"tool":"Pencil"},{"type":"child","parent":"lk77hu3p4o","x":769,"y":168,"tool":"Pencil"},{"type":"child","parent":"lk77hu3p4o","x":770,"y":133,"tool":"Pencil"},{"type":"child","parent":"lk77hu3p4o","x":774,"y":119,"tool":"Pencil"},{"type":"child","parent":"lk77hu3p4o","x":774,"y":121,"tool":"Pencil"},{"type":"child","parent":"lk77hu3p4o","x":773,"y":144,"tool":"Pencil"},{"type":"child","parent":"lk77hu3p4o","x":773,"y":148,"tool":"Pencil"},{"type":"child","parent":"lk77hu3p4o","x":779,"y":166,"tool":"Pencil"},{"type":"child","parent":"lk77hu3p4o","x":779,"y":166,"tool":"Pencil"}]},"lk77hu4kps":{"type":"line","id":"lk77hu4kps","color":"#ffdc00","size":10,"tool":"Pencil","time":1582973980686,"_children":[{"type":"child","parent":"lk77hu4kps","x":772,"y":161,"tool":"Pencil"},{"type":"child","parent":"lk77hu4kps","x":776,"y":160,"tool":"Pencil"},{"type":"child","parent":"lk77hu4kps","x":841,"y":155,"tool":"Pencil"},{"type":"child","parent":"lk77hu4kps","x":841,"y":155,"tool":"Pencil"}]},"lk77hu4wp5":{"type":"line","id":"lk77hu4wp5","color":"#ffdc00","size":10,"tool":"Pencil","time":1582973981119,"_children":[{"type":"child","parent":"lk77hu4wp5","x":851,"y":156,"tool":"Pencil"},{"type":"child","parent":"lk77hu4wp5","x":850,"y":155,"tool":"Pencil"},{"type":"child","parent":"lk77hu4wp5","x":821,"y":157,"tool":"Pencil"},{"type":"child","parent":"lk77hu4wp5","x":757,"y":178,"tool":"Pencil"},{"type":"child","parent":"lk77hu4wp5","x":768,"y":193,"tool":"Pencil"},{"type":"child","parent":"lk77hu4wp5","x":787,"y":183,"tool":"Pencil"},{"type":"child","parent":"lk77hu4wp5","x":804,"y":167,"tool":"Pencil"},{"type":"child","parent":"lk77hu4wp5","x":804,"y":167,"tool":"Pencil"},{"type":"child","parent":"lk77hu4wp5","x":821,"y":218,"tool":"Pencil"},{"type":"child","parent":"lk77hu4wp5","x":829,"y":219,"tool":"Pencil"}]}}