{"ljp1nb6335":{"type":"line","id":"ljp1nb6335","color":"#1913b0","size":"10","tool":"Pencil","_children":[{"type":"child","parent":"ljp1nb6335","x":344,"y":138,"tool":"Pencil"},{"type":"child","parent":"ljp1nb6335","x":345,"y":164,"tool":"Pencil"},{"type":"child","parent":"ljp1nb6335","x":356,"y":202,"tool":"Pencil"},{"type":"child","parent":"ljp1nb6335","x":405,"y":214,"tool":"Pencil"},{"type":"child","parent":"ljp1nb6335","x":482,"y":181,"tool":"Pencil"},{"type":"child","parent":"ljp1nb6335","x":561,"y":149,"tool":"Pencil"},{"type":"child","parent":"ljp1nb6335","x":627,"y":154,"tool":"Pencil"},{"type":"child","parent":"ljp1nb6335","x":652,"y":203,"tool":"Pencil"}]},"ljp1nb76k0":{"type":"line","id":"ljp1nb76k0","color":"#1913b0","size":"10","tool":"Pencil","_children":[{"type":"child","parent":"ljp1nb76k0","x":314,"y":498,"tool":"Pencil"},{"type":"child","parent":"ljp1nb76k0","x":327,"y":472,"tool":"Pencil"},{"type":"child","parent":"ljp1nb76k0","x":382,"y":364,"tool":"Pencil"},{"type":"child","parent":"ljp1nb76k0","x":416,"y":329,"tool":"Pencil"},{"type":"child","parent":"ljp1nb76k0","x":451,"y":395,"tool":"Pencil"},{"type":"child","parent":"ljp1nb76k0","x":465,"y":470,"tool":"Pencil"},{"type":"child","parent":"ljp1nb76k0","x":471,"y":496,"tool":"Pencil"},{"type":"child","parent":"ljp1nb76k0","x":471,"y":497,"tool":"Pencil"}]},"ljp1nb7vzg":{"type":"line","id":"ljp1nb7vzg","color":"#1913b0","size":"10","tool":"Pencil","_children":[{"type":"child","parent":"ljp1nb7vzg","x":330,"y":438,"tool":"Pencil"},{"type":"child","parent":"ljp1nb7vzg","x":385,"y":435,"tool":"Pencil"},{"type":"child","parent":"ljp1nb7vzg","x":447,"y":430,"tool":"Pencil"},{"type":"child","parent":"ljp1nb7vzg","x":450,"y":432,"tool":"Pencil"}]},"ljp1nb8isy":{"type":"line","id":"ljp1nb8isy","color":"#1913b0","size":"10","tool":"Pencil","_children":[{"type":"child","parent":"ljp1nb8isy","x":658,"y":374,"tool":"Pencil"},{"type":"child","parent":"ljp1nb8isy","x":667,"y":448,"tool":"Pencil"},{"type":"child","parent":"ljp1nb8isy","x":674,"y":508,"tool":"Pencil"},{"type":"child","parent":"ljp1nb8isy","x":677,"y":515,"tool":"Pencil"}]},"ljp1nb8wzt":{"type":"line","id":"ljp1nb8wzt","color":"#1913b0","size":"10","tool":"Pencil","_children":[{"type":"child","parent":"ljp1nb8wzt","x":643,"y":370,"tool":"Pencil"},{"type":"child","parent":"ljp1nb8wzt","x":668,"y":363,"tool":"Pencil"},{"type":"child","parent":"ljp1nb8wzt","x":760,"y":380,"tool":"Pencil"},{"type":"child","parent":"ljp1nb8wzt","x":794,"y":426,"tool":"Pencil"},{"type":"child","parent":"ljp1nb8wzt","x":758,"y":476,"tool":"Pencil"},{"type":"child","parent":"ljp1nb8wzt","x":730,"y":483,"tool":"Pencil"},{"type":"child","parent":"ljp1nb8wzt","x":745,"y":478,"tool":"Pencil"},{"type":"child","parent":"ljp1nb8wzt","x":820,"y":491,"tool":"Pencil"},{"type":"child","parent":"ljp1nb8wzt","x":840,"y":519,"tool":"Pencil"},{"type":"child","parent":"ljp1nb8wzt","x":798,"y":544,"tool":"Pencil"},{"type":"child","parent":"ljp1nb8wzt","x":707,"y":517,"tool":"Pencil"},{"type":"child","parent":"ljp1nb8wzt","x":665,"y":496,"tool":"Pencil"}]},"ljp1nb9y0g":{"type":"line","id":"ljp1nb9y0g","color":"#1913b0","size":"10","tool":"Pencil","_children":[{"type":"child","parent":"ljp1nb9y0g","x":1030,"y":383,"tool":"Pencil"},{"type":"child","parent":"ljp1nb9y0g","x":996,"y":396,"tool":"Pencil"},{"type":"child","parent":"ljp1nb9y0g","x":929,"y":456,"tool":"Pencil"},{"type":"child","parent":"ljp1nb9y0g","x":951,"y":516,"tool":"Pencil"},{"type":"child","parent":"ljp1nb9y0g","x":1022,"y":519,"tool":"Pencil"},{"type":"child","parent":"ljp1nb9y0g","x":1047,"y":514,"tool":"Pencil"}]},"ljp1nbaoan":{"type":"line","id":"ljp1nbaoan","color":"#1913b0","size":"10","tool":"Pencil","_children":[{"type":"child","parent":"ljp1nbaoan","x":339,"y":602,"tool":"Pencil"},{"type":"child","parent":"ljp1nbaoan","x":338,"y":666,"tool":"Pencil"},{"type":"child","parent":"ljp1nbaoan","x":349,"y":787,"tool":"Pencil"}]},"ljp1nbazfp":{"type":"line","id":"ljp1nbazfp","color":"#1913b0","size":"10","tool":"Pencil","_children":[{"type":"child","parent":"ljp1nbazfp","x":339,"y":594,"tool":"Pencil"},{"type":"child","parent":"ljp1nbazfp","x":378,"y":597,"tool":"Pencil"},{"type":"child","parent":"ljp1nbazfp","x":469,"y":651,"tool":"Pencil"},{"type":"child","parent":"ljp1nbazfp","x":471,"y":771,"tool":"Pencil"},{"type":"child","parent":"ljp1nbazfp","x":385,"y":822,"tool":"Pencil"},{"type":"child","parent":"ljp1nbazfp","x":299,"y":799,"tool":"Pencil"}]},"ljp1nbbz72":{"type":"line","id":"ljp1nbbz72","color":"#1913b0","size":"10","tool":"Pencil","_children":[{"type":"child","parent":"ljp1nbbz72","x":620,"y":699,"tool":"Pencil"},{"type":"child","parent":"ljp1nbbz72","x":586,"y":770,"tool":"Pencil"},{"type":"child","parent":"ljp1nbbz72","x":679,"y":773,"tool":"Pencil"},{"type":"child","parent":"ljp1nbbz72","x":751,"y":748,"tool":"Pencil"}]},"ljp1nbcbcu":{"type":"line","id":"ljp1nbcbcu","color":"#1913b0","size":"10","tool":"Pencil","_children":[{"type":"child","parent":"ljp1nbcbcu","x":631,"y":728,"tool":"Pencil"},{"type":"child","parent":"ljp1nbcbcu","x":713,"y":719,"tool":"Pencil"}]},"ljp1nbcj3l":{"type":"line","id":"ljp1nbcj3l","color":"#1913b0","size":"10","tool":"Pencil","_children":[{"type":"child","parent":"ljp1nbcj3l","x":579,"y":698,"tool":"Pencil"},{"type":"child","parent":"ljp1nbcj3l","x":667,"y":680,"tool":"Pencil"}]},"ljp1nbcrzb":{"type":"line","id":"ljp1nbcrzb","color":"#1913b0","size":"10","tool":"Pencil","_children":[{"type":"child","parent":"ljp1nbcrzb","x":857,"y":698,"tool":"Pencil"},{"type":"child","parent":"ljp1nbcrzb","x":851,"y":739,"tool":"Pencil"},{"type":"child","parent":"ljp1nbcrzb","x":845,"y":786,"tool":"Pencil"}]},"ljp1nbd0ws":{"type":"line","id":"ljp1nbd0ws","color":"#1913b0","size":"10","tool":"Pencil","_children":[{"type":"child","parent":"ljp1nbd0ws","x":832,"y":730,"tool":"Pencil"},{"type":"child","parent":"ljp1nbd0ws","x":892,"y":731,"tool":"Pencil"},{"type":"child","parent":"ljp1nbd0ws","x":938,"y":732,"tool":"Pencil"}]},"ljp1nbd9mu":{"type":"line","id":"ljp1nbd9mu","color":"#1913b0","size":"10","tool":"Pencil","_children":[{"type":"child","parent":"ljp1nbd9mu","x":832,"y":699,"tool":"Pencil"},{"type":"child","parent":"ljp1nbd9mu","x":859,"y":697,"tool":"Pencil"},{"type":"child","parent":"ljp1nbd9mu","x":970,"y":686,"tool":"Pencil"},{"type":"child","parent":"ljp1nbd9mu","x":990,"y":685,"tool":"Pencil"}]},"ljp1nbdrx7":{"type":"line","id":"ljp1nbdrx7","color":"#1913b0","size":"10","tool":"Pencil","_children":[{"type":"child","parent":"ljp1nbdrx7","x":1117,"y":682,"tool":"Pencil"},{"type":"child","parent":"ljp1nbdrx7","x":1095,"y":690,"tool":"Pencil"},{"type":"child","parent":"ljp1nbdrx7","x":1042,"y":729,"tool":"Pencil"},{"type":"child","parent":"ljp1nbdrx7","x":1024,"y":784,"tool":"Pencil"},{"type":"child","parent":"ljp1nbdrx7","x":1060,"y":839,"tool":"Pencil"},{"type":"child","parent":"ljp1nbdrx7","x":1144,"y":790,"tool":"Pencil"},{"type":"child","parent":"ljp1nbdrx7","x":1171,"y":762,"tool":"Pencil"},{"type":"child","parent":"ljp1nbdrx7","x":1182,"y":761,"tool":"Pencil"},{"type":"child","parent":"ljp1nbdrx7","x":1161,"y":760,"tool":"Pencil"},{"type":"child","parent":"ljp1nbdrx7","x":1075,"y":753,"tool":"Pencil"},{"type":"child","parent":"ljp1nbdrx7","x":1073,"y":753,"tool":"Pencil"}]}}