{"ljp1nrrpcr":{"type":"line","id":"ljp1nrrpcr","color":"#1913b0","size":"10","tool":"Pencil","_children":[{"type":"child","parent":"ljp1nrrpcr","x":382,"y":293,"tool":"Pencil"},{"type":"child","parent":"ljp1nrrpcr","x":386,"y":296,"tool":"Pencil"},{"type":"child","parent":"ljp1nrrpcr","x":465,"y":363,"tool":"Pencil"},{"type":"child","parent":"ljp1nrrpcr","x":606,"y":476,"tool":"Pencil"},{"type":"child","parent":"ljp1nrrpcr","x":641,"y":505,"tool":"Pencil"},{"type":"child","parent":"ljp1nrrpcr","x":646,"y":503,"tool":"Pencil"},{"type":"child","parent":"ljp1nrrpcr","x":646,"y":501,"tool":"Pencil"}]},"ljp1nrsoms":{"type":"line","id":"ljp1nrsoms","color":"#1913b0","size":"10","tool":"Pencil","_children":[{"type":"child","parent":"ljp1nrsoms","x":689,"y":412,"tool":"Pencil"},{"type":"child","parent":"ljp1nrsoms","x":689,"y":413,"tool":"Pencil"},{"type":"child","parent":"ljp1nrsoms","x":721,"y":463,"tool":"Pencil"},{"type":"child","parent":"ljp1nrsoms","x":770,"y":513,"tool":"Pencil"},{"type":"child","parent":"ljp1nrsoms","x":793,"y":519,"tool":"Pencil"},{"type":"child","parent":"ljp1nrsoms","x":806,"y":452,"tool":"Pencil"},{"type":"child","parent":"ljp1nrsoms","x":770,"y":375,"tool":"Pencil"},{"type":"child","parent":"ljp1nrsoms","x":720,"y":393,"tool":"Pencil"},{"type":"child","parent":"ljp1nrsoms","x":724,"y":475,"tool":"Pencil"},{"type":"child","parent":"ljp1nrsoms","x":790,"y":515,"tool":"Pencil"},{"type":"child","parent":"ljp1nrsoms","x":829,"y":481,"tool":"Pencil"},{"type":"child","parent":"ljp1nrsoms","x":802,"y":430,"tool":"Pencil"},{"type":"child","parent":"ljp1nrsoms","x":775,"y":448,"tool":"Pencil"},{"type":"child","parent":"ljp1nrsoms","x":793,"y":504,"tool":"Pencil"},{"type":"child","parent":"ljp1nrsoms","x":814,"y":479,"tool":"Pencil"},{"type":"child","parent":"ljp1nrsoms","x":801,"y":437,"tool":"Pencil"},{"type":"child","parent":"ljp1nrsoms","x":790,"y":449,"tool":"Pencil"},{"type":"child","parent":"ljp1nrsoms","x":832,"y":461,"tool":"Pencil"},{"type":"child","parent":"ljp1nrsoms","x":846,"y":413,"tool":"Pencil"},{"type":"child","parent":"ljp1nrsoms","x":835,"y":402,"tool":"Pencil"},{"type":"child","parent":"ljp1nrsoms","x":835,"y":403,"tool":"Pencil"}]},"rjp1nrw165":{"type":"rect","id":"rjp1nrw165","color":"#1913b0","size":"10","x":420,"y":172,"x2":650,"y2":351,"tool":"Rectangle"}}