{"tjpnihks54":{"type":"new","id":"tjpnihks54","color":"#45d246","size":27,"x":1217,"y":298,"tool":"Text","time":1544760451520,"txt":""},"rjpniit9p3":{"type":"rect","id":"rjpniit9p3","color":"#7fdbff","size":10,"x":729,"y":163,"x2":940,"y2":233,"tool":"Rectangle","time":1544760509185},"ljpnij8be5":{"type":"line","id":"ljpnij8be5","color":"#ff19f0","size":10,"tool":"Pencil","time":1544760528684,"_children":[{"type":"child","parent":"ljpnij8be5","x":745,"y":160,"tool":"Pencil"},{"type":"child","parent":"ljpnij8be5","x":745,"y":160,"tool":"Pencil"}]},"ljpnijc4he":{"type":"line","id":"ljpnijc4he","color":"#ff19f0","size":10,"tool":"Pencil","time":1544760533620,"_children":[{"type":"child","parent":"ljpnijc4he","x":750,"y":136,"tool":"Pencil"},{"type":"child","parent":"ljpnijc4he","x":750,"y":136,"tool":"Pencil"}]},"ljpnijcmng":{"type":"line","id":"ljpnijcmng","color":"#ff19f0","size":10,"tool":"Pencil","time":1544760534273,"_children":[{"type":"child","parent":"ljpnijcmng","x":750,"y":136,"tool":"Pencil"},{"type":"child","parent":"ljpnijcmng","x":752,"y":136,"tool":"Pencil"},{"type":"child","parent":"ljpnijcmng","x":781,"y":134,"tool":"Pencil"},{"type":"child","parent":"ljpnijcmng","x":795,"y":131,"tool":"Pencil"},{"type":"child","parent":"ljpnijcmng","x":803,"y":130,"tool":"Pencil"},{"type":"child","parent":"ljpnijcmng","x":813,"y":129,"tool":"Pencil"},{"type":"child","parent":"ljpnijcmng","x":826,"y":128,"tool":"Pencil"},{"type":"child","parent":"ljpnijcmng","x":839,"y":129,"tool":"Pencil"},{"type":"child","parent":"ljpnijcmng","x":846,"y":129,"tool":"Pencil"},{"type":"child","parent":"ljpnijcmng","x":849,"y":129,"tool":"Pencil"},{"type":"child","parent":"ljpnijcmng","x":854,"y":130,"tool":"Pencil"},{"type":"child","parent":"ljpnijcmng","x":866,"y":131,"tool":"Pencil"},{"type":"child","parent":"ljpnijcmng","x":874,"y":131,"tool":"Pencil"},{"type":"child","parent":"ljpnijcmng","x":884,"y":130,"tool":"Pencil"},{"type":"child","parent":"ljpnijcmng","x":889,"y":130,"tool":"Pencil"},{"type":"child","parent":"ljpnijcmng","x":894,"y":131,"tool":"Pencil"},{"type":"child","parent":"ljpnijcmng","x":895,"y":132,"tool":"Pencil"},{"type":"child","parent":"ljpnijcmng","x":896,"y":132,"tool":"Pencil"},{"type":"child","parent":"ljpnijcmng","x":897,"y":133,"tool":"Pencil"},{"type":"child","parent":"ljpnijcmng","x":898,"y":133,"tool":"Pencil"},{"type":"child","parent":"ljpnijcmng","x":899,"y":133,"tool":"Pencil"}]},"ljpnijfboa":{"type":"line","id":"ljpnijfboa","color":"#ff19f0","size":10,"tool":"Pencil","time":1544760537774,"_children":[{"type":"child","parent":"ljpnijfboa","x":746,"y":157,"tool":"Pencil"},{"type":"child","parent":"ljpnijfboa","x":746,"y":157,"tool":"Pencil"},{"type":"child","parent":"ljpnijfboa","x":749,"y":153,"tool":"Pencil"},{"type":"child","parent":"ljpnijfboa","x":750,"y":152,"tool":"Pencil"},{"type":"child","parent":"ljpnijfboa","x":751,"y":150,"tool":"Pencil"},{"type":"child","parent":"ljpnijfboa","x":751,"y":149,"tool":"Pencil"},{"type":"child","parent":"ljpnijfboa","x":753,"y":148,"tool":"Pencil"},{"type":"child","parent":"ljpnijfboa","x":753,"y":147,"tool":"Pencil"},{"type":"child","parent":"ljpnijfboa","x":755,"y":145,"tool":"Pencil"},{"type":"child","parent":"ljpnijfboa","x":756,"y":144,"tool":"Pencil"},{"type":"child","parent":"ljpnijfboa","x":756,"y":143,"tool":"Pencil"}]},"ljpnijh92q":{"type":"line","id":"ljpnijh92q","color":"#ff19f0","size":10,"tool":"Pencil","time":1544760540265,"_children":[{"type":"child","parent":"ljpnijh92q","x":743,"y":160,"tool":"Pencil"},{"type":"child","parent":"ljpnijh92q","x":742,"y":160,"tool":"Pencil"},{"type":"child","parent":"ljpnijh92q","x":717,"y":169,"tool":"Pencil"},{"type":"child","parent":"ljpnijh92q","x":713,"y":171,"tool":"Pencil"},{"type":"child","parent":"ljpnijh92q","x":711,"y":172,"tool":"Pencil"},{"type":"child","parent":"ljpnijh92q","x":707,"y":173,"tool":"Pencil"},{"type":"child","parent":"ljpnijh92q","x":706,"y":173,"tool":"Pencil"},{"type":"child","parent":"ljpnijh92q","x":703,"y":175,"tool":"Pencil"},{"type":"child","parent":"ljpnijh92q","x":702,"y":175,"tool":"Pencil"},{"type":"child","parent":"ljpnijh92q","x":701,"y":176,"tool":"Pencil"},{"type":"child","parent":"ljpnijh92q","x":699,"y":177,"tool":"Pencil"}]},"ljpnijjrvd":{"type":"line","id":"ljpnijjrvd","color":"#ff19f0","size":10,"tool":"Pencil","time":1544760543534,"_children":[{"type":"child","parent":"ljpnijjrvd","x":621,"y":209,"tool":"Pencil"},{"type":"child","parent":"ljpnijjrvd","x":626,"y":209,"tool":"Pencil"},{"type":"child","parent":"ljpnijjrvd","x":660,"y":222,"tool":"Pencil"},{"type":"child","parent":"ljpnijjrvd","x":661,"y":223,"tool":"Pencil"}]},"ljpnijkouv":{"type":"line","id":"ljpnijkouv","color":"#ff19f0","size":10,"tool":"Pencil","time":1544760544720,"_children":[{"type":"child","parent":"ljpnijkouv","x":638,"y":205,"tool":"Pencil"},{"type":"child","parent":"ljpnijkouv","x":650,"y":191,"tool":"Pencil"},{"type":"child","parent":"ljpnijkouv","x":677,"y":169,"tool":"Pencil"},{"type":"child","parent":"ljpnijkouv","x":685,"y":165,"tool":"Pencil"},{"type":"child","parent":"ljpnijkouv","x":687,"y":164,"tool":"Pencil"},{"type":"child","parent":"ljpnijkouv","x":695,"y":169,"tool":"Pencil"},{"type":"child","parent":"ljpnijkouv","x":708,"y":177,"tool":"Pencil"},{"type":"child","parent":"ljpnijkouv","x":709,"y":178,"tool":"Pencil"},{"type":"child","parent":"ljpnijkouv","x":709,"y":178,"tool":"Pencil"},{"type":"child","parent":"ljpnijkouv","x":712,"y":193,"tool":"Pencil"},{"type":"child","parent":"ljpnijkouv","x":713,"y":195,"tool":"Pencil"},{"type":"child","parent":"ljpnijkouv","x":660,"y":226,"tool":"Pencil"},{"type":"child","parent":"ljpnijkouv","x":651,"y":231,"tool":"Pencil"},{"type":"child","parent":"ljpnijkouv","x":651,"y":231,"tool":"Pencil"}]},"ljpnijsnda":{"type":"line","id":"ljpnijsnda","color":"#ff19f0","size":10,"tool":"Pencil","time":1544760555040,"_children":[{"type":"child","parent":"ljpnijsnda","x":789,"y":327,"tool":"Pencil"},{"type":"child","parent":"ljpnijsnda","x":787,"y":325,"tool":"Pencil"},{"type":"child","parent":"ljpnijsnda","x":787,"y":316,"tool":"Pencil"},{"type":"child","parent":"ljpnijsnda","x":791,"y":310,"tool":"Pencil"},{"type":"child","parent":"ljpnijsnda","x":799,"y":311,"tool":"Pencil"},{"type":"child","parent":"ljpnijsnda","x":823,"y":328,"tool":"Pencil"},{"type":"child","parent":"ljpnijsnda","x":825,"y":330,"tool":"Pencil"},{"type":"child","parent":"ljpnijsnda","x":820,"y":335,"tool":"Pencil"},{"type":"child","parent":"ljpnijsnda","x":790,"y":339,"tool":"Pencil"},{"type":"child","parent":"ljpnijsnda","x":775,"y":341,"tool":"Pencil"},{"type":"child","parent":"ljpnijsnda","x":774,"y":341,"tool":"Pencil"},{"type":"child","parent":"ljpnijsnda","x":773,"y":331,"tool":"Pencil"},{"type":"child","parent":"ljpnijsnda","x":777,"y":326,"tool":"Pencil"},{"type":"child","parent":"ljpnijsnda","x":780,"y":324,"tool":"Pencil"}]},"ljpnijtuah":{"type":"line","id":"ljpnijtuah","color":"#ff19f0","size":10,"tool":"Pencil","time":1544760556595,"_children":[{"type":"child","parent":"ljpnijtuah","x":790,"y":299,"tool":"Pencil"},{"type":"child","parent":"ljpnijtuah","x":791,"y":278,"tool":"Pencil"},{"type":"child","parent":"ljpnijtuah","x":794,"y":261,"tool":"Pencil"},{"type":"child","parent":"ljpnijtuah","x":797,"y":246,"tool":"Pencil"},{"type":"child","parent":"ljpnijtuah","x":799,"y":234,"tool":"Pencil"},{"type":"child","parent":"ljpnijtuah","x":800,"y":227,"tool":"Pencil"},{"type":"child","parent":"ljpnijtuah","x":800,"y":222,"tool":"Pencil"},{"type":"child","parent":"ljpnijtuah","x":800,"y":221,"tool":"Pencil"}]},"ljpnijufl10":{"type":"line","id":"ljpnijufl10","color":"#ff19f0","size":10,"tool":"Pencil","time":1544760557348,"_children":[{"type":"child","parent":"ljpnijufl10","x":800,"y":221,"tool":"Pencil"},{"type":"child","parent":"ljpnijufl10","x":799,"y":222,"tool":"Pencil"},{"type":"child","parent":"ljpnijufl10","x":783,"y":238,"tool":"Pencil"},{"type":"child","parent":"ljpnijufl10","x":782,"y":239,"tool":"Pencil"}]},"ljpnijv37k":{"type":"line","id":"ljpnijv37k","color":"#ff19f0","size":10,"tool":"Pencil","time":1544760558198,"_children":[{"type":"child","parent":"ljpnijv37k","x":801,"y":219,"tool":"Pencil"},{"type":"child","parent":"ljpnijv37k","x":824,"y":234,"tool":"Pencil"},{"type":"child","parent":"ljpnijv37k","x":833,"y":244,"tool":"Pencil"},{"type":"child","parent":"ljpnijv37k","x":833,"y":244,"tool":"Pencil"}]},"ljpnijvoqk":{"type":"line","id":"ljpnijvoqk","color":"#ff19f0","size":10,"tool":"Pencil","time":1544760558974,"_children":[{"type":"child","parent":"ljpnijvoqk","x":775,"y":325,"tool":"Pencil"},{"type":"child","parent":"ljpnijvoqk","x":774,"y":324,"tool":"Pencil"},{"type":"child","parent":"ljpnijvoqk","x":753,"y":304,"tool":"Pencil"},{"type":"child","parent":"ljpnijvoqk","x":682,"y":250,"tool":"Pencil"},{"type":"child","parent":"ljpnijvoqk","x":653,"y":231,"tool":"Pencil"},{"type":"child","parent":"ljpnijvoqk","x":652,"y":231,"tool":"Pencil"}]},"ljpnijwbov":{"type":"line","id":"ljpnijwbov","color":"#ff19f0","size":10,"tool":"Pencil","time":1544760559799,"_children":[{"type":"child","parent":"ljpnijwbov","x":658,"y":239,"tool":"Pencil"},{"type":"child","parent":"ljpnijwbov","x":659,"y":240,"tool":"Pencil"},{"type":"child","parent":"ljpnijwbov","x":660,"y":248,"tool":"Pencil"},{"type":"child","parent":"ljpnijwbov","x":661,"y":263,"tool":"Pencil"},{"type":"child","parent":"ljpnijwbov","x":661,"y":263,"tool":"Pencil"}]},"ljpnijwvpw":{"type":"line","id":"ljpnijwvpw","color":"#ff19f0","size":10,"tool":"Pencil","time":1544760560520,"_children":[{"type":"child","parent":"ljpnijwvpw","x":666,"y":241,"tool":"Pencil"},{"type":"child","parent":"ljpnijwvpw","x":669,"y":239,"tool":"Pencil"},{"type":"child","parent":"ljpnijwvpw","x":681,"y":239,"tool":"Pencil"},{"type":"child","parent":"ljpnijwvpw","x":688,"y":241,"tool":"Pencil"},{"type":"child","parent":"ljpnijwvpw","x":689,"y":241,"tool":"Pencil"},{"type":"child","parent":"ljpnijwvpw","x":699,"y":239,"tool":"Pencil"},{"type":"child","parent":"ljpnijwvpw","x":703,"y":238,"tool":"Pencil"}]},"ljpnik00j9":{"type":"line","id":"ljpnik00j9","color":"#ff19f0","size":10,"tool":"Pencil","time":1544760564581,"_children":[{"type":"child","parent":"ljpnik00j9","x":754,"y":128,"tool":"Pencil"},{"type":"child","parent":"ljpnik00j9","x":754,"y":127,"tool":"Pencil"},{"type":"child","parent":"ljpnik00j9","x":753,"y":118,"tool":"Pencil"},{"type":"child","parent":"ljpnik00j9","x":754,"y":107,"tool":"Pencil"},{"type":"child","parent":"ljpnik00j9","x":754,"y":104,"tool":"Pencil"},{"type":"child","parent":"ljpnik00j9","x":757,"y":103,"tool":"Pencil"},{"type":"child","parent":"ljpnik00j9","x":819,"y":93,"tool":"Pencil"},{"type":"child","parent":"ljpnik00j9","x":835,"y":93,"tool":"Pencil"},{"type":"child","parent":"ljpnik00j9","x":839,"y":93,"tool":"Pencil"},{"type":"child","parent":"ljpnik00j9","x":839,"y":93,"tool":"Pencil"},{"type":"child","parent":"ljpnik00j9","x":840,"y":109,"tool":"Pencil"},{"type":"child","parent":"ljpnik00j9","x":841,"y":112,"tool":"Pencil"}]},"ljpnik2fcr":{"type":"line","id":"ljpnik2fcr","color":"#ff19f0","size":10,"tool":"Pencil","time":1544760567707,"_children":[{"type":"child","parent":"ljpnik2fcr","x":741,"y":138,"tool":"Pencil"},{"type":"child","parent":"ljpnik2fcr","x":741,"y":137,"tool":"Pencil"},{"type":"child","parent":"ljpnik2fcr","x":738,"y":136,"tool":"Pencil"},{"type":"child","parent":"ljpnik2fcr","x":730,"y":137,"tool":"Pencil"},{"type":"child","parent":"ljpnik2fcr","x":729,"y":137,"tool":"Pencil"},{"type":"child","parent":"ljpnik2fcr","x":725,"y":142,"tool":"Pencil"},{"type":"child","parent":"ljpnik2fcr","x":717,"y":146,"tool":"Pencil"},{"type":"child","parent":"ljpnik2fcr","x":706,"y":148,"tool":"Pencil"},{"type":"child","parent":"ljpnik2fcr","x":701,"y":147,"tool":"Pencil"},{"type":"child","parent":"ljpnik2fcr","x":696,"y":147,"tool":"Pencil"},{"type":"child","parent":"ljpnik2fcr","x":688,"y":149,"tool":"Pencil"},{"type":"child","parent":"ljpnik2fcr","x":674,"y":153,"tool":"Pencil"},{"type":"child","parent":"ljpnik2fcr","x":671,"y":154,"tool":"Pencil"},{"type":"child","parent":"ljpnik2fcr","x":669,"y":157,"tool":"Pencil"},{"type":"child","parent":"ljpnik2fcr","x":668,"y":158,"tool":"Pencil"},{"type":"child","parent":"ljpnik2fcr","x":667,"y":164,"tool":"Pencil"},{"type":"child","parent":"ljpnik2fcr","x":666,"y":165,"tool":"Pencil"},{"type":"child","parent":"ljpnik2fcr","x":662,"y":161,"tool":"Pencil"},{"type":"child","parent":"ljpnik2fcr","x":660,"y":157,"tool":"Pencil"},{"type":"child","parent":"ljpnik2fcr","x":660,"y":156,"tool":"Pencil"},{"type":"child","parent":"ljpnik2fcr","x":660,"y":155,"tool":"Pencil"},{"type":"child","parent":"ljpnik2fcr","x":729,"y":122,"tool":"Pencil"},{"type":"child","parent":"ljpnik2fcr","x":739,"y":118,"tool":"Pencil"},{"type":"child","parent":"ljpnik2fcr","x":741,"y":118,"tool":"Pencil"},{"type":"child","parent":"ljpnik2fcr","x":743,"y":123,"tool":"Pencil"},{"type":"child","parent":"ljpnik2fcr","x":744,"y":125,"tool":"Pencil"},{"type":"child","parent":"ljpnik2fcr","x":744,"y":125,"tool":"Pencil"}]}}