{"ljrs5i9gqs":{"type":"line","id":"ljrs5i9gqs","color":"#ff851b","size":10,"tool":"Pencil","time":1549394490286,"_children":[{"type":"child","parent":"ljrs5i9gqs","x":294,"y":101,"tool":"Pencil"},{"type":"child","parent":"ljrs5i9gqs","x":302,"y":147,"tool":"Pencil"},{"type":"child","parent":"ljrs5i9gqs","x":352,"y":195,"tool":"Pencil"},{"type":"child","parent":"ljrs5i9gqs","x":457,"y":202,"tool":"Pencil"},{"type":"child","parent":"ljrs5i9gqs","x":586,"y":237,"tool":"Pencil"},{"type":"child","parent":"ljrs5i9gqs","x":633,"y":339,"tool":"Pencil"},{"type":"child","parent":"ljrs5i9gqs","x":599,"y":444,"tool":"Pencil"},{"type":"child","parent":"ljrs5i9gqs","x":554,"y":504,"tool":"Pencil"},{"type":"child","parent":"ljrs5i9gqs","x":501,"y":555,"tool":"Pencil"},{"type":"child","parent":"ljrs5i9gqs","x":443,"y":602,"tool":"Pencil"},{"type":"child","parent":"ljrs5i9gqs","x":441,"y":619,"tool":"Pencil"},{"type":"child","parent":"ljrs5i9gqs","x":476,"y":659,"tool":"Pencil"},{"type":"child","parent":"ljrs5i9gqs","x":575,"y":693,"tool":"Pencil"},{"type":"child","parent":"ljrs5i9gqs","x":698,"y":684,"tool":"Pencil"},{"type":"child","parent":"ljrs5i9gqs","x":783,"y":583,"tool":"Pencil"},{"type":"child","parent":"ljrs5i9gqs","x":769,"y":439,"tool":"Pencil"},{"type":"child","parent":"ljrs5i9gqs","x":738,"y":365,"tool":"Pencil"},{"type":"child","parent":"ljrs5i9gqs","x":726,"y":299,"tool":"Pencil"}]},"ljrs5iayrh":{"type":"line","id":"ljrs5iayrh","color":"#ff851b","size":10,"tool":"Pencil","time":1549394492230,"_children":[{"type":"child","parent":"ljrs5iayrh","x":1054,"y":263,"tool":"Pencil"},{"type":"child","parent":"ljrs5iayrh","x":920,"y":398,"tool":"Pencil"},{"type":"child","parent":"ljrs5iayrh","x":1131,"y":780,"tool":"Pencil"}]},"ljrs5ibdu9":{"type":"line","id":"ljrs5ibdu9","color":"#ff851b","size":10,"tool":"Pencil","time":1549394492771,"_children":[{"type":"child","parent":"ljrs5ibdu9","x":674,"y":571,"tool":"Pencil"},{"type":"child","parent":"ljrs5ibdu9","x":902,"y":466,"tool":"Pencil"}]},"ljrs5ibquh":{"type":"line","id":"ljrs5ibquh","color":"#ff851b","size":10,"tool":"Pencil","time":1549394493596,"_children":[{"type":"child","parent":"ljrs5ibquh","x":940,"y":225,"tool":"Pencil"},{"type":"child","parent":"ljrs5ibquh","x":791,"y":210,"tool":"Pencil"},{"type":"child","parent":"ljrs5ibquh","x":701,"y":235,"tool":"Pencil"},{"type":"child","parent":"ljrs5ibquh","x":860,"y":392,"tool":"Pencil"},{"type":"child","parent":"ljrs5ibquh","x":1060,"y":472,"tool":"Pencil"},{"type":"child","parent":"ljrs5ibquh","x":1096,"y":490,"tool":"Pencil"},{"type":"child","parent":"ljrs5ibquh","x":1124,"y":513,"tool":"Pencil"},{"type":"child","parent":"ljrs5ibquh","x":1130,"y":519,"tool":"Pencil"},{"type":"child","parent":"ljrs5ibquh","x":1108,"y":356,"tool":"Pencil"},{"type":"child","parent":"ljrs5ibquh","x":1082,"y":210,"tool":"Pencil"},{"type":"child","parent":"ljrs5ibquh","x":1061,"y":142,"tool":"Pencil"},{"type":"child","parent":"ljrs5ibquh","x":1044,"y":105,"tool":"Pencil"},{"type":"child","parent":"ljrs5ibquh","x":1042,"y":103,"tool":"Pencil"},{"type":"child","parent":"ljrs5ibquh","x":1031,"y":102,"tool":"Pencil"},{"type":"child","parent":"ljrs5ibquh","x":1004,"y":100,"tool":"Pencil"},{"type":"child","parent":"ljrs5ibquh","x":959,"y":104,"tool":"Pencil"},{"type":"child","parent":"ljrs5ibquh","x":913,"y":113,"tool":"Pencil"},{"type":"child","parent":"ljrs5ibquh","x":913,"y":114,"tool":"Pencil"},{"type":"child","parent":"ljrs5ibquh","x":911,"y":153,"tool":"Pencil"},{"type":"child","parent":"ljrs5ibquh","x":914,"y":167,"tool":"Pencil"},{"type":"child","parent":"ljrs5ibquh","x":916,"y":171,"tool":"Pencil"},{"type":"child","parent":"ljrs5ibquh","x":923,"y":171,"tool":"Pencil"},{"type":"child","parent":"ljrs5ibquh","x":931,"y":171,"tool":"Pencil"},{"type":"child","parent":"ljrs5ibquh","x":932,"y":171,"tool":"Pencil"},{"type":"child","parent":"ljrs5ibquh","x":941,"y":172,"tool":"Pencil"},{"type":"child","parent":"ljrs5ibquh","x":942,"y":173,"tool":"Pencil"},{"type":"child","parent":"ljrs5ibquh","x":945,"y":178,"tool":"Pencil"},{"type":"child","parent":"ljrs5ibquh","x":957,"y":197,"tool":"Pencil"},{"type":"child","parent":"ljrs5ibquh","x":962,"y":205,"tool":"Pencil"},{"type":"child","parent":"ljrs5ibquh","x":963,"y":208,"tool":"Pencil"},{"type":"child","parent":"ljrs5ibquh","x":965,"y":212,"tool":"Pencil"},{"type":"child","parent":"ljrs5ibquh","x":966,"y":214,"tool":"Pencil"},{"type":"child","parent":"ljrs5ibquh","x":969,"y":220,"tool":"Pencil"},{"type":"child","parent":"ljrs5ibquh","x":970,"y":225,"tool":"Pencil"},{"type":"child","parent":"ljrs5ibquh","x":970,"y":227,"tool":"Pencil"},{"type":"child","parent":"ljrs5ibquh","x":971,"y":235,"tool":"Pencil"},{"type":"child","parent":"ljrs5ibquh","x":972,"y":240,"tool":"Pencil"},{"type":"child","parent":"ljrs5ibquh","x":972,"y":244,"tool":"Pencil"},{"type":"child","parent":"ljrs5ibquh","x":971,"y":250,"tool":"Pencil"},{"type":"child","parent":"ljrs5ibquh","x":970,"y":252,"tool":"Pencil"},{"type":"child","parent":"ljrs5ibquh","x":968,"y":257,"tool":"Pencil"},{"type":"child","parent":"ljrs5ibquh","x":952,"y":263,"tool":"Pencil"},{"type":"child","parent":"ljrs5ibquh","x":889,"y":276,"tool":"Pencil"},{"type":"child","parent":"ljrs5ibquh","x":710,"y":324,"tool":"Pencil"},{"type":"child","parent":"ljrs5ibquh","x":562,"y":451,"tool":"Pencil"},{"type":"child","parent":"ljrs5ibquh","x":591,"y":548,"tool":"Pencil"},{"type":"child","parent":"ljrs5ibquh","x":737,"y":529,"tool":"Pencil"},{"type":"child","parent":"ljrs5ibquh","x":896,"y":423,"tool":"Pencil"},{"type":"child","parent":"ljrs5ibquh","x":911,"y":321,"tool":"Pencil"},{"type":"child","parent":"ljrs5ibquh","x":740,"y":220,"tool":"Pencil"},{"type":"child","parent":"ljrs5ibquh","x":532,"y":156,"tool":"Pencil"},{"type":"child","parent":"ljrs5ibquh","x":451,"y":130,"tool":"Pencil"},{"type":"child","parent":"ljrs5ibquh","x":428,"y":205,"tool":"Pencil"},{"type":"child","parent":"ljrs5ibquh","x":375,"y":412,"tool":"Pencil"},{"type":"child","parent":"ljrs5ibquh","x":369,"y":555,"tool":"Pencil"},{"type":"child","parent":"ljrs5ibquh","x":340,"y":614,"tool":"Pencil"},{"type":"child","parent":"ljrs5ibquh","x":338,"y":625,"tool":"Pencil"},{"type":"child","parent":"ljrs5ibquh","x":436,"y":639,"tool":"Pencil"},{"type":"child","parent":"ljrs5ibquh","x":655,"y":689,"tool":"Pencil"},{"type":"child","parent":"ljrs5ibquh","x":798,"y":738,"tool":"Pencil"},{"type":"child","parent":"ljrs5ibquh","x":926,"y":790,"tool":"Pencil"},{"type":"child","parent":"ljrs5ibquh","x":994,"y":792,"tool":"Pencil"},{"type":"child","parent":"ljrs5ibquh","x":998,"y":625,"tool":"Pencil"},{"type":"child","parent":"ljrs5ibquh","x":923,"y":451,"tool":"Pencil"},{"type":"child","parent":"ljrs5ibquh","x":805,"y":327,"tool":"Pencil"},{"type":"child","parent":"ljrs5ibquh","x":633,"y":252,"tool":"Pencil"},{"type":"child","parent":"ljrs5ibquh","x":466,"y":319,"tool":"Pencil"},{"type":"child","parent":"ljrs5ibquh","x":286,"y":423,"tool":"Pencil"},{"type":"child","parent":"ljrs5ibquh","x":182,"y":468,"tool":"Pencil"}]},"ljrs5ihsd2":{"type":"line","id":"ljrs5ihsd2","color":"#ff851b","size":10,"tool":"Pencil","time":1549394501068,"_children":[{"type":"child","parent":"ljrs5ihsd2","x":464,"y":566,"tool":"Pencil"},{"type":"child","parent":"ljrs5ihsd2","x":477,"y":468,"tool":"Pencil"},{"type":"child","parent":"ljrs5ihsd2","x":530,"y":302,"tool":"Pencil"},{"type":"child","parent":"ljrs5ihsd2","x":662,"y":180,"tool":"Pencil"},{"type":"child","parent":"ljrs5ihsd2","x":800,"y":116,"tool":"Pencil"}]}}