{"ljp2c83ay9":{"type":"line","id":"ljp2c83ay9","color":"#1913b0","size":10,"tool":"Pencil","_children":[{"type":"child","parent":"ljp2c83ay9","x":318,"y":367,"tool":"Pencil"},{"type":"child","parent":"ljp2c83ay9","x":431,"y":602,"tool":"Pencil"},{"type":"child","parent":"ljp2c83ay9","x":577,"y":589,"tool":"Pencil"},{"type":"child","parent":"ljp2c83ay9","x":587,"y":457,"tool":"Pencil"},{"type":"child","parent":"ljp2c83ay9","x":571,"y":397,"tool":"Pencil"},{"type":"child","parent":"ljp2c83ay9","x":571,"y":398,"tool":"Pencil"}]},"ljp2c85hnj":{"type":"line","id":"ljp2c85hnj","color":"#1913b0","size":7,"tool":"Pencil","_children":[{"type":"child","parent":"ljp2c85hnj","x":502,"y":411,"tool":"Pencil"},{"type":"child","parent":"ljp2c85hnj","x":488,"y":443,"tool":"Pencil"},{"type":"child","parent":"ljp2c85hnj","x":488,"y":488,"tool":"Pencil"},{"type":"child","parent":"ljp2c85hnj","x":503,"y":486,"tool":"Pencil"},{"type":"child","parent":"ljp2c85hnj","x":503,"y":484,"tool":"Pencil"}]},"ljp2c8a7xe":{"type":"line","id":"ljp2c8a7xe","color":"#0e0e0e","size":7,"tool":"Pencil","_children":[{"type":"child","parent":"ljp2c8a7xe","x":364,"y":291,"tool":"Pencil"},{"type":"child","parent":"ljp2c8a7xe","x":329,"y":435,"tool":"Pencil"},{"type":"child","parent":"ljp2c8a7xe","x":321,"y":497,"tool":"Pencil"}]}}