{"ljp4f85f5t":{"type":"line","id":"ljp4f85f5t","color":"#39CCCC","size":10,"tool":"Pencil","time":1543606115527,"_children":[{"type":"child","parent":"ljp4f85f5t","x":132,"y":288,"tool":"Pencil"},{"type":"child","parent":"ljp4f85f5t","x":141,"y":290,"tool":"Pencil"},{"type":"child","parent":"ljp4f85f5t","x":193,"y":286,"tool":"Pencil"},{"type":"child","parent":"ljp4f85f5t","x":232,"y":262,"tool":"Pencil"},{"type":"child","parent":"ljp4f85f5t","x":235,"y":257,"tool":"Pencil"},{"type":"child","parent":"ljp4f85f5t","x":229,"y":254,"tool":"Pencil"},{"type":"child","parent":"ljp4f85f5t","x":200,"y":240,"tool":"Pencil"},{"type":"child","parent":"ljp4f85f5t","x":191,"y":247,"tool":"Pencil"},{"type":"child","parent":"ljp4f85f5t","x":201,"y":282,"tool":"Pencil"},{"type":"child","parent":"ljp4f85f5t","x":231,"y":298,"tool":"Pencil"},{"type":"child","parent":"ljp4f85f5t","x":239,"y":302,"tool":"Pencil"}]},"tjp4f88m9e":{"type":"new","id":"tjp4f88m9e","color":"#39CCCC","size":27,"x":148,"y":126,"tool":"Text","time":1543606119664,"txt":"Nice"},"tjp4f8awp2":{"type":"new","id":"tjp4f8awp2","color":"#39CCCC","size":27,"x":148,"y":167,"tool":"Text","time":1543606122624,"txt":""},"tjp4f8gey5":{"type":"new","id":"tjp4f8gey5","color":"#39CCCC","size":27,"x":40,"y":771,"tool":"Text","time":1543606129755},"tjp4f8h70q":{"type":"new","id":"tjp4f8h70q","color":"#39CCCC","size":27,"x":306,"y":199,"tool":"Text","time":1543606130765}}