{"lk87f7r0g3":{"type":"line","id":"lk87f7r0g3","color":"#FF4136","size":10,"opacity":0.9,"tool":"Eraser","time":1585146360943,"_children":[{"type":"child","parent":"lk87f7r0g3","x":289,"y":99,"tool":"Eraser"},{"type":"child","parent":"lk87f7r0g3","x":288,"y":99,"tool":"Eraser"},{"type":"child","parent":"lk87f7r0g3","x":280,"y":85,"tool":"Eraser"},{"type":"child","parent":"lk87f7r0g3","x":274,"y":78,"tool":"Eraser"},{"type":"child","parent":"lk87f7r0g3","x":271,"y":79,"tool":"Eraser"},{"type":"child","parent":"lk87f7r0g3","x":271,"y":99,"tool":"Eraser"},{"type":"child","parent":"lk87f7r0g3","x":276,"y":119,"tool":"Eraser"},{"type":"child","parent":"lk87f7r0g3","x":284,"y":138,"tool":"Eraser"},{"type":"child","parent":"lk87f7r0g3","x":288,"y":148,"tool":"Eraser"},{"type":"child","parent":"lk87f7r0g3","x":294,"y":150,"tool":"Eraser"},{"type":"child","parent":"lk87f7r0g3","x":303,"y":150,"tool":"Eraser"},{"type":"child","parent":"lk87f7r0g3","x":314,"y":146,"tool":"Eraser"},{"type":"child","parent":"lk87f7r0g3","x":384,"y":163,"tool":"Eraser"}]},"lk87f7s3w3":{"type":"line","id":"lk87f7s3w3","color":"#FF4136","size":10,"opacity":0.9,"tool":"Eraser","time":1585146361330,"_children":[{"type":"child","parent":"lk87f7s3w3","x":441,"y":213,"tool":"Eraser"},{"type":"child","parent":"lk87f7s3w3","x":448,"y":207,"tool":"Eraser"},{"type":"child","parent":"lk87f7s3w3","x":480,"y":194,"tool":"Eraser"},{"type":"child","parent":"lk87f7s3w3","x":498,"y":187,"tool":"Eraser"},{"type":"child","parent":"lk87f7s3w3","x":501,"y":175,"tool":"Eraser"},{"type":"child","parent":"lk87f7s3w3","x":499,"y":166,"tool":"Eraser"},{"type":"child","parent":"lk87f7s3w3","x":498,"y":167,"tool":"Eraser"},{"type":"child","parent":"lk87f7s3w3","x":500,"y":194,"tool":"Eraser"},{"type":"child","parent":"lk87f7s3w3","x":509,"y":237,"tool":"Eraser"},{"type":"child","parent":"lk87f7s3w3","x":511,"y":255,"tool":"Eraser"},{"type":"child","parent":"lk87f7s3w3","x":512,"y":269,"tool":"Eraser"},{"type":"child","parent":"lk87f7s3w3","x":456,"y":270,"tool":"Eraser"}]},"lk87f7u26z":{"type":"line","id":"lk87f7u26z","color":"#FF4136","size":10,"opacity":0.9,"tool":"Text","time":1585146363533,"_children":[{"type":"child","parent":"lk87f7u26z","x":470,"y":156,"tool":"Text"},{"type":"child","parent":"lk87f7u26z","x":467,"y":155,"tool":"Text"}]},"lk87f7ul9h":{"type":"line","id":"lk87f7ul9h","color":"#FF4136","size":10,"opacity":0.9,"tool":"Text","time":1585146364217,"_children":[{"type":"child","parent":"lk87f7ul9h","x":467,"y":156,"tool":"Text"},{"type":"child","parent":"lk87f7ul9h","x":466,"y":163,"tool":"Text"},{"type":"child","parent":"lk87f7ul9h","x":462,"y":180,"tool":"Text"},{"type":"child","parent":"lk87f7ul9h","x":460,"y":193,"tool":"Text"},{"type":"child","parent":"lk87f7ul9h","x":460,"y":201,"tool":"Text"},{"type":"child","parent":"lk87f7ul9h","x":506,"y":216,"tool":"Text"},{"type":"child","parent":"lk87f7ul9h","x":575,"y":236,"tool":"Text"},{"type":"child","parent":"lk87f7ul9h","x":582,"y":238,"tool":"Text"}]},"lk87f7v9a6":{"type":"line","id":"lk87f7v9a6","color":"#FF4136","size":10,"opacity":0.9,"tool":"Text","time":1585146365079,"_children":[{"type":"child","parent":"lk87f7v9a6","x":610,"y":238,"tool":"Text"},{"type":"child","parent":"lk87f7v9a6","x":630,"y":238,"tool":"Text"},{"type":"child","parent":"lk87f7v9a6","x":631,"y":235,"tool":"Text"},{"type":"child","parent":"lk87f7v9a6","x":615,"y":223,"tool":"Text"},{"type":"child","parent":"lk87f7v9a6","x":591,"y":204,"tool":"Text"},{"type":"child","parent":"lk87f7v9a6","x":585,"y":200,"tool":"Text"},{"type":"child","parent":"lk87f7v9a6","x":586,"y":199,"tool":"Text"},{"type":"child","parent":"lk87f7v9a6","x":607,"y":204,"tool":"Text"}]},"lk87f7wl810":{"type":"line","id":"lk87f7wl810","color":"#FF4136","size":10,"opacity":0.9,"tool":"Text","time":1585146366812,"_children":[{"type":"child","parent":"lk87f7wl810","x":659,"y":225,"tool":"Text"},{"type":"child","parent":"lk87f7wl810","x":658,"y":225,"tool":"Text"},{"type":"child","parent":"lk87f7wl810","x":658,"y":225,"tool":"Text"}]},"lk87f7wyao":{"type":"line","id":"lk87f7wyao","color":"#FF4136","size":10,"opacity":0.9,"tool":"Text","time":1585146367276,"_children":[{"type":"child","parent":"lk87f7wyao","x":658,"y":225,"tool":"Text"}]}}