{"tjp1wm4dub":{"type":"new","id":"tjp1wm4dub","color":"#1913B0","size":27,"x":287,"y":273.5,"tool":"Text"},"tjp1wm4zym":{"type":"new","id":"tjp1wm4zym","color":"#1913B0","size":27,"x":579,"y":305.5,"tool":"Text","txt":"It’s pretty cool "},"tjp1wmllys":{"type":"new","id":"tjp1wmllys","color":"#1913B0","size":27,"x":579,"y":346,"tool":"Text","txt":""},"ljp1wn0oo2":{"type":"line","id":"ljp1wn0oo2","color":"#1913B0","size":"10","tool":"Pencil","_children":[{"type":"child","parent":"ljp1wn0oo2","x":804,"y":546,"tool":"Pencil"},{"type":"child","parent":"ljp1wn0oo2","x":792,"y":635,"tool":"Pencil"}]},"ljp1wn4zr5":{"type":"line","id":"ljp1wn4zr5","color":"#1913B0","size":"10","tool":"Pencil","_children":[{"type":"child","parent":"ljp1wn4zr5","x":791,"y":602,"tool":"Pencil"},{"type":"child","parent":"ljp1wn4zr5","x":798,"y":588,"tool":"Pencil"},{"type":"child","parent":"ljp1wn4zr5","x":808,"y":558,"tool":"Pencil"},{"type":"child","parent":"ljp1wn4zr5","x":819,"y":530,"tool":"Pencil"},{"type":"child","parent":"ljp1wn4zr5","x":839,"y":508,"tool":"Pencil"},{"type":"child","parent":"ljp1wn4zr5","x":871,"y":495,"tool":"Pencil"},{"type":"child","parent":"ljp1wn4zr5","x":911,"y":494,"tool":"Pencil"},{"type":"child","parent":"ljp1wn4zr5","x":955,"y":504,"tool":"Pencil"},{"type":"child","parent":"ljp1wn4zr5","x":988,"y":530,"tool":"Pencil"},{"type":"child","parent":"ljp1wn4zr5","x":1012,"y":573,"tool":"Pencil"},{"type":"child","parent":"ljp1wn4zr5","x":1025,"y":618,"tool":"Pencil"},{"type":"child","parent":"ljp1wn4zr5","x":1030,"y":659,"tool":"Pencil"},{"type":"child","parent":"ljp1wn4zr5","x":1028,"y":708,"tool":"Pencil"},{"type":"child","parent":"ljp1wn4zr5","x":1012,"y":751,"tool":"Pencil"},{"type":"child","parent":"ljp1wn4zr5","x":984,"y":783,"tool":"Pencil"},{"type":"child","parent":"ljp1wn4zr5","x":954,"y":818,"tool":"Pencil"},{"type":"child","parent":"ljp1wn4zr5","x":920,"y":851,"tool":"Pencil"},{"type":"child","parent":"ljp1wn4zr5","x":878,"y":884,"tool":"Pencil"},{"type":"child","parent":"ljp1wn4zr5","x":833,"y":912,"tool":"Pencil"},{"type":"child","parent":"ljp1wn4zr5","x":787,"y":930,"tool":"Pencil"},{"type":"child","parent":"ljp1wn4zr5","x":743,"y":933,"tool":"Pencil"},{"type":"child","parent":"ljp1wn4zr5","x":705,"y":908,"tool":"Pencil"},{"type":"child","parent":"ljp1wn4zr5","x":668,"y":867,"tool":"Pencil"},{"type":"child","parent":"ljp1wn4zr5","x":638,"y":816,"tool":"Pencil"},{"type":"child","parent":"ljp1wn4zr5","x":613,"y":766,"tool":"Pencil"},{"type":"child","parent":"ljp1wn4zr5","x":594,"y":707,"tool":"Pencil"},{"type":"child","parent":"ljp1wn4zr5","x":581,"y":653,"tool":"Pencil"},{"type":"child","parent":"ljp1wn4zr5","x":582,"y":600,"tool":"Pencil"},{"type":"child","parent":"ljp1wn4zr5","x":597,"y":565,"tool":"Pencil"},{"type":"child","parent":"ljp1wn4zr5","x":613,"y":557,"tool":"Pencil"},{"type":"child","parent":"ljp1wn4zr5","x":645,"y":556,"tool":"Pencil"},{"type":"child","parent":"ljp1wn4zr5","x":680,"y":561,"tool":"Pencil"},{"type":"child","parent":"ljp1wn4zr5","x":712,"y":581,"tool":"Pencil"},{"type":"child","parent":"ljp1wn4zr5","x":736,"y":603,"tool":"Pencil"},{"type":"child","parent":"ljp1wn4zr5","x":756,"y":625,"tool":"Pencil"},{"type":"child","parent":"ljp1wn4zr5","x":771,"y":635,"tool":"Pencil"},{"type":"child","parent":"ljp1wn4zr5","x":783,"y":637,"tool":"Pencil"}]},"ljp1wnayu3":{"type":"line","id":"ljp1wnayu3","color":"#1913b0","size":"10","tool":"Pencil","_children":[{"type":"child","parent":"ljp1wnayu3","x":722,"y":673,"tool":"Pencil"},{"type":"child","parent":"ljp1wnayu3","x":719,"y":678,"tool":"Pencil"},{"type":"child","parent":"ljp1wnayu3","x":718,"y":722,"tool":"Pencil"},{"type":"child","parent":"ljp1wnayu3","x":718,"y":762,"tool":"Pencil"},{"type":"child","parent":"ljp1wnayu3","x":716,"y":783,"tool":"Pencil"},{"type":"child","parent":"ljp1wnayu3","x":715,"y":801,"tool":"Pencil"},{"type":"child","parent":"ljp1wnayu3","x":715,"y":805,"tool":"Pencil"},{"type":"child","parent":"ljp1wnayu3","x":747,"y":810,"tool":"Pencil"},{"type":"child","parent":"ljp1wnayu3","x":760,"y":810,"tool":"Pencil"},{"type":"child","parent":"ljp1wnayu3","x":769,"y":810,"tool":"Pencil"},{"type":"child","parent":"ljp1wnayu3","x":767,"y":810,"tool":"Pencil"}]},"ljp1wnchka":{"type":"line","id":"ljp1wnchka","color":"#1913b0","size":"10","tool":"Pencil","_children":[{"type":"child","parent":"ljp1wnchka","x":795,"y":714,"tool":"Pencil"},{"type":"child","parent":"ljp1wnchka","x":795,"y":718,"tool":"Pencil"},{"type":"child","parent":"ljp1wnchka","x":795,"y":771,"tool":"Pencil"},{"type":"child","parent":"ljp1wnchka","x":795,"y":821,"tool":"Pencil"},{"type":"child","parent":"ljp1wnchka","x":797,"y":830,"tool":"Pencil"},{"type":"child","parent":"ljp1wnchka","x":840,"y":825,"tool":"Pencil"},{"type":"child","parent":"ljp1wnchka","x":868,"y":823,"tool":"Pencil"},{"type":"child","parent":"ljp1wnchka","x":866,"y":823,"tool":"Pencil"}]},"ljp1wniri9":{"type":"line","id":"ljp1wniri9","color":"#1913b0","size":"10","tool":"Pencil","_children":[{"type":"child","parent":"ljp1wniri9","x":825,"y":584,"tool":"Pencil"},{"type":"child","parent":"ljp1wniri9","x":825,"y":589,"tool":"Pencil"},{"type":"child","parent":"ljp1wniri9","x":826,"y":640,"tool":"Pencil"},{"type":"child","parent":"ljp1wniri9","x":827,"y":673,"tool":"Pencil"},{"type":"child","parent":"ljp1wniri9","x":827,"y":673,"tool":"Pencil"}]},"ljp1wnk1uq":{"type":"line","id":"ljp1wnk1uq","color":"#1913b0","size":"10","tool":"Pencil","_children":[{"type":"child","parent":"ljp1wnk1uq","x":832,"y":591,"tool":"Pencil"},{"type":"child","parent":"ljp1wnk1uq","x":854,"y":595,"tool":"Pencil"},{"type":"child","parent":"ljp1wnk1uq","x":863,"y":600,"tool":"Pencil"},{"type":"child","parent":"ljp1wnk1uq","x":870,"y":608,"tool":"Pencil"},{"type":"child","parent":"ljp1wnk1uq","x":874,"y":616,"tool":"Pencil"},{"type":"child","parent":"ljp1wnk1uq","x":876,"y":626,"tool":"Pencil"},{"type":"child","parent":"ljp1wnk1uq","x":875,"y":639,"tool":"Pencil"},{"type":"child","parent":"ljp1wnk1uq","x":867,"y":656,"tool":"Pencil"},{"type":"child","parent":"ljp1wnk1uq","x":860,"y":662,"tool":"Pencil"},{"type":"child","parent":"ljp1wnk1uq","x":853,"y":667,"tool":"Pencil"},{"type":"child","parent":"ljp1wnk1uq","x":844,"y":669,"tool":"Pencil"},{"type":"child","parent":"ljp1wnk1uq","x":843,"y":670,"tool":"Pencil"},{"type":"child","parent":"ljp1wnk1uq","x":841,"y":670,"tool":"Pencil"},{"type":"child","parent":"ljp1wnk1uq","x":837,"y":671,"tool":"Pencil"},{"type":"child","parent":"ljp1wnk1uq","x":835,"y":671,"tool":"Pencil"},{"type":"child","parent":"ljp1wnk1uq","x":834,"y":671,"tool":"Pencil"},{"type":"child","parent":"ljp1wnk1uq","x":834,"y":671,"tool":"Pencil"}]},"ljp1wnly7j":{"type":"line","id":"ljp1wnly7j","color":"#1913b0","size":"10","tool":"Pencil","_children":[{"type":"child","parent":"ljp1wnly7j","x":955,"y":609,"tool":"Pencil"},{"type":"child","parent":"ljp1wnly7j","x":952,"y":609,"tool":"Pencil"},{"type":"child","parent":"ljp1wnly7j","x":920,"y":609,"tool":"Pencil"},{"type":"child","parent":"ljp1wnly7j","x":915,"y":613,"tool":"Pencil"},{"type":"child","parent":"ljp1wnly7j","x":910,"y":623,"tool":"Pencil"},{"type":"child","parent":"ljp1wnly7j","x":913,"y":632,"tool":"Pencil"},{"type":"child","parent":"ljp1wnly7j","x":929,"y":653,"tool":"Pencil"},{"type":"child","parent":"ljp1wnly7j","x":933,"y":660,"tool":"Pencil"},{"type":"child","parent":"ljp1wnly7j","x":935,"y":669,"tool":"Pencil"},{"type":"child","parent":"ljp1wnly7j","x":937,"y":677,"tool":"Pencil"},{"type":"child","parent":"ljp1wnly7j","x":933,"y":683,"tool":"Pencil"},{"type":"child","parent":"ljp1wnly7j","x":925,"y":683,"tool":"Pencil"},{"type":"child","parent":"ljp1wnly7j","x":914,"y":683,"tool":"Pencil"},{"type":"child","parent":"ljp1wnly7j","x":906,"y":681,"tool":"Pencil"},{"type":"child","parent":"ljp1wnly7j","x":898,"y":677,"tool":"Pencil"},{"type":"child","parent":"ljp1wnly7j","x":891,"y":675,"tool":"Pencil"}]},"ljp1wnqsnh":{"type":"line","id":"ljp1wnqsnh","color":"#1913b0","size":"10","tool":"Pencil","_children":[{"type":"child","parent":"ljp1wnqsnh","x":233,"y":601,"tool":"Pencil"},{"type":"child","parent":"ljp1wnqsnh","x":244,"y":628,"tool":"Pencil"},{"type":"child","parent":"ljp1wnqsnh","x":258,"y":797,"tool":"Pencil"},{"type":"child","parent":"ljp1wnqsnh","x":277,"y":953,"tool":"Pencil"},{"type":"child","parent":"ljp1wnqsnh","x":389,"y":1014,"tool":"Pencil"},{"type":"child","parent":"ljp1wnqsnh","x":597,"y":1040,"tool":"Pencil"},{"type":"child","parent":"ljp1wnqsnh","x":673,"y":1021,"tool":"Pencil"},{"type":"child","parent":"ljp1wnqsnh","x":670,"y":981,"tool":"Pencil"},{"type":"child","parent":"ljp1wnqsnh","x":629,"y":885,"tool":"Pencil"},{"type":"child","parent":"ljp1wnqsnh","x":577,"y":815,"tool":"Pencil"},{"type":"child","parent":"ljp1wnqsnh","x":487,"y":823,"tool":"Pencil"},{"type":"child","parent":"ljp1wnqsnh","x":370,"y":870,"tool":"Pencil"},{"type":"child","parent":"ljp1wnqsnh","x":292,"y":972,"tool":"Pencil"},{"type":"child","parent":"ljp1wnqsnh","x":287,"y":1045,"tool":"Pencil"},{"type":"child","parent":"ljp1wnqsnh","x":289,"y":1058,"tool":"Pencil"},{"type":"child","parent":"ljp1wnqsnh","x":289,"y":1081,"tool":"Pencil"},{"type":"child","parent":"ljp1wnqsnh","x":294,"y":1095,"tool":"Pencil"},{"type":"child","parent":"ljp1wnqsnh","x":341,"y":1104,"tool":"Pencil"},{"type":"child","parent":"ljp1wnqsnh","x":394,"y":1102,"tool":"Pencil"},{"type":"child","parent":"ljp1wnqsnh","x":467,"y":1092,"tool":"Pencil"},{"type":"child","parent":"ljp1wnqsnh","x":527,"y":1092,"tool":"Pencil"},{"type":"child","parent":"ljp1wnqsnh","x":656,"y":1114,"tool":"Pencil"}]},"ljp1wntkd6":{"type":"line","id":"ljp1wntkd6","color":"#1913b0","size":"10","tool":"Pencil","_children":[{"type":"child","parent":"ljp1wntkd6","x":896,"y":1035,"tool":"Pencil"},{"type":"child","parent":"ljp1wntkd6","x":872,"y":1029,"tool":"Pencil"},{"type":"child","parent":"ljp1wntkd6","x":613,"y":963,"tool":"Pencil"},{"type":"child","parent":"ljp1wntkd6","x":510,"y":941,"tool":"Pencil"},{"type":"child","parent":"ljp1wntkd6","x":403,"y":927,"tool":"Pencil"},{"type":"child","parent":"ljp1wntkd6","x":348,"y":906,"tool":"Pencil"},{"type":"child","parent":"ljp1wntkd6","x":322,"y":875,"tool":"Pencil"},{"type":"child","parent":"ljp1wntkd6","x":294,"y":863,"tool":"Pencil"},{"type":"child","parent":"ljp1wntkd6","x":294,"y":858,"tool":"Pencil"},{"type":"child","parent":"ljp1wntkd6","x":313,"y":796,"tool":"Pencil"},{"type":"child","parent":"ljp1wntkd6","x":344,"y":742,"tool":"Pencil"},{"type":"child","parent":"ljp1wntkd6","x":374,"y":702,"tool":"Pencil"},{"type":"child","parent":"ljp1wntkd6","x":382,"y":695,"tool":"Pencil"},{"type":"child","parent":"ljp1wntkd6","x":394,"y":689,"tool":"Pencil"},{"type":"child","parent":"ljp1wntkd6","x":399,"y":694,"tool":"Pencil"},{"type":"child","parent":"ljp1wntkd6","x":416,"y":725,"tool":"Pencil"},{"type":"child","parent":"ljp1wntkd6","x":427,"y":780,"tool":"Pencil"},{"type":"child","parent":"ljp1wntkd6","x":428,"y":866,"tool":"Pencil"},{"type":"child","parent":"ljp1wntkd6","x":445,"y":965,"tool":"Pencil"},{"type":"child","parent":"ljp1wntkd6","x":496,"y":1060,"tool":"Pencil"},{"type":"child","parent":"ljp1wntkd6","x":542,"y":1093,"tool":"Pencil"},{"type":"child","parent":"ljp1wntkd6","x":655,"y":1098,"tool":"Pencil"},{"type":"child","parent":"ljp1wntkd6","x":709,"y":1104,"tool":"Pencil"},{"type":"child","parent":"ljp1wntkd6","x":755,"y":1108,"tool":"Pencil"},{"type":"child","parent":"ljp1wntkd6","x":783,"y":1108,"tool":"Pencil"},{"type":"child","parent":"ljp1wntkd6","x":815,"y":1087,"tool":"Pencil"},{"type":"child","parent":"ljp1wntkd6","x":838,"y":1058,"tool":"Pencil"},{"type":"child","parent":"ljp1wntkd6","x":848,"y":1030,"tool":"Pencil"},{"type":"child","parent":"ljp1wntkd6","x":854,"y":1008,"tool":"Pencil"},{"type":"child","parent":"ljp1wntkd6","x":862,"y":991,"tool":"Pencil"},{"type":"child","parent":"ljp1wntkd6","x":879,"y":971,"tool":"Pencil"},{"type":"child","parent":"ljp1wntkd6","x":888,"y":966,"tool":"Pencil"},{"type":"child","parent":"ljp1wntkd6","x":922,"y":966,"tool":"Pencil"},{"type":"child","parent":"ljp1wntkd6","x":924,"y":967,"tool":"Pencil"},{"type":"child","parent":"ljp1wntkd6","x":934,"y":980,"tool":"Pencil"},{"type":"child","parent":"ljp1wntkd6","x":942,"y":994,"tool":"Pencil"},{"type":"child","parent":"ljp1wntkd6","x":953,"y":1018,"tool":"Pencil"},{"type":"child","parent":"ljp1wntkd6","x":959,"y":1033,"tool":"Pencil"},{"type":"child","parent":"ljp1wntkd6","x":959,"y":1034,"tool":"Pencil"}]},"ljp1wnyjlc":{"type":"line","id":"ljp1wnyjlc","color":"#1913b0","size":"10","tool":"Pencil","_children":[{"type":"child","parent":"ljp1wnyjlc","x":284,"y":569,"tool":"Pencil"},{"type":"child","parent":"ljp1wnyjlc","x":417,"y":582,"tool":"Pencil"},{"type":"child","parent":"ljp1wnyjlc","x":425,"y":583,"tool":"Pencil"},{"type":"child","parent":"ljp1wnyjlc","x":432,"y":627,"tool":"Pencil"},{"type":"child","parent":"ljp1wnyjlc","x":431,"y":665,"tool":"Pencil"},{"type":"child","parent":"ljp1wnyjlc","x":404,"y":694,"tool":"Pencil"},{"type":"child","parent":"ljp1wnyjlc","x":325,"y":690,"tool":"Pencil"},{"type":"child","parent":"ljp1wnyjlc","x":259,"y":617,"tool":"Pencil"},{"type":"child","parent":"ljp1wnyjlc","x":280,"y":536,"tool":"Pencil"},{"type":"child","parent":"ljp1wnyjlc","x":341,"y":534,"tool":"Pencil"},{"type":"child","parent":"ljp1wnyjlc","x":438,"y":550,"tool":"Pencil"},{"type":"child","parent":"ljp1wnyjlc","x":452,"y":576,"tool":"Pencil"},{"type":"child","parent":"ljp1wnyjlc","x":454,"y":585,"tool":"Pencil"},{"type":"child","parent":"ljp1wnyjlc","x":453,"y":625,"tool":"Pencil"},{"type":"child","parent":"ljp1wnyjlc","x":431,"y":700,"tool":"Pencil"},{"type":"child","parent":"ljp1wnyjlc","x":299,"y":736,"tool":"Pencil"},{"type":"child","parent":"ljp1wnyjlc","x":175,"y":729,"tool":"Pencil"},{"type":"child","parent":"ljp1wnyjlc","x":173,"y":725,"tool":"Pencil"},{"type":"child","parent":"ljp1wnyjlc","x":175,"y":714,"tool":"Pencil"},{"type":"child","parent":"ljp1wnyjlc","x":175,"y":713,"tool":"Pencil"}]},"ljp1wow7p8":{"type":"line","id":"ljp1wow7p8","color":"#1913B0","size":"10","tool":"Pencil","_children":[{"type":"child","parent":"ljp1wow7p8","x":222,"y":231,"tool":"Pencil"},{"type":"child","parent":"ljp1wow7p8","x":246,"y":215,"tool":"Pencil"},{"type":"child","parent":"ljp1wow7p8","x":296,"y":178,"tool":"Pencil"},{"type":"child","parent":"ljp1wow7p8","x":345,"y":153,"tool":"Pencil"},{"type":"child","parent":"ljp1wow7p8","x":368,"y":141,"tool":"Pencil"}]},"ljp1wowp9m":{"type":"line","id":"ljp1wowp9m","color":"#1913B0","size":"10","tool":"Pencil","_children":[{"type":"child","parent":"ljp1wowp9m","x":287,"y":88,"tool":"Pencil"},{"type":"child","parent":"ljp1wowp9m","x":297,"y":135,"tool":"Pencil"},{"type":"child","parent":"ljp1wowp9m","x":319,"y":206,"tool":"Pencil"},{"type":"child","parent":"ljp1wowp9m","x":345,"y":283,"tool":"Pencil"},{"type":"child","parent":"ljp1wowp9m","x":358,"y":351,"tool":"Pencil"},{"type":"child","parent":"ljp1wowp9m","x":362,"y":382,"tool":"Pencil"}]},"ljp1wox7cd":{"type":"line","id":"ljp1wox7cd","color":"#1913B0","size":"10","tool":"Pencil","_children":[{"type":"child","parent":"ljp1wox7cd","x":294,"y":209,"tool":"Pencil"},{"type":"child","parent":"ljp1wox7cd","x":290,"y":271,"tool":"Pencil"},{"type":"child","parent":"ljp1wox7cd","x":280,"y":331,"tool":"Pencil"}]},"ljp1woxfzy":{"type":"line","id":"ljp1woxfzy","color":"#1913B0","size":"10","tool":"Pencil","_children":[{"type":"child","parent":"ljp1woxfzy","x":330,"y":206,"tool":"Pencil"},{"type":"child","parent":"ljp1woxfzy","x":358,"y":210,"tool":"Pencil"},{"type":"child","parent":"ljp1woxfzy","x":405,"y":246,"tool":"Pencil"}]},"ljp1woxro9":{"type":"line","id":"ljp1woxro9","color":"#1913B0","size":"10","tool":"Pencil","_children":[{"type":"child","parent":"ljp1woxro9","x":389,"y":159,"tool":"Pencil"},{"type":"child","parent":"ljp1woxro9","x":413,"y":240,"tool":"Pencil"},{"type":"child","parent":"ljp1woxro9","x":444,"y":325,"tool":"Pencil"}]},"ljp1woy304":{"type":"line","id":"ljp1woy304","color":"#1913B0","size":"10","tool":"Pencil","_children":[{"type":"child","parent":"ljp1woy304","x":392,"y":119,"tool":"Pencil"},{"type":"child","parent":"ljp1woy304","x":428,"y":87,"tool":"Pencil"},{"type":"child","parent":"ljp1woy304","x":481,"y":75,"tool":"Pencil"},{"type":"child","parent":"ljp1woy304","x":519,"y":137,"tool":"Pencil"},{"type":"child","parent":"ljp1woy304","x":555,"y":245,"tool":"Pencil"},{"type":"child","parent":"ljp1woy304","x":570,"y":309,"tool":"Pencil"}]},"ljp1woylth":{"type":"line","id":"ljp1woylth","color":"#1913B0","size":"10","tool":"Pencil","_children":[{"type":"child","parent":"ljp1woylth","x":431,"y":206,"tool":"Pencil"},{"type":"child","parent":"ljp1woylth","x":474,"y":178,"tool":"Pencil"},{"type":"child","parent":"ljp1woylth","x":529,"y":155,"tool":"Pencil"}]},"ljp1woytph":{"type":"line","id":"ljp1woytph","color":"#1913B0","size":"10","tool":"Pencil","_children":[{"type":"child","parent":"ljp1woytph","x":450,"y":262,"tool":"Pencil"},{"type":"child","parent":"ljp1woytph","x":487,"y":239,"tool":"Pencil"},{"type":"child","parent":"ljp1woytph","x":555,"y":196,"tool":"Pencil"}]},"ljp1woz2f1":{"type":"line","id":"ljp1woz2f1","color":"#1913B0","size":"10","tool":"Pencil","_children":[{"type":"child","parent":"ljp1woz2f1","x":449,"y":352,"tool":"Pencil"},{"type":"child","parent":"ljp1woz2f1","x":517,"y":315,"tool":"Pencil"}]},"ljp1wozcd7":{"type":"line","id":"ljp1wozcd7","color":"#1913B0","size":"10","tool":"Pencil","_children":[{"type":"child","parent":"ljp1wozcd7","x":644,"y":184,"tool":"Pencil"},{"type":"child","parent":"ljp1wozcd7","x":718,"y":148,"tool":"Pencil"},{"type":"child","parent":"ljp1wozcd7","x":774,"y":122,"tool":"Pencil"}]},"ljp1wozmc2":{"type":"line","id":"ljp1wozmc2","color":"#1913B0","size":"10","tool":"Pencil","_children":[{"type":"child","parent":"ljp1wozmc2","x":688,"y":77,"tool":"Pencil"},{"type":"child","parent":"ljp1wozmc2","x":705,"y":162,"tool":"Pencil"},{"type":"child","parent":"ljp1wozmc2","x":717,"y":301,"tool":"Pencil"},{"type":"child","parent":"ljp1wozmc2","x":717,"y":346,"tool":"Pencil"}]},"ljp1wozy6o":{"type":"line","id":"ljp1wozy6o","color":"#1913B0","size":"10","tool":"Pencil","_children":[{"type":"child","parent":"ljp1wozy6o","x":690,"y":187,"tool":"Pencil"},{"type":"child","parent":"ljp1wozy6o","x":663,"y":271,"tool":"Pencil"},{"type":"child","parent":"ljp1wozy6o","x":635,"y":333,"tool":"Pencil"}]},"ljp1wp060c":{"type":"line","id":"ljp1wp060c","color":"#1913B0","size":"10","tool":"Pencil","_children":[{"type":"child","parent":"ljp1wp060c","x":724,"y":200,"tool":"Pencil"},{"type":"child","parent":"ljp1wp060c","x":763,"y":225,"tool":"Pencil"}]},"ljp1wp0dvm":{"type":"line","id":"ljp1wp0dvm","color":"#1913B0","size":"10","tool":"Pencil","_children":[{"type":"child","parent":"ljp1wp0dvm","x":793,"y":117,"tool":"Pencil"},{"type":"child","parent":"ljp1wp0dvm","x":800,"y":212,"tool":"Pencil"},{"type":"child","parent":"ljp1wp0dvm","x":782,"y":335,"tool":"Pencil"}]},"ljp1wp0nm6":{"type":"line","id":"ljp1wp0nm6","color":"#1913B0","size":"10","tool":"Pencil","_children":[{"type":"child","parent":"ljp1wp0nm6","x":782,"y":124,"tool":"Pencil"},{"type":"child","parent":"ljp1wp0nm6","x":839,"y":94,"tool":"Pencil"},{"type":"child","parent":"ljp1wp0nm6","x":886,"y":91,"tool":"Pencil"},{"type":"child","parent":"ljp1wp0nm6","x":881,"y":172,"tool":"Pencil"},{"type":"child","parent":"ljp1wp0nm6","x":874,"y":277,"tool":"Pencil"},{"type":"child","parent":"ljp1wp0nm6","x":944,"y":319,"tool":"Pencil"},{"type":"child","parent":"ljp1wp0nm6","x":1031,"y":287,"tool":"Pencil"},{"type":"child","parent":"ljp1wp0nm6","x":1061,"y":269,"tool":"Pencil"}]},"ljp1wp3tm5":{"type":"line","id":"ljp1wp3tm5","color":"#1913b0","size":"10","tool":"Pencil","_children":[{"type":"child","parent":"ljp1wp3tm5","x":693,"y":422,"tool":"Pencil"},{"type":"child","parent":"ljp1wp3tm5","x":470,"y":417,"tool":"Pencil"},{"type":"child","parent":"ljp1wp3tm5","x":424,"y":418,"tool":"Pencil"},{"type":"child","parent":"ljp1wp3tm5","x":423,"y":422,"tool":"Pencil"}]}}