{"ljp1p0abeg":{"type":"line","id":"ljp1p0abeg","color":"#1913b0","size":"10","tool":"Pencil","_children":[{"type":"child","parent":"ljp1p0abeg","x":110.0952377319336,"y":159.61904907226562,"tool":"Pencil"},{"type":"child","parent":"ljp1p0abeg","x":110.0952377319336,"y":159.61904907226562,"tool":"Pencil"}]},"ljp1p0awxu":{"type":"line","id":"ljp1p0awxu","color":"#1913b0","size":"10","tool":"Pencil","_children":[{"type":"child","parent":"ljp1p0awxu","x":92.5714340209961,"y":214.09524536132812,"tool":"Pencil"},{"type":"child","parent":"ljp1p0awxu","x":92.5714340209961,"y":214.4761962890625,"tool":"Pencil"}]},"ljp1p0b8wd":{"type":"line","id":"ljp1p0b8wd","color":"#1913b0","size":"10","tool":"Pencil","_children":[{"type":"child","parent":"ljp1p0b8wd","x":108.95238494873047,"y":325.71429443359375,"tool":"Pencil"},{"type":"child","parent":"ljp1p0b8wd","x":116.5714340209961,"y":317.71429443359375,"tool":"Pencil"},{"type":"child","parent":"ljp1p0b8wd","x":153.14285278320312,"y":267.8095397949219,"tool":"Pencil"},{"type":"child","parent":"ljp1p0b8wd","x":139.42857360839844,"y":148.95237731933594,"tool":"Pencil"},{"type":"child","parent":"ljp1p0b8wd","x":65.9047622680664,"y":70.85714721679688,"tool":"Pencil"},{"type":"child","parent":"ljp1p0b8wd","x":43.0476188659668,"y":77.33333587646484,"tool":"Pencil"},{"type":"child","parent":"ljp1p0b8wd","x":76.19047546386719,"y":186.2857208251953,"tool":"Pencil"},{"type":"child","parent":"ljp1p0b8wd","x":95.61904907226562,"y":271.6190490722656,"tool":"Pencil"},{"type":"child","parent":"ljp1p0b8wd","x":131.42857360839844,"y":340.952392578125,"tool":"Pencil"},{"type":"child","parent":"ljp1p0b8wd","x":153.52381896972656,"y":357.71429443359375,"tool":"Pencil"},{"type":"child","parent":"ljp1p0b8wd","x":163.8095245361328,"y":355.0476379394531,"tool":"Pencil"},{"type":"child","parent":"ljp1p0b8wd","x":165.33334350585938,"y":353.1428527832031,"tool":"Pencil"}]}}