{"ljp1nrx1ez":{"type":"line","id":"ljp1nrx1ez","color":"#1913b0","size":"10","tool":"Pencil","_children":[{"type":"child","parent":"ljp1nrx1ez","x":205.75,"y":102.5,"tool":"Pencil"},{"type":"child","parent":"ljp1nrx1ez","x":180,"y":110.25,"tool":"Pencil"},{"type":"child","parent":"ljp1nrx1ez","x":136.75,"y":143,"tool":"Pencil"},{"type":"child","parent":"ljp1nrx1ez","x":124,"y":179,"tool":"Pencil"},{"type":"child","parent":"ljp1nrx1ez","x":155.25,"y":201,"tool":"Pencil"},{"type":"child","parent":"ljp1nrx1ez","x":195.75,"y":225.25,"tool":"Pencil"},{"type":"child","parent":"ljp1nrx1ez","x":205,"y":260.75,"tool":"Pencil"},{"type":"child","parent":"ljp1nrx1ez","x":181,"y":306.75,"tool":"Pencil"},{"type":"child","parent":"ljp1nrx1ez","x":154,"y":341,"tool":"Pencil"},{"type":"child","parent":"ljp1nrx1ez","x":174,"y":366.25,"tool":"Pencil"},{"type":"child","parent":"ljp1nrx1ez","x":225.25,"y":358,"tool":"Pencil"}]},"ljp1nrzh1e":{"type":"line","id":"ljp1nrzh1e","color":"#1913b0","size":"10","tool":"Pencil","_children":[{"type":"child","parent":"ljp1nrzh1e","x":145,"y":36.5,"tool":"Pencil"},{"type":"child","parent":"ljp1nrzh1e","x":149,"y":45.25,"tool":"Pencil"},{"type":"child","parent":"ljp1nrzh1e","x":180.25,"y":114.25,"tool":"Pencil"},{"type":"child","parent":"ljp1nrzh1e","x":206.5,"y":159.25,"tool":"Pencil"},{"type":"child","parent":"ljp1nrzh1e","x":223.5,"y":173.75,"tool":"Pencil"},{"type":"child","parent":"ljp1nrzh1e","x":231.75,"y":179.25,"tool":"Pencil"},{"type":"child","parent":"ljp1nrzh1e","x":233.75,"y":182.25,"tool":"Pencil"},{"type":"child","parent":"ljp1nrzh1e","x":234,"y":182.5,"tool":"Pencil"}]},"ljp1ns0a07":{"type":"line","id":"ljp1ns0a07","color":"#1913b0","size":"10","tool":"Pencil","_children":[{"type":"child","parent":"ljp1ns0a07","x":110.25,"y":274.5,"tool":"Pencil"},{"type":"child","parent":"ljp1ns0a07","x":120.75,"y":261.5,"tool":"Pencil"},{"type":"child","parent":"ljp1ns0a07","x":169.5,"y":217.75,"tool":"Pencil"},{"type":"child","parent":"ljp1ns0a07","x":222.5,"y":167.75,"tool":"Pencil"},{"type":"child","parent":"ljp1ns0a07","x":261.5,"y":133.75,"tool":"Pencil"},{"type":"child","parent":"ljp1ns0a07","x":291.5,"y":110,"tool":"Pencil"},{"type":"child","parent":"ljp1ns0a07","x":303.25,"y":99,"tool":"Pencil"},{"type":"child","parent":"ljp1ns0a07","x":304.5,"y":96.5,"tool":"Pencil"}]},"ljp1ns159z":{"type":"line","id":"ljp1ns159z","color":"#1913b0","size":"10","tool":"Pencil","_children":[{"type":"child","parent":"ljp1ns159z","x":331.25,"y":325,"tool":"Pencil"},{"type":"child","parent":"ljp1ns159z","x":328.75,"y":319.75,"tool":"Pencil"},{"type":"child","parent":"ljp1ns159z","x":312.25,"y":298,"tool":"Pencil"},{"type":"child","parent":"ljp1ns159z","x":288.5,"y":273.25,"tool":"Pencil"},{"type":"child","parent":"ljp1ns159z","x":274.5,"y":242.75,"tool":"Pencil"},{"type":"child","parent":"ljp1ns159z","x":288.25,"y":204.5,"tool":"Pencil"},{"type":"child","parent":"ljp1ns159z","x":310.5,"y":165.5,"tool":"Pencil"},{"type":"child","parent":"ljp1ns159z","x":316,"y":134,"tool":"Pencil"},{"type":"child","parent":"ljp1ns159z","x":298.5,"y":104.25,"tool":"Pencil"},{"type":"child","parent":"ljp1ns159z","x":274.75,"y":84,"tool":"Pencil"},{"type":"child","parent":"ljp1ns159z","x":258.5,"y":72,"tool":"Pencil"},{"type":"child","parent":"ljp1ns159z","x":271,"y":59.75,"tool":"Pencil"},{"type":"child","parent":"ljp1ns159z","x":291.75,"y":47,"tool":"Pencil"}]},"ljp1nsefe6":{"type":"line","id":"ljp1nsefe6","color":"#1913b0","size":"50","tool":"Pencil","_children":[{"type":"child","parent":"ljp1nsefe6","x":250.36766052246094,"y":527.9569702148438,"tool":"Pencil"},{"type":"child","parent":"ljp1nsefe6","x":249.29312133789062,"y":478.8863525390625,"tool":"Pencil"},{"type":"child","parent":"ljp1nsefe6","x":293.7073974609375,"y":348.8670959472656,"tool":"Pencil"},{"type":"child","parent":"ljp1nsefe6","x":351.01617431640625,"y":277.5893249511719,"tool":"Pencil"},{"type":"child","parent":"ljp1nsefe6","x":418.7121276855469,"y":276.5147705078125,"tool":"Pencil"},{"type":"child","parent":"ljp1nsefe6","x":424.0848388671875,"y":198.4315948486328,"tool":"Pencil"}]},"tjp1nsi8nr":{"type":"new","id":"tjp1nsi8nr","color":"#1913b0","size":87,"x":84.1722412109375,"y":481.5538635253906,"tool":"Text","txt":"Test"},"tjp1nskpp9":{"type":"new","id":"tjp1nskpp9","color":"#1913b0","size":87,"x":418.7121276855469,"y":225.455322265625,"tool":"Text"},"tjp1nsmn9p":{"type":"new","id":"tjp1nsmn9p","color":"#1913b0","size":87,"x":418.7121276855469,"y":355.955322265625,"tool":"Text","txt":""},"tjp1nsn8710":{"type":"new","id":"tjp1nsn8710","color":"#1913b0","size":87,"x":466.35003662109375,"y":210.0535888671875,"tool":"Text"},"tjp1nsqs85":{"type":"new","id":"tjp1nsqs85","color":"#1913b0","size":87,"x":410.4739990234375,"y":527.759033203125,"tool":"Text","txt":""},"sjp1nsu0r2":{"type":"straight","id":"sjp1nsu0r2","color":"#1913b0","size":"50","x":156.52455139160156,"y":323.43634033203125,"tool":"Straight line","x2":407.60858154296875,"y2":627.1727905273438},"sjp1nsvfpu":{"type":"straight","id":"sjp1nsvfpu","color":"#1913b0","size":"50","x":447.7247009277344,"y":407.96673583984375,"tool":"Straight line","x2":447.7247009277344,"y2":407.96673583984375},"sjp1nsw41d":{"type":"straight","id":"sjp1nsw41d","color":"#1913b0","size":"50","x":421.2193908691406,"y":238.18954467773438,"tool":"Straight line","x2":158.31546020507812,"y2":90.26129913330078},"sjp1nsx4e6":{"type":"straight","id":"sjp1nsx4e6","color":"#1913b0","size":"50","x":178.73170471191406,"y":78.08319091796875,"tool":"Straight line","x2":453.45556640625,"y2":65.90507507324219},"sjp1nsy6mh":{"type":"straight","id":"sjp1nsy6mh","color":"#1913b0","size":"50","x":447.7247009277344,"y":139.33192443847656,"tool":"Straight line","x2":147.92823791503906,"y2":523.6588134765625},"sjp1nsz3wb":{"type":"straight","id":"sjp1nsz3wb","color":"#1913b0","size":"50","x":155.80819702148438,"y":561.6258544921875,"tool":"Straight line","x2":456.3210144042969,"y2":550.5222778320312},"sjp1nt0483":{"type":"straight","id":"sjp1nt0483","color":"#1913b0","size":"50","x":461.6937255859375,"y":525.44970703125,"tool":"Straight line","x2":352.0906982421875,"y2":452.7392272949219},"sjp1nt3l8r":{"type":"straight","id":"sjp1nt3l8r","color":"#1913b0","size":"50","x":122.13929748535156,"y":220.63873291015625,"tool":"Straight line","x2":122.13929748535156,"y2":220.63873291015625},"sjp1nt4wei":{"type":"straight","id":"sjp1nt4wei","color":"#1913b0","size":"50","x":222.0714569091797,"y":221.35508728027344,"tool":"Straight line","x2":222.0714569091797,"y2":221.35508728027344},"sjp1nt5138":{"type":"straight","id":"sjp1nt5138","color":"#1913b0","size":"50","x":253.94944763183594,"y":234.96592712402344,"tool":"Straight line","x2":256.0985412597656,"y2":235.68228149414062},"sjp1nt5ksx":{"type":"straight","id":"sjp1nt5ksx","color":"#1913b0","size":"50","x":362.4779052734375,"y":363.5524597167969,"tool":"Straight line","x2":362.4779052734375,"y2":363.5524597167969},"sjp1nt5xou":{"type":"straight","id":"sjp1nt5xou","color":"#1913b0","size":"50","x":341.3453063964844,"y":579.5348510742188,"tool":"Straight line","x2":341.3453063964844,"y2":579.5348510742188},"rjp1nt81t0":{"type":"rect","id":"rjp1nt81t0","color":"#1913b0","size":"50","x":95.99217987060547,"y":236.75682067871094,"x2":475.3045349121094,"y2":677.3179321289062,"tool":"Rectangle"},"rjp1ntcvc6":{"type":"rect","id":"rjp1ntcvc6","color":"#1913b0","size":"50","x":42.26521301269531,"y":117.84114074707031,"x2":56.234222412109375,"y2":193.05889892578125,"tool":"Rectangle"},"rjp1nte2m5":{"type":"rect","id":"rjp1nte2m5","color":"#1913b0","size":"50","x":275.0820617675781,"y":265.41119384765625,"x2":275.0820617675781,"y2":265.41119384765625,"tool":"Rectangle"},"rjp1nte332":{"type":"rect","id":"rjp1nte332","color":"#1913b0","size":"50","x":227.8023223876953,"y":136.46649169921875,"x2":214.90785217285156,"y2":640.7835693359375,"tool":"Rectangle"},"rjp1ntf149":{"type":"rect","id":"rjp1ntf149","color":"#1913b0","size":"50","x":284.7528991699219,"y":104.94667053222656,"x2":284.7528991699219,"y2":104.94667053222656,"tool":"Rectangle"},"rjp1ntf2dx":{"type":"rect","id":"rjp1ntf2dx","color":"#1913b0","size":"50","x":241.0549774169922,"y":205.59518432617188,"x2":303.3782653808594,"y2":25.430763244628906,"tool":"Rectangle"}}