{"tjw0kfahc1":{"type":"new","id":"tjw0kfahc1","color":"#ffdc00","size":27,"x":502,"y":184.5,"tool":"Text","time":1558610511049},"tjw0kiu9kj":{"type":"new","id":"tjw0kiu9kj","color":"#ff4136","size":27,"x":675,"y":193.5,"tool":"Text","time":1558610676558,"txt":"Привет"},"tjw0kixus0":{"type":"new","id":"tjw0kixus0","color":"#ff4136","size":27,"x":675,"y":234,"tool":"Text","time":1558610681210,"txt":""},"tjw0kj6k06":{"type":"new","id":"tjw0kj6k06","color":"#ff4136","size":27,"x":760,"y":55.5,"tool":"Text","time":1558610693054},"ljw0kldrx3":{"type":"line","id":"ljw0kldrx3","color":"#FFDC00","size":10,"tool":"Pencil","time":1558610795191,"_children":[{"type":"child","parent":"ljw0kldrx3","x":308,"y":316,"tool":"Pencil"},{"type":"child","parent":"ljw0kldrx3","x":308,"y":314.4,"tool":"Pencil"}]},"ljw0klepvd":{"type":"line","id":"ljw0klepvd","color":"#FFDC00","size":10,"tool":"Pencil","time":1558610796412,"_children":[{"type":"child","parent":"ljw0klepvd","x":454.4,"y":375.2,"tool":"Pencil"},{"type":"child","parent":"ljw0klepvd","x":452.8,"y":375.2,"tool":"Pencil"}]},"ljw0klgdk9":{"type":"line","id":"ljw0klgdk9","color":"#FFDC00","size":10,"tool":"Straight line","time":1558610798561,"_children":[{"type":"child","parent":"ljw0klgdk9","x":342.4,"y":414.4,"tool":"Straight line"},{"type":"child","parent":"ljw0klgdk9","x":344.8,"y":416,"tool":"Straight line"}]},"sjw0klgdls":{"type":"straight","id":"sjw0klgdls","color":"#FFDC00","size":10,"x":342.4,"y":414.4,"tool":"Straight line","time":1558610798583,"x2":344,"y2":415.1999816894531},"ljw0klhz59":{"type":"line","id":"ljw0klhz59","color":"#FFDC00","size":10,"tool":"Rectangle","time":1558610800633,"_children":[{"type":"child","parent":"ljw0klhz59","x":312.8,"y":201.6,"tool":"Rectangle"},{"type":"child","parent":"ljw0klhz59","x":322.4,"y":220.8,"tool":"Rectangle"}]},"sjw0klhz5m":{"type":"straight","id":"sjw0klhz5m","color":"#FFDC00","size":10,"x":312.8,"y":201.6,"tool":"Rectangle","time":1558610800647,"x2":477.5999755859375,"y2":283.1999816894531},"rjw0klhz60":{"type":"rect","id":"rjw0klhz60","color":"#FFDC00","size":10,"x":312.8,"y":201.6,"x2":313.6000061035156,"y2":201.59999084472656,"tool":"Rectangle","time":1558610800647},"ljw0klkk7c":{"type":"line","id":"ljw0klkk7c","color":"#FFDC00","size":10,"tool":"Eraser","time":1558610803987,"_children":[{"type":"child","parent":"ljw0klkk7c","x":780.8,"y":316.8,"tool":"Eraser"},{"type":"child","parent":"ljw0klkk7c","x":787.2,"y":364.8,"tool":"Eraser"},{"type":"child","parent":"ljw0klkk7c","x":771.2,"y":413.6,"tool":"Eraser"},{"type":"child","parent":"ljw0klkk7c","x":776,"y":347.2,"tool":"Eraser"},{"type":"child","parent":"ljw0klkk7c","x":776,"y":341.6,"tool":"Eraser"},{"type":"child","parent":"ljw0klkk7c","x":768,"y":380.8,"tool":"Eraser"},{"type":"child","parent":"ljw0klkk7c","x":765.6,"y":387.2,"tool":"Eraser"}]},"ljw0kllngf":{"type":"line","id":"ljw0kllngf","color":"#FFDC00","size":10,"tool":"Eraser","time":1558610805397,"_children":[{"type":"child","parent":"ljw0kllngf","x":934.4,"y":523.2,"tool":"Eraser"},{"type":"child","parent":"ljw0kllngf","x":927.2,"y":516,"tool":"Eraser"}]},"ljw0kllu01":{"type":"line","id":"ljw0kllu01","color":"#FFDC00","size":10,"tool":"Eraser","time":1558610805633,"_children":[{"type":"child","parent":"ljw0kllu01","x":915.2,"y":496.8,"tool":"Eraser"}]},"sjw0kllu1d":{"type":"straight","id":"sjw0kllu1d","color":"#FFDC00","size":10,"x":915.2,"y":496.8,"tool":"Eraser","time":1558610805652,"x2":912,"y2":496},"rjw0kllu1z":{"type":"rect","id":"rjw0kllu1z","color":"#FFDC00","size":10,"x":915.2,"y":496.8,"x2":205.59999084472656,"y2":170.39999389648438,"tool":"Pencil","time":1558610805652},"ljw0klslhs":{"type":"line","id":"ljw0klslhs","color":"#FFDC00","size":10,"tool":"Pencil","time":1558610814399,"_children":[{"type":"child","parent":"ljw0klslhs","x":547.2,"y":532.8,"tool":"Pencil"}]},"rjw0klsljb":{"type":"rect","id":"rjw0klsljb","color":"#FFDC00","size":10,"x":547.2,"y":532.8,"x2":547.2000122070312,"y2":534.3999633789062,"tool":"Pencil","time":1558610814419},"sjw0kltsl6":{"type":"straight","id":"sjw0kltsl6","color":"#FFDC00","size":10,"x":1197.6,"y":468,"tool":"Pencil","time":1558610815965,"x2":1196,"y2":468},"rjw0kltsmq":{"type":"rect","id":"rjw0kltsmq","color":"#FFDC00","size":10,"x":1197.6,"y":468,"x2":1196,"y2":468,"tool":"Pencil","time":1558610815965},"ljw0klx2bs":{"type":"line","id":"ljw0klx2bs","color":"#06a","size":10,"tool":"Pencil","time":1558610820189,"_children":[{"type":"child","parent":"ljw0klx2bs","x":1058.4,"y":423.2,"tool":"Pencil"},{"type":"child","parent":"ljw0klx2bs","x":1058.4,"y":424.8,"tool":"Pencil"}]},"sjw0klx2d3":{"type":"straight","id":"sjw0klx2d3","color":"#06a","size":10,"x":1058.4,"y":423.2,"tool":"Pencil","time":1558610820195,"x2":1058.4000244140625,"y2":424.79998779296875},"rjw0klx2dc":{"type":"rect","id":"rjw0klx2dc","color":"#06a","size":10,"x":1058.4,"y":423.2,"x2":1058.4000244140625,"y2":424.79998779296875,"tool":"Pencil","time":1558610820195},"ljw0kmh3tv":{"type":"line","id":"ljw0kmh3tv","color":"#06a","size":10,"tool":"Pencil","time":1558610846165,"_children":[{"type":"child","parent":"ljw0kmh3tv","x":1314.4,"y":328,"tool":"Pencil"},{"type":"child","parent":"ljw0kmh3tv","x":1314.4,"y":328,"tool":"Pencil"}]},"sjw0kmh3uq":{"type":"straight","id":"sjw0kmh3uq","color":"#06a","size":10,"x":1314.4,"y":328,"tool":"Pencil","time":1558610846170,"x2":1314.4000244140625,"y2":328},"rjw0kmh3ug":{"type":"rect","id":"rjw0kmh3ug","color":"#06a","size":10,"x":1314.4,"y":328,"x2":1314.4000244140625,"y2":328,"tool":"Pencil","time":1558610846170},"tjw0nmmcdf":{"type":"new","id":"tjw0nmmcdf","color":"#001f3f","size":27,"x":379,"y":156.5,"tool":"Text","time":1558615839211,"txt":""},"ljw0nmtg7m":{"type":"line","id":"ljw0nmtg7m","color":"#001f3f","size":10,"tool":"Pencil","time":1558615848422,"_children":[{"type":"child","parent":"ljw0nmtg7m","x":609,"y":237,"tool":"Pencil"},{"type":"child","parent":"ljw0nmtg7m","x":610,"y":291,"tool":"Pencil"},{"type":"child","parent":"ljw0nmtg7m","x":627,"y":324,"tool":"Pencil"},{"type":"child","parent":"ljw0nmtg7m","x":707,"y":329,"tool":"Pencil"},{"type":"child","parent":"ljw0nmtg7m","x":804,"y":295,"tool":"Pencil"},{"type":"child","parent":"ljw0nmtg7m","x":854,"y":263,"tool":"Pencil"},{"type":"child","parent":"ljw0nmtg7m","x":875,"y":204,"tool":"Pencil"},{"type":"child","parent":"ljw0nmtg7m","x":854,"y":154,"tool":"Pencil"},{"type":"child","parent":"ljw0nmtg7m","x":773,"y":124,"tool":"Pencil"},{"type":"child","parent":"ljw0nmtg7m","x":710,"y":115,"tool":"Pencil"},{"type":"child","parent":"ljw0nmtg7m","x":672,"y":118,"tool":"Pencil"},{"type":"child","parent":"ljw0nmtg7m","x":652,"y":137,"tool":"Pencil"},{"type":"child","parent":"ljw0nmtg7m","x":640,"y":161,"tool":"Pencil"},{"type":"child","parent":"ljw0nmtg7m","x":635,"y":181,"tool":"Pencil"},{"type":"child","parent":"ljw0nmtg7m","x":632,"y":197,"tool":"Pencil"},{"type":"child","parent":"ljw0nmtg7m","x":630,"y":206,"tool":"Pencil"},{"type":"child","parent":"ljw0nmtg7m","x":629,"y":215,"tool":"Pencil"},{"type":"child","parent":"ljw0nmtg7m","x":628,"y":220,"tool":"Pencil"},{"type":"child","parent":"ljw0nmtg7m","x":622,"y":227,"tool":"Pencil"},{"type":"child","parent":"ljw0nmtg7m","x":616,"y":234,"tool":"Pencil"},{"type":"child","parent":"ljw0nmtg7m","x":610,"y":242,"tool":"Pencil"},{"type":"child","parent":"ljw0nmtg7m","x":608,"y":244,"tool":"Pencil"}]},"ljw0nmv3yg":{"type":"line","id":"ljw0nmv3yg","color":"#001f3f","size":10,"tool":"Pencil","time":1558615850573,"_children":[{"type":"child","parent":"ljw0nmv3yg","x":786,"y":349,"tool":"Pencil"}]},"ljw0nn4dwk":{"type":"line","id":"ljw0nn4dwk","color":"#001f3f","size":12,"opacity":0.4,"tool":"Pencil","time":1558615862595,"_children":[{"type":"child","parent":"ljw0nn4dwk","x":400,"y":336,"tool":"Pencil"}]}}