{"ljp1nfniol":{"type":"line","id":"ljp1nfniol","color":"#1913b0","size":"10","tool":"Pencil","_children":[{"type":"child","parent":"ljp1nfniol","x":304,"y":111,"tool":"Pencil"},{"type":"child","parent":"ljp1nfniol","x":304,"y":111,"tool":"Pencil"}]},"ljp1nfo2x2":{"type":"line","id":"ljp1nfo2x2","color":"#1913b0","size":"10","tool":"Pencil","_children":[{"type":"child","parent":"ljp1nfo2x2","x":887,"y":116,"tool":"Pencil"},{"type":"child","parent":"ljp1nfo2x2","x":882,"y":102,"tool":"Pencil"},{"type":"child","parent":"ljp1nfo2x2","x":882,"y":102,"tool":"Pencil"}]},"ljp1nfpsnx":{"type":"line","id":"ljp1nfpsnx","color":"#1913b0","size":"10","tool":"Pencil","_children":[{"type":"child","parent":"ljp1nfpsnx","x":882,"y":99,"tool":"Pencil"},{"type":"child","parent":"ljp1nfpsnx","x":882,"y":99,"tool":"Pencil"},{"type":"child","parent":"ljp1nfpsnx","x":884,"y":99,"tool":"Pencil"},{"type":"child","parent":"ljp1nfpsnx","x":887,"y":99,"tool":"Pencil"},{"type":"child","parent":"ljp1nfpsnx","x":977,"y":89,"tool":"Pencil"},{"type":"child","parent":"ljp1nfpsnx","x":1160,"y":81,"tool":"Pencil"},{"type":"child","parent":"ljp1nfpsnx","x":1360,"y":72,"tool":"Pencil"},{"type":"child","parent":"ljp1nfpsnx","x":1396,"y":70,"tool":"Pencil"},{"type":"child","parent":"ljp1nfpsnx","x":1396,"y":114,"tool":"Pencil"},{"type":"child","parent":"ljp1nfpsnx","x":1396,"y":149,"tool":"Pencil"},{"type":"child","parent":"ljp1nfpsnx","x":1393,"y":167,"tool":"Pencil"},{"type":"child","parent":"ljp1nfpsnx","x":1390,"y":198,"tool":"Pencil"},{"type":"child","parent":"ljp1nfpsnx","x":1387,"y":222,"tool":"Pencil"},{"type":"child","parent":"ljp1nfpsnx","x":1382,"y":222,"tool":"Pencil"},{"type":"child","parent":"ljp1nfpsnx","x":1269,"y":201,"tool":"Pencil"},{"type":"child","parent":"ljp1nfpsnx","x":1007,"y":190,"tool":"Pencil"},{"type":"child","parent":"ljp1nfpsnx","x":995,"y":187,"tool":"Pencil"},{"type":"child","parent":"ljp1nfpsnx","x":994,"y":187,"tool":"Pencil"},{"type":"child","parent":"ljp1nfpsnx","x":983,"y":187,"tool":"Pencil"},{"type":"child","parent":"ljp1nfpsnx","x":963,"y":188,"tool":"Pencil"},{"type":"child","parent":"ljp1nfpsnx","x":948,"y":185,"tool":"Pencil"},{"type":"child","parent":"ljp1nfpsnx","x":928,"y":182,"tool":"Pencil"},{"type":"child","parent":"ljp1nfpsnx","x":909,"y":182,"tool":"Pencil"},{"type":"child","parent":"ljp1nfpsnx","x":908,"y":182,"tool":"Pencil"},{"type":"child","parent":"ljp1nfpsnx","x":898,"y":171,"tool":"Pencil"},{"type":"child","parent":"ljp1nfpsnx","x":873,"y":164,"tool":"Pencil"},{"type":"child","parent":"ljp1nfpsnx","x":867,"y":164,"tool":"Pencil"},{"type":"child","parent":"ljp1nfpsnx","x":867,"y":159,"tool":"Pencil"},{"type":"child","parent":"ljp1nfpsnx","x":878,"y":141,"tool":"Pencil"},{"type":"child","parent":"ljp1nfpsnx","x":882,"y":126,"tool":"Pencil"},{"type":"child","parent":"ljp1nfpsnx","x":883,"y":119,"tool":"Pencil"},{"type":"child","parent":"ljp1nfpsnx","x":886,"y":105,"tool":"Pencil"},{"type":"child","parent":"ljp1nfpsnx","x":890,"y":88,"tool":"Pencil"},{"type":"child","parent":"ljp1nfpsnx","x":890,"y":87,"tool":"Pencil"}]},"sjp1nfx2wx":{"type":"straight","id":"sjp1nfx2wx","color":"#1913b0","size":"10","x":871,"y":305,"tool":"Straight line","x2":1376,"y2":309},"sjp1ng1arn":{"type":"straight","id":"sjp1ng1arn","color":"#1913b0","size":"10","x":1374,"y":452,"tool":"Straight line","x2":1374,"y2":452},"sjp1ng2iwu":{"type":"straight","id":"sjp1ng2iwu","color":"#1913b0","size":"10","x":1377,"y":312,"tool":"Straight line","x2":1374,"y2":455},"sjp1ng4m72":{"type":"straight","id":"sjp1ng4m72","color":"#1913b0","size":"10","x":1374,"y":455,"tool":"Straight line","x2":871,"y2":449},"sjp1ng69v5":{"type":"straight","id":"sjp1ng69v5","color":"#1913b0","size":"10","x":869,"y":449,"tool":"Straight line","x2":867,"y2":310},"sjp1ng8tay":{"type":"straight","id":"sjp1ng8tay","color":"#1913b0","size":"10","x":867,"y":310,"tool":"Straight line"}}