{"ljrthlyfvr":{"type":"line","id":"ljrthlyfvr","color":"#ff851b","size":10,"tool":"Pencil","time":1549475282504,"_children":[{"type":"child","parent":"ljrthlyfvr","x":337,"y":313,"tool":"Pencil"},{"type":"child","parent":"ljrthlyfvr","x":411,"y":312,"tool":"Pencil"},{"type":"child","parent":"ljrthlyfvr","x":582,"y":325,"tool":"Pencil"},{"type":"child","parent":"ljrthlyfvr","x":755,"y":390,"tool":"Pencil"},{"type":"child","parent":"ljrthlyfvr","x":822,"y":524,"tool":"Pencil"},{"type":"child","parent":"ljrthlyfvr","x":740,"y":694,"tool":"Pencil"},{"type":"child","parent":"ljrthlyfvr","x":647,"y":803,"tool":"Pencil"},{"type":"child","parent":"ljrthlyfvr","x":662,"y":880,"tool":"Pencil"},{"type":"child","parent":"ljrthlyfvr","x":836,"y":945,"tool":"Pencil"},{"type":"child","parent":"ljrthlyfvr","x":1091,"y":933,"tool":"Pencil"},{"type":"child","parent":"ljrthlyfvr","x":1316,"y":762,"tool":"Pencil"},{"type":"child","parent":"ljrthlyfvr","x":1338,"y":547,"tool":"Pencil"},{"type":"child","parent":"ljrthlyfvr","x":1217,"y":355,"tool":"Pencil"},{"type":"child","parent":"ljrthlyfvr","x":965,"y":273,"tool":"Pencil"},{"type":"child","parent":"ljrthlyfvr","x":806,"y":296,"tool":"Pencil"}]},"ljrthlzn3t":{"type":"line","id":"ljrthlzn3t","color":"#ff851b","size":10,"tool":"Pencil","time":1549475284059,"_children":[{"type":"child","parent":"ljrthlzn3t","x":993,"y":460,"tool":"Pencil"},{"type":"child","parent":"ljrthlzn3t","x":919,"y":518,"tool":"Pencil"},{"type":"child","parent":"ljrthlzn3t","x":1104,"y":600,"tool":"Pencil"},{"type":"child","parent":"ljrthlzn3t","x":1420,"y":726,"tool":"Pencil"},{"type":"child","parent":"ljrthlzn3t","x":1436,"y":849,"tool":"Pencil"},{"type":"child","parent":"ljrthlzn3t","x":1161,"y":966,"tool":"Pencil"},{"type":"child","parent":"ljrthlzn3t","x":777,"y":904,"tool":"Pencil"},{"type":"child","parent":"ljrthlzn3t","x":626,"y":786,"tool":"Pencil"},{"type":"child","parent":"ljrthlzn3t","x":933,"y":640,"tool":"Pencil"},{"type":"child","parent":"ljrthlzn3t","x":1366,"y":586,"tool":"Pencil"},{"type":"child","parent":"ljrthlzn3t","x":1599,"y":513,"tool":"Pencil"}]},"ljrthm0qfk":{"type":"line","id":"ljrthm0qfk","color":"#ff851b","size":10,"tool":"Pencil","time":1549475285475,"_children":[{"type":"child","parent":"ljrthm0qfk","x":1393,"y":327,"tool":"Pencil"},{"type":"child","parent":"ljrthm0qfk","x":1120,"y":499,"tool":"Pencil"}]},"ljrthm12aw":{"type":"line","id":"ljrthm12aw","color":"#ff851b","size":10,"tool":"Pencil","time":1549475285904,"_children":[{"type":"child","parent":"ljrthm12aw","x":1048,"y":258,"tool":"Pencil"},{"type":"child","parent":"ljrthm12aw","x":1318,"y":527,"tool":"Pencil"}]},"ljrthm1ogq":{"type":"line","id":"ljrthm1ogq","color":"#ff851b","size":10,"tool":"Pencil","time":1549475286700,"_children":[{"type":"child","parent":"ljrthm1ogq","x":503,"y":596,"tool":"Pencil"},{"type":"child","parent":"ljrthm1ogq","x":427,"y":638,"tool":"Pencil"},{"type":"child","parent":"ljrthm1ogq","x":363,"y":679,"tool":"Pencil"}]},"ljrthm200a":{"type":"line","id":"ljrthm200a","color":"#ff851b","size":10,"tool":"Pencil","time":1549475287116,"_children":[{"type":"child","parent":"ljrthm200a","x":399,"y":596,"tool":"Pencil"},{"type":"child","parent":"ljrthm200a","x":450,"y":643,"tool":"Pencil"},{"type":"child","parent":"ljrthm200a","x":501,"y":683,"tool":"Pencil"}]},"ljrthm2cj9":{"type":"line","id":"ljrthm2cj9","color":"#ff851b","size":10,"tool":"Pencil","time":1549475287569,"_children":[{"type":"child","parent":"ljrthm2cj9","x":500,"y":562,"tool":"Pencil"},{"type":"child","parent":"ljrthm2cj9","x":510,"y":561,"tool":"Pencil"},{"type":"child","parent":"ljrthm2cj9","x":552,"y":563,"tool":"Pencil"},{"type":"child","parent":"ljrthm2cj9","x":534,"y":601,"tool":"Pencil"},{"type":"child","parent":"ljrthm2cj9","x":529,"y":609,"tool":"Pencil"},{"type":"child","parent":"ljrthm2cj9","x":570,"y":614,"tool":"Pencil"}]},"ljrthm2uqz":{"type":"line","id":"ljrthm2uqz","color":"#ff851b","size":10,"tool":"Pencil","time":1549475288222,"_children":[{"type":"child","parent":"ljrthm2uqz","x":581,"y":626,"tool":"Pencil"},{"type":"child","parent":"ljrthm2uqz","x":648,"y":627,"tool":"Pencil"}]},"ljrthm333o":{"type":"line","id":"ljrthm333o","color":"#ff851b","size":10,"tool":"Pencil","time":1549475288523,"_children":[{"type":"child","parent":"ljrthm333o","x":578,"y":648,"tool":"Pencil"},{"type":"child","parent":"ljrthm333o","x":633,"y":652,"tool":"Pencil"}]},"ljrthm3e9k":{"type":"line","id":"ljrthm3e9k","color":"#ff851b","size":10,"tool":"Pencil","time":1549475288924,"_children":[{"type":"child","parent":"ljrthm3e9k","x":636,"y":579,"tool":"Pencil"},{"type":"child","parent":"ljrthm3e9k","x":712,"y":585,"tool":"Pencil"},{"type":"child","parent":"ljrthm3e9k","x":690,"y":606,"tool":"Pencil"},{"type":"child","parent":"ljrthm3e9k","x":668,"y":630,"tool":"Pencil"},{"type":"child","parent":"ljrthm3e9k","x":737,"y":658,"tool":"Pencil"},{"type":"child","parent":"ljrthm3e9k","x":745,"y":692,"tool":"Pencil"},{"type":"child","parent":"ljrthm3e9k","x":660,"y":717,"tool":"Pencil"},{"type":"child","parent":"ljrthm3e9k","x":621,"y":715,"tool":"Pencil"}]}}