{"ljq2plqd2x":{"type":"line","id":"ljq2plqd2x","color":"#2ecc40","size":10,"tool":"Pencil","time":1545679395320,"_children":[{"type":"child","parent":"ljq2plqd2x","x":390,"y":311,"tool":"Pencil"},{"type":"child","parent":"ljq2plqd2x","x":473,"y":299,"tool":"Pencil"},{"type":"child","parent":"ljq2plqd2x","x":693,"y":241,"tool":"Pencil"},{"type":"child","parent":"ljq2plqd2x","x":736,"y":176,"tool":"Pencil"},{"type":"child","parent":"ljq2plqd2x","x":737,"y":128,"tool":"Pencil"},{"type":"child","parent":"ljq2plqd2x","x":664,"y":120,"tool":"Pencil"},{"type":"child","parent":"ljq2plqd2x","x":469,"y":222,"tool":"Pencil"},{"type":"child","parent":"ljq2plqd2x","x":504,"y":398,"tool":"Pencil"},{"type":"child","parent":"ljq2plqd2x","x":677,"y":499,"tool":"Pencil"},{"type":"child","parent":"ljq2plqd2x","x":823,"y":452,"tool":"Pencil"},{"type":"child","parent":"ljq2plqd2x","x":894,"y":368,"tool":"Pencil"},{"type":"child","parent":"ljq2plqd2x","x":877,"y":334,"tool":"Pencil"},{"type":"child","parent":"ljq2plqd2x","x":652,"y":410,"tool":"Pencil"},{"type":"child","parent":"ljq2plqd2x","x":594,"y":435,"tool":"Pencil"},{"type":"child","parent":"ljq2plqd2x","x":738,"y":392,"tool":"Pencil"},{"type":"child","parent":"ljq2plqd2x","x":992,"y":377,"tool":"Pencil"},{"type":"child","parent":"ljq2plqd2x","x":1000,"y":375,"tool":"Pencil"},{"type":"child","parent":"ljq2plqd2x","x":593,"y":221,"tool":"Pencil"},{"type":"child","parent":"ljq2plqd2x","x":443,"y":205,"tool":"Pencil"},{"type":"child","parent":"ljq2plqd2x","x":646,"y":229,"tool":"Pencil"},{"type":"child","parent":"ljq2plqd2x","x":897,"y":247,"tool":"Pencil"},{"type":"child","parent":"ljq2plqd2x","x":617,"y":288,"tool":"Pencil"},{"type":"child","parent":"ljq2plqd2x","x":496,"y":345,"tool":"Pencil"},{"type":"child","parent":"ljq2plqd2x","x":796,"y":272,"tool":"Pencil"},{"type":"child","parent":"ljq2plqd2x","x":832,"y":249,"tool":"Pencil"},{"type":"child","parent":"ljq2plqd2x","x":512,"y":382,"tool":"Pencil"}]}}