{"tk8768lwxa":{"type":"new","id":"tk8768lwxa","color":"#001f3f","size":27,"x":570,"y":333.5,"tool":"Text","time":1585131283251,"txt":""},"tk8768vmsl":{"type":"new","id":"tk8768vmsl","color":"#001f3f","size":27,"x":94,"y":51.5,"tool":"Text","time":1585131295845},"lk87696exi":{"type":"line","id":"lk87696exi","color":"#001f3f","size":10,"tool":"Pencil","time":1585131309821,"_children":[{"type":"child","parent":"lk87696exi","x":16,"y":665,"tool":"Pencil"}]},"lk8769ia96":{"type":"line","id":"lk8769ia96","color":"#001f3f","size":2,"tool":"Pencil","time":1585131325205,"_children":[{"type":"child","parent":"lk8769ia96","x":654,"y":260,"tool":"Pencil"}]},"lk8794xg6t":{"type":"line","id":"lk8794xg6t","color":"#7fdbff","size":10,"tool":"Pencil","time":1585136150425,"_children":[{"type":"child","parent":"lk8794xg6t","x":55,"y":506,"tool":"Pencil"}]},"tk8794ynxv":{"type":"new","id":"tk8794ynxv","color":"#7fdbff","size":27,"x":225,"y":669.5,"tool":"Text","time":1585136152000},"tk879506v7":{"type":"new","id":"tk879506v7","color":"#7fdbff","size":27,"x":329,"y":331.5,"tool":"Text","time":1585136154015,"txt":""},"tk8795126j":{"type":"new","id":"tk8795126j","color":"#7fdbff","size":27,"x":326,"y":352.5,"tool":"Text","time":1585136155147},"tk87952kpd":{"type":"new","id":"tk87952kpd","color":"#7fdbff","size":27,"x":287,"y":553.5,"tool":"Text","time":1585136157107},"tk879533hw":{"type":"new","id":"tk879533hw","color":"#7fdbff","size":27,"x":337,"y":277.5,"tool":"Text","time":1585136157767},"tk87953rjf":{"type":"new","id":"tk87953rjf","color":"#7fdbff","size":27,"x":340,"y":313.5,"tool":"Text","time":1585136158640},"tk8a38qm46":{"type":"new","id":"tk8a38qm46","color":"#aaaaaa","size":27,"x":516,"y":268.5,"tool":"Text","time":1585307649031,"txt":""},"tk8a38qwzo":{"type":"new","id":"tk8a38qwzo","color":"#aaaaaa","size":27,"x":605,"y":276.5,"tool":"Text","time":1585307649425},"tk8a38r9hd":{"type":"new","id":"tk8a38r9hd","color":"#aaaaaa","size":27,"x":664,"y":413.5,"tool":"Text","time":1585307649865},"tk8a38rp7k":{"type":"new","id":"tk8a38rp7k","color":"#aaaaaa","size":27,"x":942,"y":295.5,"tool":"Text","time":1585307650439},"tk8a3997ym":{"type":"new","id":"tk8a3997ym","color":"#0061fe","size":27,"x":375,"y":236.5,"tool":"Text","time":1585307673147,"txt":""},"tk8a39e8gy":{"type":"new","id":"tk8a39e8gy","color":"#0061fe","size":27,"x":721,"y":266.5,"tool":"Text","time":1585307679641},"tk8a3a1gl2":{"type":"new","id":"tk8a3a1gl2","color":"#0061fe","size":27,"x":650,"y":309.5,"tool":"Text","time":1585307709742,"txt":""},"tk8a3a2628":{"type":"new","id":"tk8a3a2628","color":"#0061fe","size":27,"x":611,"y":308.5,"tool":"Text","time":1585307710662},"tk8a3a3c5h":{"type":"new","id":"tk8a3a3c5h","color":"#0061fe","size":27,"x":734,"y":156.5,"tool":"Text","time":1585307712180},"tk8a3a8jsa":{"type":"new","id":"tk8a3a8jsa","color":"#0061fe","size":27,"x":606,"y":89.5,"tool":"Text","time":1585307718932},"tk8a3btslx":{"type":"new","id":"tk8a3btslx","color":"#000000","size":27,"x":799,"y":428.5,"tool":"Text","time":1585307793122,"txt":""},"tk8a3c5q2p":{"type":"new","id":"tk8a3c5q2p","color":"#000000","size":27,"x":167,"y":84.5,"tool":"Text","time":1585307808918},"tk8a3c63up":{"type":"new","id":"tk8a3c63up","color":"#000000","size":27,"x":211,"y":259.5,"tool":"Text","time":1585307809074},"tk8a3d6dts":{"type":"new","id":"tk8a3d6dts","color":"#000000","size":27,"x":613,"y":375.5,"tool":"Text","time":1585307856096,"txt":""},"tk8a3d7fbz":{"type":"new","id":"tk8a3d7fbz","color":"#000000","size":27,"x":1030,"y":420.5,"tool":"Text","time":1585307857447},"tk8a3de4ee":{"type":"new","id":"tk8a3de4ee","color":"#000000","size":27,"x":570,"y":274.5,"tool":"Text","time":1585307866131},"tk8a3df01i":{"type":"new","id":"tk8a3df01i","color":"#000000","size":27,"x":538,"y":477.5,"tool":"Text","time":1585307867268},"tk8a3j6hug":{"type":"new","id":"tk8a3j6hug","color":"#ff851b","size":27,"x":454,"y":116.5,"tool":"Text","time":1585308136185,"txt":""},"tk8a3jflz9":{"type":"new","id":"tk8a3jflz9","color":"#ff851b","size":27,"x":21,"y":590.5,"tool":"Text","time":1585308147990},"lk8a3jwp21":{"type":"line","id":"lk8a3jwp21","color":"#2ecc40","size":6,"tool":"Pencil","time":1585308170111,"_children":[{"type":"child","parent":"lk8a3jwp21","x":1135,"y":364,"tool":"Pencil"}]},"lk8a3jwqx8":{"type":"line","id":"lk8a3jwqx8","color":"#2ecc40","size":6,"tool":"Pencil","time":1585308170172,"_children":[{"type":"child","parent":"lk8a3jwqx8","x":1131,"y":397,"tool":"Pencil"}]},"tk8a3k8c7y":{"type":"new","id":"tk8a3k8c7y","color":"#000000","size":27,"x":646,"y":419.5,"tool":"Text","time":1585308185225,"txt":""},"tk8acvopsl":{"type":"new","id":"tk8acvopsl","color":"#001f3f","size":27,"x":892.8,"y":951.1,"tool":"Text","time":1585323836213,"txt":""},"tk8acvqilr":{"type":"new","id":"tk8acvqilr","color":"#001f3f","size":27,"x":1084.3,"y":799.4,"tool":"Text","time":1585323838546},"tk8acvqskh":{"type":"new","id":"tk8acvqskh","color":"#001f3f","size":27,"x":1064.4,"y":519.6,"tool":"Text","time":1585323838907},"tk8acvr3ow":{"type":"new","id":"tk8acvr3ow","color":"#001f3f","size":27,"x":1070.6,"y":565.6,"tool":"Text","time":1585323839327},"tk8acvrycf":{"type":"new","id":"tk8acvrycf","color":"#001f3f","size":27,"x":1001,"y":508.4,"tool":"Text","time":1585323840405},"tk8acvsmas":{"type":"new","id":"tk8acvsmas","color":"#001f3f","size":27,"x":802,"y":405.2,"tool":"Text","time":1585323841264},"tk8acvu58f":{"type":"new","id":"tk8acvu58f","color":"#001f3f","size":27,"x":988.6,"y":859.1,"tool":"Text","time":1585323843241},"tk8acvu5zo":{"type":"new","id":"tk8acvu5zo","color":"#001f3f","size":27,"x":305.9,"y":1275.6,"tool":"Text","time":1585323843280},"tk8acvvnl6":{"type":"new","id":"tk8acvvnl6","color":"#001f3f","size":27,"x":949.8,"y":557.8,"tool":"Text","time":1585323845198},"tk8acvwbv4":{"type":"new","id":"tk8acvwbv4","color":"#001f3f","size":27,"x":783.2,"y":498.9,"tool":"Text","time":1585323846094},"tk8acvxefg":{"type":"new","id":"tk8acvxefg","color":"#001f3f","size":27,"x":742,"y":561.2,"tool":"Text","time":1585323847472},"tk8acw2r96":{"type":"new","id":"tk8acw2r96","color":"#001f3f","size":27,"x":194.3,"y":152.3,"tool":"Text","time":1585323854415,"txt":""},"tk8acw62bj":{"type":"new","id":"tk8acw62bj","color":"#001f3f","size":27,"x":146.4,"y":116.1,"tool":"Text","time":1585323858690},"tk8acw6hly":{"type":"new","id":"tk8acw6hly","color":"#001f3f","size":27,"x":145.5,"y":183.4,"tool":"Text","time":1585323859234},"tk8acwko63":{"type":"new","id":"tk8acwko63","color":"#001f3f","size":27,"x":239.8,"y":262.5,"tool":"Text","time":1585323877618,"txt":""},"tk8acyde15":{"type":"new","id":"tk8acyde15","color":"#b10dc9","size":27,"x":221.9,"y":270.7,"tool":"Text","time":1585323961497,"txt":""},"tk8acyjg8u":{"type":"new","id":"tk8acyjg8u","color":"#000000","size":27,"x":70.5,"y":382.2,"tool":"Text","time":1585323969356},"tk8acyk6eo":{"type":"new","id":"tk8acyk6eo","color":"#000000","size":27,"x":190,"y":266.1,"tool":"Text","time":1585323970293},"tk8acynt9t":{"type":"new","id":"tk8acynt9t","color":"#000000","size":27,"x":244.6,"y":261.6,"tool":"Text","time":1585323975011,"txt":""},"tk8acyq5g1":{"type":"new","id":"tk8acyq5g1","color":"#000000","size":27,"x":201.4,"y":286.6,"tool":"Text","time":1585323978978,"txt":""},"tk8acyshpp":{"type":"new","id":"tk8acyshpp","color":"#000000","size":27,"x":223,"y":276.4,"tool":"Text","time":1585323981068,"txt":""},"tk8ad04dw9":{"type":"new","id":"tk8ad04dw9","color":"#001f3f","size":27,"x":771.2,"y":274.9,"tool":"Text","time":1585324043149,"txt":""},"tk8ad08j7n":{"type":"new","id":"tk8ad08j7n","color":"#001f3f","size":27,"x":770.1,"y":289.2,"tool":"Text","time":1585324048540,"txt":""},"tk8ad0a8ag":{"type":"new","id":"tk8ad0a8ag","color":"#001f3f","size":27,"x":778.8,"y":283.7,"tool":"Text","time":1585324050712,"txt":""},"tk8ad0bumx":{"type":"new","id":"tk8ad0bumx","color":"#001f3f","size":27,"x":762.4,"y":281.5,"tool":"Text","time":1585324052812,"txt":""},"tk8ad0gjs6":{"type":"new","id":"tk8ad0gjs6","color":"#001f3f","size":27,"x":784.3,"y":279.3,"tool":"Text","time":1585324058903,"txt":""},"tk8ad0i5v5":{"type":"new","id":"tk8ad0i5v5","color":"#001f3f","size":27,"x":748.2,"y":264,"tool":"Text","time":1585324060994,"txt":""},"tk8ad0k0td":{"type":"new","id":"tk8ad0k0td","color":"#001f3f","size":27,"x":769,"y":285.9,"tool":"Text","time":1585324063403,"txt":""},"tk8ad0lqty":{"type":"new","id":"tk8ad0lqty","color":"#001f3f","size":27,"x":771.2,"y":268.4,"tool":"Text","time":1585324065663,"txt":""},"tk8ad0noys":{"type":"new","id":"tk8ad0noys","color":"#001f3f","size":27,"x":777.7,"y":287,"tool":"Text","time":1585324068179,"txt":""},"tk8ad0piww":{"type":"new","id":"tk8ad0piww","color":"#001f3f","size":27,"x":767.9,"y":264,"tool":"Text","time":1585324070535,"txt":""},"tk8ad0r9gv":{"type":"new","id":"tk8ad0r9gv","color":"#001f3f","size":27,"x":770.1,"y":291.3,"tool":"Text","time":1585324072788},"tk8ad0sjh1":{"type":"new","id":"tk8ad0sjh1","color":"#001f3f","size":27,"x":767.9,"y":282.6,"tool":"Text","time":1585324074463,"txt":""},"tk8ad13y7b":{"type":"new","id":"tk8ad13y7b","color":"#001f3f","size":27,"x":823.7,"y":710.3,"tool":"Text","time":1585324089227,"txt":""},"tk8ad160pd":{"type":"new","id":"tk8ad160pd","color":"#001f3f","size":27,"x":797.4,"y":523.2,"tool":"Text","time":1585324091911},"tk8ad16jhm":{"type":"new","id":"tk8ad16jhm","color":"#001f3f","size":27,"x":762.4,"y":419.3,"tool":"Text","time":1585324092618},"tk8ad16kq4":{"type":"new","id":"tk8ad16kq4","color":"#001f3f","size":27,"x":289.9,"y":818.6,"tool":"Text","time":1585324092626},"tk8ad19ah3":{"type":"new","id":"tk8ad19ah3","color":"#001f3f","size":27,"x":931.3,"y":727.2,"tool":"Text","time":1585324096154},"tk8ad19b84":{"type":"new","id":"tk8ad19b84","color":"#001f3f","size":27,"x":331.3,"y":1379.9,"tool":"Text","time":1585324096172},"tk8ad19x0n":{"type":"new","id":"tk8ad19x0n","color":"#001f3f","size":27,"x":938.8,"y":752.7,"tool":"Text","time":1585324096980},"tk8ad19y9k":{"type":"new","id":"tk8ad19y9k","color":"#001f3f","size":27,"x":395.6,"y":1253.7,"tool":"Text","time":1585324097000},"tk8ad1agp9":{"type":"new","id":"tk8ad1agp9","color":"#001f3f","size":27,"x":897.8,"y":826.1,"tool":"Text","time":1585324097699},"tk8ad1at61":{"type":"new","id":"tk8ad1at61","color":"#001f3f","size":27,"x":904.7,"y":848.2,"tool":"Text","time":1585324098121},"tk8ad1b48i":{"type":"new","id":"tk8ad1b48i","color":"#001f3f","size":27,"x":466.4,"y":1179.1,"tool":"Text","time":1585324098514},"tk8ad1b4o3":{"type":"new","id":"tk8ad1b4o3","color":"#001f3f","size":27,"x":869.7,"y":871.3,"tool":"Text","time":1585324098526},"tk8ad1bs4z":{"type":"new","id":"tk8ad1bs4z","color":"#001f3f","size":27,"x":1000.2,"y":622.6,"tool":"Text","time":1585324099377},"tk8ad1bsqd":{"type":"new","id":"tk8ad1bsqd","color":"#001f3f","size":27,"x":306.3,"y":1233.5,"tool":"Text","time":1585324099393},"tk8ad1cfwe":{"type":"new","id":"tk8ad1cfwe","color":"#001f3f","size":27,"x":1002.7,"y":699.5,"tool":"Text","time":1585324100236},"tk8ad1cgi7":{"type":"new","id":"tk8ad1cgi7","color":"#001f3f","size":27,"x":334.2,"y":1206,"tool":"Text","time":1585324100274},"tk8ad1d0am":{"type":"new","id":"tk8ad1d0am","color":"#001f3f","size":27,"x":965,"y":772.3,"tool":"Text","time":1585324100979},"tk8ad1dhyl":{"type":"new","id":"tk8ad1dhyl","color":"#001f3f","size":27,"x":924.5,"y":717.9,"tool":"Text","time":1585324101610},"tk8ad1dil5":{"type":"new","id":"tk8ad1dil5","color":"#001f3f","size":27,"x":366.1,"y":1108.3,"tool":"Text","time":1585324101621},"tk8ad1eoit":{"type":"new","id":"tk8ad1eoit","color":"#001f3f","size":27,"x":462.9,"y":1189.8,"tool":"Text","time":1585324103150},"tk8ad1ep27":{"type":"new","id":"tk8ad1ep27","color":"#001f3f","size":27,"x":768.4,"y":980.5,"tool":"Text","time":1585324103151},"tk8ad1fugm":{"type":"new","id":"tk8ad1fugm","color":"#001f3f","size":27,"x":737.8,"y":880.9,"tool":"Text","time":1585324104648},"tk8ad1gau4":{"type":"new","id":"tk8ad1gau4","color":"#001f3f","size":27,"x":753.3,"y":799.7,"tool":"Text","time":1585324105243},"tk8ad1hwhm":{"type":"new","id":"tk8ad1hwhm","color":"#001f3f","size":27,"x":540.5,"y":458.6,"tool":"Text","time":1585324107338},"tk8ad1j39o":{"type":"new","id":"tk8ad1j39o","color":"#001f3f","size":27,"x":588.8,"y":359.3,"tool":"Text","time":1585324108855},"tk8ad1j402":{"type":"new","id":"tk8ad1j402","color":"#001f3f","size":27,"x":207.5,"y":471.4,"tool":"Text","time":1585324108897},"tk8ad1tfe6":{"type":"new","id":"tk8ad1tfe6","color":"#001f3f","size":27,"x":960.6,"y":262.4,"tool":"Text","time":1585324122250,"txt":""},"tk8ad1vyna":{"type":"new","id":"tk8ad1vyna","color":"#001f3f","size":27,"x":981.3,"y":286.9,"tool":"Text","time":1585324125538,"txt":""},"tk8ad1xmx1":{"type":"new","id":"tk8ad1xmx1","color":"#001f3f","size":27,"x":981.3,"y":279.1,"tool":"Text","time":1585324127703,"txt":""},"tk8ad22jj5":{"type":"new","id":"tk8ad22jj5","color":"#001f3f","size":27,"x":833,"y":286.9,"tool":"Text","time":1585324134111,"txt":""},"tk8ad2cqfa":{"type":"new","id":"tk8ad2cqfa","color":"#001f3f","size":27,"x":609.9,"y":528,"tool":"Text","time":1585324147671,"txt":""},"tk8ad2cr9d":{"type":"new","id":"tk8ad2cr9d","color":"#001f3f","size":27,"x":996.8,"y":522.8,"tool":"Text","time":1585324147692},"tk8ad2dmr3":{"type":"new","id":"tk8ad2dmr3","color":"#001f3f","size":27,"x":822.9,"y":944,"tool":"Text","time":1585324148435},"tk8ad2e5u1":{"type":"new","id":"tk8ad2e5u1","color":"#001f3f","size":27,"x":491.6,"y":817.4,"tool":"Text","time":1585324149130},"tk8ad2e6dh":{"type":"new","id":"tk8ad2e6dh","color":"#001f3f","size":27,"x":1004.4,"y":868,"tool":"Text","time":1585324149137},"tk8ad2grar":{"type":"new","id":"tk8ad2grar","color":"#001f3f","size":27,"x":325.9,"y":816.2,"tool":"Text","time":1585324152486},"tk8ad2j78u":{"type":"new","id":"tk8ad2j78u","color":"#001f3f","size":27,"x":853,"y":512.2,"tool":"Text","time":1585324155671},"tk8ad2k003":{"type":"new","id":"tk8ad2k003","color":"#001f3f","size":27,"x":689,"y":641.2,"tool":"Text","time":1585324156687},"tk8ad2llpp":{"type":"new","id":"tk8ad2llpp","color":"#001f3f","size":27,"x":636.5,"y":562.5,"tool":"Text","time":1585324158772},"tk8ad2m4c10":{"type":"new","id":"tk8ad2m4c10","color":"#001f3f","size":27,"x":804.9,"y":709,"tool":"Text","time":1585324159435},"tk8ad2mkjz":{"type":"new","id":"tk8ad2mkjz","color":"#001f3f","size":27,"x":885.8,"y":501.2,"tool":"Text","time":1585324160063,"txt":""},"lk8ad373kr":{"type":"line","id":"lk8ad373kr","color":"#001f3f","size":10,"tool":"Pencil","time":1585324186622,"_children":[{"type":"child","parent":"lk8ad373kr","x":647,"y":871.3,"tool":"Pencil"}]},"lk8ad37f6v":{"type":"line","id":"lk8ad37f6v","color":"#001f3f","size":10,"tool":"Pencil","time":1585324187042,"_children":[{"type":"child","parent":"lk8ad37f6v","x":649.6,"y":861,"tool":"Pencil"}]},"lk8ad37qao":{"type":"line","id":"lk8ad37qao","color":"#001f3f","size":10,"tool":"Pencil","time":1585324187444,"_children":[{"type":"child","parent":"lk8ad37qao","x":652.2,"y":868.7,"tool":"Pencil"}]},"lk8ad37xbw":{"type":"line","id":"lk8ad37xbw","color":"#001f3f","size":10,"tool":"Pencil","time":1585324187691,"_children":[{"type":"child","parent":"lk8ad37xbw","x":675.4,"y":837.8,"tool":"Pencil"}]},"lk8ad382t8":{"type":"line","id":"lk8ad382t8","color":"#001f3f","size":10,"tool":"Pencil","time":1585324187920,"_children":[{"type":"child","parent":"lk8ad382t8","x":618.7,"y":863.5,"tool":"Pencil"}]},"tk8ad3bdnt":{"type":"new","id":"tk8ad3bdnt","color":"#001f3f","size":27,"x":840.3,"y":663.1,"tool":"Text","time":1585324192174},"tk8ad3cu410":{"type":"new","id":"tk8ad3cu410","color":"#001f3f","size":27,"x":641.8,"y":606.4,"tool":"Text","time":1585324194063},"tk8ad3cuoy":{"type":"new","id":"tk8ad3cuoy","color":"#001f3f","size":27,"x":368.6,"y":1031.7,"tool":"Text","time":1585324194073},"tk8ad3db0k":{"type":"new","id":"tk8ad3db0k","color":"#001f3f","size":27,"x":590.6,"y":669.2,"tool":"Text","time":1585324194667},"tk8ad3do7c":{"type":"new","id":"tk8ad3do7c","color":"#001f3f","size":27,"x":439.7,"y":357,"tool":"Text","time":1585324195136,"txt":""},"lk8ad4abi7":{"type":"line","id":"lk8ad4abi7","color":"#831100","size":10,"tool":"Pencil","time":1585324237453,"_children":[{"type":"child","parent":"lk8ad4abi7","x":837.8,"y":986.1,"tool":"Pencil"}]},"lk8ad4an9r":{"type":"line","id":"lk8ad4an9r","color":"#831100","size":10,"tool":"Pencil","time":1585324237873,"_children":[{"type":"child","parent":"lk8ad4an9r","x":809.2,"y":988.7,"tool":"Pencil"}]},"lk8ad4b1cu":{"type":"line","id":"lk8ad4b1cu","color":"#831100","size":10,"tool":"Pencil","time":1585324238400,"_children":[{"type":"child","parent":"lk8ad4b1cu","x":778,"y":978.3,"tool":"Pencil"}]},"lk8ad4ohsn":{"type":"line","id":"lk8ad4ohsn","color":"#831100","size":10,"tool":"Pencil","time":1585324255817,"_children":[{"type":"child","parent":"lk8ad4ohsn","x":712.9,"y":1027.8,"tool":"Pencil"}]},"lk8ad4p70j":{"type":"line","id":"lk8ad4p70j","color":"#831100","size":10,"tool":"Pencil","time":1585324256730,"_children":[{"type":"child","parent":"lk8ad4p70j","x":684.3,"y":986.1,"tool":"Pencil"}]},"tk8ad5ulu1":{"type":"new","id":"tk8ad5ulu1","color":"#b10dc9","size":27,"x":537.7,"y":528.7,"tool":"Text","time":1585324310396},"tk8ad5un5l":{"type":"new","id":"tk8ad5un5l","color":"#b10dc9","size":27,"x":240.2,"y":663.7,"tool":"Text","time":1585324310442},"tk8ad5vhvl":{"type":"new","id":"tk8ad5vhvl","color":"#b10dc9","size":27,"x":239.2,"y":487.1,"tool":"Text","time":1585324311581},"tk8ad5w1ki":{"type":"new","id":"tk8ad5w1ki","color":"#b10dc9","size":27,"x":234.3,"y":456.2,"tool":"Text","time":1585324312260},"tk8ad601uj":{"type":"new","id":"tk8ad601uj","color":"#000000","size":27,"x":392.2,"y":809.3,"tool":"Text","time":1585324317457,"txt":""},"tk8ad60pc7":{"type":"new","id":"tk8ad60pc7","color":"#000000","size":27,"x":263.6,"y":433.4,"tool":"Text","time":1585324318316},"tk8ad61tde":{"type":"new","id":"tk8ad61tde","color":"#000000","size":27,"x":265.3,"y":449.7,"tool":"Text","time":1585324319745},"tk8ad6652x":{"type":"new","id":"tk8ad6652x","color":"#000000","size":27,"x":417.6,"y":474,"tool":"Text","time":1585324325350},"tk8ad67iiw":{"type":"new","id":"tk8ad67iiw","color":"#000000","size":27,"x":330.1,"y":413.4,"tool":"Text","time":1585324327130},"tk8ad687z5":{"type":"new","id":"tk8ad687z5","color":"#000000","size":27,"x":402,"y":550.9,"tool":"Text","time":1585324328047},"tk8ad68m0j":{"type":"new","id":"tk8ad68m0j","color":"#000000","size":27,"x":482.4,"y":606,"tool":"Text","time":1585324328551},"tk8ad690vf":{"type":"new","id":"tk8ad690vf","color":"#000000","size":27,"x":414.7,"y":927.6,"tool":"Text","time":1585324329088},"tk8ad691y1":{"type":"new","id":"tk8ad691y1","color":"#000000","size":27,"x":823.1,"y":654.6,"tool":"Text","time":1585324329119},"tk8ad69jze":{"type":"new","id":"tk8ad69jze","color":"#000000","size":27,"x":469.1,"y":700.1,"tool":"Text","time":1585324329771},"tk8ad69w60":{"type":"new","id":"tk8ad69w60","color":"#000000","size":27,"x":373.9,"y":938.1,"tool":"Text","time":1585324330214},"tk8ad69ws5":{"type":"new","id":"tk8ad69ws5","color":"#000000","size":27,"x":963.1,"y":738.6,"tool":"Text","time":1585324330229},"tk8ad6asi10":{"type":"new","id":"tk8ad6asi10","color":"#000000","size":27,"x":307.8,"y":448.6,"tool":"Text","time":1585324331378},"tk8ad6bbig":{"type":"new","id":"tk8ad6bbig","color":"#000000","size":27,"x":251.6,"y":466.4,"tool":"Text","time":1585324332062,"txt":""},"tk8ad6eg90":{"type":"new","id":"tk8ad6eg90","color":"#000000","size":27,"x":429.2,"y":1209.4,"tool":"Text","time":1585324336125},"tk8ad6eh1m":{"type":"new","id":"tk8ad6eh1m","color":"#000000","size":27,"x":1107.1,"y":812.7,"tool":"Text","time":1585324336141},"tk8ad73imj":{"type":"new","id":"tk8ad73imj","color":"#000000","size":27,"x":220.7,"y":585.1,"tool":"Text","time":1585324368613},"tk8ad73j6b":{"type":"new","id":"tk8ad73j6b","color":"#000000","size":27,"x":656,"y":578.9,"tool":"Text","time":1585324368622,"txt":""},"tk8ad74fdj":{"type":"new","id":"tk8ad74fdj","color":"#000000","size":27,"x":622.8,"y":941.7,"tool":"Text","time":1585324369786},"tk8ad7rjfl":{"type":"new","id":"tk8ad7rjfl","color":"#aaaaaa","size":27,"x":142.3,"y":497.1,"tool":"Text","time":1585324399739,"txt":""},"tk8ad92ssx":{"type":"new","id":"tk8ad92ssx","color":"#000000","size":27,"x":331.6,"y":815.4,"tool":"Text","time":1585324460995,"txt":""},"tk8ad92tko":{"type":"new","id":"tk8ad92tko","color":"#000000","size":27,"x":764.5,"y":945.7,"tool":"Text","time":1585324461015},"tk8ad938mc":{"type":"new","id":"tk8ad938mc","color":"#000000","size":27,"x":328.2,"y":759.7,"tool":"Text","time":1585324461557},"tk8ad939nr":{"type":"new","id":"tk8ad939nr","color":"#000000","size":27,"x":763.4,"y":901.1,"tool":"Text","time":1585324461588},"tk8ad96r1d":{"type":"new","id":"tk8ad96r1d","color":"#000000","size":27,"x":1750,"y":4193.5,"tool":"Text","time":1585324466109},"lk8adc6fq6":{"type":"line","id":"lk8adc6fq6","color":"#5c0701","size":10,"tool":"Pencil","time":1585324605678,"_children":[{"type":"child","parent":"lk8adc6fq6","x":64.3,"y":317.3,"tool":"Pencil"}]},"tk8adcz5pw":{"type":"new","id":"tk8adcz5pw","color":"#000000","size":27,"x":376.3,"y":862.6,"tool":"Text","time":1585324642894},"tk8adczsir":{"type":"new","id":"tk8adczsir","color":"#000000","size":27,"x":388.1,"y":743.6,"tool":"Text","time":1585324643717},"tk8add05qp":{"type":"new","id":"tk8add05qp","color":"#000000","size":27,"x":381.6,"y":771.4,"tool":"Text","time":1585324644184,"txt":""},"tk8add7mmg":{"type":"new","id":"tk8add7mmg","color":"#000000","size":27,"x":651.8,"y":653.5,"tool":"Text","time":1585324653870},"tk8h3rmvp8":{"type":"new","id":"tk8h3rmvp8","color":"#85144b","size":27,"x":587,"y":731.5,"tool":"Text","time":1585731793891,"txt":""},"tk8h3sgw07":{"type":"new","id":"tk8h3sgw07","color":"#85144b","size":27,"x":561,"y":54.5,"tool":"Text","time":1585731832777,"txt":"3.5 Notwendigkeit und Möglichkeiten von Friedenserziehung"},"tk8h3thjvi":{"type":"new","id":"tk8h3thjvi","color":"#85144b","size":27,"x":470,"y":118.5,"tool":"Text","time":1585731880300,"txt":""},"tk8h3vjtwo":{"type":"new","id":"tk8h3vjtwo","color":"#85144b","size":27,"x":224,"y":286.5,"tool":"Text","time":1585731976560,"txt":""},"tk8h439aj8":{"type":"new","id":"tk8h439aj8","color":"#85144b","size":27,"x":234,"y":501.5,"tool":"Text","time":1585732336154,"txt":""},"tk8h43d75x":{"type":"new","id":"tk8h43d75x","color":"#85144b","size":27,"x":226,"y":512.5,"tool":"Text","time":1585732341211},"tk8h43e6kw":{"type":"new","id":"tk8h43e6kw","color":"#85144b","size":27,"x":239,"y":509.5,"tool":"Text","time":1585732342487,"txt":""},"tk8h44mocd":{"type":"new","id":"tk8h44mocd","color":"#85144b","size":27,"x":746,"y":505.5,"tool":"Text","time":1585732400151,"txt":""},"tk8h44tcws":{"type":"new","id":"tk8h44tcws","color":"#85144b","size":27,"x":746,"y":586.5,"tool":"Text","time":1585732408811,"txt":""},"tk8h44x0ha":{"type":"new","id":"tk8h44x0ha","color":"#85144b","size":27,"x":812,"y":544.5,"tool":"Text","time":1585732413541},"tk8h458juq":{"type":"new","id":"tk8h458juq","color":"#85144b","size":27,"x":662.8,"y":473.8,"tool":"Text","time":1585732428499},"tk8h459enn":{"type":"new","id":"tk8h459enn","color":"#85144b","size":27,"x":471.8,"y":525.2,"tool":"Text","time":1585732429607},"tk8h45appq":{"type":"new","id":"tk8h45appq","color":"#85144b","size":27,"x":613.2,"y":305.9,"tool":"Text","time":1585732431303},"tk8h45bd2u":{"type":"new","id":"tk8h45bd2u","color":"#85144b","size":27,"x":747.8,"y":339,"tool":"Text","time":1585732432139},"tk8h45bdwe":{"type":"new","id":"tk8h45bdwe","color":"#85144b","size":27,"x":647.1,"y":842.7,"tool":"Text","time":1585732432167},"tk8h45c9l1":{"type":"new","id":"tk8h45c9l1","color":"#85144b","size":27,"x":678.8,"y":306.7,"tool":"Text","time":1585732433317},"tk8h45caaw":{"type":"new","id":"tk8h45caaw","color":"#85144b","size":27,"x":635,"y":581.5,"tool":"Text","time":1585732433335},"tk8h45cua4":{"type":"new","id":"tk8h45cua4","color":"#85144b","size":27,"x":765.3,"y":765.5,"tool":"Text","time":1585732434059},"tk8h45dzas":{"type":"new","id":"tk8h45dzas","color":"#85144b","size":27,"x":852.2,"y":217.6,"tool":"Text","time":1585732435610},"tk8h45e0fb":{"type":"new","id":"tk8h45e0fb","color":"#85144b","size":27,"x":954.3,"y":817.7,"tool":"Text","time":1585732435610},"tk8h45eorp":{"type":"new","id":"tk8h45eorp","color":"#85144b","size":27,"x":799.8,"y":808.8,"tool":"Text","time":1585732436457},"tk8h47910v":{"type":"new","id":"tk8h47910v","color":"#ffdc00","size":27,"x":23.7,"y":832.1,"tool":"Text","time":1585732522433,"txt":""},"tk8h47flqo":{"type":"new","id":"tk8h47flqo","color":"#001f3f","size":27,"x":897,"y":493.5,"tool":"Text","time":1585732530949,"txt":""},"tk8h47gvj6":{"type":"new","id":"tk8h47gvj6","color":"#001f3f","size":27,"x":765,"y":500.5,"tool":"Text","time":1585732532601},"tk8h47i8il":{"type":"new","id":"tk8h47i8il","color":"#000000","size":27,"x":154.7,"y":1650.7,"tool":"Text","time":1585732534355},"tk8h47i95v":{"type":"new","id":"tk8h47i95v","color":"#000000","size":27,"x":696.7,"y":1475.7,"tool":"Text","time":1585732534371},"tk8h47iz4r":{"type":"new","id":"tk8h47iz4r","color":"#000000","size":27,"x":279.2,"y":1379,"tool":"Text","time":1585732535313},"tk8h47izpk":{"type":"new","id":"tk8h47izpk","color":"#000000","size":27,"x":767.2,"y":1372.5,"tool":"Text","time":1585732535327},"tk8h47ja55":{"type":"new","id":"tk8h47ja55","color":"#001f3f","size":27,"x":378,"y":756.5,"tool":"Text","time":1585732535717},"tk8h47txr9":{"type":"new","id":"tk8h47txr9","color":"#99244f","size":27,"x":174,"y":725.5,"tool":"Text","time":1585732549525},"tk8h47urzt":{"type":"new","id":"tk8h47urzt","color":"#99244f","size":27,"x":481,"y":499.5,"tool":"Text","time":1585732550616},"tk8h47wml3":{"type":"new","id":"tk8h47wml3","color":"#99244f","size":27,"x":551,"y":461.5,"tool":"Text","time":1585732553012},"tk8h47x8nd":{"type":"new","id":"tk8h47x8nd","color":"#99244f","size":27,"x":537,"y":267.5,"tool":"Text","time":1585732553806},"tk8h47xwqh":{"type":"new","id":"tk8h47xwqh","color":"#99244f","size":27,"x":884.6,"y":473.9,"tool":"Text","time":1585732554675},"tk8h47xybo":{"type":"new","id":"tk8h47xybo","color":"#99244f","size":27,"x":884.6,"y":911,"tool":"Text","time":1585732554723},"tk8h47z5u8":{"type":"new","id":"tk8h47z5u8","color":"#99244f","size":27,"x":731,"y":500.9,"tool":"Text","time":1585732556303},"tk8h47z6gv":{"type":"new","id":"tk8h47z6gv","color":"#99244f","size":27,"x":724.1,"y":910.1,"tool":"Text","time":1585732556315},"tk8h4801ju":{"type":"new","id":"tk8h4801ju","color":"#99244f","size":27,"x":861.9,"y":559.8,"tool":"Text","time":1585732557431},"tk8h48025t":{"type":"new","id":"tk8h48025t","color":"#99244f","size":27,"x":802.4,"y":1005.2,"tool":"Text","time":1585732557458},"tk8h481ysa":{"type":"new","id":"tk8h481ysa","color":"#99244f","size":27,"x":243.5,"y":1241.9,"tool":"Text","time":1585732559932},"tk8h482uax":{"type":"new","id":"tk8h482uax","color":"#99244f","size":27,"x":132.8,"y":1160.1,"tool":"Text","time":1585732561065},"tk8h484vjm":{"type":"new","id":"tk8h484vjm","color":"#99244f","size":27,"x":692.8,"y":476.1,"tool":"Text","time":1585732563705},"tk8h484wau":{"type":"new","id":"tk8h484wau","color":"#99244f","size":27,"x":692.8,"y":821.4,"tool":"Text","time":1585732563730},"tk8h4861er":{"type":"new","id":"tk8h4861er","color":"#000000","size":27,"x":148.6,"y":1306.2,"tool":"Text","time":1585732565204,"txt":"Friedenspädagogik:"},"tk8h488obs":{"type":"new","id":"tk8h488obs","color":"#99244f","size":27,"x":517.6,"y":799.2,"tool":"Text","time":1585732568628},"tk8h488q8y":{"type":"new","id":"tk8h488q8y","color":"#99244f","size":27,"x":562.5,"y":487.7,"tool":"Text","time":1585732568687},"tk8h48blco":{"type":"new","id":"tk8h48blco","color":"#99244f","size":27,"x":496.2,"y":706.3,"tool":"Text","time":1585732572437},"tk8h48d0l10":{"type":"new","id":"tk8h48d0l10","color":"#99244f","size":27,"x":496.5,"y":704.4,"tool":"Text","time":1585732574250},"tk8h48el24":{"type":"new","id":"tk8h48el24","color":"#99244f","size":27,"x":457.4,"y":788.4,"tool":"Text","time":1585732576284},"tk8h48fz9e":{"type":"new","id":"tk8h48fz9e","color":"#99244f","size":27,"x":292.2,"y":682.8,"tool":"Text","time":1585732578096},"tk8h48h0j2":{"type":"new","id":"tk8h48h0j2","color":"#99244f","size":27,"x":262.1,"y":665.9,"tool":"Text","time":1585732579432},"tk8h48ocqs":{"type":"new","id":"tk8h48ocqs","color":"#99244f","size":27,"x":258.3,"y":694.1,"tool":"Text","time":1585732588947,"txt":""},"tk8h48q6ow":{"type":"new","id":"tk8h48q6ow","color":"#000000","size":27,"x":722.7,"y":1444.6,"tool":"Text","time":1585732591318,"txt":""},"tk8h48ri2o":{"type":"new","id":"tk8h48ri2o","color":"#000000","size":27,"x":704.3,"y":835.6,"tool":"Text","time":1585732593023},"tk8h494xjm":{"type":"new","id":"tk8h494xjm","color":"#000000","size":27,"x":668.4,"y":1049.9,"tool":"Text","time":1585732610459,"txt":""},"tk8h496v7c":{"type":"new","id":"tk8h496v7c","color":"#000000","size":27,"x":822.1,"y":879.7,"tool":"Text","time":1585732612925},"tk8h49bqp3":{"type":"new","id":"tk8h49bqp3","color":"#000000","size":27,"x":807.8,"y":1146.3,"tool":"Text","time":1585732619262},"tk8h49ifdu":{"type":"new","id":"tk8h49ifdu","color":"#000000","size":27,"x":156.8,"y":1354.4,"tool":"Text","time":1585732627909},"tk8h4a5rmw":{"type":"new","id":"tk8h4a5rmw","color":"#000000","size":27,"x":751.4,"y":799.8,"tool":"Text","time":1585732658163},"tk8h4a6zdo":{"type":"new","id":"tk8h4a6zdo","color":"#000000","size":27,"x":518.7,"y":719.8,"tool":"Text","time":1585732659755},"lk8h4a7rg8":{"type":"line","id":"lk8h4a7rg8","color":"#99244f","size":10,"tool":"Pencil","time":1585732660753,"_children":[{"type":"child","parent":"lk8h4a7rg8","x":1755.3,"y":345,"tool":"Pencil"}]},"tk8h4b19f3":{"type":"new","id":"tk8h4b19f3","color":"#000000","size":27,"x":771.9,"y":1616.8,"tool":"Text","time":1585732698977,"txt":""},"tk8h4b2mw2":{"type":"new","id":"tk8h4b2mw2","color":"#000000","size":27,"x":799.6,"y":1511.2,"tool":"Text","time":1585732700775,"txt":""},"tk8h4b3ii9":{"type":"new","id":"tk8h4b3ii9","color":"#000000","size":27,"x":827.3,"y":918.7,"tool":"Text","time":1585732701901},"tk8h4b43mr":{"type":"new","id":"tk8h4b43mr","color":"#000000","size":27,"x":834.5,"y":851,"tool":"Text","time":1585732702660},"tk8h4b4wb9":{"type":"new","id":"tk8h4b4wb9","color":"#000000","size":27,"x":772.9,"y":1071.4,"tool":"Text","time":1585732703709},"tk8h4b68sp":{"type":"new","id":"tk8h4b68sp","color":"#000000","size":27,"x":174.3,"y":1421,"tool":"Text","time":1585732705445,"txt":"Einsicht dass der Krieg keine Lösung ist und keine Naturnotwendigkeit "},"lk8h4budou":{"type":"line","id":"lk8h4budou","color":"#99244f","size":10,"tool":"Pencil","time":1585732736717,"_children":[{"type":"child","parent":"lk8h4budou","x":73.5,"y":955.9,"tool":"Pencil"}]},"tk8h4bx81e":{"type":"new","id":"tk8h4bx81e","color":"#000000","size":27,"x":782.2,"y":1553.2,"tool":"Text","time":1585732740416,"txt":""},"tk8h4bxhtc":{"type":"new","id":"tk8h4bxhtc","color":"#99244f","size":27,"x":258.3,"y":724.3,"tool":"Text","time":1585732740754,"txt":""},"tk8h4bz0fd":{"type":"new","id":"tk8h4bz0fd","color":"#000000","size":27,"x":91.2,"y":1125.8,"tool":"Text","time":1585732742720},"tk8h4bz14d":{"type":"new","id":"tk8h4bz14d","color":"#000000","size":27,"x":869.3,"y":1098.1,"tool":"Text","time":1585732742738},"tk8h4c2lk6":{"type":"new","id":"tk8h4c2lk6","color":"#000000","size":27,"x":632.7,"y":1738.5,"tool":"Text","time":1585732747369},"tk8h4c3td6":{"type":"new","id":"tk8h4c3td6","color":"#99244f","size":27,"x":233.8,"y":746.9,"tool":"Text","time":1585732748953,"txt":""},"tk8h4c6s010":{"type":"new","id":"tk8h4c6s010","color":"#99244f","size":27,"x":92.4,"y":443.4,"tool":"Text","time":1585732752796},"lk8h4c7eqa":{"type":"line","id":"lk8h4c7eqa","color":"#000000","size":10,"tool":"Pencil","time":1585732753607,"_children":[{"type":"child","parent":"lk8h4c7eqa","x":263.2,"y":1496.4,"tool":"Pencil"},{"type":"child","parent":"lk8h4c7eqa","x":262,"y":1518.6,"tool":"Pencil"},{"type":"child","parent":"lk8h4c7eqa","x":269.4,"y":1548.3,"tool":"Pencil"},{"type":"child","parent":"lk8h4c7eqa","x":281.7,"y":1569.3,"tool":"Pencil"},{"type":"child","parent":"lk8h4c7eqa","x":294.1,"y":1584.1,"tool":"Pencil"},{"type":"child","parent":"lk8h4c7eqa","x":301.5,"y":1585.4,"tool":"Pencil"},{"type":"child","parent":"lk8h4c7eqa","x":317.6,"y":1585.4,"tool":"Pencil"},{"type":"child","parent":"lk8h4c7eqa","x":327.5,"y":1585.4,"tool":"Pencil"},{"type":"child","parent":"lk8h4c7eqa","x":334.9,"y":1579.2,"tool":"Pencil"},{"type":"child","parent":"lk8h4c7eqa","x":337.3,"y":1563.1,"tool":"Pencil"},{"type":"child","parent":"lk8h4c7eqa","x":337.3,"y":1534.7,"tool":"Pencil"},{"type":"child","parent":"lk8h4c7eqa","x":337.3,"y":1506.3,"tool":"Pencil"},{"type":"child","parent":"lk8h4c7eqa","x":337.3,"y":1497.6,"tool":"Pencil"}]},"tk8h4c86h3":{"type":"new","id":"tk8h4c86h3","color":"#99244f","size":27,"x":235.7,"y":730,"tool":"Text","time":1585732754602,"txt":"In der Deutschen Friedensgesellschaft in Berlin -> Gedanke der Friedenserziehung sehr wichtig"},"lk8h4c8ww6":{"type":"line","id":"lk8h4c8ww6","color":"#000000","size":10,"tool":"Pencil","time":1585732755569,"_children":[{"type":"child","parent":"lk8h4c8ww6","x":380.6,"y":1554.5,"tool":"Pencil"},{"type":"child","parent":"lk8h4c8ww6","x":373.2,"y":1543.4,"tool":"Pencil"},{"type":"child","parent":"lk8h4c8ww6","x":373.2,"y":1502.6,"tool":"Pencil"},{"type":"child","parent":"lk8h4c8ww6","x":373.2,"y":1474.2,"tool":"Pencil"},{"type":"child","parent":"lk8h4c8ww6","x":373.2,"y":1475.4,"tool":"Pencil"},{"type":"child","parent":"lk8h4c8ww6","x":405.3,"y":1523.6,"tool":"Pencil"},{"type":"child","parent":"lk8h4c8ww6","x":435,"y":1550.8,"tool":"Pencil"},{"type":"child","parent":"lk8h4c8ww6","x":441.1,"y":1557,"tool":"Pencil"},{"type":"child","parent":"lk8h4c8ww6","x":449.8,"y":1565.6,"tool":"Pencil"},{"type":"child","parent":"lk8h4c8ww6","x":452.3,"y":1560.7,"tool":"Pencil"},{"type":"child","parent":"lk8h4c8ww6","x":449.8,"y":1510,"tool":"Pencil"},{"type":"child","parent":"lk8h4c8ww6","x":448.6,"y":1484,"tool":"Pencil"}]},"lk8h4cb0kz":{"type":"line","id":"lk8h4cb0kz","color":"#000000","size":10,"tool":"Pencil","time":1585732758277,"_children":[{"type":"child","parent":"lk8h4cb0kz","x":490.6,"y":1492.7,"tool":"Pencil"},{"type":"child","parent":"lk8h4cb0kz","x":494.3,"y":1510,"tool":"Pencil"},{"type":"child","parent":"lk8h4cb0kz","x":494.3,"y":1547.1,"tool":"Pencil"},{"type":"child","parent":"lk8h4cb0kz","x":501.7,"y":1559.4,"tool":"Pencil"},{"type":"child","parent":"lk8h4cb0kz","x":505.4,"y":1566.8,"tool":"Pencil"},{"type":"child","parent":"lk8h4cb0kz","x":520.2,"y":1569.3,"tool":"Pencil"},{"type":"child","parent":"lk8h4cb0kz","x":562.2,"y":1571.8,"tool":"Pencil"},{"type":"child","parent":"lk8h4cb0kz","x":579.5,"y":1571.8,"tool":"Pencil"}]},"lk8h4cbqrv":{"type":"line","id":"lk8h4cbqrv","color":"#000000","size":10,"tool":"Pencil","time":1585732759225,"_children":[{"type":"child","parent":"lk8h4cbqrv","x":493,"y":1526.1,"tool":"Pencil"},{"type":"child","parent":"lk8h4cbqrv","x":507.9,"y":1529.8,"tool":"Pencil"}]},"lk8h4cc73j":{"type":"line","id":"lk8h4cc73j","color":"#000000","size":10,"tool":"Pencil","time":1585732759813,"_children":[{"type":"child","parent":"lk8h4cc73j","x":479.4,"y":1481.6,"tool":"Pencil"},{"type":"child","parent":"lk8h4cc73j","x":502.9,"y":1487.8,"tool":"Pencil"},{"type":"child","parent":"lk8h4cc73j","x":536.3,"y":1487.8,"tool":"Pencil"}]},"lk8h4cdnfq":{"type":"line","id":"lk8h4cdnfq","color":"#000000","size":10,"tool":"Pencil","time":1585732761702,"_children":[{"type":"child","parent":"lk8h4cdnfq","x":631.4,"y":1484,"tool":"Pencil"},{"type":"child","parent":"lk8h4cdnfq","x":606.7,"y":1476.6,"tool":"Pencil"},{"type":"child","parent":"lk8h4cdnfq","x":590.7,"y":1490.2,"tool":"Pencil"},{"type":"child","parent":"lk8h4cdnfq","x":588.2,"y":1512.5,"tool":"Pencil"},{"type":"child","parent":"lk8h4cdnfq","x":605.5,"y":1526.1,"tool":"Pencil"},{"type":"child","parent":"lk8h4cdnfq","x":637.6,"y":1535.9,"tool":"Pencil"},{"type":"child","parent":"lk8h4cdnfq","x":653.7,"y":1552,"tool":"Pencil"},{"type":"child","parent":"lk8h4cdnfq","x":652.4,"y":1569.3,"tool":"Pencil"},{"type":"child","parent":"lk8h4cdnfq","x":621.5,"y":1573,"tool":"Pencil"},{"type":"child","parent":"lk8h4cdnfq","x":598.1,"y":1573,"tool":"Pencil"}]},"lk8h4cemf10":{"type":"line","id":"lk8h4cemf10","color":"#000000","size":10,"tool":"Pencil","time":1585732762954,"_children":[{"type":"child","parent":"lk8h4cemf10","x":732.8,"y":1472.9,"tool":"Pencil"},{"type":"child","parent":"lk8h4cemf10","x":699.4,"y":1489,"tool":"Pencil"},{"type":"child","parent":"lk8h4cemf10","x":682.1,"y":1518.6,"tool":"Pencil"},{"type":"child","parent":"lk8h4cemf10","x":680.9,"y":1540.9,"tool":"Pencil"},{"type":"child","parent":"lk8h4cemf10","x":703.1,"y":1549.5,"tool":"Pencil"},{"type":"child","parent":"lk8h4cemf10","x":727.8,"y":1549.5,"tool":"Pencil"},{"type":"child","parent":"lk8h4cemf10","x":741.4,"y":1549.5,"tool":"Pencil"}]},"lk8h4cfd0h":{"type":"line","id":"lk8h4cfd0h","color":"#000000","size":10,"tool":"Pencil","time":1585732763903,"_children":[{"type":"child","parent":"lk8h4cfd0h","x":821.7,"y":1479.1,"tool":"Pencil"},{"type":"child","parent":"lk8h4cfd0h","x":790.8,"y":1487.8,"tool":"Pencil"},{"type":"child","parent":"lk8h4cfd0h","x":777.2,"y":1513.7,"tool":"Pencil"},{"type":"child","parent":"lk8h4cfd0h","x":780.9,"y":1539.7,"tool":"Pencil"},{"type":"child","parent":"lk8h4cfd0h","x":815.5,"y":1557,"tool":"Pencil"},{"type":"child","parent":"lk8h4cfd0h","x":850.1,"y":1571.8,"tool":"Pencil"},{"type":"child","parent":"lk8h4cfd0h","x":872.4,"y":1565.6,"tool":"Pencil"},{"type":"child","parent":"lk8h4cfd0h","x":879.8,"y":1535.9,"tool":"Pencil"},{"type":"child","parent":"lk8h4cfd0h","x":878.6,"y":1508.8,"tool":"Pencil"},{"type":"child","parent":"lk8h4cfd0h","x":858.8,"y":1484,"tool":"Pencil"},{"type":"child","parent":"lk8h4cfd0h","x":815.5,"y":1475.4,"tool":"Pencil"}]},"tk8h4cjmlw":{"type":"new","id":"tk8h4cjmlw","color":"#000000","size":27,"x":161.9,"y":1760.7,"tool":"Text","time":1585732769431},"tk8h4cjn5q":{"type":"new","id":"tk8h4cjn5q","color":"#000000","size":27,"x":862.5,"y":1844.8,"tool":"Text","time":1585732769451},"tk8h4ckqv2":{"type":"new","id":"tk8h4ckqv2","color":"#000000","size":27,"x":773.9,"y":1151.9,"tool":"Text","time":1585732770887},"tk8h4clyqr":{"type":"new","id":"tk8h4clyqr","color":"#000000","size":27,"x":240.7,"y":1688,"tool":"Text","time":1585732772460,"txt":"-> Das ist eine Vereinigung/der Zusammenschluss vieler Länder die sich für den Weltfrieden einsetzen "},"tk8h4d038g":{"type":"new","id":"tk8h4d038g","color":"#99244f","size":27,"x":235.7,"y":770.5,"tool":"Text","time":1585732790778,"txt":"-> Bewegung des Friedens"},"tk8h4d9cn3":{"type":"new","id":"tk8h4d9cn3","color":"#99244f","size":27,"x":235.7,"y":811,"tool":"Text","time":1585732802774,"txt":"-> Vorurteile & Feindbilder im Unterricht"},"tk8h4dppws":{"type":"new","id":"tk8h4dppws","color":"#99244f","size":27,"x":235.7,"y":851.5,"tool":"Text","time":1585732823986,"txt":"-> Glorifizierung des Krieges & kriegischer Ideale"},"tk8h4dxaf2":{"type":"new","id":"tk8h4dxaf2","color":"#000000","size":27,"x":845.9,"y":1115.4,"tool":"Text","time":1585732833837,"txt":""},"tk8h4dxb3o":{"type":"new","id":"tk8h4dxb3o","color":"#000000","size":27,"x":73.8,"y":1182.6,"tool":"Text","time":1585732833837},"tk8h4egeu7":{"type":"new","id":"tk8h4egeu7","color":"#99244f","size":27,"x":235.7,"y":892,"tool":"Text","time":1585732858590,"txt":"=> Sachwissen, Moralität & kosmopolitisches Denken"},"tk8h4elvaa":{"type":"new","id":"tk8h4elvaa","color":"#000000","size":27,"x":148.8,"y":1767,"tool":"Text","time":1585732865658,"txt":"Wie zum Beispiel : Menschenrechte, Würde und Freiheit ."},"tk8h4f1o6j":{"type":"new","id":"tk8h4f1o6j","color":"#000000","size":27,"x":148.8,"y":1807.5,"tool":"Text","time":1585732886136,"txt":""},"tk8h4f33n3":{"type":"new","id":"tk8h4f33n3","color":"#000000","size":27,"x":724.8,"y":1201.5,"tool":"Text","time":1585732887989},"tk8h4f46au":{"type":"new","id":"tk8h4f46au","color":"#000000","size":27,"x":116.1,"y":1173,"tool":"Text","time":1585732889461},"tk8h4f46xt":{"type":"new","id":"tk8h4f46xt","color":"#000000","size":27,"x":726.9,"y":1149.8,"tool":"Text","time":1585732889461},"tk8h4f4wbr":{"type":"new","id":"tk8h4f4wbr","color":"#000000","size":27,"x":1022.8,"y":1284.1,"tool":"Text","time":1585732890322},"tk8h4fn11e":{"type":"new","id":"tk8h4fn11e","color":"#000000","size":27,"x":1039.3,"y":2106.7,"tool":"Text","time":1585732913840,"txt":""},"tk8h4fn1p3":{"type":"new","id":"tk8h4fn1p3","color":"#000000","size":27,"x":135.9,"y":2084.7,"tool":"Text","time":1585732913841},"tk8h4fows10":{"type":"new","id":"tk8h4fows10","color":"#000000","size":27,"x":791.2,"y":2426.1,"tool":"Text","time":1585732916255},"tk8h4g6em4":{"type":"new","id":"tk8h4g6em4","color":"#000000","size":27,"x":669.4,"y":2389.1,"tool":"Text","time":1585732938930},"tk8h4g97wj":{"type":"new","id":"tk8h4g97wj","color":"#000000","size":27,"x":593.4,"y":2789.1,"tool":"Text","time":1585732942591},"tk8h4ge7mf":{"type":"new","id":"tk8h4ge7mf","color":"#000000","size":27,"x":436.9,"y":2015.3,"tool":"Text","time":1585732949051,"txt":""},"tk8h4ggdng":{"type":"new","id":"tk8h4ggdng","color":"#000000","size":27,"x":302.1,"y":1941.4,"tool":"Text","time":1585732951864,"txt":"Der Friedensgedanke muss in Volk selbst herrschen "},"tk8h4gopm9":{"type":"new","id":"tk8h4gopm9","color":"#7fdbff","size":27,"x":233,"y":129.5,"tool":"Text","time":1585732962658,"txt":""},"tk8h4gte4s":{"type":"new","id":"tk8h4gte4s","color":"#000000","size":27,"x":326,"y":1991.4,"tool":"Text","time":1585732968719,"txt":"Da sonst die Chance auf Frieden sehr tief liegt "},"tk8h4h6n76":{"type":"new","id":"tk8h4h6n76","color":"#000000","size":27,"x":1102,"y":2415.2,"tool":"Text","time":1585732985894,"txt":""},"tk8h4hj3zb":{"type":"new","id":"tk8h4hj3zb","color":"#000000","size":27,"x":71.7,"y":2106.6,"tool":"Text","time":1585733002049,"txt":"Grundlage-> Friedenserziehung und Entwicklung einer Friedenskultur in jedem Land "},"tk8h4i1anp":{"type":"new","id":"tk8h4i1anp","color":"#99244f","size":27,"x":240,"y":189.5,"tool":"Text","time":1585733025620,"txt":""},"tk8h4ir8rb":{"type":"new","id":"tk8h4ir8rb","color":"#000000","size":27,"x":326,"y":2141.4,"tool":"Text","time":1585733059246,"txt":""},"tk8h4it8dp":{"type":"new","id":"tk8h4it8dp","color":"#000000","size":27,"x":176.1,"y":152.6,"tool":"Text","time":1585733061823},"lk8h4iv4rs":{"type":"line","id":"lk8h4iv4rs","color":"#000000","size":10,"tool":"Pencil","time":1585733064317,"_children":[{"type":"child","parent":"lk8h4iv4rs","x":343.4,"y":2117,"tool":"Pencil"},{"type":"child","parent":"lk8h4iv4rs","x":343.4,"y":2153.9,"tool":"Pencil"},{"type":"child","parent":"lk8h4iv4rs","x":343.4,"y":2230,"tool":"Pencil"}]},"lk8h4j0b62":{"type":"line","id":"lk8h4j0b62","color":"#000000","size":10,"tool":"Pencil","time":1585733071017,"_children":[{"type":"child","parent":"lk8h4j0b62","x":286.9,"y":2199.6,"tool":"Pencil"},{"type":"child","parent":"lk8h4j0b62","x":326,"y":2234.4,"tool":"Pencil"},{"type":"child","parent":"lk8h4j0b62","x":336.9,"y":2258.3,"tool":"Pencil"},{"type":"child","parent":"lk8h4j0b62","x":343.4,"y":2258.3,"tool":"Pencil"},{"type":"child","parent":"lk8h4j0b62","x":376,"y":2238.7,"tool":"Pencil"},{"type":"child","parent":"lk8h4j0b62","x":419.5,"y":2190.9,"tool":"Pencil"}]},"tk8h4j1jmw":{"type":"new","id":"tk8h4j1jmw","color":"#99244f","size":27,"x":424,"y":171.5,"tool":"Text","time":1585733072596},"tk8h4j4kzz":{"type":"new","id":"tk8h4j4kzz","color":"#99244f","size":27,"x":642,"y":205.5,"tool":"Text","time":1585733076540},"tk8h4j7lyt":{"type":"new","id":"tk8h4j7lyt","color":"#99244f","size":27,"x":784,"y":188.5,"tool":"Text","time":1585733080468},"tk8h4j7mtp":{"type":"new","id":"tk8h4j7mtp","color":"#99244f","size":27,"x":652,"y":414.5,"tool":"Text","time":1585733080488},"tk8h4j8dqy":{"type":"new","id":"tk8h4j8dqy","color":"#000000","size":27,"x":126.1,"y":2330.5,"tool":"Text","time":1585733081456,"txt":"Sensibilisierung für Ungerechtigkeit"},"tk8h4j8eeh":{"type":"new","id":"tk8h4j8eeh","color":"#99244f","size":27,"x":981.4,"y":342.2,"tool":"Text","time":1585733081478},"tk8h4j8f4g":{"type":"new","id":"tk8h4j8f4g","color":"#99244f","size":27,"x":886.8,"y":1020.9,"tool":"Text","time":1585733081506},"tk8h4ja4cn":{"type":"new","id":"tk8h4ja4cn","color":"#99244f","size":27,"x":707.1,"y":296,"tool":"Text","time":1585733083716},"tk8h4ja4y4":{"type":"new","id":"tk8h4ja4y4","color":"#99244f","size":27,"x":654,"y":505.2,"tool":"Text","time":1585733083732},"tk8h4jbv4o":{"type":"new","id":"tk8h4jbv4o","color":"#99244f","size":27,"x":428.1,"y":201.2,"tool":"Text","time":1585733085970},"tk8h4jbvzl":{"type":"new","id":"tk8h4jbvzl","color":"#99244f","size":27,"x":396.8,"y":476.8,"tool":"Text","time":1585733086002},"tk8h4jd0h5":{"type":"new","id":"tk8h4jd0h5","color":"#99244f","size":27,"x":428,"y":181.4,"tool":"Text","time":1585733087464},"tk8h4jfmty":{"type":"new","id":"tk8h4jfmty","color":"#99244f","size":27,"x":304.7,"y":204.2,"tool":"Text","time":1585733090860,"txt":""},"tk8h4jsqxu":{"type":"new","id":"tk8h4jsqxu","color":"#99244f","size":27,"x":252.9,"y":198,"tool":"Text","time":1585733107868,"txt":""},"tk8h4jwcyg":{"type":"new","id":"tk8h4jwcyg","color":"#000000","size":27,"x":328.2,"y":2504.3,"tool":"Text","time":1585733112532,"txt":""},"tk8h4jwdl4":{"type":"new","id":"tk8h4jwdl4","color":"#000000","size":27,"x":832.5,"y":2402.2,"tool":"Text","time":1585733112551},"tk8h4jx3wx":{"type":"new","id":"tk8h4jx3wx","color":"#99244f","size":27,"x":182.4,"y":500.6,"tool":"Text","time":1585733113510},"tk8h4jx624":{"type":"new","id":"tk8h4jx624","color":"#000000","size":27,"x":936.4,"y":2009.3,"tool":"Text","time":1585733113582},"tk8h4jzgho":{"type":"new","id":"tk8h4jzgho","color":"#000000","size":27,"x":564.4,"y":2324.8,"tool":"Text","time":1585733116547,"txt":"Und Gewalt "},"tk8h4jzkrb":{"type":"new","id":"tk8h4jzkrb","color":"#99244f","size":27,"x":254.5,"y":189.7,"tool":"Text","time":1585733116706,"txt":""},"tk8h4k3j7r":{"type":"new","id":"tk8h4k3j7r","color":"#99244f","size":27,"x":165,"y":828.3,"tool":"Text","time":1585733121837},"tk8h4k3jvp":{"type":"new","id":"tk8h4k3jvp","color":"#000000","size":27,"x":454.3,"y":1072.9,"tool":"Text","time":1585733121874,"txt":""},"tk8h4k3kjj":{"type":"new","id":"tk8h4k3kjj","color":"#000000","size":27,"x":901.2,"y":1130.3,"tool":"Text","time":1585733121875},"tk8h4k76z8":{"type":"new","id":"tk8h4k76z8","color":"#99244f","size":27,"x":239.8,"y":124.4,"tool":"Text","time":1585733126578,"txt":""},"tk8h4k9qmz":{"type":"new","id":"tk8h4k9qmz","color":"#000000","size":27,"x":914.6,"y":2232.9,"tool":"Text","time":1585733129869,"txt":"Eine friedliche Konfliktlösung soll man erlernen können was sich heute schon positiv "},"tk8h4kbwfm":{"type":"new","id":"tk8h4kbwfm","color":"#99244f","size":27,"x":255.3,"y":157.9,"tool":"Text","time":1585733132677,"txt":"Frieden (gewaltfreie Konfliktbewältigung)"},"tk8h4kq43k":{"type":"new","id":"tk8h4kq43k","color":"#000000","size":27,"x":1296.1,"y":2553.7,"tool":"Text","time":1585733151094,"txt":""},"tk8h4kqpv3":{"type":"new","id":"tk8h4kqpv3","color":"#99244f","size":27,"x":255.3,"y":198.4,"tool":"Text","time":1585733151880,"txt":"- Kontrollierte Abrüstung"},"tk8h4kr358":{"type":"new","id":"tk8h4kr358","color":"#000000","size":27,"x":531,"y":2154.9,"tool":"Text","time":1585733152349},"tk8h4kr3s7":{"type":"new","id":"tk8h4kr3s7","color":"#000000","size":27,"x":1376.3,"y":2480,"tool":"Text","time":1585733152370},"tk8h4kthe5":{"type":"new","id":"tk8h4kthe5","color":"#000000","size":27,"x":950.1,"y":2290.6,"tool":"Text","time":1585733155463,"txt":""},"tk8h4kyb0u":{"type":"new","id":"tk8h4kyb0u","color":"#99244f","size":27,"x":255.3,"y":238.9,"tool":"Text","time":1585733161714,"txt":"- Entwicklung einer gerechten Weltordnung "},"tk8h4kzllv":{"type":"new","id":"tk8h4kzllv","color":"#000000","size":27,"x":1124.3,"y":2417.1,"tool":"Text","time":1585733163381},"tk8h4kzm910":{"type":"new","id":"tk8h4kzm910","color":"#000000","size":27,"x":495.4,"y":2830.6,"tool":"Text","time":1585733163404},"tk8h4l0jbw":{"type":"new","id":"tk8h4l0jbw","color":"#000000","size":27,"x":947.8,"y":2265.6,"tool":"Text","time":1585733164599,"txt":"zeigt "},"tk8h4l9srs":{"type":"new","id":"tk8h4l9srs","color":"#99244f","size":27,"x":255.3,"y":279.4,"tool":"Text","time":1585733176614,"txt":"-> Aufgabe der nachfolgenden Generation"},"tk8h4la7xy":{"type":"new","id":"tk8h4la7xy","color":"#000000","size":27,"x":1247,"y":2619.3,"tool":"Text","time":1585733177166,"txt":""},"tk8h4lt9ut":{"type":"new","id":"tk8h4lt9ut","color":"#99244f","size":27,"x":268.2,"y":341,"tool":"Text","time":1585733201850,"txt":"Idee der Friedenserziehung "},"tk8h4m3ekw":{"type":"new","id":"tk8h4m3ekw","color":"#99244f","size":27,"x":268.2,"y":381.5,"tool":"Text","time":1585733214978,"txt":"Bildung -> Vernünftiges & humanes Zusammenleben"},"tk8h4m4pof":{"type":"new","id":"tk8h4m4pof","color":"#000000","size":27,"x":447,"y":1297.9,"tool":"Text","time":1585733216667,"txt":"Nach dem 2. Weltkrieg als wissenschaftliche Forschungsrichtung -"},"tk8h4mntqi":{"type":"new","id":"tk8h4mntqi","color":"#99244f","size":27,"x":268.2,"y":422,"tool":"Text","time":1585733241440,"txt":"-> Immanuel Kant: Ideal als Weltbürgertum mit Freiheits-, Menschen- & Bürgerrechte"},"tk8h4mojx9":{"type":"new","id":"tk8h4mojx9","color":"#000000","size":27,"x":447,"y":1338.4,"tool":"Text","time":1585733242380,"txt":"Einsicht das Krieg keine Lösung und keine Naturnotwendigkeit ist "},"tk8h4njaj5":{"type":"new","id":"tk8h4njaj5","color":"#000000","size":27,"x":132.2,"y":395,"tool":"Text","time":1585733282217,"txt":""},"tk8h4nui15":{"type":"new","id":"tk8h4nui15","color":"#99244f","size":27,"x":268.2,"y":462.5,"tool":"Text","time":1585733296753,"txt":"-> Notwendige Erziehung nötig: Gebrauch des eigenen Verstandes für moralisches Handeln"},"tk8h4or8o10":{"type":"new","id":"tk8h4or8o10","color":"#99244f","size":27,"x":291.4,"y":524,"tool":"Text","time":1585733339440,"txt":""},"tk8h4ouixo":{"type":"new","id":"tk8h4ouixo","color":"#99244f","size":27,"x":260.4,"y":516.3,"tool":"Text","time":1585733343443,"txt":"Friedenserziehung:"},"tk8h4p34mh":{"type":"new","id":"tk8h4p34mh","color":"#99244f","size":27,"x":260.4,"y":556.8,"tool":"Text","time":1585733354589,"txt":"- Vermittlung von Wissen über Krieg"},"tk8h4pe8d1":{"type":"new","id":"tk8h4pe8d1","color":"#99244f","size":27,"x":260.4,"y":597.3,"tool":"Text","time":1585733368973,"txt":"- Grausamkeit"},"tk8h4pijtn":{"type":"new","id":"tk8h4pijtn","color":"#99244f","size":27,"x":260.4,"y":637.8,"tool":"Text","time":1585733374576,"txt":"- fragwürdiger Berechtigung"},"tk8h4pvhg1":{"type":"new","id":"tk8h4pvhg1","color":"#99244f","size":27,"x":1160.3,"y":818,"tool":"Text","time":1585733391340,"txt":""}}