{"lju80br12u":{"type":"line","id":"lju80br12u","color":"#39cccc","size":10,"tool":"Pencil","time":1554706865956,"_children":[{"type":"child","parent":"lju80br12u","x":490,"y":118,"tool":"Pencil"},{"type":"child","parent":"lju80br12u","x":490,"y":119,"tool":"Pencil"},{"type":"child","parent":"lju80br12u","x":451,"y":147,"tool":"Pencil"},{"type":"child","parent":"lju80br12u","x":442,"y":152,"tool":"Pencil"},{"type":"child","parent":"lju80br12u","x":438,"y":155,"tool":"Pencil"}]},"lju80brjit":{"type":"line","id":"lju80brjit","color":"#39cccc","size":10,"tool":"Pencil","time":1554706866618,"_children":[{"type":"child","parent":"lju80brjit","x":467,"y":146,"tool":"Pencil"},{"type":"child","parent":"lju80brjit","x":468,"y":156,"tool":"Pencil"},{"type":"child","parent":"lju80brjit","x":468,"y":188,"tool":"Pencil"},{"type":"child","parent":"lju80brjit","x":468,"y":201,"tool":"Pencil"},{"type":"child","parent":"lju80brjit","x":468,"y":211,"tool":"Pencil"},{"type":"child","parent":"lju80brjit","x":468,"y":219,"tool":"Pencil"}]},"lju80bsan5":{"type":"line","id":"lju80bsan5","color":"#39cccc","size":10,"tool":"Pencil","time":1554706867595,"_children":[{"type":"child","parent":"lju80bsan5","x":492,"y":163,"tool":"Pencil"},{"type":"child","parent":"lju80bsan5","x":493,"y":163,"tool":"Pencil"},{"type":"child","parent":"lju80bsan5","x":503,"y":162,"tool":"Pencil"},{"type":"child","parent":"lju80bsan5","x":514,"y":162,"tool":"Pencil"},{"type":"child","parent":"lju80bsan5","x":530,"y":161,"tool":"Pencil"},{"type":"child","parent":"lju80bsan5","x":534,"y":161,"tool":"Pencil"},{"type":"child","parent":"lju80bsan5","x":542,"y":161,"tool":"Pencil"},{"type":"child","parent":"lju80bsan5","x":543,"y":161,"tool":"Pencil"}]},"lju80btgvr":{"type":"line","id":"lju80btgvr","color":"#39cccc","size":10,"tool":"Pencil","time":1554706869116,"_children":[{"type":"child","parent":"lju80btgvr","x":519,"y":135,"tool":"Pencil"},{"type":"child","parent":"lju80btgvr","x":519,"y":136,"tool":"Pencil"},{"type":"child","parent":"lju80btgvr","x":519,"y":148,"tool":"Pencil"},{"type":"child","parent":"lju80btgvr","x":520,"y":147,"tool":"Pencil"},{"type":"child","parent":"lju80btgvr","x":520,"y":159,"tool":"Pencil"},{"type":"child","parent":"lju80btgvr","x":520,"y":169,"tool":"Pencil"},{"type":"child","parent":"lju80btgvr","x":520,"y":180,"tool":"Pencil"},{"type":"child","parent":"lju80btgvr","x":520,"y":187,"tool":"Pencil"},{"type":"child","parent":"lju80btgvr","x":520,"y":191,"tool":"Pencil"},{"type":"child","parent":"lju80btgvr","x":520,"y":196,"tool":"Pencil"},{"type":"child","parent":"lju80btgvr","x":520,"y":200,"tool":"Pencil"},{"type":"child","parent":"lju80btgvr","x":520,"y":208,"tool":"Pencil"},{"type":"child","parent":"lju80btgvr","x":520,"y":214,"tool":"Pencil"},{"type":"child","parent":"lju80btgvr","x":520,"y":221,"tool":"Pencil"},{"type":"child","parent":"lju80btgvr","x":520,"y":222,"tool":"Pencil"},{"type":"child","parent":"lju80btgvr","x":520,"y":222,"tool":"Pencil"}]},"lju80bv3qz":{"type":"line","id":"lju80bv3qz","color":"#39cccc","size":10,"tool":"Pencil","time":1554706871235,"_children":[{"type":"child","parent":"lju80bv3qz","x":629,"y":134,"tool":"Pencil"},{"type":"child","parent":"lju80bv3qz","x":625,"y":147,"tool":"Pencil"},{"type":"child","parent":"lju80bv3qz","x":605,"y":169,"tool":"Pencil"},{"type":"child","parent":"lju80bv3qz","x":604,"y":169,"tool":"Pencil"}]},"lju80bvk6z":{"type":"line","id":"lju80bvk6z","color":"#39cccc","size":10,"tool":"Pencil","time":1554706871828,"_children":[{"type":"child","parent":"lju80bvk6z","x":647,"y":156,"tool":"Pencil"},{"type":"child","parent":"lju80bvk6z","x":642,"y":166,"tool":"Pencil"},{"type":"child","parent":"lju80bvk6z","x":607,"y":197,"tool":"Pencil"},{"type":"child","parent":"lju80bvk6z","x":589,"y":217,"tool":"Pencil"},{"type":"child","parent":"lju80bvk6z","x":590,"y":219,"tool":"Pencil"},{"type":"child","parent":"lju80bvk6z","x":601,"y":220,"tool":"Pencil"},{"type":"child","parent":"lju80bvk6z","x":613,"y":220,"tool":"Pencil"},{"type":"child","parent":"lju80bvk6z","x":631,"y":214,"tool":"Pencil"},{"type":"child","parent":"lju80bvk6z","x":667,"y":213,"tool":"Pencil"},{"type":"child","parent":"lju80bvk6z","x":674,"y":212,"tool":"Pencil"},{"type":"child","parent":"lju80bvk6z","x":673,"y":212,"tool":"Pencil"}]},"lju80bwfa5":{"type":"line","id":"lju80bwfa5","color":"#39cccc","size":10,"tool":"Pencil","time":1554706872947,"_children":[{"type":"child","parent":"lju80bwfa5","x":663,"y":189,"tool":"Pencil"},{"type":"child","parent":"lju80bwfa5","x":663,"y":191,"tool":"Pencil"},{"type":"child","parent":"lju80bwfa5","x":673,"y":204,"tool":"Pencil"},{"type":"child","parent":"lju80bwfa5","x":677,"y":219,"tool":"Pencil"},{"type":"child","parent":"lju80bwfa5","x":679,"y":223,"tool":"Pencil"},{"type":"child","parent":"lju80bwfa5","x":679,"y":226,"tool":"Pencil"},{"type":"child","parent":"lju80bwfa5","x":679,"y":227,"tool":"Pencil"},{"type":"child","parent":"lju80bwfa5","x":679,"y":228,"tool":"Pencil"},{"type":"child","parent":"lju80bwfa5","x":680,"y":230,"tool":"Pencil"}]},"lju80cjkg2":{"type":"line","id":"lju80cjkg2","color":"#85144b","size":10,"tool":"Pencil","time":1554706902837,"_children":[{"type":"child","parent":"lju80cjkg2","x":441.7,"y":311.4,"tool":"Pencil"},{"type":"child","parent":"lju80cjkg2","x":474.1,"y":299.1,"tool":"Pencil"},{"type":"child","parent":"lju80cjkg2","x":508.1,"y":331.9,"tool":"Pencil"},{"type":"child","parent":"lju80cjkg2","x":479.3,"y":368.1,"tool":"Pencil"},{"type":"child","parent":"lju80cjkg2","x":437.4,"y":358.9,"tool":"Pencil"},{"type":"child","parent":"lju80cjkg2","x":451,"y":311.3,"tool":"Pencil"}]},"lju80ckz0e":{"type":"line","id":"lju80ckz0e","color":"#85144b","size":10,"tool":"Pencil","time":1554706904650,"_children":[{"type":"child","parent":"lju80ckz0e","x":588.8,"y":261.4,"tool":"Pencil"},{"type":"child","parent":"lju80ckz0e","x":597.7,"y":269.1,"tool":"Pencil"}]},"lju80cl5nd":{"type":"line","id":"lju80cl5nd","color":"#85144b","size":10,"tool":"Pencil","time":1554706904868,"_children":[{"type":"child","parent":"lju80cl5nd","x":555.1,"y":314.3,"tool":"Pencil"},{"type":"child","parent":"lju80cl5nd","x":594.8,"y":307.8,"tool":"Pencil"},{"type":"child","parent":"lju80cl5nd","x":614.9,"y":314.1,"tool":"Pencil"},{"type":"child","parent":"lju80cl5nd","x":572.7,"y":353.7,"tool":"Pencil"}]},"lju80clftn":{"type":"line","id":"lju80clftn","color":"#85144b","size":10,"tool":"Pencil","time":1554706905228,"_children":[{"type":"child","parent":"lju80clftn","x":569.6,"y":328.6,"tool":"Pencil"},{"type":"child","parent":"lju80clftn","x":578.2,"y":326.5,"tool":"Pencil"},{"type":"child","parent":"lju80clftn","x":601.5,"y":350.3,"tool":"Pencil"},{"type":"child","parent":"lju80clftn","x":611.4,"y":353,"tool":"Pencil"}]},"lju80clptj":{"type":"line","id":"lju80clptj","color":"#85144b","size":10,"tool":"Pencil","time":1554706905576,"_children":[{"type":"child","parent":"lju80clptj","x":528.6,"y":281.1,"tool":"Pencil"},{"type":"child","parent":"lju80clptj","x":539.6,"y":290.1,"tool":"Pencil"}]},"lju80clvez":{"type":"line","id":"lju80clvez","color":"#85144b","size":10,"tool":"Pencil","time":1554706905778,"_children":[{"type":"child","parent":"lju80clvez","x":536.6,"y":309.9,"tool":"Pencil"},{"type":"child","parent":"lju80clvez","x":542.6,"y":321.3,"tool":"Pencil"},{"type":"child","parent":"lju80clvez","x":535.8,"y":349.6,"tool":"Pencil"},{"type":"child","parent":"lju80clvez","x":541.9,"y":364.2,"tool":"Pencil"},{"type":"child","parent":"lju80clvez","x":524.9,"y":376.3,"tool":"Pencil"},{"type":"child","parent":"lju80clvez","x":553.1,"y":378.3,"tool":"Pencil"},{"type":"child","parent":"lju80clvez","x":625.3,"y":370.1,"tool":"Pencil"}]},"sju80czokp":{"type":"straight","id":"sju80czokp","color":"#85144b","size":10,"x":558.2,"y":58.7,"tool":"Straight line","time":1554706923722,"x2":564.1538696289062,"y2":58.4094352722168},"sju80d0btk":{"type":"straight","id":"sju80d0btk","color":"#85144b","size":10,"x":582.9,"y":50.4,"tool":"Straight line","time":1554706924513,"x2":780.5693359375,"y2":41.67106246948242},"sju80d24sj":{"type":"straight","id":"sju80d24sj","color":"#85144b","size":10,"x":788.8,"y":40.2,"tool":"Straight line","time":1554706926855,"x2":793.064453125,"y2":137.85427856445312},"rju80dbzoi":{"type":"rect","id":"rju80dbzoi","color":"#85144b","size":3,"x":830.2999267578125,"y":44.169334411621094,"x2":939.25732421875,"y2":188.31924438476562,"tool":"Rectangle","time":1554706939674},"tju80dkf0z":{"type":"new","id":"tju80dkf0z","color":"#85144b","size":16,"x":736.6,"y":204.6,"tool":"Text","time":1554706950594,"txt":"恍惚的"},"tju80dows5":{"type":"new","id":"tju80dows5","color":"#85144b","size":16,"x":736.6,"y":228.6,"tool":"Text","time":1554706956384,"txt":"刚刚冉房村血常规哥哥"},"tju80duavq":{"type":"new","id":"tju80duavq","color":"#85144b","size":16,"x":736.6,"y":252.6,"tool":"Text","time":1554706963385,"txt":""},"tju80e0e1h":{"type":"new","id":"tju80e0e1h","color":"#85144b","size":16,"x":736.6,"y":276.6,"tool":"Text","time":1554706971271,"txt":""},"tju80e1ry2":{"type":"new","id":"tju80e1ry2","color":"#85144b","size":16,"x":816.8,"y":165.1,"tool":"Text","time":1554706973112},"tju80e38hz":{"type":"new","id":"tju80e38hz","color":"#85144b","size":16,"x":887.5,"y":73.4,"tool":"Text","time":1554706974971,"txt":"分分彩"},"tju80e86bc":{"type":"new","id":"tju80e86bc","color":"#85144b","size":16,"x":895.3,"y":160.1,"tool":"Text","time":1554706981371,"txt":""},"tju80e9yws":{"type":"new","id":"tju80e9yws","color":"#85144b","size":16,"x":782.6,"y":244.8,"tool":"Text","time":1554706983700},"tju80ejejm":{"type":"new","id":"tju80ejejm","color":"#85144b","size":16,"x":474.4,"y":51.2,"tool":"Text","time":1554706995914,"txt":""},"lju80ezb42":{"type":"line","id":"lju80ezb42","color":"#85144b","size":3,"tool":"Pencil","time":1554707016528,"_children":[{"type":"child","parent":"lju80ezb42","x":730.7,"y":259.8,"tool":"Pencil"},{"type":"child","parent":"lju80ezb42","x":708.4,"y":275.9,"tool":"Pencil"}]},"lju80ezi1m":{"type":"line","id":"lju80ezi1m","color":"#85144b","size":3,"tool":"Pencil","time":1554707016777,"_children":[{"type":"child","parent":"lju80ezi1m","x":677.2,"y":317.7,"tool":"Pencil"},{"type":"child","parent":"lju80ezi1m","x":736.6,"y":297.4,"tool":"Pencil"},{"type":"child","parent":"lju80ezi1m","x":751.9,"y":290.5,"tool":"Pencil"}]},"lju80ezonm":{"type":"line","id":"lju80ezonm","color":"#85144b","size":3,"tool":"Pencil","time":1554707016990,"_children":[{"type":"child","parent":"lju80ezonm","x":723.9,"y":315.4,"tool":"Pencil"},{"type":"child","parent":"lju80ezonm","x":715.3,"y":363.8,"tool":"Pencil"},{"type":"child","parent":"lju80ezonm","x":701,"y":352.5,"tool":"Pencil"},{"type":"child","parent":"lju80ezonm","x":705.3,"y":311.9,"tool":"Pencil"},{"type":"child","parent":"lju80ezonm","x":744.8,"y":264.9,"tool":"Pencil"},{"type":"child","parent":"lju80ezonm","x":741.6,"y":259.8,"tool":"Pencil"},{"type":"child","parent":"lju80ezonm","x":741.9,"y":272.2,"tool":"Pencil"},{"type":"child","parent":"lju80ezonm","x":784.2,"y":372.1,"tool":"Pencil"},{"type":"child","parent":"lju80ezonm","x":788.3,"y":381.3,"tool":"Pencil"}]},"lju80f0fi1":{"type":"line","id":"lju80f0fi1","color":"#85144b","size":3,"tool":"Pencil","time":1554707017983,"_children":[{"type":"child","parent":"lju80f0fi1","x":785.8,"y":307.3,"tool":"Pencil"},{"type":"child","parent":"lju80f0fi1","x":762.8,"y":342.4,"tool":"Pencil"},{"type":"child","parent":"lju80f0fi1","x":737.6,"y":366.1,"tool":"Pencil"}]},"lju80f0mry":{"type":"line","id":"lju80f0mry","color":"#85144b","size":3,"tool":"Pencil","time":1554707018218,"_children":[{"type":"child","parent":"lju80f0mry","x":767.8,"y":276.1,"tool":"Pencil"},{"type":"child","parent":"lju80f0mry","x":770.8,"y":303.5,"tool":"Pencil"}]},"lju80f12vy":{"type":"line","id":"lju80f12vy","color":"#85144b","size":3,"tool":"Pencil","time":1554707018828,"_children":[{"type":"child","parent":"lju80f12vy","x":808.1,"y":276.8,"tool":"Pencil"},{"type":"child","parent":"lju80f12vy","x":835.2,"y":272.7,"tool":"Pencil"},{"type":"child","parent":"lju80f12vy","x":866.5,"y":265.2,"tool":"Pencil"}]},"lju80f1979":{"type":"line","id":"lju80f1979","color":"#85144b","size":3,"tool":"Pencil","time":1554707019027,"_children":[{"type":"child","parent":"lju80f1979","x":837.3,"y":259.8,"tool":"Pencil"},{"type":"child","parent":"lju80f1979","x":838.2,"y":288.2,"tool":"Pencil"},{"type":"child","parent":"lju80f1979","x":838.9,"y":356.5,"tool":"Pencil"},{"type":"child","parent":"lju80f1979","x":837.1,"y":364,"tool":"Pencil"}]},"lju80f1ig8":{"type":"line","id":"lju80f1ig8","color":"#85144b","size":3,"tool":"Pencil","time":1554707019361,"_children":[{"type":"child","parent":"lju80f1ig8","x":811.2,"y":295.6,"tool":"Pencil"},{"type":"child","parent":"lju80f1ig8","x":823.7,"y":311.5,"tool":"Pencil"}]},"lju80f1ov1":{"type":"line","id":"lju80f1ov1","color":"#85144b","size":3,"tool":"Pencil","time":1554707019608,"_children":[{"type":"child","parent":"lju80f1ov1","x":856.3,"y":291.6,"tool":"Pencil"},{"type":"child","parent":"lju80f1ov1","x":807.4,"y":324,"tool":"Pencil"},{"type":"child","parent":"lju80f1ov1","x":789.9,"y":328.5,"tool":"Pencil"},{"type":"child","parent":"lju80f1ov1","x":849.2,"y":304.1,"tool":"Pencil"},{"type":"child","parent":"lju80f1ov1","x":850.4,"y":308.2,"tool":"Pencil"},{"type":"child","parent":"lju80f1ov1","x":799,"y":346.5,"tool":"Pencil"}]},"lju80f23dq":{"type":"line","id":"lju80f23dq","color":"#85144b","size":3,"tool":"Pencil","time":1554707020112,"_children":[{"type":"child","parent":"lju80f23dq","x":842.6,"y":320.5,"tool":"Pencil"},{"type":"child","parent":"lju80f23dq","x":856.3,"y":328.6,"tool":"Pencil"},{"type":"child","parent":"lju80f23dq","x":879.9,"y":366.1,"tool":"Pencil"}]},"lju80f2gtc":{"type":"line","id":"lju80f2gtc","color":"#85144b","size":3,"tool":"Pencil","time":1554707020598,"_children":[{"type":"child","parent":"lju80f2gtc","x":890.6,"y":272.8,"tool":"Pencil"},{"type":"child","parent":"lju80f2gtc","x":894.8,"y":286.9,"tool":"Pencil"}]},"lju80f2mti":{"type":"line","id":"lju80f2mti","color":"#85144b","size":3,"tool":"Pencil","time":1554707020828,"_children":[{"type":"child","parent":"lju80f2mti","x":887,"y":281.9,"tool":"Pencil"},{"type":"child","parent":"lju80f2mti","x":912,"y":263.9,"tool":"Pencil"},{"type":"child","parent":"lju80f2mti","x":957.6,"y":254.8,"tool":"Pencil"},{"type":"child","parent":"lju80f2mti","x":955.7,"y":269,"tool":"Pencil"}]},"lju80f2xgy":{"type":"line","id":"lju80f2xgy","color":"#85144b","size":3,"tool":"Pencil","time":1554707021195,"_children":[{"type":"child","parent":"lju80f2xgy","x":907.3,"y":298.7,"tool":"Pencil"},{"type":"child","parent":"lju80f2xgy","x":924.5,"y":296.1,"tool":"Pencil"},{"type":"child","parent":"lju80f2xgy","x":951.7,"y":289.8,"tool":"Pencil"}]},"lju80f348e":{"type":"line","id":"lju80f348e","color":"#85144b","size":3,"tool":"Pencil","time":1554707021448,"_children":[{"type":"child","parent":"lju80f348e","x":918.3,"y":274,"tool":"Pencil"},{"type":"child","parent":"lju80f348e","x":911.4,"y":298,"tool":"Pencil"},{"type":"child","parent":"lju80f348e","x":900,"y":324.8,"tool":"Pencil"},{"type":"child","parent":"lju80f348e","x":967.9,"y":318,"tool":"Pencil"},{"type":"child","parent":"lju80f348e","x":960.3,"y":350.4,"tool":"Pencil"}]},"lju80f3hwf":{"type":"line","id":"lju80f3hwf","color":"#85144b","size":3,"tool":"Pencil","time":1554707021930,"_children":[{"type":"child","parent":"lju80f3hwf","x":888.3,"y":358.3,"tool":"Pencil"},{"type":"child","parent":"lju80f3hwf","x":888.5,"y":347.3,"tool":"Pencil"},{"type":"child","parent":"lju80f3hwf","x":946.3,"y":331.4,"tool":"Pencil"}]},"lju80f3uxz":{"type":"line","id":"lju80f3uxz","color":"#85144b","size":3,"tool":"Pencil","time":1554707022400,"_children":[{"type":"child","parent":"lju80f3uxz","x":1017.2,"y":256.3,"tool":"Pencil"},{"type":"child","parent":"lju80f3uxz","x":1004.9,"y":274.5,"tool":"Pencil"},{"type":"child","parent":"lju80f3uxz","x":989.8,"y":293,"tool":"Pencil"},{"type":"child","parent":"lju80f3uxz","x":1030.1,"y":283.5,"tool":"Pencil"},{"type":"child","parent":"lju80f3uxz","x":1056.3,"y":280,"tool":"Pencil"},{"type":"child","parent":"lju80f3uxz","x":1030.1,"y":292.2,"tool":"Pencil"},{"type":"child","parent":"lju80f3uxz","x":1021.1,"y":321.6,"tool":"Pencil"},{"type":"child","parent":"lju80f3uxz","x":1014.9,"y":376.2,"tool":"Pencil"},{"type":"child","parent":"lju80f3uxz","x":1010.6,"y":392.3,"tool":"Pencil"}]},"lju80fa0hx":{"type":"line","id":"lju80fa0hx","color":"#85144b","size":3,"tool":"Pencil","time":1554707030388,"_children":[{"type":"child","parent":"lju80fa0hx","x":1103.6,"y":240.6,"tool":"Pencil"},{"type":"child","parent":"lju80fa0hx","x":1120.2,"y":236.3,"tool":"Pencil"},{"type":"child","parent":"lju80fa0hx","x":1132,"y":243.4,"tool":"Pencil"}]},"lju80fa7yy":{"type":"line","id":"lju80fa7yy","color":"#85144b","size":3,"tool":"Pencil","time":1554707030668,"_children":[{"type":"child","parent":"lju80fa7yy","x":1069.6,"y":278.6,"tool":"Pencil"},{"type":"child","parent":"lju80fa7yy","x":1071.8,"y":289.3,"tool":"Pencil"}]},"lju80fadc8":{"type":"line","id":"lju80fadc8","color":"#85144b","size":3,"tool":"Pencil","time":1554707030840,"_children":[{"type":"child","parent":"lju80fadc8","x":1075.4,"y":272.3,"tool":"Pencil"},{"type":"child","parent":"lju80fadc8","x":1108.4,"y":259.9,"tool":"Pencil"},{"type":"child","parent":"lju80fadc8","x":1153,"y":259.1,"tool":"Pencil"}]},"lju80faltq":{"type":"line","id":"lju80faltq","color":"#85144b","size":3,"tool":"Pencil","time":1554707031144,"_children":[{"type":"child","parent":"lju80faltq","x":1092.7,"y":293.3,"tool":"Pencil"},{"type":"child","parent":"lju80faltq","x":1122.3,"y":287.8,"tool":"Pencil"},{"type":"child","parent":"lju80faltq","x":1118,"y":304.3,"tool":"Pencil"},{"type":"child","parent":"lju80faltq","x":1115.9,"y":320.1,"tool":"Pencil"},{"type":"child","parent":"lju80faltq","x":1125.6,"y":343.4,"tool":"Pencil"},{"type":"child","parent":"lju80faltq","x":1083.4,"y":359,"tool":"Pencil"},{"type":"child","parent":"lju80faltq","x":1092.9,"y":333.8,"tool":"Pencil"},{"type":"child","parent":"lju80faltq","x":1154.2,"y":309.1,"tool":"Pencil"}]},"lju80fg2bp":{"type":"line","id":"lju80fg2bp","color":"#39cccc","size":10,"tool":"Pencil","time":1554707038375,"_children":[{"type":"child","parent":"lju80fg2bp","x":1031,"y":448,"tool":"Pencil"}]}}