{"tjp4eu5d7i":{"type":"new","id":"tjp4eu5d7i","color":"#001f3f","size":27,"x":707,"y":169,"tool":"Text","time":1543605461878,"txt":""},"tjp4eu5s1y":{"type":"new","id":"tjp4eu5s1y","color":"#001f3f","size":27,"x":519,"y":246,"tool":"Text","time":1543605462410},"ljp4eulbrn":{"type":"line","id":"ljp4eulbrn","color":"#001f3f","size":10,"tool":"Pencil","time":1543605482558,"_children":[{"type":"child","parent":"ljp4eulbrn","x":307,"y":195,"tool":"Pencil"},{"type":"child","parent":"ljp4eulbrn","x":317,"y":226,"tool":"Pencil"},{"type":"child","parent":"ljp4eulbrn","x":350,"y":305,"tool":"Pencil"},{"type":"child","parent":"ljp4eulbrn","x":373,"y":379,"tool":"Pencil"},{"type":"child","parent":"ljp4eulbrn","x":377,"y":390,"tool":"Pencil"},{"type":"child","parent":"ljp4eulbrn","x":404,"y":330,"tool":"Pencil"},{"type":"child","parent":"ljp4eulbrn","x":422,"y":293,"tool":"Pencil"},{"type":"child","parent":"ljp4eulbrn","x":422,"y":293,"tool":"Pencil"},{"type":"child","parent":"ljp4eulbrn","x":453,"y":361,"tool":"Pencil"},{"type":"child","parent":"ljp4eulbrn","x":465,"y":387,"tool":"Pencil"},{"type":"child","parent":"ljp4eulbrn","x":466,"y":387,"tool":"Pencil"},{"type":"child","parent":"ljp4eulbrn","x":510,"y":279,"tool":"Pencil"},{"type":"child","parent":"ljp4eulbrn","x":551,"y":172,"tool":"Pencil"},{"type":"child","parent":"ljp4eulbrn","x":556,"y":160,"tool":"Pencil"}]},"ljp4eumpts":{"type":"line","id":"ljp4eumpts","color":"#001f3f","size":10,"tool":"Pencil","time":1543605484364,"_children":[{"type":"child","parent":"ljp4eumpts","x":613,"y":195,"tool":"Pencil"},{"type":"child","parent":"ljp4eumpts","x":593,"y":245,"tool":"Pencil"},{"type":"child","parent":"ljp4eumpts","x":591,"y":375,"tool":"Pencil"},{"type":"child","parent":"ljp4eumpts","x":668,"y":417,"tool":"Pencil"},{"type":"child","parent":"ljp4eumpts","x":770,"y":400,"tool":"Pencil"},{"type":"child","parent":"ljp4eumpts","x":821,"y":299,"tool":"Pencil"},{"type":"child","parent":"ljp4eumpts","x":795,"y":205,"tool":"Pencil"},{"type":"child","parent":"ljp4eumpts","x":740,"y":175,"tool":"Pencil"},{"type":"child","parent":"ljp4eumpts","x":628,"y":194,"tool":"Pencil"},{"type":"child","parent":"ljp4eumpts","x":573,"y":218,"tool":"Pencil"},{"type":"child","parent":"ljp4eumpts","x":566,"y":229,"tool":"Pencil"}]},"ljp4eunui8":{"type":"line","id":"ljp4eunui8","color":"#001f3f","size":10,"tool":"Pencil","time":1543605485829,"_children":[{"type":"child","parent":"ljp4eunui8","x":844,"y":148,"tool":"Pencil"},{"type":"child","parent":"ljp4eunui8","x":900,"y":201,"tool":"Pencil"},{"type":"child","parent":"ljp4eunui8","x":952,"y":315,"tool":"Pencil"},{"type":"child","parent":"ljp4eunui8","x":979,"y":371,"tool":"Pencil"},{"type":"child","parent":"ljp4eunui8","x":980,"y":372,"tool":"Pencil"},{"type":"child","parent":"ljp4eunui8","x":1053,"y":262,"tool":"Pencil"},{"type":"child","parent":"ljp4eunui8","x":1103,"y":175,"tool":"Pencil"},{"type":"child","parent":"ljp4eunui8","x":1105,"y":174,"tool":"Pencil"},{"type":"child","parent":"ljp4eunui8","x":1120,"y":286,"tool":"Pencil"},{"type":"child","parent":"ljp4eunui8","x":1139,"y":389,"tool":"Pencil"},{"type":"child","parent":"ljp4eunui8","x":1143,"y":397,"tool":"Pencil"},{"type":"child","parent":"ljp4eunui8","x":1198,"y":310,"tool":"Pencil"},{"type":"child","parent":"ljp4eunui8","x":1273,"y":164,"tool":"Pencil"},{"type":"child","parent":"ljp4eunui8","x":1283,"y":147,"tool":"Pencil"},{"type":"child","parent":"ljp4eunui8","x":1283,"y":147,"tool":"Pencil"}]},"ljp4euqt85":{"type":"line","id":"ljp4euqt85","color":"#001f3f","size":10,"tool":"Pencil","time":1543605489670,"_children":[{"type":"child","parent":"ljp4euqt85","x":375,"y":525,"tool":"Pencil"},{"type":"child","parent":"ljp4euqt85","x":375,"y":526,"tool":"Pencil"},{"type":"child","parent":"ljp4euqt85","x":380,"y":543,"tool":"Pencil"},{"type":"child","parent":"ljp4euqt85","x":382,"y":545,"tool":"Pencil"},{"type":"child","parent":"ljp4euqt85","x":382,"y":544,"tool":"Pencil"},{"type":"child","parent":"ljp4euqt85","x":390,"y":537,"tool":"Pencil"},{"type":"child","parent":"ljp4euqt85","x":404,"y":529,"tool":"Pencil"},{"type":"child","parent":"ljp4euqt85","x":405,"y":529,"tool":"Pencil"},{"type":"child","parent":"ljp4euqt85","x":427,"y":555,"tool":"Pencil"},{"type":"child","parent":"ljp4euqt85","x":428,"y":555,"tool":"Pencil"},{"type":"child","parent":"ljp4euqt85","x":445,"y":524,"tool":"Pencil"},{"type":"child","parent":"ljp4euqt85","x":451,"y":515,"tool":"Pencil"}]},"ljp4eus47k":{"type":"line","id":"ljp4eus47k","color":"#001f3f","size":10,"tool":"Pencil","time":1543605491359,"_children":[{"type":"child","parent":"ljp4eus47k","x":483,"y":527,"tool":"Pencil"},{"type":"child","parent":"ljp4eus47k","x":484,"y":536,"tool":"Pencil"},{"type":"child","parent":"ljp4eus47k","x":501,"y":567,"tool":"Pencil"},{"type":"child","parent":"ljp4eus47k","x":552,"y":575,"tool":"Pencil"},{"type":"child","parent":"ljp4eus47k","x":570,"y":544,"tool":"Pencil"},{"type":"child","parent":"ljp4eus47k","x":553,"y":513,"tool":"Pencil"},{"type":"child","parent":"ljp4eus47k","x":518,"y":500,"tool":"Pencil"},{"type":"child","parent":"ljp4eus47k","x":496,"y":509,"tool":"Pencil"},{"type":"child","parent":"ljp4eus47k","x":496,"y":521,"tool":"Pencil"},{"type":"child","parent":"ljp4eus47k","x":497,"y":534,"tool":"Pencil"}]},"ljp4eut108":{"type":"line","id":"ljp4eut108","color":"#001f3f","size":10,"tool":"Pencil","time":1543605492543,"_children":[{"type":"child","parent":"ljp4eut108","x":592,"y":498,"tool":"Pencil"},{"type":"child","parent":"ljp4eut108","x":599,"y":506,"tool":"Pencil"},{"type":"child","parent":"ljp4eut108","x":623,"y":549,"tool":"Pencil"},{"type":"child","parent":"ljp4eut108","x":626,"y":553,"tool":"Pencil"},{"type":"child","parent":"ljp4eut108","x":652,"y":508,"tool":"Pencil"},{"type":"child","parent":"ljp4eut108","x":655,"y":503,"tool":"Pencil"},{"type":"child","parent":"ljp4eut108","x":666,"y":559,"tool":"Pencil"},{"type":"child","parent":"ljp4eut108","x":668,"y":559,"tool":"Pencil"},{"type":"child","parent":"ljp4eut108","x":698,"y":519,"tool":"Pencil"},{"type":"child","parent":"ljp4eut108","x":716,"y":488,"tool":"Pencil"}]},"ljp4euu2ua":{"type":"line","id":"ljp4euu2ua","color":"#001f3f","size":10,"tool":"Pencil","time":1543605493903,"_children":[{"type":"child","parent":"ljp4euu2ua","x":748,"y":442,"tool":"Pencil"},{"type":"child","parent":"ljp4euu2ua","x":751,"y":456,"tool":"Pencil"},{"type":"child","parent":"ljp4euu2ua","x":758,"y":522,"tool":"Pencil"},{"type":"child","parent":"ljp4euu2ua","x":756,"y":532,"tool":"Pencil"}]},"ljp4euujii":{"type":"line","id":"ljp4euujii","color":"#001f3f","size":10,"tool":"Pencil","time":1543605494505,"_children":[{"type":"child","parent":"ljp4euujii","x":760,"y":566,"tool":"Pencil"},{"type":"child","parent":"ljp4euujii","x":760,"y":567,"tool":"Pencil"},{"type":"child","parent":"ljp4euujii","x":757,"y":570,"tool":"Pencil"}]}}