{"ljp27rtu5b":{"type":"line","id":"ljp27rtu5b","color":"#1913b0","size":"10","tool":"Pencil","_children":[{"type":"child","parent":"ljp27rtu5b","x":708,"y":158,"tool":"Pencil"}]},"ljp27rutit":{"type":"line","id":"ljp27rutit","color":"#1913b0","size":"10","tool":"Pencil","_children":[{"type":"child","parent":"ljp27rutit","x":723,"y":144,"tool":"Pencil"},{"type":"child","parent":"ljp27rutit","x":723,"y":144,"tool":"Pencil"}]},"ljp27rvk0t":{"type":"line","id":"ljp27rvk0t","color":"#1913b0","size":"10","tool":"Pencil","_children":[{"type":"child","parent":"ljp27rvk0t","x":724,"y":171,"tool":"Pencil"},{"type":"child","parent":"ljp27rvk0t","x":717,"y":207,"tool":"Pencil"},{"type":"child","parent":"ljp27rvk0t","x":714,"y":223,"tool":"Pencil"},{"type":"child","parent":"ljp27rvk0t","x":714,"y":224,"tool":"Pencil"}]},"ljp27rw9e2":{"type":"line","id":"ljp27rw9e2","color":"#1913b0","size":"10","tool":"Pencil","_children":[{"type":"child","parent":"ljp27rw9e2","x":769,"y":170,"tool":"Pencil"},{"type":"child","parent":"ljp27rw9e2","x":761,"y":203,"tool":"Pencil"},{"type":"child","parent":"ljp27rw9e2","x":755,"y":220,"tool":"Pencil"},{"type":"child","parent":"ljp27rw9e2","x":754,"y":223,"tool":"Pencil"},{"type":"child","parent":"ljp27rw9e2","x":754,"y":223,"tool":"Pencil"},{"type":"child","parent":"ljp27rw9e2","x":760,"y":209,"tool":"Pencil"},{"type":"child","parent":"ljp27rw9e2","x":774,"y":184,"tool":"Pencil"},{"type":"child","parent":"ljp27rw9e2","x":788,"y":175,"tool":"Pencil"},{"type":"child","parent":"ljp27rw9e2","x":791,"y":179,"tool":"Pencil"},{"type":"child","parent":"ljp27rw9e2","x":795,"y":200,"tool":"Pencil"},{"type":"child","parent":"ljp27rw9e2","x":797,"y":212,"tool":"Pencil"},{"type":"child","parent":"ljp27rw9e2","x":797,"y":218,"tool":"Pencil"},{"type":"child","parent":"ljp27rw9e2","x":797,"y":220,"tool":"Pencil"},{"type":"child","parent":"ljp27rw9e2","x":797,"y":220,"tool":"Pencil"}]},"ljp27rxr5p":{"type":"line","id":"ljp27rxr5p","color":"#1913b0","size":"10","tool":"Pencil","_children":[{"type":"child","parent":"ljp27rxr5p","x":834,"y":196,"tool":"Pencil"},{"type":"child","parent":"ljp27rxr5p","x":870,"y":188,"tool":"Pencil"},{"type":"child","parent":"ljp27rxr5p","x":873,"y":175,"tool":"Pencil"},{"type":"child","parent":"ljp27rxr5p","x":852,"y":169,"tool":"Pencil"},{"type":"child","parent":"ljp27rxr5p","x":839,"y":172,"tool":"Pencil"},{"type":"child","parent":"ljp27rxr5p","x":830,"y":189,"tool":"Pencil"},{"type":"child","parent":"ljp27rxr5p","x":832,"y":205,"tool":"Pencil"},{"type":"child","parent":"ljp27rxr5p","x":873,"y":223,"tool":"Pencil"},{"type":"child","parent":"ljp27rxr5p","x":886,"y":223,"tool":"Pencil"}]},"tjp27ta7bw":{"type":"new","id":"tjp27ta7bw","color":"#1913b0","size":25,"x":475,"y":604,"tool":"Text","txt":""},"tjp27tfble":{"type":"new","id":"tjp27tfble","color":"#1913b0","size":25,"x":742,"y":599.5,"tool":"Text","txt":""},"ljp27wyv6h":{"type":"line","id":"ljp27wyv6h","color":"#1913b0","size":"10","tool":"Pencil","_children":[{"type":"child","parent":"ljp27wyv6h","x":553,"y":172,"tool":"Pencil"},{"type":"child","parent":"ljp27wyv6h","x":557,"y":265,"tool":"Pencil"},{"type":"child","parent":"ljp27wyv6h","x":558,"y":314,"tool":"Pencil"},{"type":"child","parent":"ljp27wyv6h","x":646,"y":276,"tool":"Pencil"},{"type":"child","parent":"ljp27wyv6h","x":670,"y":262,"tool":"Pencil"}]},"ljp2803sc3":{"type":"line","id":"ljp2803sc3","color":"#1913b0","size":"10","tool":"Pencil","_children":[{"type":"child","parent":"ljp2803sc3","x":259,"y":166,"tool":"Pencil"},{"type":"child","parent":"ljp2803sc3","x":258,"y":166,"tool":"Pencil"},{"type":"child","parent":"ljp2803sc3","x":240,"y":175,"tool":"Pencil"},{"type":"child","parent":"ljp2803sc3","x":230,"y":197,"tool":"Pencil"},{"type":"child","parent":"ljp2803sc3","x":236,"y":232,"tool":"Pencil"},{"type":"child","parent":"ljp2803sc3","x":257,"y":247,"tool":"Pencil"},{"type":"child","parent":"ljp2803sc3","x":277,"y":241,"tool":"Pencil"},{"type":"child","parent":"ljp2803sc3","x":287,"y":221,"tool":"Pencil"},{"type":"child","parent":"ljp2803sc3","x":290,"y":202,"tool":"Pencil"},{"type":"child","parent":"ljp2803sc3","x":283,"y":187,"tool":"Pencil"},{"type":"child","parent":"ljp2803sc3","x":269,"y":177,"tool":"Pencil"},{"type":"child","parent":"ljp2803sc3","x":265,"y":175,"tool":"Pencil"},{"type":"child","parent":"ljp2803sc3","x":252,"y":170,"tool":"Pencil"},{"type":"child","parent":"ljp2803sc3","x":249,"y":168,"tool":"Pencil"}]},"tjp280tnfo":{"type":"new","id":"tjp280tnfo","color":"#1913b0","size":27,"x":292,"y":502,"tool":"Text"},"ljp2815tu9":{"type":"line","id":"ljp2815tu9","color":"#46b025","size":"10","tool":"Pencil","_children":[{"type":"child","parent":"ljp2815tu9","x":505,"y":479,"tool":"Pencil"},{"type":"child","parent":"ljp2815tu9","x":512,"y":494,"tool":"Pencil"},{"type":"child","parent":"ljp2815tu9","x":520,"y":512,"tool":"Pencil"},{"type":"child","parent":"ljp2815tu9","x":529,"y":512,"tool":"Pencil"},{"type":"child","parent":"ljp2815tu9","x":570,"y":493,"tool":"Pencil"},{"type":"child","parent":"ljp2815tu9","x":579,"y":485,"tool":"Pencil"},{"type":"child","parent":"ljp2815tu9","x":579,"y":483,"tool":"Pencil"}]},"tjp281ei24":{"type":"new","id":"tjp281ei24","color":"#1913b0","size":27,"x":292,"y":502,"tool":"Text","txt":""},"tjp281n9am":{"type":"new","id":"tjp281n9am","color":"#1913b0","size":27,"x":347,"y":114.5,"tool":"Text"},"tjp281o2b2":{"type":"new","id":"tjp281o2b2","color":"#1913b0","size":27,"x":347,"y":155,"tool":"Text"}}