{"lk81nwfore":{"type":"line","id":"lk81nwfore","color":"#111111","size":10,"tool":"Pencil","time":1584798151765,"_children":[{"type":"child","parent":"lk81nwfore","x":222.7,"y":78,"tool":"Pencil"},{"type":"child","parent":"lk81nwfore","x":214,"y":87.3,"tool":"Pencil"},{"type":"child","parent":"lk81nwfore","x":230,"y":99.3,"tool":"Pencil"},{"type":"child","parent":"lk81nwfore","x":228,"y":110,"tool":"Pencil"},{"type":"child","parent":"lk81nwfore","x":236,"y":125.3,"tool":"Pencil"},{"type":"child","parent":"lk81nwfore","x":235.3,"y":151.3,"tool":"Pencil"},{"type":"child","parent":"lk81nwfore","x":240,"y":175.3,"tool":"Pencil"},{"type":"child","parent":"lk81nwfore","x":241.3,"y":210.7,"tool":"Pencil"}]},"lk81nwgi5w":{"type":"line","id":"lk81nwgi5w","color":"#111111","size":10,"tool":"Pencil","time":1584798152822,"_children":[{"type":"child","parent":"lk81nwgi5w","x":346.7,"y":111.3,"tool":"Pencil"},{"type":"child","parent":"lk81nwgi5w","x":376,"y":114.7,"tool":"Pencil"},{"type":"child","parent":"lk81nwgi5w","x":406.7,"y":140,"tool":"Pencil"},{"type":"child","parent":"lk81nwgi5w","x":412.7,"y":180,"tool":"Pencil"},{"type":"child","parent":"lk81nwgi5w","x":489.3,"y":190.7,"tool":"Pencil"},{"type":"child","parent":"lk81nwgi5w","x":552.7,"y":212,"tool":"Pencil"},{"type":"child","parent":"lk81nwgi5w","x":587.3,"y":248.7,"tool":"Pencil"},{"type":"child","parent":"lk81nwgi5w","x":571.3,"y":290,"tool":"Pencil"},{"type":"child","parent":"lk81nwgi5w","x":502,"y":312,"tool":"Pencil"},{"type":"child","parent":"lk81nwgi5w","x":397.3,"y":297.3,"tool":"Pencil"},{"type":"child","parent":"lk81nwgi5w","x":374,"y":274.7,"tool":"Pencil"}]},"lk81nwhkmq":{"type":"line","id":"lk81nwhkmq","color":"#111111","size":10,"tool":"Pencil","time":1584798154212,"_children":[{"type":"child","parent":"lk81nwhkmq","x":530,"y":138,"tool":"Pencil"},{"type":"child","parent":"lk81nwhkmq","x":488.7,"y":200.7,"tool":"Pencil"},{"type":"child","parent":"lk81nwhkmq","x":447.3,"y":293.3,"tool":"Pencil"}]},"lk81nwhxcf":{"type":"line","id":"lk81nwhxcf","color":"#111111","size":10,"tool":"Pencil","time":1584798154670,"_children":[{"type":"child","parent":"lk81nwhxcf","x":602,"y":154,"tool":"Pencil"},{"type":"child","parent":"lk81nwhxcf","x":561.3,"y":206.7,"tool":"Pencil"},{"type":"child","parent":"lk81nwhxcf","x":510.7,"y":285.3,"tool":"Pencil"}]},"lk81nwick8":{"type":"line","id":"lk81nwick8","color":"#111111","size":10,"tool":"Pencil","time":1584798155213,"_children":[{"type":"child","parent":"lk81nwick8","x":700.7,"y":190.7,"tool":"Pencil"},{"type":"child","parent":"lk81nwick8","x":638,"y":250.7,"tool":"Pencil"},{"type":"child","parent":"lk81nwick8","x":570.7,"y":330.7,"tool":"Pencil"}]},"lk81nwitby":{"type":"line","id":"lk81nwitby","color":"#111111","size":10,"tool":"Pencil","time":1584798155814,"_children":[{"type":"child","parent":"lk81nwitby","x":524,"y":384.7,"tool":"Pencil"},{"type":"child","parent":"lk81nwitby","x":625.3,"y":359.3,"tool":"Pencil"},{"type":"child","parent":"lk81nwitby","x":706.7,"y":361.3,"tool":"Pencil"},{"type":"child","parent":"lk81nwitby","x":670.7,"y":384.7,"tool":"Pencil"},{"type":"child","parent":"lk81nwitby","x":725.3,"y":394,"tool":"Pencil"},{"type":"child","parent":"lk81nwitby","x":725.3,"y":434.7,"tool":"Pencil"}]},"lk81nwq8sy":{"type":"line","id":"lk81nwq8sy","color":"#111111","size":10,"tool":"Pencil","time":1584798165447,"_children":[{"type":"child","parent":"lk81nwq8sy","x":185.3,"y":53.3,"tool":"Pencil"},{"type":"child","parent":"lk81nwq8sy","x":184.7,"y":72.7,"tool":"Pencil"},{"type":"child","parent":"lk81nwq8sy","x":190.7,"y":110,"tool":"Pencil"}]},"lk81nwqmwd":{"type":"line","id":"lk81nwqmwd","color":"#111111","size":10,"tool":"Pencil","time":1584798165952,"_children":[{"type":"child","parent":"lk81nwqmwd","x":258.7,"y":62.7,"tool":"Pencil"},{"type":"child","parent":"lk81nwqmwd","x":252,"y":87.3,"tool":"Pencil"}]},"lk81nws0rn":{"type":"line","id":"lk81nws0rn","color":"#db2929","size":10,"tool":"Pencil","time":1584798167748,"_children":[{"type":"child","parent":"lk81nws0rn","x":283.3,"y":316.7,"tool":"Pencil"},{"type":"child","parent":"lk81nws0rn","x":281.3,"y":334,"tool":"Pencil"},{"type":"child","parent":"lk81nws0rn","x":270.7,"y":402,"tool":"Pencil"}]},"lk81nwsbhd":{"type":"line","id":"lk81nwsbhd","color":"#db2929","size":10,"tool":"Pencil","time":1584798168137,"_children":[{"type":"child","parent":"lk81nwsbhd","x":298,"y":393.3,"tool":"Pencil"},{"type":"child","parent":"lk81nwsbhd","x":293.3,"y":428.7,"tool":"Pencil"},{"type":"child","parent":"lk81nwsbhd","x":342.7,"y":434,"tool":"Pencil"},{"type":"child","parent":"lk81nwsbhd","x":407.3,"y":399.3,"tool":"Pencil"},{"type":"child","parent":"lk81nwsbhd","x":382,"y":420,"tool":"Pencil"},{"type":"child","parent":"lk81nwsbhd","x":426,"y":440,"tool":"Pencil"},{"type":"child","parent":"lk81nwsbhd","x":491.3,"y":454,"tool":"Pencil"},{"type":"child","parent":"lk81nwsbhd","x":575.3,"y":463.3,"tool":"Pencil"},{"type":"child","parent":"lk81nwsbhd","x":610,"y":492,"tool":"Pencil"},{"type":"child","parent":"lk81nwsbhd","x":645.3,"y":504.7,"tool":"Pencil"},{"type":"child","parent":"lk81nwsbhd","x":765.3,"y":441.3,"tool":"Pencil"},{"type":"child","parent":"lk81nwsbhd","x":818.7,"y":341.3,"tool":"Pencil"},{"type":"child","parent":"lk81nwsbhd","x":746,"y":302,"tool":"Pencil"},{"type":"child","parent":"lk81nwsbhd","x":754,"y":339.3,"tool":"Pencil"},{"type":"child","parent":"lk81nwsbhd","x":860.7,"y":336,"tool":"Pencil"},{"type":"child","parent":"lk81nwsbhd","x":823.3,"y":364,"tool":"Pencil"},{"type":"child","parent":"lk81nwsbhd","x":886.7,"y":390.7,"tool":"Pencil"},{"type":"child","parent":"lk81nwsbhd","x":909.3,"y":417.3,"tool":"Pencil"},{"type":"child","parent":"lk81nwsbhd","x":918,"y":465.3,"tool":"Pencil"},{"type":"child","parent":"lk81nwsbhd","x":956,"y":476.7,"tool":"Pencil"},{"type":"child","parent":"lk81nwsbhd","x":854,"y":462.7,"tool":"Pencil"}]},"lk81nwu0kf":{"type":"line","id":"lk81nwu0kf","color":"#db2929","size":10,"tool":"Pencil","time":1584798170333,"_children":[{"type":"child","parent":"lk81nwu0kf","x":880,"y":213.3,"tool":"Pencil"},{"type":"child","parent":"lk81nwu0kf","x":882.7,"y":191.3,"tool":"Pencil"},{"type":"child","parent":"lk81nwu0kf","x":849.3,"y":230,"tool":"Pencil"},{"type":"child","parent":"lk81nwu0kf","x":926,"y":266.7,"tool":"Pencil"},{"type":"child","parent":"lk81nwu0kf","x":920,"y":296,"tool":"Pencil"},{"type":"child","parent":"lk81nwu0kf","x":922,"y":299.3,"tool":"Pencil"},{"type":"child","parent":"lk81nwu0kf","x":872.7,"y":242,"tool":"Pencil"}]},"lk81nwuls10":{"type":"line","id":"lk81nwuls10","color":"#db2929","size":10,"tool":"Pencil","time":1584798171096,"_children":[{"type":"child","parent":"lk81nwuls10","x":984,"y":314,"tool":"Pencil"},{"type":"child","parent":"lk81nwuls10","x":985.3,"y":298,"tool":"Pencil"},{"type":"child","parent":"lk81nwuls10","x":1005.3,"y":372,"tool":"Pencil"},{"type":"child","parent":"lk81nwuls10","x":1006.7,"y":438.7,"tool":"Pencil"},{"type":"child","parent":"lk81nwuls10","x":952.7,"y":438.7,"tool":"Pencil"},{"type":"child","parent":"lk81nwuls10","x":898.7,"y":410.7,"tool":"Pencil"},{"type":"child","parent":"lk81nwuls10","x":906,"y":422,"tool":"Pencil"}]},"lk81nwv7710":{"type":"line","id":"lk81nwv7710","color":"#db2929","size":10,"tool":"Pencil","time":1584798171869,"_children":[{"type":"child","parent":"lk81nwv7710","x":761.3,"y":220.7,"tool":"Pencil"},{"type":"child","parent":"lk81nwv7710","x":749.3,"y":177.3,"tool":"Pencil"},{"type":"child","parent":"lk81nwv7710","x":688.7,"y":154,"tool":"Pencil"},{"type":"child","parent":"lk81nwv7710","x":611.3,"y":178.7,"tool":"Pencil"},{"type":"child","parent":"lk81nwv7710","x":664,"y":230,"tool":"Pencil"},{"type":"child","parent":"lk81nwv7710","x":642.7,"y":250.7,"tool":"Pencil"},{"type":"child","parent":"lk81nwv7710","x":581.3,"y":288.7,"tool":"Pencil"},{"type":"child","parent":"lk81nwv7710","x":594,"y":332.7,"tool":"Pencil"},{"type":"child","parent":"lk81nwv7710","x":542.7,"y":396,"tool":"Pencil"}]},"lk81nwwesf":{"type":"line","id":"lk81nwwesf","color":"#db2929","size":10,"tool":"Pencil","time":1584798173438,"_children":[{"type":"child","parent":"lk81nwwesf","x":278,"y":58.7,"tool":"Pencil"},{"type":"child","parent":"lk81nwwesf","x":321.3,"y":56.7,"tool":"Pencil"},{"type":"child","parent":"lk81nwwesf","x":395.3,"y":60.7,"tool":"Pencil"},{"type":"child","parent":"lk81nwwesf","x":300.7,"y":122.7,"tool":"Pencil"},{"type":"child","parent":"lk81nwwesf","x":296,"y":178.7,"tool":"Pencil"},{"type":"child","parent":"lk81nwwesf","x":425.3,"y":192.7,"tool":"Pencil"},{"type":"child","parent":"lk81nwwesf","x":379.3,"y":242,"tool":"Pencil"},{"type":"child","parent":"lk81nwwesf","x":400,"y":286.7,"tool":"Pencil"},{"type":"child","parent":"lk81nwwesf","x":474,"y":342.7,"tool":"Pencil"},{"type":"child","parent":"lk81nwwesf","x":504,"y":433.3,"tool":"Pencil"},{"type":"child","parent":"lk81nwwesf","x":532,"y":500,"tool":"Pencil"}]}}