{"ljp1jkakdm":{"type":"line","id":"ljp1jkakdm","color":"#1913b0","size":"10","tool":"Pencil","_children":[{"type":"child","parent":"ljp1jkakdm","x":114.34119415283203,"y":84.37158203125,"tool":"Pencil"}]},"tjp1jke6s5":{"type":"new","id":"tjp1jke6s5","color":"#1913b0","size":27,"x":203.21775817871094,"y":104.86611938476562,"tool":"Text"},"tjp1jkezza":{"type":"new","id":"tjp1jkezza","color":"#1913b0","size":27,"x":237.66990661621094,"y":96.87236022949219,"tool":"Text"},"tjp1jkfi2h":{"type":"new","id":"tjp1jkfi2h","color":"#1913b0","size":27,"x":116.33842468261719,"y":214.78024291992188,"tool":"Text"},"ljp1jlclqk":{"type":"line","id":"ljp1jlclqk","color":"#1913b0","size":"10","tool":"Pencil"},"rjp27wmiil":{"type":"rect","id":"rjp27wmiil","color":"#00ffff","size":"10","x":334,"y":65,"x2":1462,"y2":597,"tool":"Rectangle"},"sjp27wpmr8":{"type":"straight","id":"sjp27wpmr8","color":"#00ffff","size":"10","x":458,"y":86,"tool":"Straight line","x2":1341,"y2":575},"ljp27x46iv":{"type":"line","id":"ljp27x46iv","color":"#00ffff","size":"10","tool":"Pencil","_children":[{"type":"child","parent":"ljp27x46iv","x":416,"y":152,"tool":"Pencil"},{"type":"child","parent":"ljp27x46iv","x":418,"y":152,"tool":"Pencil"},{"type":"child","parent":"ljp27x46iv","x":433,"y":152,"tool":"Pencil"},{"type":"child","parent":"ljp27x46iv","x":457,"y":152,"tool":"Pencil"},{"type":"child","parent":"ljp27x46iv","x":504,"y":152,"tool":"Pencil"},{"type":"child","parent":"ljp27x46iv","x":544,"y":153,"tool":"Pencil"},{"type":"child","parent":"ljp27x46iv","x":589,"y":139,"tool":"Pencil"},{"type":"child","parent":"ljp27x46iv","x":622,"y":130,"tool":"Pencil"},{"type":"child","parent":"ljp27x46iv","x":634,"y":127,"tool":"Pencil"},{"type":"child","parent":"ljp27x46iv","x":651,"y":127,"tool":"Pencil"},{"type":"child","parent":"ljp27x46iv","x":662,"y":127,"tool":"Pencil"},{"type":"child","parent":"ljp27x46iv","x":661,"y":127,"tool":"Pencil"},{"type":"child","parent":"ljp27x46iv","x":650,"y":155,"tool":"Pencil"},{"type":"child","parent":"ljp27x46iv","x":646,"y":167,"tool":"Pencil"},{"type":"child","parent":"ljp27x46iv","x":645,"y":189,"tool":"Pencil"},{"type":"child","parent":"ljp27x46iv","x":644,"y":199,"tool":"Pencil"},{"type":"child","parent":"ljp27x46iv","x":644,"y":207,"tool":"Pencil"},{"type":"child","parent":"ljp27x46iv","x":640,"y":226,"tool":"Pencil"},{"type":"child","parent":"ljp27x46iv","x":639,"y":234,"tool":"Pencil"},{"type":"child","parent":"ljp27x46iv","x":638,"y":242,"tool":"Pencil"},{"type":"child","parent":"ljp27x46iv","x":636,"y":250,"tool":"Pencil"},{"type":"child","parent":"ljp27x46iv","x":636,"y":254,"tool":"Pencil"},{"type":"child","parent":"ljp27x46iv","x":635,"y":257,"tool":"Pencil"},{"type":"child","parent":"ljp27x46iv","x":649,"y":257,"tool":"Pencil"},{"type":"child","parent":"ljp27x46iv","x":697,"y":256,"tool":"Pencil"},{"type":"child","parent":"ljp27x46iv","x":724,"y":252,"tool":"Pencil"},{"type":"child","parent":"ljp27x46iv","x":770,"y":242,"tool":"Pencil"},{"type":"child","parent":"ljp27x46iv","x":811,"y":232,"tool":"Pencil"},{"type":"child","parent":"ljp27x46iv","x":838,"y":232,"tool":"Pencil"},{"type":"child","parent":"ljp27x46iv","x":846,"y":234,"tool":"Pencil"},{"type":"child","parent":"ljp27x46iv","x":850,"y":265,"tool":"Pencil"},{"type":"child","parent":"ljp27x46iv","x":857,"y":300,"tool":"Pencil"},{"type":"child","parent":"ljp27x46iv","x":861,"y":327,"tool":"Pencil"},{"type":"child","parent":"ljp27x46iv","x":862,"y":359,"tool":"Pencil"},{"type":"child","parent":"ljp27x46iv","x":864,"y":363,"tool":"Pencil"},{"type":"child","parent":"ljp27x46iv","x":865,"y":363,"tool":"Pencil"},{"type":"child","parent":"ljp27x46iv","x":889,"y":366,"tool":"Pencil"},{"type":"child","parent":"ljp27x46iv","x":941,"y":359,"tool":"Pencil"},{"type":"child","parent":"ljp27x46iv","x":973,"y":359,"tool":"Pencil"},{"type":"child","parent":"ljp27x46iv","x":1014,"y":355,"tool":"Pencil"},{"type":"child","parent":"ljp27x46iv","x":1019,"y":355,"tool":"Pencil"},{"type":"child","parent":"ljp27x46iv","x":1032,"y":354,"tool":"Pencil"},{"type":"child","parent":"ljp27x46iv","x":1033,"y":354,"tool":"Pencil"},{"type":"child","parent":"ljp27x46iv","x":1031,"y":382,"tool":"Pencil"},{"type":"child","parent":"ljp27x46iv","x":1029,"y":409,"tool":"Pencil"},{"type":"child","parent":"ljp27x46iv","x":1027,"y":435,"tool":"Pencil"},{"type":"child","parent":"ljp27x46iv","x":1027,"y":445,"tool":"Pencil"},{"type":"child","parent":"ljp27x46iv","x":1030,"y":466,"tool":"Pencil"},{"type":"child","parent":"ljp27x46iv","x":1032,"y":475,"tool":"Pencil"},{"type":"child","parent":"ljp27x46iv","x":1034,"y":475,"tool":"Pencil"},{"type":"child","parent":"ljp27x46iv","x":1086,"y":475,"tool":"Pencil"},{"type":"child","parent":"ljp27x46iv","x":1169,"y":469,"tool":"Pencil"},{"type":"child","parent":"ljp27x46iv","x":1210,"y":469,"tool":"Pencil"},{"type":"child","parent":"ljp27x46iv","x":1225,"y":466,"tool":"Pencil"},{"type":"child","parent":"ljp27x46iv","x":1228,"y":466,"tool":"Pencil"},{"type":"child","parent":"ljp27x46iv","x":1238,"y":466,"tool":"Pencil"},{"type":"child","parent":"ljp27x46iv","x":1245,"y":466,"tool":"Pencil"}]},"rjp27xhtle":{"type":"rect","id":"rjp27xhtle","color":"#00ffff","size":"36","x":244,"y":17,"x2":1612,"y2":549,"tool":"Rectangle"},"tjp27xv3gd":{"type":"new","id":"tjp27xv3gd","color":"#00ffff","size":66,"x":359,"y":130,"tool":"Text","txt":"zdcdfgsdfsdfsdfsdfsdfsdfsdfsdf"},"tjp27xyb5o":{"type":"new","id":"tjp27xyb5o","color":"#00ffff","size":66,"x":359,"y":229,"tool":"Text","txt":"sdfsdfsdfsdfsdfsdfsdfsdfsd"},"tjp27y075s":{"type":"new","id":"tjp27y075s","color":"#00ffff","size":66,"x":359,"y":328,"tool":"Text","txt":"sdfsdfsdfsdfsdfsd"},"tjp27y1ph5":{"type":"new","id":"tjp27y1ph5","color":"#00ffff","size":66,"x":785,"y":409,"tool":"Text","txt":""},"sjp27y48y6":{"type":"straight","id":"sjp27y48y6","color":"#00ffff","size":"36","x":304,"y":110,"tool":"Straight line","x2":1121,"y2":191},"sjp27y5bvh":{"type":"straight","id":"sjp27y5bvh","color":"#00ffff","size":"36","x":1288,"y":121,"tool":"Straight line","x2":771,"y2":470},"sjp27y6016":{"type":"straight","id":"sjp27y6016","color":"#00ffff","size":"36","x":682,"y":257,"tool":"Straight line","x2":1443,"y2":490},"sjp27y6jbb":{"type":"straight","id":"sjp27y6jbb","color":"#00ffff","size":"36","x":1553,"y":290,"tool":"Straight line","x2":833,"y2":762},"sjp27y9z7u":{"type":"straight","id":"sjp27y9z7u","color":"#7a8485","size":"36","x":482,"y":192,"tool":"Straight line","x2":1402,"y2":204},"sjp27yal63":{"type":"straight","id":"sjp27yal63","color":"#7a8485","size":"36","x":1065,"y":74,"tool":"Straight line","x2":920,"y2":665},"sjp27yb2yz":{"type":"straight","id":"sjp27yb2yz","color":"#7a8485","size":"36","x":561,"y":468,"tool":"Straight line","x2":1313,"y2":470},"sjp27ybscm":{"type":"straight","id":"sjp27ybscm","color":"#7a8485","size":"36","x":768,"y":92,"tool":"Straight line","x2":767,"y2":678},"sjp27ye6xx":{"type":"straight","id":"sjp27ye6xx","color":"#7a8485","size":"36","x":648,"y":99,"tool":"Straight line","x2":580,"y2":84},"sjp27yghmm":{"type":"straight","id":"sjp27yghmm","color":"#7a8485","size":"36","x":630,"y":50,"tool":"Straight line","x2":572,"y2":143}}