{"sjp7uctk6n":{"type":"straight","id":"sjp7uctk6n","color":"#0074d9","size":8,"x":1064,"y":124,"tool":"Straight line","time":1543812926506,"x2":1252,"y2":606},"sjp7ucuqut":{"type":"straight","id":"sjp7ucuqut","color":"#0074d9","size":8,"x":1431,"y":157,"tool":"Straight line","time":1543812928027,"x2":1258,"y2":604},"sjp7ucwipp":{"type":"straight","id":"sjp7ucwipp","color":"#0074d9","size":8,"x":1429,"y":154,"tool":"Straight line","time":1543812930331,"x2":1066,"y2":123},"ljp7ue06dg":{"type":"line","id":"ljp7ue06dg","color":"#0074d9","size":8,"tool":"Pencil","time":1543812981687,"_children":[{"type":"child","parent":"ljp7ue06dg","x":1508,"y":495,"tool":"Pencil"},{"type":"child","parent":"ljp7ue06dg","x":1505,"y":554,"tool":"Pencil"},{"type":"child","parent":"ljp7ue06dg","x":1485,"y":612,"tool":"Pencil"},{"type":"child","parent":"ljp7ue06dg","x":1449,"y":661,"tool":"Pencil"},{"type":"child","parent":"ljp7ue06dg","x":1416,"y":693,"tool":"Pencil"},{"type":"child","parent":"ljp7ue06dg","x":1391,"y":710,"tool":"Pencil"},{"type":"child","parent":"ljp7ue06dg","x":1373,"y":720,"tool":"Pencil"},{"type":"child","parent":"ljp7ue06dg","x":1356,"y":726,"tool":"Pencil"},{"type":"child","parent":"ljp7ue06dg","x":1347,"y":727,"tool":"Pencil"},{"type":"child","parent":"ljp7ue06dg","x":1334,"y":730,"tool":"Pencil"},{"type":"child","parent":"ljp7ue06dg","x":1322,"y":730,"tool":"Pencil"},{"type":"child","parent":"ljp7ue06dg","x":1312,"y":729,"tool":"Pencil"},{"type":"child","parent":"ljp7ue06dg","x":1299,"y":727,"tool":"Pencil"},{"type":"child","parent":"ljp7ue06dg","x":1300,"y":726,"tool":"Pencil"},{"type":"child","parent":"ljp7ue06dg","x":1308,"y":724,"tool":"Pencil"},{"type":"child","parent":"ljp7ue06dg","x":1317,"y":722,"tool":"Pencil"},{"type":"child","parent":"ljp7ue06dg","x":1317,"y":721,"tool":"Pencil"},{"type":"child","parent":"ljp7ue06dg","x":1305,"y":726,"tool":"Pencil"},{"type":"child","parent":"ljp7ue06dg","x":1301,"y":728,"tool":"Pencil"},{"type":"child","parent":"ljp7ue06dg","x":1308,"y":734,"tool":"Pencil"},{"type":"child","parent":"ljp7ue06dg","x":1319,"y":741,"tool":"Pencil"},{"type":"child","parent":"ljp7ue06dg","x":1320,"y":741,"tool":"Pencil"}]},"ljp7ue2lmj":{"type":"line","id":"ljp7ue2lmj","color":"#0074d9","size":8,"tool":"Pencil","time":1543812984867,"_children":[{"type":"child","parent":"ljp7ue2lmj","x":1530,"y":393,"tool":"Pencil"},{"type":"child","parent":"ljp7ue2lmj","x":1491,"y":390,"tool":"Pencil"},{"type":"child","parent":"ljp7ue2lmj","x":1452,"y":398,"tool":"Pencil"},{"type":"child","parent":"ljp7ue2lmj","x":1422,"y":428,"tool":"Pencil"},{"type":"child","parent":"ljp7ue2lmj","x":1413,"y":458,"tool":"Pencil"},{"type":"child","parent":"ljp7ue2lmj","x":1424,"y":477,"tool":"Pencil"},{"type":"child","parent":"ljp7ue2lmj","x":1438,"y":484,"tool":"Pencil"},{"type":"child","parent":"ljp7ue2lmj","x":1473,"y":484,"tool":"Pencil"},{"type":"child","parent":"ljp7ue2lmj","x":1499,"y":481,"tool":"Pencil"},{"type":"child","parent":"ljp7ue2lmj","x":1526,"y":477,"tool":"Pencil"},{"type":"child","parent":"ljp7ue2lmj","x":1544,"y":471,"tool":"Pencil"},{"type":"child","parent":"ljp7ue2lmj","x":1556,"y":455,"tool":"Pencil"},{"type":"child","parent":"ljp7ue2lmj","x":1559,"y":430,"tool":"Pencil"},{"type":"child","parent":"ljp7ue2lmj","x":1552,"y":410,"tool":"Pencil"},{"type":"child","parent":"ljp7ue2lmj","x":1543,"y":400,"tool":"Pencil"},{"type":"child","parent":"ljp7ue2lmj","x":1535,"y":396,"tool":"Pencil"},{"type":"child","parent":"ljp7ue2lmj","x":1532,"y":393,"tool":"Pencil"}]},"ljp7ue44u3":{"type":"line","id":"ljp7ue44u3","color":"#0074d9","size":8,"tool":"Pencil","time":1543812986850,"_children":[{"type":"child","parent":"ljp7ue44u3","x":1575,"y":267,"tool":"Pencil"},{"type":"child","parent":"ljp7ue44u3","x":1580,"y":315,"tool":"Pencil"},{"type":"child","parent":"ljp7ue44u3","x":1607,"y":434,"tool":"Pencil"},{"type":"child","parent":"ljp7ue44u3","x":1622,"y":505,"tool":"Pencil"},{"type":"child","parent":"ljp7ue44u3","x":1625,"y":533,"tool":"Pencil"},{"type":"child","parent":"ljp7ue44u3","x":1622,"y":533,"tool":"Pencil"},{"type":"child","parent":"ljp7ue44u3","x":1560,"y":525,"tool":"Pencil"},{"type":"child","parent":"ljp7ue44u3","x":1517,"y":524,"tool":"Pencil"},{"type":"child","parent":"ljp7ue44u3","x":1476,"y":532,"tool":"Pencil"},{"type":"child","parent":"ljp7ue44u3","x":1441,"y":537,"tool":"Pencil"},{"type":"child","parent":"ljp7ue44u3","x":1423,"y":534,"tool":"Pencil"},{"type":"child","parent":"ljp7ue44u3","x":1409,"y":521,"tool":"Pencil"},{"type":"child","parent":"ljp7ue44u3","x":1392,"y":476,"tool":"Pencil"},{"type":"child","parent":"ljp7ue44u3","x":1385,"y":431,"tool":"Pencil"},{"type":"child","parent":"ljp7ue44u3","x":1382,"y":392,"tool":"Pencil"},{"type":"child","parent":"ljp7ue44u3","x":1381,"y":359,"tool":"Pencil"},{"type":"child","parent":"ljp7ue44u3","x":1382,"y":340,"tool":"Pencil"},{"type":"child","parent":"ljp7ue44u3","x":1385,"y":329,"tool":"Pencil"},{"type":"child","parent":"ljp7ue44u3","x":1407,"y":312,"tool":"Pencil"},{"type":"child","parent":"ljp7ue44u3","x":1455,"y":292,"tool":"Pencil"},{"type":"child","parent":"ljp7ue44u3","x":1482,"y":284,"tool":"Pencil"},{"type":"child","parent":"ljp7ue44u3","x":1505,"y":282,"tool":"Pencil"},{"type":"child","parent":"ljp7ue44u3","x":1518,"y":280,"tool":"Pencil"},{"type":"child","parent":"ljp7ue44u3","x":1537,"y":275,"tool":"Pencil"},{"type":"child","parent":"ljp7ue44u3","x":1550,"y":270,"tool":"Pencil"},{"type":"child","parent":"ljp7ue44u3","x":1558,"y":267,"tool":"Pencil"},{"type":"child","parent":"ljp7ue44u3","x":1568,"y":265,"tool":"Pencil"},{"type":"child","parent":"ljp7ue44u3","x":1575,"y":264,"tool":"Pencil"},{"type":"child","parent":"ljp7ue44u3","x":1575,"y":264,"tool":"Pencil"}]},"rjp7ugbijh":{"type":"rect","id":"rjp7ugbijh","color":"#0074d9","size":8,"x":335,"y":169,"x2":874,"y2":573,"tool":"Rectangle","time":1543813089728},"rjp7ugdsdg":{"type":"rect","id":"rjp7ugdsdg","color":"#0074d9","size":8,"x":389,"y":202,"x2":505,"y2":296,"tool":"Rectangle","time":1543813092658},"rjp7ugei0s":{"type":"rect","id":"rjp7ugei0s","color":"#0074d9","size":8,"x":566,"y":207,"x2":699,"y2":313,"tool":"Rectangle","time":1543813093589},"rjp7ugfin4":{"type":"rect","id":"rjp7ugfin4","color":"#0074d9","size":8,"x":771,"y":210,"x2":833,"y2":280,"tool":"Rectangle","time":1543813094899},"rjp7ugg75f":{"type":"rect","id":"rjp7ugg75f","color":"#0074d9","size":8,"x":841,"y":371,"x2":397,"y2":461,"tool":"Rectangle","time":1543813095756},"rjp7ugh7mx":{"type":"rect","id":"rjp7ugh7mx","color":"#0074d9","size":8,"x":786,"y":517,"x2":436,"y2":550,"tool":"Rectangle","time":1543813097057},"rjp7uhqm6h":{"type":"rect","id":"rjp7uhqm6h","color":"#0074d9","size":8,"x":1519,"y":153,"x2":1519,"y2":152,"tool":"Rectangle","time":1543813155946},"rjp7ui2sq8":{"type":"rect","id":"rjp7ui2sq8","color":"#0074d9","size":8,"x":452,"y":671,"x2":452,"y2":671,"tool":"Rectangle","time":1543813171745},"rjp7uicbmx":{"type":"rect","id":"rjp7uicbmx","color":"#0074d9","size":8,"x":590,"y":735,"x2":590,"y2":735,"tool":"Rectangle","time":1543813184045},"rjp7uihre4":{"type":"rect","id":"rjp7uihre4","color":"#0074d9","size":8,"x":949,"y":670,"x2":949,"y2":671,"tool":"Rectangle","time":1543813191128},"ljp7uiqemz":{"type":"line","id":"ljp7uiqemz","color":"#85144b","size":10,"tool":"Pencil","time":1543813202337,"_children":[{"type":"child","parent":"ljp7uiqemz","x":594,"y":676,"tool":"Pencil"},{"type":"child","parent":"ljp7uiqemz","x":564,"y":704,"tool":"Pencil"},{"type":"child","parent":"ljp7uiqemz","x":561,"y":763,"tool":"Pencil"},{"type":"child","parent":"ljp7uiqemz","x":602,"y":834,"tool":"Pencil"},{"type":"child","parent":"ljp7uiqemz","x":709,"y":910,"tool":"Pencil"},{"type":"child","parent":"ljp7uiqemz","x":833,"y":913,"tool":"Pencil"},{"type":"child","parent":"ljp7uiqemz","x":876,"y":868,"tool":"Pencil"},{"type":"child","parent":"ljp7uiqemz","x":868,"y":794,"tool":"Pencil"},{"type":"child","parent":"ljp7uiqemz","x":823,"y":741,"tool":"Pencil"},{"type":"child","parent":"ljp7uiqemz","x":757,"y":709,"tool":"Pencil"},{"type":"child","parent":"ljp7uiqemz","x":701,"y":694,"tool":"Pencil"},{"type":"child","parent":"ljp7uiqemz","x":671,"y":692,"tool":"Pencil"},{"type":"child","parent":"ljp7uiqemz","x":643,"y":688,"tool":"Pencil"},{"type":"child","parent":"ljp7uiqemz","x":623,"y":682,"tool":"Pencil"},{"type":"child","parent":"ljp7uiqemz","x":610,"y":674,"tool":"Pencil"},{"type":"child","parent":"ljp7uiqemz","x":606,"y":673,"tool":"Pencil"},{"type":"child","parent":"ljp7uiqemz","x":596,"y":673,"tool":"Pencil"}]},"ljp7uiu87o":{"type":"line","id":"ljp7uiu87o","color":"#656434","size":10,"tool":"Pencil","time":1543813207279,"_children":[{"type":"child","parent":"ljp7uiu87o","x":872,"y":768,"tool":"Pencil"},{"type":"child","parent":"ljp7uiu87o","x":893,"y":768,"tool":"Pencil"},{"type":"child","parent":"ljp7uiu87o","x":1081,"y":783,"tool":"Pencil"},{"type":"child","parent":"ljp7uiu87o","x":1228,"y":818,"tool":"Pencil"},{"type":"child","parent":"ljp7uiu87o","x":1347,"y":874,"tool":"Pencil"},{"type":"child","parent":"ljp7uiu87o","x":1428,"y":924,"tool":"Pencil"},{"type":"child","parent":"ljp7uiu87o","x":1452,"y":934,"tool":"Pencil"},{"type":"child","parent":"ljp7uiu87o","x":1429,"y":905,"tool":"Pencil"},{"type":"child","parent":"ljp7uiu87o","x":1406,"y":884,"tool":"Pencil"},{"type":"child","parent":"ljp7uiu87o","x":1406,"y":885,"tool":"Pencil"},{"type":"child","parent":"ljp7uiu87o","x":1440,"y":910,"tool":"Pencil"},{"type":"child","parent":"ljp7uiu87o","x":1449,"y":921,"tool":"Pencil"},{"type":"child","parent":"ljp7uiu87o","x":1444,"y":928,"tool":"Pencil"},{"type":"child","parent":"ljp7uiu87o","x":1409,"y":940,"tool":"Pencil"},{"type":"child","parent":"ljp7uiu87o","x":1395,"y":941,"tool":"Pencil"}]},"ljp7uivqxj":{"type":"line","id":"ljp7uivqxj","color":"#656434","size":10,"tool":"Pencil","time":1543813209248,"_children":[{"type":"child","parent":"ljp7uivqxj","x":918,"y":722,"tool":"Pencil"},{"type":"child","parent":"ljp7uivqxj","x":908,"y":731,"tool":"Pencil"},{"type":"child","parent":"ljp7uivqxj","x":881,"y":750,"tool":"Pencil"},{"type":"child","parent":"ljp7uivqxj","x":861,"y":764,"tool":"Pencil"},{"type":"child","parent":"ljp7uivqxj","x":894,"y":776,"tool":"Pencil"},{"type":"child","parent":"ljp7uivqxj","x":923,"y":802,"tool":"Pencil"},{"type":"child","parent":"ljp7uivqxj","x":923,"y":802,"tool":"Pencil"}]},"ljp7uiyew3":{"type":"line","id":"ljp7uiyew3","color":"#656434","size":10,"tool":"Pencil","time":1543813212689,"_children":[{"type":"child","parent":"ljp7uiyew3","x":1033,"y":785,"tool":"Pencil"},{"type":"child","parent":"ljp7uiyew3","x":1040,"y":769,"tool":"Pencil"},{"type":"child","parent":"ljp7uiyew3","x":1057,"y":732,"tool":"Pencil"},{"type":"child","parent":"ljp7uiyew3","x":1059,"y":731,"tool":"Pencil"},{"type":"child","parent":"ljp7uiyew3","x":1072,"y":770,"tool":"Pencil"},{"type":"child","parent":"ljp7uiyew3","x":1074,"y":776,"tool":"Pencil"},{"type":"child","parent":"ljp7uiyew3","x":1103,"y":711,"tool":"Pencil"},{"type":"child","parent":"ljp7uiyew3","x":1106,"y":700,"tool":"Pencil"}]},"ljp7uiz2w4":{"type":"line","id":"ljp7uiz2w4","color":"#656434","size":10,"tool":"Pencil","time":1543813213518,"_children":[{"type":"child","parent":"ljp7uiz2w4","x":1121,"y":770,"tool":"Pencil"},{"type":"child","parent":"ljp7uiz2w4","x":1124,"y":779,"tool":"Pencil"},{"type":"child","parent":"ljp7uiz2w4","x":1160,"y":754,"tool":"Pencil"},{"type":"child","parent":"ljp7uiz2w4","x":1161,"y":747,"tool":"Pencil"},{"type":"child","parent":"ljp7uiz2w4","x":1146,"y":753,"tool":"Pencil"},{"type":"child","parent":"ljp7uiz2w4","x":1127,"y":772,"tool":"Pencil"},{"type":"child","parent":"ljp7uiz2w4","x":1128,"y":772,"tool":"Pencil"}]},"ljp7uizt9y":{"type":"line","id":"ljp7uizt9y","color":"#656434","size":10,"tool":"Pencil","time":1543813214476,"_children":[{"type":"child","parent":"ljp7uizt9y","x":1173,"y":786,"tool":"Pencil"},{"type":"child","parent":"ljp7uizt9y","x":1187,"y":763,"tool":"Pencil"},{"type":"child","parent":"ljp7uizt9y","x":1195,"y":744,"tool":"Pencil"},{"type":"child","parent":"ljp7uizt9y","x":1180,"y":768,"tool":"Pencil"},{"type":"child","parent":"ljp7uizt9y","x":1177,"y":791,"tool":"Pencil"},{"type":"child","parent":"ljp7uizt9y","x":1178,"y":793,"tool":"Pencil"},{"type":"child","parent":"ljp7uizt9y","x":1216,"y":766,"tool":"Pencil"},{"type":"child","parent":"ljp7uizt9y","x":1213,"y":709,"tool":"Pencil"},{"type":"child","parent":"ljp7uizt9y","x":1205,"y":680,"tool":"Pencil"},{"type":"child","parent":"ljp7uizt9y","x":1207,"y":700,"tool":"Pencil"}]},"ljp7uj0muy":{"type":"line","id":"ljp7uj0muy","color":"#656434","size":10,"tool":"Pencil","time":1543813215537,"_children":[{"type":"child","parent":"ljp7uj0muy","x":1258,"y":780,"tool":"Pencil"},{"type":"child","parent":"ljp7uj0muy","x":1264,"y":783,"tool":"Pencil"},{"type":"child","parent":"ljp7uj0muy","x":1284,"y":777,"tool":"Pencil"},{"type":"child","parent":"ljp7uj0muy","x":1285,"y":774,"tool":"Pencil"},{"type":"child","parent":"ljp7uj0muy","x":1276,"y":783,"tool":"Pencil"},{"type":"child","parent":"ljp7uj0muy","x":1279,"y":796,"tool":"Pencil"},{"type":"child","parent":"ljp7uj0muy","x":1280,"y":798,"tool":"Pencil"},{"type":"child","parent":"ljp7uj0muy","x":1280,"y":798,"tool":"Pencil"}]},"ljp7uj2xbx":{"type":"line","id":"ljp7uj2xbx","color":"#656434","size":10,"tool":"Pencil","time":1543813218559,"_children":[{"type":"child","parent":"ljp7uj2xbx","x":735,"y":738,"tool":"Pencil"},{"type":"child","parent":"ljp7uj2xbx","x":716,"y":740,"tool":"Pencil"},{"type":"child","parent":"ljp7uj2xbx","x":660,"y":745,"tool":"Pencil"},{"type":"child","parent":"ljp7uj2xbx","x":649,"y":748,"tool":"Pencil"},{"type":"child","parent":"ljp7uj2xbx","x":647,"y":778,"tool":"Pencil"},{"type":"child","parent":"ljp7uj2xbx","x":655,"y":817,"tool":"Pencil"},{"type":"child","parent":"ljp7uj2xbx","x":658,"y":822,"tool":"Pencil"},{"type":"child","parent":"ljp7uj2xbx","x":676,"y":833,"tool":"Pencil"},{"type":"child","parent":"ljp7uj2xbx","x":695,"y":833,"tool":"Pencil"},{"type":"child","parent":"ljp7uj2xbx","x":753,"y":825,"tool":"Pencil"},{"type":"child","parent":"ljp7uj2xbx","x":785,"y":826,"tool":"Pencil"},{"type":"child","parent":"ljp7uj2xbx","x":786,"y":825,"tool":"Pencil"},{"type":"child","parent":"ljp7uj2xbx","x":772,"y":799,"tool":"Pencil"},{"type":"child","parent":"ljp7uj2xbx","x":762,"y":779,"tool":"Pencil"},{"type":"child","parent":"ljp7uj2xbx","x":757,"y":770,"tool":"Pencil"},{"type":"child","parent":"ljp7uj2xbx","x":754,"y":759,"tool":"Pencil"},{"type":"child","parent":"ljp7uj2xbx","x":752,"y":749,"tool":"Pencil"},{"type":"child","parent":"ljp7uj2xbx","x":748,"y":742,"tool":"Pencil"},{"type":"child","parent":"ljp7uj2xbx","x":744,"y":741,"tool":"Pencil"},{"type":"child","parent":"ljp7uj2xbx","x":740,"y":739,"tool":"Pencil"},{"type":"child","parent":"ljp7uj2xbx","x":735,"y":737,"tool":"Pencil"},{"type":"child","parent":"ljp7uj2xbx","x":729,"y":735,"tool":"Pencil"}]}}