{"ljp1mu904n":{"type":"line","id":"ljp1mu904n","color":"#1913b0","size":"10","tool":"Pencil","_children":[{"type":"child","parent":"ljp1mu904n","x":664,"y":197,"tool":"Pencil"},{"type":"child","parent":"ljp1mu904n","x":672,"y":213,"tool":"Pencil"}]},"ljp1mv2kqh":{"type":"line","id":"ljp1mv2kqh","color":"#1913b0","size":"10","tool":"Pencil","_children":[{"type":"child","parent":"ljp1mv2kqh","x":1034,"y":484,"tool":"Pencil"},{"type":"child","parent":"ljp1mv2kqh","x":1042,"y":485,"tool":"Pencil"},{"type":"child","parent":"ljp1mv2kqh","x":1095,"y":489,"tool":"Pencil"},{"type":"child","parent":"ljp1mv2kqh","x":1138,"y":487,"tool":"Pencil"},{"type":"child","parent":"ljp1mv2kqh","x":1162,"y":479,"tool":"Pencil"},{"type":"child","parent":"ljp1mv2kqh","x":1179,"y":456,"tool":"Pencil"},{"type":"child","parent":"ljp1mv2kqh","x":1186,"y":431,"tool":"Pencil"},{"type":"child","parent":"ljp1mv2kqh","x":1191,"y":417,"tool":"Pencil"},{"type":"child","parent":"ljp1mv2kqh","x":1196,"y":403,"tool":"Pencil"},{"type":"child","parent":"ljp1mv2kqh","x":1203,"y":394,"tool":"Pencil"},{"type":"child","parent":"ljp1mv2kqh","x":1219,"y":386,"tool":"Pencil"},{"type":"child","parent":"ljp1mv2kqh","x":1240,"y":395,"tool":"Pencil"},{"type":"child","parent":"ljp1mv2kqh","x":1254,"y":420,"tool":"Pencil"},{"type":"child","parent":"ljp1mv2kqh","x":1262,"y":462,"tool":"Pencil"},{"type":"child","parent":"ljp1mv2kqh","x":1221,"y":484,"tool":"Pencil"},{"type":"child","parent":"ljp1mv2kqh","x":1148,"y":519,"tool":"Pencil"},{"type":"child","parent":"ljp1mv2kqh","x":1092,"y":544,"tool":"Pencil"},{"type":"child","parent":"ljp1mv2kqh","x":1035,"y":512,"tool":"Pencil"},{"type":"child","parent":"ljp1mv2kqh","x":1033,"y":512,"tool":"Pencil"},{"type":"child","parent":"ljp1mv2kqh","x":1031,"y":512,"tool":"Pencil"},{"type":"child","parent":"ljp1mv2kqh","x":996,"y":519,"tool":"Pencil"},{"type":"child","parent":"ljp1mv2kqh","x":936,"y":529,"tool":"Pencil"},{"type":"child","parent":"ljp1mv2kqh","x":895,"y":577,"tool":"Pencil"},{"type":"child","parent":"ljp1mv2kqh","x":892,"y":589,"tool":"Pencil"},{"type":"child","parent":"ljp1mv2kqh","x":895,"y":579,"tool":"Pencil"},{"type":"child","parent":"ljp1mv2kqh","x":855,"y":535,"tool":"Pencil"},{"type":"child","parent":"ljp1mv2kqh","x":854,"y":535,"tool":"Pencil"}]},"ljp1mv8ejc":{"type":"line","id":"ljp1mv8ejc","color":"#1913b0","size":"10","tool":"Pencil","_children":[{"type":"child","parent":"ljp1mv8ejc","x":1372,"y":283,"tool":"Pencil"},{"type":"child","parent":"ljp1mv8ejc","x":1400,"y":307,"tool":"Pencil"}]},"ljp1mv8pho":{"type":"line","id":"ljp1mv8pho","color":"#1913b0","size":"10","tool":"Pencil","_children":[{"type":"child","parent":"ljp1mv8pho","x":1440,"y":381,"tool":"Pencil"},{"type":"child","parent":"ljp1mv8pho","x":1444,"y":410,"tool":"Pencil"}]},"tjp1mv9ozk":{"type":"new","id":"tjp1mv9ozk","color":"#1913b0","size":27,"x":625,"y":170,"tool":"Text","txt":""},"ljp1mvc64o":{"type":"line","id":"ljp1mvc64o","color":"#ff0000","size":"10","tool":"Pencil","_children":[{"type":"child","parent":"ljp1mvc64o","x":431,"y":365,"tool":"Pencil"},{"type":"child","parent":"ljp1mvc64o","x":434,"y":381,"tool":"Pencil"},{"type":"child","parent":"ljp1mvc64o","x":497,"y":496,"tool":"Pencil"}]},"ljp1mvch2o":{"type":"line","id":"ljp1mvch2o","color":"#ff0000","size":"10","tool":"Pencil","_children":[{"type":"child","parent":"ljp1mvch2o","x":618,"y":577,"tool":"Pencil"},{"type":"child","parent":"ljp1mvch2o","x":707,"y":631,"tool":"Pencil"},{"type":"child","parent":"ljp1mvch2o","x":763,"y":667,"tool":"Pencil"}]},"ljp1mvctmy":{"type":"line","id":"ljp1mvctmy","color":"#ff0000","size":"10","tool":"Pencil","_children":[{"type":"child","parent":"ljp1mvctmy","x":920,"y":687,"tool":"Pencil"},{"type":"child","parent":"ljp1mvctmy","x":1041,"y":684,"tool":"Pencil"}]},"tjp1mvecao":{"type":"new","id":"tjp1mvecao","color":"#1913b0","size":27,"x":396,"y":48.5,"tool":"Text"},"tjp1mvgih4":{"type":"new","id":"tjp1mvgih4","color":"#1913b0","size":27,"x":381,"y":296.5,"tool":"Text","txt":""}}