{"sk5xp0gef2":{"type":"straight","id":"sk5xp0gef2","color":"#aaaaaa","size":10,"x":505,"y":157,"tool":"Straight line","time":1580204591586,"x2":450,"y2":318},"lk5xp11ipi":{"type":"line","id":"lk5xp11ipi","color":"#aaaaaa","size":10,"tool":"Pencil","time":1580204622054,"_children":[{"type":"child","parent":"lk5xp11ipi","x":5774.7,"y":3269,"tool":"Pencil"},{"type":"child","parent":"lk5xp11ipi","x":5806.9,"y":3397.7,"tool":"Pencil"},{"type":"child","parent":"lk5xp11ipi","x":5733.3,"y":3774.7,"tool":"Pencil"},{"type":"child","parent":"lk5xp11ipi","x":5710.3,"y":3756.3,"tool":"Pencil"},{"type":"child","parent":"lk5xp11ipi","x":5696.6,"y":3213.8,"tool":"Pencil"},{"type":"child","parent":"lk5xp11ipi","x":6147.1,"y":3264.4,"tool":"Pencil"},{"type":"child","parent":"lk5xp11ipi","x":6712.6,"y":3719.5,"tool":"Pencil"},{"type":"child","parent":"lk5xp11ipi","x":6505.7,"y":3793.1,"tool":"Pencil"},{"type":"child","parent":"lk5xp11ipi","x":6680.5,"y":3724.1,"tool":"Pencil"},{"type":"child","parent":"lk5xp11ipi","x":7508,"y":4220.7,"tool":"Pencil"},{"type":"child","parent":"lk5xp11ipi","x":6643.7,"y":4170.1,"tool":"Pencil"},{"type":"child","parent":"lk5xp11ipi","x":6671.3,"y":4096.6,"tool":"Pencil"}]},"lk5xp12zp9":{"type":"line","id":"lk5xp12zp9","color":"#aaaaaa","size":10,"tool":"Pencil","time":1580204622059,"_children":[{"type":"child","parent":"lk5xp12zp9","x":5135.6,"y":4188.5,"tool":"Pencil"},{"type":"child","parent":"lk5xp12zp9","x":5140.2,"y":4188.5,"tool":"Pencil"},{"type":"child","parent":"lk5xp12zp9","x":5236.8,"y":4193.1,"tool":"Pencil"},{"type":"child","parent":"lk5xp12zp9","x":5246,"y":4193.1,"tool":"Pencil"}]},"lk5xp13hgd":{"type":"line","id":"lk5xp13hgd","color":"#aaaaaa","size":10,"tool":"Pencil","time":1580204622083,"_children":[{"type":"child","parent":"lk5xp13hgd","x":5250.6,"y":4156.3,"tool":"Pencil"},{"type":"child","parent":"lk5xp13hgd","x":5255.2,"y":4156.3,"tool":"Pencil"},{"type":"child","parent":"lk5xp13hgd","x":5264.4,"y":4188.5,"tool":"Pencil"}]},"lk5xp14do1":{"type":"line","id":"lk5xp14do1","color":"#aaaaaa","size":10,"tool":"Pencil","time":1580204622854,"_children":[{"type":"child","parent":"lk5xp14do1","x":5337.9,"y":4294.3,"tool":"Pencil"},{"type":"child","parent":"lk5xp14do1","x":5347.1,"y":4294.3,"tool":"Pencil"},{"type":"child","parent":"lk5xp14do1","x":5379.3,"y":4275.9,"tool":"Pencil"},{"type":"child","parent":"lk5xp14do1","x":5383.9,"y":4266.7,"tool":"Pencil"},{"type":"child","parent":"lk5xp14do1","x":5383.9,"y":4262.1,"tool":"Pencil"},{"type":"child","parent":"lk5xp14do1","x":5379.3,"y":4262.1,"tool":"Pencil"},{"type":"child","parent":"lk5xp14do1","x":5379.3,"y":4303.4,"tool":"Pencil"},{"type":"child","parent":"lk5xp14do1","x":5379.3,"y":4303.4,"tool":"Pencil"}]},"lk5xp15syl":{"type":"line","id":"lk5xp15syl","color":"#aaaaaa","size":10,"tool":"Pencil","time":1580204624513,"_children":[{"type":"child","parent":"lk5xp15syl","x":5494.3,"y":4271.3,"tool":"Pencil"},{"type":"child","parent":"lk5xp15syl","x":5503.4,"y":4266.7,"tool":"Pencil"},{"type":"child","parent":"lk5xp15syl","x":5623,"y":4252.9,"tool":"Pencil"}]},"lk5xp16b2y":{"type":"line","id":"lk5xp16b2y","color":"#aaaaaa","size":10,"tool":"Pencil","time":1580204625164,"_children":[{"type":"child","parent":"lk5xp16b2y","x":5590.8,"y":4234.5,"tool":"Pencil"},{"type":"child","parent":"lk5xp16b2y","x":5590.8,"y":4239.1,"tool":"Pencil"},{"type":"child","parent":"lk5xp16b2y","x":5600,"y":4303.4,"tool":"Pencil"}]},"lk5xp16r4m":{"type":"line","id":"lk5xp16r4m","color":"#aaaaaa","size":10,"tool":"Pencil","time":1580204625741,"_children":[{"type":"child","parent":"lk5xp16r4m","x":5586.2,"y":4262.1,"tool":"Pencil"},{"type":"child","parent":"lk5xp16r4m","x":5572.4,"y":4285.1,"tool":"Pencil"},{"type":"child","parent":"lk5xp16r4m","x":5531,"y":4326.4,"tool":"Pencil"}]},"lk5xp1760t":{"type":"line","id":"lk5xp1760t","color":"#aaaaaa","size":10,"tool":"Pencil","time":1580204626277,"_children":[{"type":"child","parent":"lk5xp1760t","x":5613.8,"y":4289.7,"tool":"Pencil"},{"type":"child","parent":"lk5xp1760t","x":5618.4,"y":4289.7,"tool":"Pencil"},{"type":"child","parent":"lk5xp1760t","x":5687.4,"y":4340.2,"tool":"Pencil"}]},"lk5xp17vim":{"type":"line","id":"lk5xp17vim","color":"#aaaaaa","size":10,"tool":"Pencil","time":1580204627194,"_children":[{"type":"child","parent":"lk5xp17vim","x":5563.2,"y":4317.2,"tool":"Pencil"},{"type":"child","parent":"lk5xp17vim","x":5572.4,"y":4280.5,"tool":"Pencil"},{"type":"child","parent":"lk5xp17vim","x":5627.6,"y":4229.9,"tool":"Pencil"},{"type":"child","parent":"lk5xp17vim","x":5678.2,"y":4225.3,"tool":"Pencil"},{"type":"child","parent":"lk5xp17vim","x":5618.4,"y":4372.4,"tool":"Pencil"},{"type":"child","parent":"lk5xp17vim","x":5609.2,"y":4377,"tool":"Pencil"},{"type":"child","parent":"lk5xp17vim","x":5843.7,"y":4441.4,"tool":"Pencil"},{"type":"child","parent":"lk5xp17vim","x":5783.9,"y":4464.4,"tool":"Pencil"},{"type":"child","parent":"lk5xp17vim","x":5783.9,"y":4482.8,"tool":"Pencil"}]}}