{"ljp1o2196h":{"type":"line","id":"ljp1o2196h","color":"#1913b0","size":"10","tool":"Pencil","_children":[{"type":"child","parent":"ljp1o2196h","x":475,"y":278,"tool":"Pencil"},{"type":"child","parent":"ljp1o2196h","x":478,"y":217,"tool":"Pencil"},{"type":"child","parent":"ljp1o2196h","x":526,"y":204,"tool":"Pencil"},{"type":"child","parent":"ljp1o2196h","x":582,"y":315,"tool":"Pencil"},{"type":"child","parent":"ljp1o2196h","x":601,"y":398,"tool":"Pencil"},{"type":"child","parent":"ljp1o2196h","x":631,"y":412,"tool":"Pencil"},{"type":"child","parent":"ljp1o2196h","x":667,"y":394,"tool":"Pencil"},{"type":"child","parent":"ljp1o2196h","x":680,"y":357,"tool":"Pencil"},{"type":"child","parent":"ljp1o2196h","x":680,"y":349,"tool":"Pencil"},{"type":"child","parent":"ljp1o2196h","x":680,"y":329,"tool":"Pencil"},{"type":"child","parent":"ljp1o2196h","x":680,"y":319,"tool":"Pencil"},{"type":"child","parent":"ljp1o2196h","x":680,"y":305,"tool":"Pencil"},{"type":"child","parent":"ljp1o2196h","x":716,"y":238,"tool":"Pencil"},{"type":"child","parent":"ljp1o2196h","x":721,"y":233,"tool":"Pencil"}]},"sjp1o2byp6":{"type":"straight","id":"sjp1o2byp6","color":"#1913b0","size":"4","x":401,"y":168,"tool":"Straight line","x2":746,"y2":98},"sjp1o2cxns":{"type":"straight","id":"sjp1o2cxns","color":"#1913b0","size":"4","x":826,"y":138,"tool":"Straight line","x2":826,"y2":138},"sjp1o2d81y":{"type":"straight","id":"sjp1o2d81y","color":"#1913b0","size":"4","x":837,"y":149,"tool":"Straight line","x2":906,"y2":405},"sjp1o2dqcl":{"type":"straight","id":"sjp1o2dqcl","color":"#1913b0","size":"4","x":991,"y":308,"tool":"Straight line","x2":1200,"y2":478},"sjp1o2eir1":{"type":"straight","id":"sjp1o2eir1","color":"#1913b0","size":"4","x":1200,"y":478,"tool":"Straight line","x2":1259,"y2":355},"sjp1o2f5oo":{"type":"straight","id":"sjp1o2f5oo","color":"#1913b0","size":"4","x":1259,"y":355,"tool":"Straight line","x2":1037,"y2":270},"sjp1o2fpox":{"type":"straight","id":"sjp1o2fpox","color":"#1913b0","size":"4","x":1028,"y":275,"tool":"Straight line","x2":988,"y2":305},"rjp1o2wnon":{"type":"rect","id":"rjp1o2wnon","color":"#1913b0","size":"4","x":391,"y":488,"x2":694,"y2":682,"tool":"Rectangle"}}