{"ljp30bua3l":{"type":"line","id":"ljp30bua3l","color":"#1913b0","size":10,"tool":"Pencil","_children":[{"type":"child","parent":"ljp30bua3l","x":280,"y":127,"tool":"Pencil"},{"type":"child","parent":"ljp30bua3l","x":219,"y":151,"tool":"Pencil"},{"type":"child","parent":"ljp30bua3l","x":252,"y":256,"tool":"Pencil"},{"type":"child","parent":"ljp30bua3l","x":454,"y":323,"tool":"Pencil"},{"type":"child","parent":"ljp30bua3l","x":560,"y":277,"tool":"Pencil"},{"type":"child","parent":"ljp30bua3l","x":534,"y":223,"tool":"Pencil"},{"type":"child","parent":"ljp30bua3l","x":313,"y":208,"tool":"Pencil"},{"type":"child","parent":"ljp30bua3l","x":314,"y":280,"tool":"Pencil"},{"type":"child","parent":"ljp30bua3l","x":432,"y":342,"tool":"Pencil"},{"type":"child","parent":"ljp30bua3l","x":498,"y":301,"tool":"Pencil"},{"type":"child","parent":"ljp30bua3l","x":498,"y":302,"tool":"Pencil"},{"type":"child","parent":"ljp30bua3l","x":550,"y":381,"tool":"Pencil"},{"type":"child","parent":"ljp30bua3l","x":618,"y":479,"tool":"Pencil"},{"type":"child","parent":"ljp30bua3l","x":623,"y":548,"tool":"Pencil"},{"type":"child","parent":"ljp30bua3l","x":600,"y":563,"tool":"Pencil"},{"type":"child","parent":"ljp30bua3l","x":480,"y":561,"tool":"Pencil"},{"type":"child","parent":"ljp30bua3l","x":380,"y":541,"tool":"Pencil"},{"type":"child","parent":"ljp30bua3l","x":366,"y":508,"tool":"Pencil"},{"type":"child","parent":"ljp30bua3l","x":421,"y":445,"tool":"Pencil"},{"type":"child","parent":"ljp30bua3l","x":640,"y":442,"tool":"Pencil"},{"type":"child","parent":"ljp30bua3l","x":753,"y":446,"tool":"Pencil"},{"type":"child","parent":"ljp30bua3l","x":750,"y":444,"tool":"Pencil"},{"type":"child","parent":"ljp30bua3l","x":729,"y":436,"tool":"Pencil"},{"type":"child","parent":"ljp30bua3l","x":716,"y":412,"tool":"Pencil"},{"type":"child","parent":"ljp30bua3l","x":679,"y":310,"tool":"Pencil"},{"type":"child","parent":"ljp30bua3l","x":673,"y":231,"tool":"Pencil"},{"type":"child","parent":"ljp30bua3l","x":667,"y":188,"tool":"Pencil"},{"type":"child","parent":"ljp30bua3l","x":664,"y":181,"tool":"Pencil"},{"type":"child","parent":"ljp30bua3l","x":373,"y":131,"tool":"Pencil"},{"type":"child","parent":"ljp30bua3l","x":226,"y":86,"tool":"Pencil"},{"type":"child","parent":"ljp30bua3l","x":232,"y":83,"tool":"Pencil"},{"type":"child","parent":"ljp30bua3l","x":523,"y":113,"tool":"Pencil"},{"type":"child","parent":"ljp30bua3l","x":573,"y":128,"tool":"Pencil"},{"type":"child","parent":"ljp30bua3l","x":510,"y":164,"tool":"Pencil"},{"type":"child","parent":"ljp30bua3l","x":474,"y":185,"tool":"Pencil"}]},"tjp30bz30g":{"type":"new","id":"tjp30bz30g","color":"#1913b0","size":27,"x":932,"y":194,"tool":"Text","txt":"klklklk"},"rjp30c3txd":{"type":"rect","id":"rjp30c3txd","color":"#1913b0","size":10,"x":807,"y":437,"x2":1248,"y2":730,"tool":"Rectangle"},"sjp30c6niy":{"type":"straight","id":"sjp30c6niy","color":"#1913b0","size":10,"x":1294,"y":239,"tool":"Straight line","x2":1069,"y2":429},"sjp30c7n9m":{"type":"straight","id":"sjp30c7n9m","color":"#1913b0","size":10,"x":991,"y":371,"tool":"Straight line","x2":1611,"y2":524},"sjp30c871z":{"type":"straight","id":"sjp30c871z","color":"#1913b0","size":10,"x":1365,"y":290,"tool":"Straight line","x2":1267,"y2":111},"sjp30c8lqc":{"type":"straight","id":"sjp30c8lqc","color":"#1913b0","size":10,"x":1239,"y":123,"tool":"Straight line","x2":1157,"y2":306},"sjp30c9mm4":{"type":"straight","id":"sjp30c9mm4","color":"#1913b0","size":10,"x":1033,"y":113,"tool":"Straight line","x2":807,"y2":30},"rjp30cp6c2":{"type":"rect","id":"rjp30cp6c2","color":"#1913b0","size":10,"x":689,"y":837,"x2":949,"y2":915,"tool":"Rectangle"},"rjp30cu3hf":{"type":"rect","id":"rjp30cu3hf","color":"#ff8000","size":10,"x":578,"y":704,"x2":830,"y2":834,"tool":"Rectangle"},"rjp30cvzxx":{"type":"rect","id":"rjp30cvzxx","color":"#ff8000","size":50,"x":651,"y":662,"x2":764,"y2":740,"tool":"Rectangle"},"rjp30cwges":{"type":"rect","id":"rjp30cwges","color":"#ff8000","size":50,"x":778,"y":758,"x2":846,"y2":852,"tool":"Rectangle"},"rjp30cxjyd":{"type":"rect","id":"rjp30cxjyd","color":"#ff8000","size":50,"x":618,"y":526,"x2":657,"y2":376,"tool":"Rectangle"},"rjp30cy7oo":{"type":"rect","id":"rjp30cy7oo","color":"#ff8000","size":50,"x":719,"y":309,"x2":719,"y2":309,"tool":"Rectangle"},"rjp30d8b39":{"type":"rect","id":"rjp30d8b39","color":"#ff8000","size":50,"x":746,"y":615,"x2":746,"y2":615,"tool":"Rectangle"}}