{"ljxe20yba1":{"type":"line","id":"ljxe20yba1","color":"#ff4136","size":10,"tool":"Pencil","time":1561602863474,"_children":[{"type":"child","parent":"ljxe20yba1","x":2910,"y":1120,"tool":"Pencil"},{"type":"child","parent":"ljxe20yba1","x":2950,"y":1170,"tool":"Pencil"},{"type":"child","parent":"ljxe20yba1","x":3940,"y":2380,"tool":"Pencil"},{"type":"child","parent":"ljxe20yba1","x":4440,"y":3390,"tool":"Pencil"},{"type":"child","parent":"ljxe20yba1","x":4490,"y":3400,"tool":"Pencil"},{"type":"child","parent":"ljxe20yba1","x":5480,"y":2210,"tool":"Pencil"},{"type":"child","parent":"ljxe20yba1","x":6190,"y":1580,"tool":"Pencil"},{"type":"child","parent":"ljxe20yba1","x":6220,"y":1570,"tool":"Pencil"},{"type":"child","parent":"ljxe20yba1","x":6460,"y":4020,"tool":"Pencil"},{"type":"child","parent":"ljxe20yba1","x":6120,"y":4990,"tool":"Pencil"}]},"ljxe20z2mz":{"type":"line","id":"ljxe20z2mz","color":"#ff4136","size":10,"tool":"Pencil","time":1561602864458,"_children":[{"type":"child","parent":"ljxe20z2mz","x":3380,"y":4040,"tool":"Pencil"},{"type":"child","parent":"ljxe20z2mz","x":3910,"y":4100,"tool":"Pencil"},{"type":"child","parent":"ljxe20z2mz","x":6060,"y":4130,"tool":"Pencil"},{"type":"child","parent":"ljxe20z2mz","x":8040,"y":3770,"tool":"Pencil"},{"type":"child","parent":"ljxe20z2mz","x":8190,"y":3690,"tool":"Pencil"}]},"ljxe20zj0f":{"type":"line","id":"ljxe20zj0f","color":"#ff4136","size":10,"tool":"Pencil","time":1561602865047,"_children":[{"type":"child","parent":"ljxe20zj0f","x":4300,"y":2080,"tool":"Pencil"},{"type":"child","parent":"ljxe20zj0f","x":4550,"y":2830,"tool":"Pencil"},{"type":"child","parent":"ljxe20zj0f","x":4820,"y":4690,"tool":"Pencil"},{"type":"child","parent":"ljxe20zj0f","x":4780,"y":4950,"tool":"Pencil"},{"type":"child","parent":"ljxe20zj0f","x":4310,"y":4690,"tool":"Pencil"},{"type":"child","parent":"ljxe20zj0f","x":3170,"y":2730,"tool":"Pencil"},{"type":"child","parent":"ljxe20zj0f","x":4440,"y":1660,"tool":"Pencil"},{"type":"child","parent":"ljxe20zj0f","x":5060,"y":2930,"tool":"Pencil"},{"type":"child","parent":"ljxe20zj0f","x":4130,"y":4440,"tool":"Pencil"},{"type":"child","parent":"ljxe20zj0f","x":2090,"y":3790,"tool":"Pencil"},{"type":"child","parent":"ljxe20zj0f","x":2160,"y":2180,"tool":"Pencil"},{"type":"child","parent":"ljxe20zj0f","x":4840,"y":1840,"tool":"Pencil"},{"type":"child","parent":"ljxe20zj0f","x":6070,"y":3590,"tool":"Pencil"},{"type":"child","parent":"ljxe20zj0f","x":3640,"y":4650,"tool":"Pencil"},{"type":"child","parent":"ljxe20zj0f","x":1170,"y":3710,"tool":"Pencil"},{"type":"child","parent":"ljxe20zj0f","x":2350,"y":1490,"tool":"Pencil"},{"type":"child","parent":"ljxe20zj0f","x":6830,"y":2040,"tool":"Pencil"},{"type":"child","parent":"ljxe20zj0f","x":6960,"y":4100,"tool":"Pencil"},{"type":"child","parent":"ljxe20zj0f","x":5090,"y":4570,"tool":"Pencil"},{"type":"child","parent":"ljxe20zj0f","x":4130,"y":3800,"tool":"Pencil"},{"type":"child","parent":"ljxe20zj0f","x":6470,"y":1900,"tool":"Pencil"},{"type":"child","parent":"ljxe20zj0f","x":7780,"y":3330,"tool":"Pencil"},{"type":"child","parent":"ljxe20zj0f","x":6180,"y":6300,"tool":"Pencil"},{"type":"child","parent":"ljxe20zj0f","x":2480,"y":6480,"tool":"Pencil"},{"type":"child","parent":"ljxe20zj0f","x":1990,"y":3600,"tool":"Pencil"},{"type":"child","parent":"ljxe20zj0f","x":6570,"y":1980,"tool":"Pencil"},{"type":"child","parent":"ljxe20zj0f","x":8300,"y":4750,"tool":"Pencil"},{"type":"child","parent":"ljxe20zj0f","x":5070,"y":6440,"tool":"Pencil"},{"type":"child","parent":"ljxe20zj0f","x":3150,"y":3940,"tool":"Pencil"},{"type":"child","parent":"ljxe20zj0f","x":6370,"y":1310,"tool":"Pencil"},{"type":"child","parent":"ljxe20zj0f","x":7280,"y":3730,"tool":"Pencil"},{"type":"child","parent":"ljxe20zj0f","x":3790,"y":6200,"tool":"Pencil"},{"type":"child","parent":"ljxe20zj0f","x":1250,"y":5190,"tool":"Pencil"},{"type":"child","parent":"ljxe20zj0f","x":3900,"y":2170,"tool":"Pencil"},{"type":"child","parent":"ljxe20zj0f","x":5770,"y":2970,"tool":"Pencil"},{"type":"child","parent":"ljxe20zj0f","x":5280,"y":7230,"tool":"Pencil"},{"type":"child","parent":"ljxe20zj0f","x":5060,"y":7220,"tool":"Pencil"},{"type":"child","parent":"ljxe20zj0f","x":5450,"y":4210,"tool":"Pencil"},{"type":"child","parent":"ljxe20zj0f","x":5580,"y":3980,"tool":"Pencil"}]},"ljxe2129at":{"type":"line","id":"ljxe2129at","color":"#ff4136","size":10,"tool":"Pencil","time":1561602868586,"_children":[{"type":"child","parent":"ljxe2129at","x":7010,"y":2470,"tool":"Pencil"},{"type":"child","parent":"ljxe2129at","x":7420,"y":2190,"tool":"Pencil"},{"type":"child","parent":"ljxe2129at","x":7850,"y":1680,"tool":"Pencil"},{"type":"child","parent":"ljxe2129at","x":7890,"y":1610,"tool":"Pencil"}]},"ljxe212nak":{"type":"line","id":"ljxe212nak","color":"#ff4136","size":10,"tool":"Pencil","time":1561602869089,"_children":[{"type":"child","parent":"ljxe212nak","x":4780,"y":1340,"tool":"Pencil"},{"type":"child","parent":"ljxe212nak","x":4790,"y":1370,"tool":"Pencil"},{"type":"child","parent":"ljxe212nak","x":6630,"y":3180,"tool":"Pencil"},{"type":"child","parent":"ljxe212nak","x":8140,"y":4340,"tool":"Pencil"}]},"ljxe2135mb":{"type":"line","id":"ljxe2135mb","color":"#ff4136","size":10,"tool":"Pencil","time":1561602869750,"_children":[{"type":"child","parent":"ljxe2135mb","x":5550,"y":1780,"tool":"Pencil"},{"type":"child","parent":"ljxe2135mb","x":5900,"y":1630,"tool":"Pencil"},{"type":"child","parent":"ljxe2135mb","x":7610,"y":1000,"tool":"Pencil"},{"type":"child","parent":"ljxe2135mb","x":8040,"y":930,"tool":"Pencil"}]},"ljxe2a0knb":{"type":"line","id":"ljxe2a0knb","color":"#ff4136","size":10,"tool":"Pencil","time":1561603286306,"_children":[{"type":"child","parent":"ljxe2a0knb","x":3520,"y":2110,"tool":"Pencil"},{"type":"child","parent":"ljxe2a0knb","x":3520,"y":2110,"tool":"Pencil"}]},"ljxe2a0vif":{"type":"line","id":"ljxe2a0vif","color":"#ff4136","size":10,"tool":"Pencil","time":1561603286696,"_children":[{"type":"child","parent":"ljxe2a0vif","x":4300,"y":1330,"tool":"Pencil"},{"type":"child","parent":"ljxe2a0vif","x":4300,"y":1350,"tool":"Pencil"},{"type":"child","parent":"ljxe2a0vif","x":4670,"y":3410,"tool":"Pencil"},{"type":"child","parent":"ljxe2a0vif","x":4770,"y":4380,"tool":"Pencil"},{"type":"child","parent":"ljxe2a0vif","x":4800,"y":4480,"tool":"Pencil"}]},"ljxe2a1fev":{"type":"line","id":"ljxe2a1fev","color":"#ff4136","size":10,"tool":"Pencil","time":1561603287411,"_children":[{"type":"child","parent":"ljxe2a1fev","x":2150,"y":2830,"tool":"Pencil"},{"type":"child","parent":"ljxe2a1fev","x":4580,"y":2660,"tool":"Pencil"},{"type":"child","parent":"ljxe2a1fev","x":6500,"y":2980,"tool":"Pencil"},{"type":"child","parent":"ljxe2a1fev","x":7050,"y":3030,"tool":"Pencil"},{"type":"child","parent":"ljxe2a1fev","x":7000,"y":3110,"tool":"Pencil"},{"type":"child","parent":"ljxe2a1fev","x":4640,"y":3900,"tool":"Pencil"},{"type":"child","parent":"ljxe2a1fev","x":2550,"y":4160,"tool":"Pencil"},{"type":"child","parent":"ljxe2a1fev","x":2510,"y":4180,"tool":"Pencil"},{"type":"child","parent":"ljxe2a1fev","x":3740,"y":3590,"tool":"Pencil"},{"type":"child","parent":"ljxe2a1fev","x":4230,"y":3020,"tool":"Pencil"},{"type":"child","parent":"ljxe2a1fev","x":3530,"y":1510,"tool":"Pencil"},{"type":"child","parent":"ljxe2a1fev","x":3290,"y":1010,"tool":"Pencil"},{"type":"child","parent":"ljxe2a1fev","x":3280,"y":1010,"tool":"Pencil"},{"type":"child","parent":"ljxe2a1fev","x":5450,"y":2920,"tool":"Pencil"},{"type":"child","parent":"ljxe2a1fev","x":6340,"y":3440,"tool":"Pencil"},{"type":"child","parent":"ljxe2a1fev","x":6170,"y":2480,"tool":"Pencil"},{"type":"child","parent":"ljxe2a1fev","x":6420,"y":0,"tool":"Pencil"},{"type":"child","parent":"ljxe2a1fev","x":6770,"y":0,"tool":"Pencil"},{"type":"child","parent":"ljxe2a1fev","x":7910,"y":2530,"tool":"Pencil"},{"type":"child","parent":"ljxe2a1fev","x":6560,"y":4280,"tool":"Pencil"},{"type":"child","parent":"ljxe2a1fev","x":3420,"y":1860,"tool":"Pencil"},{"type":"child","parent":"ljxe2a1fev","x":3780,"y":920,"tool":"Pencil"},{"type":"child","parent":"ljxe2a1fev","x":4580,"y":2340,"tool":"Pencil"},{"type":"child","parent":"ljxe2a1fev","x":0,"y":3610,"tool":"Pencil"},{"type":"child","parent":"ljxe2a1fev","x":0,"y":2930,"tool":"Pencil"},{"type":"child","parent":"ljxe2a1fev","x":2620,"y":2250,"tool":"Pencil"},{"type":"child","parent":"ljxe2a1fev","x":3440,"y":2620,"tool":"Pencil"},{"type":"child","parent":"ljxe2a1fev","x":0,"y":2770,"tool":"Pencil"},{"type":"child","parent":"ljxe2a1fev","x":1340,"y":1400,"tool":"Pencil"},{"type":"child","parent":"ljxe2a1fev","x":3760,"y":960,"tool":"Pencil"},{"type":"child","parent":"ljxe2a1fev","x":300,"y":2240,"tool":"Pencil"},{"type":"child","parent":"ljxe2a1fev","x":0,"y":2280,"tool":"Pencil"},{"type":"child","parent":"ljxe2a1fev","x":1860,"y":50,"tool":"Pencil"},{"type":"child","parent":"ljxe2a1fev","x":3650,"y":190,"tool":"Pencil"},{"type":"child","parent":"ljxe2a1fev","x":930,"y":670,"tool":"Pencil"},{"type":"child","parent":"ljxe2a1fev","x":610,"y":580,"tool":"Pencil"},{"type":"child","parent":"ljxe2a1fev","x":3030,"y":0,"tool":"Pencil"},{"type":"child","parent":"ljxe2a1fev","x":3060,"y":0,"tool":"Pencil"},{"type":"child","parent":"ljxe2a1fev","x":420,"y":640,"tool":"Pencil"},{"type":"child","parent":"ljxe2a1fev","x":4840,"y":680,"tool":"Pencil"},{"type":"child","parent":"ljxe2a1fev","x":5210,"y":790,"tool":"Pencil"},{"type":"child","parent":"ljxe2a1fev","x":30,"y":1830,"tool":"Pencil"},{"type":"child","parent":"ljxe2a1fev","x":1140,"y":1650,"tool":"Pencil"},{"type":"child","parent":"ljxe2a1fev","x":5910,"y":1610,"tool":"Pencil"},{"type":"child","parent":"ljxe2a1fev","x":5880,"y":1670,"tool":"Pencil"},{"type":"child","parent":"ljxe2a1fev","x":2570,"y":1850,"tool":"Pencil"},{"type":"child","parent":"ljxe2a1fev","x":3590,"y":1840,"tool":"Pencil"},{"type":"child","parent":"ljxe2a1fev","x":8080,"y":2220,"tool":"Pencil"},{"type":"child","parent":"ljxe2a1fev","x":8060,"y":2470,"tool":"Pencil"},{"type":"child","parent":"ljxe2a1fev","x":4330,"y":2740,"tool":"Pencil"},{"type":"child","parent":"ljxe2a1fev","x":4150,"y":2720,"tool":"Pencil"},{"type":"child","parent":"ljxe2a1fev","x":7070,"y":3290,"tool":"Pencil"},{"type":"child","parent":"ljxe2a1fev","x":7530,"y":3570,"tool":"Pencil"},{"type":"child","parent":"ljxe2a1fev","x":5030,"y":3410,"tool":"Pencil"},{"type":"child","parent":"ljxe2a1fev","x":4070,"y":3090,"tool":"Pencil"},{"type":"child","parent":"ljxe2a1fev","x":4780,"y":2820,"tool":"Pencil"},{"type":"child","parent":"ljxe2a1fev","x":6730,"y":3090,"tool":"Pencil"},{"type":"child","parent":"ljxe2a1fev","x":6680,"y":3340,"tool":"Pencil"},{"type":"child","parent":"ljxe2a1fev","x":3310,"y":3350,"tool":"Pencil"},{"type":"child","parent":"ljxe2a1fev","x":2500,"y":3050,"tool":"Pencil"},{"type":"child","parent":"ljxe2a1fev","x":2830,"y":2440,"tool":"Pencil"},{"type":"child","parent":"ljxe2a1fev","x":4110,"y":2130,"tool":"Pencil"},{"type":"child","parent":"ljxe2a1fev","x":4590,"y":2240,"tool":"Pencil"},{"type":"child","parent":"ljxe2a1fev","x":4610,"y":2280,"tool":"Pencil"},{"type":"child","parent":"ljxe2a1fev","x":4610,"y":2290,"tool":"Pencil"},{"type":"child","parent":"ljxe2a1fev","x":4590,"y":3620,"tool":"Pencil"},{"type":"child","parent":"ljxe2a1fev","x":4590,"y":4550,"tool":"Pencil"},{"type":"child","parent":"ljxe2a1fev","x":4540,"y":4800,"tool":"Pencil"},{"type":"child","parent":"ljxe2a1fev","x":4520,"y":4800,"tool":"Pencil"},{"type":"child","parent":"ljxe2a1fev","x":4640,"y":4810,"tool":"Pencil"},{"type":"child","parent":"ljxe2a1fev","x":6740,"y":5150,"tool":"Pencil"},{"type":"child","parent":"ljxe2a1fev","x":6420,"y":5420,"tool":"Pencil"},{"type":"child","parent":"ljxe2a1fev","x":2290,"y":5690,"tool":"Pencil"},{"type":"child","parent":"ljxe2a1fev","x":2020,"y":5760,"tool":"Pencil"},{"type":"child","parent":"ljxe2a1fev","x":4900,"y":5690,"tool":"Pencil"},{"type":"child","parent":"ljxe2a1fev","x":5110,"y":5710,"tool":"Pencil"},{"type":"child","parent":"ljxe2a1fev","x":3060,"y":5780,"tool":"Pencil"},{"type":"child","parent":"ljxe2a1fev","x":2670,"y":5790,"tool":"Pencil"},{"type":"child","parent":"ljxe2a1fev","x":7290,"y":5660,"tool":"Pencil"},{"type":"child","parent":"ljxe2a1fev","x":7560,"y":5510,"tool":"Pencil"},{"type":"child","parent":"ljxe2a1fev","x":1660,"y":5910,"tool":"Pencil"},{"type":"child","parent":"ljxe2a1fev","x":1900,"y":5760,"tool":"Pencil"},{"type":"child","parent":"ljxe2a1fev","x":3690,"y":4720,"tool":"Pencil"},{"type":"child","parent":"ljxe2a1fev","x":3610,"y":4690,"tool":"Pencil"},{"type":"child","parent":"ljxe2a1fev","x":410,"y":5460,"tool":"Pencil"},{"type":"child","parent":"ljxe2a1fev","x":1460,"y":5260,"tool":"Pencil"},{"type":"child","parent":"ljxe2a1fev","x":6110,"y":4460,"tool":"Pencil"},{"type":"child","parent":"ljxe2a1fev","x":5780,"y":4600,"tool":"Pencil"},{"type":"child","parent":"ljxe2a1fev","x":0,"y":5570,"tool":"Pencil"},{"type":"child","parent":"ljxe2a1fev","x":700,"y":5410,"tool":"Pencil"},{"type":"child","parent":"ljxe2a1fev","x":5120,"y":4770,"tool":"Pencil"},{"type":"child","parent":"ljxe2a1fev","x":5240,"y":4760,"tool":"Pencil"},{"type":"child","parent":"ljxe2a1fev","x":470,"y":6190,"tool":"Pencil"},{"type":"child","parent":"ljxe2a1fev","x":220,"y":6700,"tool":"Pencil"},{"type":"child","parent":"ljxe2a1fev","x":7390,"y":5810,"tool":"Pencil"},{"type":"child","parent":"ljxe2a1fev","x":7920,"y":5760,"tool":"Pencil"},{"type":"child","parent":"ljxe2a1fev","x":1420,"y":6250,"tool":"Pencil"},{"type":"child","parent":"ljxe2a1fev","x":1100,"y":6310,"tool":"Pencil"},{"type":"child","parent":"ljxe2a1fev","x":6610,"y":4700,"tool":"Pencil"},{"type":"child","parent":"ljxe2a1fev","x":6980,"y":4490,"tool":"Pencil"},{"type":"child","parent":"ljxe2a1fev","x":0,"y":5470,"tool":"Pencil"},{"type":"child","parent":"ljxe2a1fev","x":850,"y":5440,"tool":"Pencil"},{"type":"child","parent":"ljxe2a1fev","x":6500,"y":4940,"tool":"Pencil"},{"type":"child","parent":"ljxe2a1fev","x":4600,"y":5460,"tool":"Pencil"},{"type":"child","parent":"ljxe2a1fev","x":0,"y":5840,"tool":"Pencil"},{"type":"child","parent":"ljxe2a1fev","x":4940,"y":5500,"tool":"Pencil"},{"type":"child","parent":"ljxe2a1fev","x":8050,"y":5440,"tool":"Pencil"},{"type":"child","parent":"ljxe2a1fev","x":0,"y":6250,"tool":"Pencil"},{"type":"child","parent":"ljxe2a1fev","x":540,"y":1880,"tool":"Pencil"},{"type":"child","parent":"ljxe2a1fev","x":10990,"y":0,"tool":"Pencil"},{"type":"child","parent":"ljxe2a1fev","x":6100,"y":4800,"tool":"Pencil"},{"type":"child","parent":"ljxe2a1fev","x":0,"y":4970,"tool":"Pencil"},{"type":"child","parent":"ljxe2a1fev","x":10480,"y":540,"tool":"Pencil"},{"type":"child","parent":"ljxe2a1fev","x":780,"y":5660,"tool":"Pencil"},{"type":"child","parent":"ljxe2a1fev","x":0,"y":5610,"tool":"Pencil"},{"type":"child","parent":"ljxe2a1fev","x":10050,"y":3520,"tool":"Pencil"},{"type":"child","parent":"ljxe2a1fev","x":0,"y":6910,"tool":"Pencil"},{"type":"child","parent":"ljxe2a1fev","x":7830,"y":1400,"tool":"Pencil"},{"type":"child","parent":"ljxe2a1fev","x":0,"y":4220,"tool":"Pencil"},{"type":"child","parent":"ljxe2a1fev","x":11430,"y":8250,"tool":"Pencil"},{"type":"child","parent":"ljxe2a1fev","x":14740,"y":6440,"tool":"Pencil"},{"type":"child","parent":"ljxe2a1fev","x":0,"y":7450,"tool":"Pencil"},{"type":"child","parent":"ljxe2a1fev","x":8510,"y":8180,"tool":"Pencil"},{"type":"child","parent":"ljxe2a1fev","x":3740,"y":9090,"tool":"Pencil"},{"type":"child","parent":"ljxe2a1fev","x":2870,"y":2780,"tool":"Pencil"},{"type":"child","parent":"ljxe2a1fev","x":15250,"y":810,"tool":"Pencil"},{"type":"child","parent":"ljxe2a1fev","x":2030,"y":7300,"tool":"Pencil"},{"type":"child","parent":"ljxe2a1fev","x":0,"y":760,"tool":"Pencil"}]},"ljxe2ay3eg":{"type":"line","id":"ljxe2ay3eg","color":"#ff4136","size":10,"tool":"Pencil","time":1561603329747,"_children":[{"type":"child","parent":"ljxe2ay3eg","x":3060,"y":4060,"tool":"Pencil"}]},"ljxe2h6ek7":{"type":"line","id":"ljxe2h6ek7","color":"#ff4136","size":10,"tool":"Pencil","time":1561603620452,"_children":[{"type":"child","parent":"ljxe2h6ek7","x":3130,"y":3940,"tool":"Pencil"}]}}