{"tjpo2bh4uz":{"type":"new","id":"tjpo2bh4uz","color":"#2ecc40","size":27,"x":465,"y":168,"tool":"Text","time":1544793759255,"txt":"Quelques outils sont dispo pour partager des infos"},"ljpo2btkmt":{"type":"line","id":"ljpo2btkmt","color":"#FF851B","size":10,"tool":"Pencil","time":1544793775431,"_children":[{"type":"child","parent":"ljpo2btkmt","x":308,"y":85,"tool":"Pencil"},{"type":"child","parent":"ljpo2btkmt","x":301,"y":83,"tool":"Pencil"}]},"ljpo2bubuc":{"type":"line","id":"ljpo2bubuc","color":"#FF851B","size":10,"tool":"Pencil","time":1544793776410,"_children":[{"type":"child","parent":"ljpo2bubuc","x":283,"y":122,"tool":"Pencil"},{"type":"child","parent":"ljpo2bubuc","x":283,"y":122,"tool":"Pencil"}]},"ljpo2bv1wm":{"type":"line","id":"ljpo2bv1wm","color":"#FF851B","size":10,"tool":"Pencil","time":1544793777348,"_children":[{"type":"child","parent":"ljpo2bv1wm","x":443,"y":231,"tool":"Pencil"},{"type":"child","parent":"ljpo2bv1wm","x":445,"y":231,"tool":"Pencil"}]},"ljpo2bw0pf":{"type":"line","id":"ljpo2bw0pf","color":"#FF851B","size":10,"tool":"Pencil","time":1544793778600,"_children":[{"type":"child","parent":"ljpo2bw0pf","x":615,"y":231,"tool":"Pencil"},{"type":"child","parent":"ljpo2bw0pf","x":615,"y":231,"tool":"Pencil"}]},"ljpo2bw91q":{"type":"line","id":"ljpo2bw91q","color":"#FF851B","size":10,"tool":"Pencil","time":1544793778901,"_children":[{"type":"child","parent":"ljpo2bw91q","x":567,"y":274,"tool":"Pencil"},{"type":"child","parent":"ljpo2bw91q","x":567,"y":274,"tool":"Pencil"}]},"ljpo2bwi3m":{"type":"line","id":"ljpo2bwi3m","color":"#FF851B","size":10,"tool":"Pencil","time":1544793779228,"_children":[{"type":"child","parent":"ljpo2bwi3m","x":588,"y":305,"tool":"Pencil"},{"type":"child","parent":"ljpo2bwi3m","x":588,"y":305,"tool":"Pencil"}]},"ljpo2bwrvo":{"type":"line","id":"ljpo2bwrvo","color":"#FF851B","size":10,"tool":"Pencil","time":1544793779579,"_children":[{"type":"child","parent":"ljpo2bwrvo","x":576,"y":258,"tool":"Pencil"},{"type":"child","parent":"ljpo2bwrvo","x":576,"y":258,"tool":"Pencil"}]},"ljpo2bx2oh":{"type":"line","id":"ljpo2bx2oh","color":"#FF851B","size":10,"tool":"Pencil","time":1544793779968,"_children":[{"type":"child","parent":"ljpo2bx2oh","x":506,"y":228,"tool":"Pencil"},{"type":"child","parent":"ljpo2bx2oh","x":506,"y":228,"tool":"Pencil"}]},"ljpo2bxdw0":{"type":"line","id":"ljpo2bxdw0","color":"#FF851B","size":10,"tool":"Pencil","time":1544793780372,"_children":[{"type":"child","parent":"ljpo2bxdw0","x":763,"y":222,"tool":"Pencil"},{"type":"child","parent":"ljpo2bxdw0","x":763,"y":222,"tool":"Pencil"}]},"ljpo2bxun5":{"type":"line","id":"ljpo2bxun5","color":"#FF851B","size":10,"tool":"Pencil","time":1544793780975,"_children":[{"type":"child","parent":"ljpo2bxun5","x":718,"y":131,"tool":"Pencil"},{"type":"child","parent":"ljpo2bxun5","x":718,"y":131,"tool":"Pencil"}]},"ljpo2c16e7":{"type":"line","id":"ljpo2c16e7","color":"#FF851B","size":10,"tool":"Rectangle","time":1544793785287,"_children":[{"type":"child","parent":"ljpo2c16e7","x":484,"y":315,"tool":"Rectangle"},{"type":"child","parent":"ljpo2c16e7","x":511,"y":317,"tool":"Rectangle"},{"type":"child","parent":"ljpo2c16e7","x":718,"y":361,"tool":"Rectangle"}]},"rjpo2c16fl":{"type":"rect","id":"rjpo2c16fl","color":"#FF851B","size":10,"x":484,"y":315,"x2":758,"y2":368,"tool":"Rectangle","time":1544793785369},"ljpo2c3kk8":{"type":"line","id":"ljpo2c3kk8","color":"#FF851B","size":10,"tool":"Text","time":1544793788389,"_children":[{"type":"child","parent":"ljpo2c3kk8","x":495,"y":99,"tool":"Text"},{"type":"child","parent":"ljpo2c3kk8","x":504,"y":99,"tool":"Text"}]},"rjpo2c3klt":{"type":"rect","id":"rjpo2c3klt","color":"#FF851B","size":10,"x":495,"y":99,"x2":504,"y2":99,"tool":"Text","time":1544793788471},"tjpo2c3kl6":{"type":"new","id":"tjpo2c3kl6","color":"#FF851B","size":27,"x":495,"y":112,"tool":"Text","time":1544793788471,"txt":"Hello  C mieux en orange"},"tjpo2c43qz":{"type":"new","id":"tjpo2c43qz","color":"#4038c2","size":27,"x":1119,"y":199,"tool":"Text","time":1544793789025,"txt":""},"ljpo2cafy6":{"type":"line","id":"ljpo2cafy6","color":"#4038c2","size":10,"tool":"Pencil","time":1544793797240,"_children":[{"type":"child","parent":"ljpo2cafy6","x":731,"y":493,"tool":"Pencil"},{"type":"child","parent":"ljpo2cafy6","x":693,"y":495,"tool":"Pencil"},{"type":"child","parent":"ljpo2cafy6","x":632,"y":514,"tool":"Pencil"},{"type":"child","parent":"ljpo2cafy6","x":623,"y":550,"tool":"Pencil"},{"type":"child","parent":"ljpo2cafy6","x":633,"y":612,"tool":"Pencil"},{"type":"child","parent":"ljpo2cafy6","x":653,"y":661,"tool":"Pencil"},{"type":"child","parent":"ljpo2cafy6","x":679,"y":687,"tool":"Pencil"},{"type":"child","parent":"ljpo2cafy6","x":733,"y":684,"tool":"Pencil"},{"type":"child","parent":"ljpo2cafy6","x":771,"y":652,"tool":"Pencil"},{"type":"child","parent":"ljpo2cafy6","x":790,"y":597,"tool":"Pencil"},{"type":"child","parent":"ljpo2cafy6","x":787,"y":560,"tool":"Pencil"},{"type":"child","parent":"ljpo2cafy6","x":771,"y":533,"tool":"Pencil"},{"type":"child","parent":"ljpo2cafy6","x":758,"y":522,"tool":"Pencil"},{"type":"child","parent":"ljpo2cafy6","x":747,"y":515,"tool":"Pencil"},{"type":"child","parent":"ljpo2cafy6","x":738,"y":511,"tool":"Pencil"},{"type":"child","parent":"ljpo2cafy6","x":737,"y":509,"tool":"Pencil"},{"type":"child","parent":"ljpo2cafy6","x":737,"y":504,"tool":"Pencil"}]},"tjpo2cakuy":{"type":"new","id":"tjpo2cakuy","color":"#FF851B","size":27,"x":495,"y":153,"tool":"Text","time":1544793797472,"txt":"pas mal"},"ljpo2cc0mg":{"type":"line","id":"ljpo2cc0mg","color":"#4038c2","size":10,"tool":"Pencil","time":1544793799280,"_children":[{"type":"child","parent":"ljpo2cc0mg","x":635,"y":566,"tool":"Pencil"},{"type":"child","parent":"ljpo2cc0mg","x":683,"y":569,"tool":"Pencil"},{"type":"child","parent":"ljpo2cc0mg","x":763,"y":569,"tool":"Pencil"},{"type":"child","parent":"ljpo2cc0mg","x":801,"y":569,"tool":"Pencil"},{"type":"child","parent":"ljpo2cc0mg","x":801,"y":569,"tool":"Pencil"}]},"tjpo2cfagk":{"type":"new","id":"tjpo2cfagk","color":"#FF851B","size":27,"x":495,"y":193,"tool":"Text","time":1544793803578,"txt":""},"ljpo2ch2rn":{"type":"line","id":"ljpo2ch2rn","color":"#FF851B","size":10,"tool":"Text","time":1544793805893,"_children":[{"type":"child","parent":"ljpo2ch2rn","x":879,"y":403,"tool":"Text"},{"type":"child","parent":"ljpo2ch2rn","x":879,"y":403,"tool":"Text"}]},"rjpo2ch2r6":{"type":"rect","id":"rjpo2ch2r6","color":"#FF851B","size":10,"x":879,"y":403,"x2":879,"y2":403,"tool":"Text","time":1544793805975},"tjpo2ch2t5":{"type":"new","id":"tjpo2ch2t5","color":"#FF851B","size":27,"x":879,"y":416,"tool":"Text","time":1544793805975,"txt":"sinon au niveau apprentissage, vous avez avancé ce matin ?"},"ljpo2ckhgh":{"type":"line","id":"ljpo2ckhgh","color":"#4038c2","size":10,"tool":"Pencil","time":1544793810254,"_children":[{"type":"child","parent":"ljpo2ckhgh","x":669,"y":573,"tool":"Pencil"},{"type":"child","parent":"ljpo2ckhgh","x":669,"y":574,"tool":"Pencil"},{"type":"child","parent":"ljpo2ckhgh","x":665,"y":589,"tool":"Pencil"},{"type":"child","parent":"ljpo2ckhgh","x":663,"y":603,"tool":"Pencil"},{"type":"child","parent":"ljpo2ckhgh","x":662,"y":615,"tool":"Pencil"},{"type":"child","parent":"ljpo2ckhgh","x":661,"y":625,"tool":"Pencil"},{"type":"child","parent":"ljpo2ckhgh","x":661,"y":636,"tool":"Pencil"},{"type":"child","parent":"ljpo2ckhgh","x":661,"y":645,"tool":"Pencil"},{"type":"child","parent":"ljpo2ckhgh","x":661,"y":648,"tool":"Pencil"},{"type":"child","parent":"ljpo2ckhgh","x":661,"y":649,"tool":"Pencil"},{"type":"child","parent":"ljpo2ckhgh","x":660,"y":652,"tool":"Pencil"},{"type":"child","parent":"ljpo2ckhgh","x":660,"y":654,"tool":"Pencil"},{"type":"child","parent":"ljpo2ckhgh","x":658,"y":659,"tool":"Pencil"},{"type":"child","parent":"ljpo2ckhgh","x":658,"y":660,"tool":"Pencil"}]},"sjpo2ckzqx":{"type":"straight","id":"sjpo2ckzqx","color":"#01FF70","size":10,"x":328,"y":583,"tool":"Pencil","time":1544793810841,"x2":328,"y2":583},"ljpo2ckzrw":{"type":"line","id":"ljpo2ckzrw","color":"#01FF70","size":10,"tool":"Pencil","time":1544793810923,"_children":[{"type":"child","parent":"ljpo2ckzrw","x":328,"y":583,"tool":"Pencil"},{"type":"child","parent":"ljpo2ckzrw","x":328,"y":583,"tool":"Pencil"}]},"ljpo2clz0w":{"type":"line","id":"ljpo2clz0w","color":"#4038c2","size":10,"tool":"Pencil","time":1544793812182,"_children":[{"type":"child","parent":"ljpo2clz0w","x":743,"y":572,"tool":"Pencil"},{"type":"child","parent":"ljpo2clz0w","x":744,"y":575,"tool":"Pencil"},{"type":"child","parent":"ljpo2clz0w","x":744,"y":589,"tool":"Pencil"},{"type":"child","parent":"ljpo2clz0w","x":742,"y":610,"tool":"Pencil"},{"type":"child","parent":"ljpo2clz0w","x":740,"y":629,"tool":"Pencil"},{"type":"child","parent":"ljpo2clz0w","x":740,"y":645,"tool":"Pencil"},{"type":"child","parent":"ljpo2clz0w","x":740,"y":656,"tool":"Pencil"},{"type":"child","parent":"ljpo2clz0w","x":740,"y":665,"tool":"Pencil"},{"type":"child","parent":"ljpo2clz0w","x":740,"y":667,"tool":"Pencil"}]},"tjpo2cr9ci":{"type":"new","id":"tjpo2cr9ci","color":"#FF851B","size":27,"x":879,"y":457,"tool":"Text","time":1544793819091,"txt":""},"sjpo2crm5p":{"type":"straight","id":"sjpo2crm5p","color":"#01FF70","size":10,"x":325,"y":711,"tool":"Text","time":1544793819425,"x2":325,"y2":711},"ljpo2crm6j":{"type":"line","id":"ljpo2crm6j","color":"#01FF70","size":10,"tool":"Text","time":1544793819507,"_children":[{"type":"child","parent":"ljpo2crm6j","x":325,"y":711,"tool":"Text"}]},"ljpo2csn5c":{"type":"line","id":"ljpo2csn5c","color":"#FF851B","size":10,"tool":"Text","time":1544793820884,"_children":[{"type":"child","parent":"ljpo2csn5c","x":929,"y":405,"tool":"Text"},{"type":"child","parent":"ljpo2csn5c","x":929,"y":405,"tool":"Text"}]},"rjpo2csn61":{"type":"rect","id":"rjpo2csn61","color":"#FF851B","size":10,"x":929,"y":405,"x2":929,"y2":405,"tool":"Text","time":1544793820966},"sjpo2cu85t":{"type":"straight","id":"sjpo2cu85t","color":"#01FF70","size":10,"x":367,"y":676,"tool":"Text","time":1544793822809,"x2":369,"y2":677},"ljpo2cu86g":{"type":"line","id":"ljpo2cu86g","color":"#01FF70","size":10,"tool":"Text","time":1544793822932,"_children":[{"type":"child","parent":"ljpo2cu86g","x":367,"y":676,"tool":"Text"},{"type":"child","parent":"ljpo2cu86g","x":369,"y":677,"tool":"Text"}]},"sjpo2cuu5y":{"type":"straight","id":"sjpo2cuu5y","color":"#01FF70","size":10,"x":401,"y":685,"tool":"Text","time":1544793823601,"x2":401,"y2":685},"ljpo2cuu6l":{"type":"line","id":"ljpo2cuu6l","color":"#01FF70","size":10,"tool":"Text","time":1544793823683,"_children":[{"type":"child","parent":"ljpo2cuu6l","x":401,"y":685,"tool":"Text"},{"type":"child","parent":"ljpo2cuu6l","x":401,"y":685,"tool":"Text"}]},"sjpo2cvdiu":{"type":"straight","id":"sjpo2cvdiu","color":"#01FF70","size":10,"x":398,"y":641,"tool":"Text","time":1544793824297,"x2":398,"y2":641},"ljpo2cvdik":{"type":"line","id":"ljpo2cvdik","color":"#01FF70","size":10,"tool":"Text","time":1544793824379,"_children":[{"type":"child","parent":"ljpo2cvdik","x":398,"y":641,"tool":"Text"},{"type":"child","parent":"ljpo2cvdik","x":398,"y":641,"tool":"Text"}]},"sjpo2czzpz":{"type":"straight","id":"sjpo2czzpz","color":"#01FF70","size":10,"x":334,"y":556,"tool":"Text","time":1544793830281,"x2":334,"y2":556},"ljpo2czzq2":{"type":"line","id":"ljpo2czzq2","color":"#01FF70","size":10,"tool":"Text","time":1544793830363,"_children":[{"type":"child","parent":"ljpo2czzq2","x":334,"y":556,"tool":"Text"},{"type":"child","parent":"ljpo2czzq2","x":334,"y":556,"tool":"Text"}]},"sjpo2d0e5a":{"type":"straight","id":"sjpo2d0e5a","color":"#01FF70","size":10,"x":331,"y":477,"tool":"Text","time":1544793830801,"x2":331,"y2":475},"ljpo2d0e6q":{"type":"line","id":"ljpo2d0e6q","color":"#01FF70","size":10,"tool":"Text","time":1544793830883,"_children":[{"type":"child","parent":"ljpo2d0e6q","x":331,"y":477,"tool":"Text"},{"type":"child","parent":"ljpo2d0e6q","x":331,"y":476,"tool":"Text"}]},"sjpo2d1hxq":{"type":"straight","id":"sjpo2d1hxq","color":"#01FF70","size":10,"x":347,"y":411,"tool":"Text","time":1544793832233,"x2":347,"y2":411},"ljpo2d1hzw":{"type":"line","id":"ljpo2d1hzw","color":"#01FF70","size":10,"tool":"Text","time":1544793832315,"_children":[{"type":"child","parent":"ljpo2d1hzw","x":347,"y":411,"tool":"Text"},{"type":"child","parent":"ljpo2d1hzw","x":347,"y":411,"tool":"Text"}]},"sjpo2d1r1w":{"type":"straight","id":"sjpo2d1r1w","color":"#01FF70","size":10,"x":347,"y":411,"tool":"Text","time":1544793832561,"x2":348,"y2":411},"ljpo2d1r14":{"type":"line","id":"ljpo2d1r14","color":"#01FF70","size":10,"tool":"Text","time":1544793832644,"_children":[{"type":"child","parent":"ljpo2d1r14","x":347,"y":411,"tool":"Text"},{"type":"child","parent":"ljpo2d1r14","x":349,"y":411,"tool":"Text"}]},"sjpo2d331q":{"type":"straight","id":"sjpo2d331q","color":"#01FF70","size":10,"x":304,"y":408,"tool":"Text","time":1544793834289,"x2":304,"y2":404},"ljpo2d331b":{"type":"line","id":"ljpo2d331b","color":"#01FF70","size":10,"tool":"Text","time":1544793834371,"_children":[{"type":"child","parent":"ljpo2d331b","x":304,"y":408,"tool":"Text"},{"type":"child","parent":"ljpo2d331b","x":304,"y":404,"tool":"Text"}]},"sjpo2d3csp":{"type":"straight","id":"sjpo2d3csp","color":"#01FF70","size":10,"x":310,"y":350,"tool":"Text","time":1544793834640,"x2":310,"y2":350},"ljpo2d3csw":{"type":"line","id":"ljpo2d3csw","color":"#01FF70","size":10,"tool":"Text","time":1544793834722,"_children":[{"type":"child","parent":"ljpo2d3csw","x":310,"y":350,"tool":"Text"},{"type":"child","parent":"ljpo2d3csw","x":310,"y":350,"tool":"Text"}]},"sjpo2d5d0p":{"type":"straight","id":"sjpo2d5d0p","color":"#01FF70","size":10,"x":224,"y":564,"tool":"Pencil","time":1544793837241,"x2":227,"y2":565},"ljpo2d5d1l":{"type":"line","id":"ljpo2d5d1l","color":"#01FF70","size":10,"tool":"Pencil","time":1544793837323,"_children":[{"type":"child","parent":"ljpo2d5d1l","x":224,"y":564,"tool":"Pencil"},{"type":"child","parent":"ljpo2d5d1l","x":245,"y":573,"tool":"Pencil"}]},"sjpo2d62je":{"type":"straight","id":"sjpo2d62je","color":"#01FF70","size":10,"x":327,"y":495,"tool":"Pencil","time":1544793838160,"x2":328,"y2":498},"ljpo2d62k6":{"type":"line","id":"ljpo2d62k6","color":"#01FF70","size":10,"tool":"Pencil","time":1544793838243,"_children":[{"type":"child","parent":"ljpo2d62k6","x":327,"y":495,"tool":"Pencil"}]},"sjpo2d6lf7":{"type":"straight","id":"sjpo2d6lf7","color":"#01FF70","size":10,"x":403,"y":519,"tool":"Pencil","time":1544793838841,"x2":403,"y2":517},"ljpo2d6lg0":{"type":"line","id":"ljpo2d6lg0","color":"#01FF70","size":10,"tool":"Pencil","time":1544793838923,"_children":[{"type":"child","parent":"ljpo2d6lg0","x":403,"y":519,"tool":"Pencil"}]},"sjpo2d7i3s":{"type":"straight","id":"sjpo2d7i3s","color":"#01FF70","size":10,"x":437,"y":452,"tool":"Pencil","time":1544793840017,"x2":438,"y2":451},"ljpo2d7i44":{"type":"line","id":"ljpo2d7i44","color":"#01FF70","size":10,"tool":"Pencil","time":1544793840099,"_children":[{"type":"child","parent":"ljpo2d7i44","x":437,"y":452,"tool":"Pencil"},{"type":"child","parent":"ljpo2d7i44","x":438,"y":451,"tool":"Pencil"}]},"sjpo2d89vc":{"type":"straight","id":"sjpo2d89vc","color":"#01FF70","size":10,"x":350,"y":489,"tool":"Pencil","time":1544793841018,"x2":350,"y2":489},"ljpo2d89wb":{"type":"line","id":"ljpo2d89wb","color":"#01FF70","size":10,"tool":"Pencil","time":1544793841099,"_children":[{"type":"child","parent":"ljpo2d89wb","x":350,"y":489,"tool":"Pencil"},{"type":"child","parent":"ljpo2d89wb","x":350,"y":489,"tool":"Pencil"}]},"sjpo2d8ib2":{"type":"straight","id":"sjpo2d8ib2","color":"#01FF70","size":10,"x":383,"y":421,"tool":"Pencil","time":1544793841321,"x2":383,"y2":421},"ljpo2d8icm":{"type":"line","id":"ljpo2d8icm","color":"#01FF70","size":10,"tool":"Pencil","time":1544793841403,"_children":[{"type":"child","parent":"ljpo2d8icm","x":383,"y":421,"tool":"Pencil"},{"type":"child","parent":"ljpo2d8icm","x":383,"y":421,"tool":"Pencil"}]},"sjpo2d8p8w":{"type":"straight","id":"sjpo2d8p8w","color":"#01FF70","size":10,"x":354,"y":372,"tool":"Pencil","time":1544793841569,"x2":354,"y2":372},"ljpo2d8p8j":{"type":"line","id":"ljpo2d8p8j","color":"#01FF70","size":10,"tool":"Pencil","time":1544793841651,"_children":[{"type":"child","parent":"ljpo2d8p8j","x":354,"y":372,"tool":"Pencil"},{"type":"child","parent":"ljpo2d8p8j","x":354,"y":372,"tool":"Pencil"}]},"sjpo2d8wk7":{"type":"straight","id":"sjpo2d8wk7","color":"#01FF70","size":10,"x":278,"y":327,"tool":"Pencil","time":1544793841832,"x2":278,"y2":327},"ljpo2d8wkq":{"type":"line","id":"ljpo2d8wkq","color":"#01FF70","size":10,"tool":"Pencil","time":1544793841915,"_children":[{"type":"child","parent":"ljpo2d8wkq","x":278,"y":327,"tool":"Pencil"},{"type":"child","parent":"ljpo2d8wkq","x":278,"y":327,"tool":"Pencil"}]},"sjpo2d93ej":{"type":"straight","id":"sjpo2d93ej","color":"#01FF70","size":10,"x":285,"y":258,"tool":"Pencil","time":1544793842079,"x2":285,"y2":257},"ljpo2d93eh":{"type":"line","id":"ljpo2d93eh","color":"#01FF70","size":10,"tool":"Pencil","time":1544793842161,"_children":[{"type":"child","parent":"ljpo2d93eh","x":285,"y":258,"tool":"Pencil"},{"type":"child","parent":"ljpo2d93eh","x":285,"y":257,"tool":"Pencil"}]},"sjpo2d99uv":{"type":"straight","id":"sjpo2d99uv","color":"#01FF70","size":10,"x":285,"y":251,"tool":"Pencil","time":1544793842324,"x2":285,"y2":251},"ljpo2d99uy":{"type":"line","id":"ljpo2d99uy","color":"#01FF70","size":10,"tool":"Pencil","time":1544793842406,"_children":[{"type":"child","parent":"ljpo2d99uy","x":285,"y":251,"tool":"Pencil"},{"type":"child","parent":"ljpo2d99uy","x":285,"y":251,"tool":"Pencil"}]},"sjpo2d9h810":{"type":"straight","id":"sjpo2d9h810","color":"#01FF70","size":10,"x":327,"y":230,"tool":"Pencil","time":1544793842578,"x2":327,"y2":230},"ljpo2d9h99":{"type":"line","id":"ljpo2d9h99","color":"#01FF70","size":10,"tool":"Pencil","time":1544793842659,"_children":[{"type":"child","parent":"ljpo2d9h99","x":327,"y":230,"tool":"Pencil"},{"type":"child","parent":"ljpo2d9h99","x":327,"y":230,"tool":"Pencil"}]},"sjpo2d9n7h":{"type":"straight","id":"sjpo2d9n7h","color":"#01FF70","size":10,"x":327,"y":230,"tool":"Pencil","time":1544793842823,"x2":327,"y2":230},"ljpo2d9n8s":{"type":"line","id":"ljpo2d9n8s","color":"#01FF70","size":10,"tool":"Pencil","time":1544793842823,"_children":[{"type":"child","parent":"ljpo2d9n8s","x":327,"y":230,"tool":"Pencil"},{"type":"child","parent":"ljpo2d9n8s","x":327,"y":230,"tool":"Pencil"}]},"sjpo2d9u3y":{"type":"straight","id":"sjpo2d9u3y","color":"#01FF70","size":10,"x":333,"y":294,"tool":"Pencil","time":1544793843040,"x2":333,"y2":296},"ljpo2d9u3t":{"type":"line","id":"ljpo2d9u3t","color":"#01FF70","size":10,"tool":"Pencil","time":1544793843123,"_children":[{"type":"child","parent":"ljpo2d9u3t","x":333,"y":294,"tool":"Pencil"},{"type":"child","parent":"ljpo2d9u3t","x":333,"y":296,"tool":"Pencil"}]},"sjpo2da1wt":{"type":"straight","id":"sjpo2da1wt","color":"#01FF70","size":10,"x":324,"y":338,"tool":"Pencil","time":1544793843323,"x2":326,"y2":365},"ljpo2da1w5":{"type":"line","id":"ljpo2da1w5","color":"#01FF70","size":10,"tool":"Pencil","time":1544793843405,"_children":[{"type":"child","parent":"ljpo2da1w5","x":324,"y":338,"tool":"Pencil"},{"type":"child","parent":"ljpo2da1w5","x":325,"y":355,"tool":"Pencil"}]},"sjpo2daejb":{"type":"straight","id":"sjpo2daejb","color":"#01FF70","size":10,"x":257,"y":336,"tool":"Pencil","time":1544793843777,"x2":257,"y2":343},"ljpo2daeku":{"type":"line","id":"ljpo2daeku","color":"#01FF70","size":10,"tool":"Pencil","time":1544793843859,"_children":[{"type":"child","parent":"ljpo2daeku","x":257,"y":336,"tool":"Pencil"}]},"sjpo2datvb":{"type":"straight","id":"sjpo2datvb","color":"#01FF70","size":10,"x":311,"y":290,"tool":"Pencil","time":1544793844332},"ljpo2datxp":{"type":"line","id":"ljpo2datxp","color":"#01FF70","size":10,"tool":"Pencil","time":1544793844414},"sjpo2dh6zy":{"type":"straight","id":"sjpo2dh6zy","color":"#909","size":10,"x":361,"y":574,"tool":"Pencil","time":1544793852577,"x2":366,"y2":574},"ljpo2dh6zh":{"type":"line","id":"ljpo2dh6zh","color":"#909","size":10,"tool":"Pencil","time":1544793852660,"_children":[{"type":"child","parent":"ljpo2dh6zh","x":361,"y":574,"tool":"Pencil"},{"type":"child","parent":"ljpo2dh6zh","x":366,"y":574,"tool":"Pencil"}]},"sjpo2dkkis":{"type":"straight","id":"sjpo2dkkis","color":"#909","size":10,"x":525,"y":324,"tool":"Text","time":1544793856953,"x2":596,"y2":372},"ljpo2dkkj8":{"type":"line","id":"ljpo2dkkj8","color":"#909","size":10,"tool":"Text","time":1544793857036,"_children":[{"type":"child","parent":"ljpo2dkkj8","x":525,"y":324,"tool":"Text"},{"type":"child","parent":"ljpo2dkkj8","x":525,"y":326,"tool":"Text"},{"type":"child","parent":"ljpo2dkkj8","x":570,"y":357,"tool":"Text"}]},"sjpo2dnfu4":{"type":"straight","id":"sjpo2dnfu4","color":"#909","size":10,"x":314,"y":126,"tool":"Text","time":1544793860673,"x2":313,"y2":126},"ljpo2dnfvd":{"type":"line","id":"ljpo2dnfvd","color":"#909","size":10,"tool":"Text","time":1544793860755,"_children":[{"type":"child","parent":"ljpo2dnfvd","x":314,"y":126,"tool":"Text"}]},"sjpo2dpkjq":{"type":"straight","id":"sjpo2dpkjq","color":"#909","size":10,"x":259,"y":695,"tool":"Rectangle","time":1544793863436,"x2":267,"y2":700},"ljpo2dpkjp":{"type":"line","id":"ljpo2dpkjp","color":"#909","size":10,"tool":"Rectangle","time":1544793863519,"_children":[{"type":"child","parent":"ljpo2dpkjp","x":259,"y":695,"tool":"Rectangle"}]},"rjpo2dpkl3":{"type":"rect","id":"rjpo2dpkl3","color":"#909","size":10,"x":259,"y":695,"x2":261,"y2":695,"tool":"Rectangle","time":1544793863519},"ljpo2dv4s7":{"type":"line","id":"ljpo2dv4s7","color":"#909","size":10,"tool":"Eraser","time":1544793870672,"_children":[{"type":"child","parent":"ljpo2dv4s7","x":520,"y":508,"tool":"Eraser"},{"type":"child","parent":"ljpo2dv4s7","x":521,"y":517,"tool":"Eraser"},{"type":"child","parent":"ljpo2dv4s7","x":521,"y":536,"tool":"Eraser"},{"type":"child","parent":"ljpo2dv4s7","x":521,"y":537,"tool":"Eraser"}]},"sjpo2dw833":{"type":"straight","id":"sjpo2dw833","color":"#909","size":10,"x":485,"y":614,"tool":"Eraser","time":1544793872071,"x2":485,"y2":614},"ljpo2dw837":{"type":"line","id":"ljpo2dw837","color":"#909","size":10,"tool":"Eraser","time":1544793872147,"_children":[{"type":"child","parent":"ljpo2dw837","x":485,"y":614,"tool":"Eraser"},{"type":"child","parent":"ljpo2dw837","x":485,"y":614,"tool":"Eraser"}]},"rjpo2dw85b":{"type":"rect","id":"rjpo2dw85b","color":"#909","size":10,"x":485,"y":614,"x2":485,"y2":614,"tool":"Eraser","time":1544793872147},"sjpo2dx0yf":{"type":"straight","id":"sjpo2dx0yf","color":"#909","size":10,"x":391,"y":407,"tool":"Eraser","time":1544793873102,"x2":391,"y2":406},"ljpo2dx0zk":{"type":"line","id":"ljpo2dx0zk","color":"#909","size":10,"tool":"Eraser","time":1544793873185,"_children":[{"type":"child","parent":"ljpo2dx0zk","x":391,"y":407,"tool":"Eraser"}]},"rjpo2dx106":{"type":"rect","id":"rjpo2dx106","color":"#909","size":10,"x":391,"y":407,"x2":391,"y2":406,"tool":"Eraser","time":1544793873185},"sjpo2dxr5p":{"type":"straight","id":"sjpo2dxr5p","color":"#909","size":10,"x":519,"y":520,"tool":"Eraser","time":1544793874042,"x2":519,"y2":521},"ljpo2dxr6q":{"type":"line","id":"ljpo2dxr6q","color":"#909","size":10,"tool":"Eraser","time":1544793874125,"_children":[{"type":"child","parent":"ljpo2dxr6q","x":519,"y":520,"tool":"Eraser"}]},"rjpo2dxr7i":{"type":"rect","id":"rjpo2dxr7i","color":"#909","size":10,"x":519,"y":520,"x2":177,"y2":161,"tool":"Text","time":1544793874125},"ljpo2e0982":{"type":"line","id":"ljpo2e0982","color":"#a0b","size":10,"tool":"Text","time":1544793877415,"_children":[{"type":"child","parent":"ljpo2e0982","x":576,"y":265,"tool":"Text"},{"type":"child","parent":"ljpo2e0982","x":601,"y":265,"tool":"Text"},{"type":"child","parent":"ljpo2e0982","x":685,"y":274,"tool":"Text"},{"type":"child","parent":"ljpo2e0982","x":686,"y":281,"tool":"Text"}]},"rjpo2e09a3":{"type":"rect","id":"rjpo2e09a3","color":"#a0b","size":10,"x":576,"y":265,"x2":688,"y2":276,"tool":"Text","time":1544793877541},"tjpo2e09aj":{"type":"new","id":"tjpo2e09aj","color":"#a0b","size":27,"x":576,"y":278,"tool":"Text","time":1544793877541},"ljpo2e18dd":{"type":"line","id":"ljpo2e18dd","color":"#4038c2","size":10,"tool":"Pencil","time":1544793878617,"_children":[{"type":"child","parent":"ljpo2e18dd","x":1213,"y":496,"tool":"Pencil"},{"type":"child","parent":"ljpo2e18dd","x":1213,"y":496,"tool":"Pencil"},{"type":"child","parent":"ljpo2e18dd","x":1212,"y":496,"tool":"Pencil"},{"type":"child","parent":"ljpo2e18dd","x":1211,"y":499,"tool":"Pencil"},{"type":"child","parent":"ljpo2e18dd","x":1212,"y":499,"tool":"Pencil"},{"type":"child","parent":"ljpo2e18dd","x":1219,"y":493,"tool":"Pencil"},{"type":"child","parent":"ljpo2e18dd","x":1218,"y":493,"tool":"Pencil"},{"type":"child","parent":"ljpo2e18dd","x":1216,"y":497,"tool":"Pencil"},{"type":"child","parent":"ljpo2e18dd","x":1216,"y":500,"tool":"Pencil"},{"type":"child","parent":"ljpo2e18dd","x":1219,"y":500,"tool":"Pencil"},{"type":"child","parent":"ljpo2e18dd","x":1219,"y":499,"tool":"Pencil"},{"type":"child","parent":"ljpo2e18dd","x":1218,"y":495,"tool":"Pencil"}]},"ljpo2e4fe3":{"type":"line","id":"ljpo2e4fe3","color":"#a0b","size":10,"tool":"Text","time":1544793882818,"_children":[{"type":"child","parent":"ljpo2e4fe3","x":726,"y":274,"tool":"Text"}]},"rjpo2e4fec":{"type":"rect","id":"rjpo2e4fec","color":"#a0b","size":10,"x":726,"y":274,"x2":736,"y2":274,"tool":"Text","time":1544793882900},"ljpo2e57od":{"type":"line","id":"ljpo2e57od","color":"#4038c2","size":31,"tool":"Pencil","time":1544793883776,"_children":[{"type":"child","parent":"ljpo2e57od","x":1208,"y":495,"tool":"Pencil"},{"type":"child","parent":"ljpo2e57od","x":1208,"y":495,"tool":"Pencil"}]},"ljpo2e6b05":{"type":"line","id":"ljpo2e6b05","color":"#4038c2","size":31,"tool":"Pencil","time":1544793885191,"_children":[{"type":"child","parent":"ljpo2e6b05","x":1340,"y":493,"tool":"Pencil"},{"type":"child","parent":"ljpo2e6b05","x":1340,"y":493,"tool":"Pencil"}]},"ljpo2e7bqt":{"type":"line","id":"ljpo2e7bqt","color":"#4038c2","size":31,"tool":"Pencil","time":1544793886512,"_children":[{"type":"child","parent":"ljpo2e7bqt","x":1263,"y":536,"tool":"Pencil"},{"type":"child","parent":"ljpo2e7bqt","x":1260,"y":558,"tool":"Pencil"},{"type":"child","parent":"ljpo2e7bqt","x":1254,"y":572,"tool":"Pencil"},{"type":"child","parent":"ljpo2e7bqt","x":1253,"y":574,"tool":"Pencil"}]},"ljpo2e7xxp":{"type":"line","id":"ljpo2e7xxp","color":"#4038c2","size":31,"tool":"Pencil","time":1544793887311,"_children":[{"type":"child","parent":"ljpo2e7xxp","x":1155,"y":553,"tool":"Pencil"},{"type":"child","parent":"ljpo2e7xxp","x":1165,"y":592,"tool":"Pencil"},{"type":"child","parent":"ljpo2e7xxp","x":1214,"y":648,"tool":"Pencil"},{"type":"child","parent":"ljpo2e7xxp","x":1277,"y":662,"tool":"Pencil"},{"type":"child","parent":"ljpo2e7xxp","x":1313,"y":629,"tool":"Pencil"},{"type":"child","parent":"ljpo2e7xxp","x":1325,"y":570,"tool":"Pencil"},{"type":"child","parent":"ljpo2e7xxp","x":1330,"y":556,"tool":"Pencil"},{"type":"child","parent":"ljpo2e7xxp","x":1331,"y":554,"tool":"Pencil"}]},"tjpo2ebrbb":{"type":"new","id":"tjpo2ebrbb","color":"#a0b","size":27,"x":726,"y":328,"tool":"Text","time":1544793892319,"txt":""},"ljpo2egbtl":{"type":"line","id":"ljpo2egbtl","color":"#a0b","size":10,"tool":"Rectangle","time":1544793898243,"_children":[{"type":"child","parent":"ljpo2egbtl","x":194,"y":149,"tool":"Rectangle"},{"type":"child","parent":"ljpo2egbtl","x":197,"y":152,"tool":"Rectangle"}]},"rjpo2egbuw":{"type":"rect","id":"rjpo2egbuw","color":"#a0b","size":10,"x":194,"y":149,"x2":194,"y2":149,"tool":"Rectangle","time":1544793898325},"tjpo2egbu5":{"type":"new","id":"tjpo2egbu5","color":"#a0b","size":27,"x":194,"y":162,"tool":"Rectangle","time":1544793898325},"ljpo2eiq8s":{"type":"line","id":"ljpo2eiq8s","color":"#c04","size":10,"tool":"Rectangle","time":1544793901353,"_children":[{"type":"child","parent":"ljpo2eiq8s","x":259,"y":414,"tool":"Rectangle"},{"type":"child","parent":"ljpo2eiq8s","x":269,"y":414,"tool":"Rectangle"}]},"rjpo2eiq9q":{"type":"rect","id":"rjpo2eiq9q","color":"#c04","size":10,"x":259,"y":414,"x2":269,"y2":414,"tool":"Rectangle","time":1544793901435},"tjpo2eiq9i":{"type":"new","id":"tjpo2eiq9i","color":"#c04","size":27,"x":259,"y":427,"tool":"Rectangle","time":1544793901435},"ljpo2ela0o":{"type":"line","id":"ljpo2ela0o","color":"#c04","size":10,"tool":"Pencil","time":1544793904657,"_children":[{"type":"child","parent":"ljpo2ela0o","x":209,"y":354,"tool":"Pencil"},{"type":"child","parent":"ljpo2ela0o","x":209,"y":354,"tool":"Pencil"}]},"rjpo2ela0p":{"type":"rect","id":"rjpo2ela0p","color":"#c04","size":10,"x":209,"y":354,"x2":209,"y2":354,"tool":"Pencil","time":1544793904739},"tjpo2ela0t":{"type":"new","id":"tjpo2ela0t","color":"#c04","size":27,"x":209,"y":367,"tool":"Pencil","time":1544793904739},"sjpo2ela16":{"type":"straight","id":"sjpo2ela16","color":"#c04","size":10,"x":209,"y":354,"tool":"Pencil","time":1544793904739,"x2":209,"y2":354},"ljpo2emr9p":{"type":"line","id":"ljpo2emr9p","color":"#c04","size":10,"tool":"Pencil","time":1544793906574,"_children":[{"type":"child","parent":"ljpo2emr9p","x":365,"y":292,"tool":"Pencil"},{"type":"child","parent":"ljpo2emr9p","x":360,"y":288,"tool":"Pencil"}]},"rjpo2emrai":{"type":"rect","id":"rjpo2emrai","color":"#c04","size":10,"x":365,"y":292,"x2":369,"y2":292,"tool":"Pencil","time":1544793906657},"tjpo2emra8":{"type":"new","id":"tjpo2emra8","color":"#c04","size":27,"x":365,"y":305,"tool":"Pencil","time":1544793906657},"sjpo2emrck":{"type":"straight","id":"sjpo2emrck","color":"#c04","size":10,"x":365,"y":292,"tool":"Pencil","time":1544793906657,"x2":369,"y2":292},"ljpo2ew3wx":{"type":"line","id":"ljpo2ew3wx","color":"#c04","size":10,"tool":"Straight line","time":1544793918694,"_children":[{"type":"child","parent":"ljpo2ew3wx","x":215,"y":229,"tool":"Straight line"}]},"rjpo2ew3wc":{"type":"rect","id":"rjpo2ew3wc","color":"#c04","size":10,"x":215,"y":229,"x2":598,"y2":378,"tool":"Straight line","time":1544793918776},"tjpo2ew3wm":{"type":"new","id":"tjpo2ew3wm","color":"#c04","size":27,"x":215,"y":242,"tool":"Straight line","time":1544793918777},"sjpo2ew3x2":{"type":"straight","id":"sjpo2ew3x2","color":"#c04","size":10,"x":215,"y":229,"tool":"Straight line","time":1544793918777,"x2":229,"y2":229},"ljpo2exa5r":{"type":"line","id":"ljpo2exa5r","color":"#c04","size":10,"tool":"Straight line","time":1544793920215,"_children":[{"type":"child","parent":"ljpo2exa5r","x":358,"y":498,"tool":"Straight line"}]},"rjpo2exa5w":{"type":"rect","id":"rjpo2exa5w","color":"#c04","size":10,"x":358,"y":498,"x2":357,"y2":497,"tool":"Straight line","time":1544793920341},"tjpo2exa5u":{"type":"new","id":"tjpo2exa5u","color":"#c04","size":27,"x":358,"y":511,"tool":"Straight line","time":1544793920341},"sjpo2exa7j":{"type":"straight","id":"sjpo2exa7j","color":"#c04","size":10,"x":358,"y":498,"tool":"Straight line","time":1544793920341,"x2":358,"y2":498},"ljpo2exgac":{"type":"line","id":"ljpo2exgac","color":"#c04","size":10,"tool":"Straight line","time":1544793920436,"_children":[{"type":"child","parent":"ljpo2exgac","x":353,"y":494,"tool":"Straight line"}]},"rjpo2exgau":{"type":"rect","id":"rjpo2exgau","color":"#c04","size":10,"x":353,"y":494,"x2":348,"y2":185,"tool":"Straight line","time":1544793920519},"tjpo2exgbm":{"type":"new","id":"tjpo2exgbm","color":"#c04","size":27,"x":353,"y":507,"tool":"Straight line","time":1544793920519},"sjpo2exgc3":{"type":"straight","id":"sjpo2exgc3","color":"#c04","size":10,"x":353,"y":494,"tool":"Straight line","time":1544793920519,"x2":353,"y2":492},"ljpo2ey79n":{"type":"line","id":"ljpo2ey79n","color":"#c04","size":10,"tool":"Straight line","time":1544793921407,"_children":[{"type":"child","parent":"ljpo2ey79n","x":348,"y":188,"tool":"Straight line"},{"type":"child","parent":"ljpo2ey79n","x":348,"y":189,"tool":"Straight line"}]},"rjpo2ey795":{"type":"rect","id":"rjpo2ey795","color":"#c04","size":10,"x":348,"y":188,"x2":353,"y2":204,"tool":"Straight line","time":1544793921489},"tjpo2ey7ai":{"type":"new","id":"tjpo2ey7ai","color":"#c04","size":27,"x":348,"y":201,"tool":"Straight line","time":1544793921489},"sjpo2ey7a5":{"type":"straight","id":"sjpo2ey7a5","color":"#c04","size":10,"x":348,"y":188,"tool":"Straight line","time":1544793921489,"x2":348,"y2":189},"tjpo2f4fe6":{"type":"new","id":"tjpo2f4fe6","color":"#ff4136","size":27,"x":259,"y":784,"tool":"Text","time":1544793929350},"ljpo2f57vf":{"type":"line","id":"ljpo2f57vf","color":"#c04","size":10,"tool":"Text","time":1544793930503,"_children":[{"type":"child","parent":"ljpo2f57vf","x":262,"y":272,"tool":"Text"}]},"rjpo2f57va":{"type":"rect","id":"rjpo2f57va","color":"#c04","size":10,"x":262,"y":272,"x2":265,"y2":272,"tool":"Text","time":1544793930585},"tjpo2f57vq":{"type":"new","id":"tjpo2f57vq","color":"#c04","size":27,"x":262,"y":285,"tool":"Text","time":1544793930585},"sjpo2f57xw":{"type":"straight","id":"sjpo2f57xw","color":"#c04","size":10,"x":262,"y":272,"tool":"Text","time":1544793930585,"x2":265,"y2":272},"tjpo2f5uzm":{"type":"new","id":"tjpo2f5uzm","color":"#ff4136","size":27,"x":266,"y":776,"tool":"Text","time":1544793931204,"txt":"coucou"},"ljpo2f9llr":{"type":"line","id":"ljpo2f9llr","color":"#390","size":10,"tool":"Text","time":1544793936180,"_children":[{"type":"child","parent":"ljpo2f9llr","x":176,"y":58,"tool":"Text"}]},"rjpo2f9lmm":{"type":"rect","id":"rjpo2f9lmm","color":"#390","size":10,"x":176,"y":58,"x2":176,"y2":58,"tool":"Text","time":1544793936263},"tjpo2f9lmq":{"type":"new","id":"tjpo2f9lmq","color":"#390","size":27,"x":176,"y":71,"tool":"Text","time":1544793936263},"sjpo2f9lny":{"type":"straight","id":"sjpo2f9lny","color":"#390","size":10,"x":176,"y":58,"tool":"Text","time":1544793936263,"x2":176,"y2":58},"tjpo2faddf":{"type":"new","id":"tjpo2faddf","color":"#ff4136","size":27,"x":334,"y":720,"tool":"Text","time":1544793937052,"txt":""},"ljpo2fbrkz":{"type":"line","id":"ljpo2fbrkz","color":"#390","size":10,"tool":"Text","time":1544793938987,"_children":[{"type":"child","parent":"ljpo2fbrkz","x":250,"y":25,"tool":"Text"}]},"rjpo2fbrk4":{"type":"rect","id":"rjpo2fbrk4","color":"#390","size":10,"x":250,"y":25,"x2":250,"y2":25,"tool":"Text","time":1544793939070},"tjpo2fbrkn":{"type":"new","id":"tjpo2fbrkn","color":"#390","size":27,"x":250,"y":38,"tool":"Text","time":1544793939070},"sjpo2fbrne":{"type":"straight","id":"sjpo2fbrne","color":"#390","size":10,"x":250,"y":25,"tool":"Text","time":1544793939070,"x2":250,"y2":25},"ljpo2fc61d":{"type":"line","id":"ljpo2fc61d","color":"#390","size":10,"tool":"Text","time":1544793939510,"_children":[{"type":"child","parent":"ljpo2fc61d","x":171,"y":117,"tool":"Text"},{"type":"child","parent":"ljpo2fc61d","x":171,"y":117,"tool":"Text"}]},"rjpo2fc6210":{"type":"rect","id":"rjpo2fc6210","color":"#390","size":10,"x":171,"y":117,"x2":171,"y2":117,"tool":"Text","time":1544793939592},"tjpo2fc62f":{"type":"new","id":"tjpo2fc62f","color":"#390","size":27,"x":171,"y":130,"tool":"Text","time":1544793939592},"sjpo2fc64s":{"type":"straight","id":"sjpo2fc64s","color":"#390","size":10,"x":171,"y":117,"tool":"Text","time":1544793939592,"x2":171,"y2":117},"ljpo2fcjrb":{"type":"line","id":"ljpo2fcjrb","color":"#390","size":10,"tool":"Text","time":1544793940097,"_children":[{"type":"child","parent":"ljpo2fcjrb","x":171,"y":117,"tool":"Text"},{"type":"child","parent":"ljpo2fcjrb","x":171,"y":117,"tool":"Text"}]},"rjpo2fcjr9":{"type":"rect","id":"rjpo2fcjr9","color":"#390","size":10,"x":171,"y":117,"x2":171,"y2":117,"tool":"Text","time":1544793940179},"tjpo2fcjs6":{"type":"new","id":"tjpo2fcjs6","color":"#390","size":27,"x":171,"y":130,"tool":"Text","time":1544793940179},"sjpo2fcjvo":{"type":"straight","id":"sjpo2fcjvo","color":"#390","size":10,"x":171,"y":117,"tool":"Text","time":1544793940179,"x2":171,"y2":117},"ljpo2fcp53":{"type":"line","id":"ljpo2fcp53","color":"#390","size":10,"tool":"Text","time":1544793940261,"_children":[{"type":"child","parent":"ljpo2fcp53","x":171,"y":117,"tool":"Text"}]},"rjpo2fcp6j":{"type":"rect","id":"rjpo2fcp6j","color":"#390","size":10,"x":171,"y":117,"x2":171,"y2":117,"tool":"Text","time":1544793940261},"tjpo2fcp69":{"type":"new","id":"tjpo2fcp69","color":"#390","size":27,"x":171,"y":130,"tool":"Text","time":1544793940342},"sjpo2fcp8u":{"type":"straight","id":"sjpo2fcp8u","color":"#390","size":10,"x":171,"y":117,"tool":"Text","time":1544793940342,"x2":171,"y2":117},"ljpo2fcth2":{"type":"line","id":"ljpo2fcth2","color":"#390","size":10,"tool":"Text","time":1544793940423,"_children":[{"type":"child","parent":"ljpo2fcth2","x":171,"y":117,"tool":"Text"}]},"rjpo2fcthd":{"type":"rect","id":"rjpo2fcthd","color":"#390","size":10,"x":171,"y":117,"x2":171,"y2":117,"tool":"Text","time":1544793940835},"tjpo2fcti9":{"type":"new","id":"tjpo2fcti9","color":"#390","size":27,"x":171,"y":130,"tool":"Text","time":1544793940835},"sjpo2fctjg":{"type":"straight","id":"sjpo2fctjg","color":"#390","size":10,"x":171,"y":117,"tool":"Text","time":1544793940835,"x2":171,"y2":117},"ljpo2fop4v":{"type":"line","id":"ljpo2fop4v","color":"#ff4136","size":10,"tool":"Pencil","time":1544793955620,"_children":[{"type":"child","parent":"ljpo2fop4v","x":1577,"y":597,"tool":"Pencil"},{"type":"child","parent":"ljpo2fop4v","x":1578,"y":597,"tool":"Pencil"},{"type":"child","parent":"ljpo2fop4v","x":1580,"y":599,"tool":"Pencil"},{"type":"child","parent":"ljpo2fop4v","x":1579,"y":602,"tool":"Pencil"},{"type":"child","parent":"ljpo2fop4v","x":1578,"y":601,"tool":"Pencil"}]},"ljpo2fpync":{"type":"line","id":"ljpo2fpync","color":"#ff4136","size":10,"tool":"Pencil","time":1544793957259,"_children":[{"type":"child","parent":"ljpo2fpync","x":1578,"y":621,"tool":"Pencil"},{"type":"child","parent":"ljpo2fpync","x":1578,"y":622,"tool":"Pencil"},{"type":"child","parent":"ljpo2fpync","x":1578,"y":627,"tool":"Pencil"},{"type":"child","parent":"ljpo2fpync","x":1579,"y":632,"tool":"Pencil"},{"type":"child","parent":"ljpo2fpync","x":1579,"y":635,"tool":"Pencil"},{"type":"child","parent":"ljpo2fpync","x":1581,"y":639,"tool":"Pencil"},{"type":"child","parent":"ljpo2fpync","x":1584,"y":644,"tool":"Pencil"},{"type":"child","parent":"ljpo2fpync","x":1584,"y":645,"tool":"Pencil"},{"type":"child","parent":"ljpo2fpync","x":1585,"y":647,"tool":"Pencil"},{"type":"child","parent":"ljpo2fpync","x":1585,"y":650,"tool":"Pencil"},{"type":"child","parent":"ljpo2fpync","x":1585,"y":657,"tool":"Pencil"},{"type":"child","parent":"ljpo2fpync","x":1585,"y":660,"tool":"Pencil"},{"type":"child","parent":"ljpo2fpync","x":1585,"y":663,"tool":"Pencil"},{"type":"child","parent":"ljpo2fpync","x":1584,"y":670,"tool":"Pencil"},{"type":"child","parent":"ljpo2fpync","x":1579,"y":677,"tool":"Pencil"},{"type":"child","parent":"ljpo2fpync","x":1574,"y":684,"tool":"Pencil"},{"type":"child","parent":"ljpo2fpync","x":1572,"y":687,"tool":"Pencil"},{"type":"child","parent":"ljpo2fpync","x":1571,"y":690,"tool":"Pencil"},{"type":"child","parent":"ljpo2fpync","x":1571,"y":693,"tool":"Pencil"}]},"ljpo2fs08t":{"type":"line","id":"ljpo2fs08t","color":"#ff4136","size":10,"tool":"Pencil","time":1544793959908,"_children":[{"type":"child","parent":"ljpo2fs08t","x":1590,"y":668,"tool":"Pencil"},{"type":"child","parent":"ljpo2fs08t","x":1590,"y":667,"tool":"Pencil"},{"type":"child","parent":"ljpo2fs08t","x":1597,"y":674,"tool":"Pencil"},{"type":"child","parent":"ljpo2fs08t","x":1603,"y":679,"tool":"Pencil"},{"type":"child","parent":"ljpo2fs08t","x":1608,"y":683,"tool":"Pencil"},{"type":"child","parent":"ljpo2fs08t","x":1609,"y":684,"tool":"Pencil"},{"type":"child","parent":"ljpo2fs08t","x":1610,"y":686,"tool":"Pencil"},{"type":"child","parent":"ljpo2fs08t","x":1611,"y":689,"tool":"Pencil"},{"type":"child","parent":"ljpo2fs08t","x":1612,"y":692,"tool":"Pencil"},{"type":"child","parent":"ljpo2fs08t","x":1612,"y":692,"tool":"Pencil"}]},"ljpo2fszis":{"type":"line","id":"ljpo2fszis","color":"#ff4136","size":10,"tool":"Pencil","time":1544793961178,"_children":[{"type":"child","parent":"ljpo2fszis","x":1545,"y":680,"tool":"Pencil"},{"type":"child","parent":"ljpo2fszis","x":1545,"y":679,"tool":"Pencil"}]},"ljpo2ft6up":{"type":"line","id":"ljpo2ft6up","color":"#ff4136","size":10,"tool":"Pencil","time":1544793961443,"_children":[{"type":"child","parent":"ljpo2ft6up","x":1547,"y":662,"tool":"Pencil"},{"type":"child","parent":"ljpo2ft6up","x":1547,"y":662,"tool":"Pencil"}]},"ljpo2ftdbv":{"type":"line","id":"ljpo2ftdbv","color":"#ff4136","size":10,"tool":"Pencil","time":1544793961688,"_children":[{"type":"child","parent":"ljpo2ftdbv","x":1571,"y":654,"tool":"Pencil"},{"type":"child","parent":"ljpo2ftdbv","x":1571,"y":654,"tool":"Pencil"}]},"ljpo2ftlb7":{"type":"line","id":"ljpo2ftlb7","color":"#ff4136","size":10,"tool":"Pencil","time":1544793961963,"_children":[{"type":"child","parent":"ljpo2ftlb7","x":1565,"y":642,"tool":"Pencil"},{"type":"child","parent":"ljpo2ftlb7","x":1565,"y":641,"tool":"Pencil"}]},"ljpo2ftrr2":{"type":"line","id":"ljpo2ftrr2","color":"#ff4136","size":10,"tool":"Pencil","time":1544793962208,"_children":[{"type":"child","parent":"ljpo2ftrr2","x":1557,"y":615,"tool":"Pencil"},{"type":"child","parent":"ljpo2ftrr2","x":1557,"y":615,"tool":"Pencil"}]},"ljpo2ftyf6":{"type":"line","id":"ljpo2ftyf6","color":"#ff4136","size":10,"tool":"Pencil","time":1544793962435,"_children":[{"type":"child","parent":"ljpo2ftyf6","x":1538,"y":615,"tool":"Pencil"},{"type":"child","parent":"ljpo2ftyf6","x":1538,"y":615,"tool":"Pencil"}]},"ljpo2fu5be":{"type":"line","id":"ljpo2fu5be","color":"#ff4136","size":10,"tool":"Pencil","time":1544793962683,"_children":[{"type":"child","parent":"ljpo2fu5be","x":1537,"y":639,"tool":"Pencil"},{"type":"child","parent":"ljpo2fu5be","x":1537,"y":639,"tool":"Pencil"}]},"ljpo2fud3p":{"type":"line","id":"ljpo2fud3p","color":"#ff4136","size":10,"tool":"Pencil","time":1544793962963,"_children":[{"type":"child","parent":"ljpo2fud3p","x":1522,"y":650,"tool":"Pencil"},{"type":"child","parent":"ljpo2fud3p","x":1522,"y":651,"tool":"Pencil"}]},"ljpo2fukv0":{"type":"line","id":"ljpo2fukv0","color":"#ff4136","size":10,"tool":"Pencil","time":1544793963243,"_children":[{"type":"child","parent":"ljpo2fukv0","x":1525,"y":667,"tool":"Pencil"}]},"ljpo2fux2a":{"type":"line","id":"ljpo2fux2a","color":"#ff4136","size":10,"tool":"Pencil","time":1544793963683,"_children":[{"type":"child","parent":"ljpo2fux2a","x":1622,"y":674,"tool":"Pencil"},{"type":"child","parent":"ljpo2fux2a","x":1623,"y":674,"tool":"Pencil"}]},"ljpo2fv3yl":{"type":"line","id":"ljpo2fv3yl","color":"#ff4136","size":10,"tool":"Pencil","time":1544793963930,"_children":[{"type":"child","parent":"ljpo2fv3yl","x":1640,"y":667,"tool":"Pencil"},{"type":"child","parent":"ljpo2fv3yl","x":1640,"y":667,"tool":"Pencil"}]},"ljpo2fvanf":{"type":"line","id":"ljpo2fvanf","color":"#ff4136","size":10,"tool":"Pencil","time":1544793964175,"_children":[{"type":"child","parent":"ljpo2fvanf","x":1645,"y":654,"tool":"Pencil"},{"type":"child","parent":"ljpo2fvanf","x":1645,"y":650,"tool":"Pencil"}]},"ljpo2fvh3y":{"type":"line","id":"ljpo2fvh3y","color":"#ff4136","size":10,"tool":"Pencil","time":1544793964403,"_children":[{"type":"child","parent":"ljpo2fvh3y","x":1640,"y":635,"tool":"Pencil"},{"type":"child","parent":"ljpo2fvh3y","x":1640,"y":635,"tool":"Pencil"}]},"ljpo2fvnin":{"type":"line","id":"ljpo2fvnin","color":"#ff4136","size":10,"tool":"Pencil","time":1544793964648,"_children":[{"type":"child","parent":"ljpo2fvnin","x":1620,"y":623,"tool":"Pencil"},{"type":"child","parent":"ljpo2fvnin","x":1619,"y":623,"tool":"Pencil"}]},"ljpo2fvugr":{"type":"line","id":"ljpo2fvugr","color":"#ff4136","size":10,"tool":"Pencil","time":1544793964884,"_children":[{"type":"child","parent":"ljpo2fvugr","x":1624,"y":647,"tool":"Pencil"},{"type":"child","parent":"ljpo2fvugr","x":1626,"y":652,"tool":"Pencil"}]},"ljpo2fw0vx":{"type":"line","id":"ljpo2fw0vx","color":"#ff4136","size":10,"tool":"Pencil","time":1544793965129,"_children":[{"type":"child","parent":"ljpo2fw0vx","x":1631,"y":659,"tool":"Pencil"},{"type":"child","parent":"ljpo2fw0vx","x":1631,"y":660,"tool":"Pencil"}]},"ljpo2fwbq6":{"type":"line","id":"ljpo2fwbq6","color":"#ff4136","size":10,"tool":"Pencil","time":1544793965506,"_children":[{"type":"child","parent":"ljpo2fwbq6","x":1634,"y":630,"tool":"Pencil"},{"type":"child","parent":"ljpo2fwbq6","x":1634,"y":630,"tool":"Pencil"}]},"ljpo2fwjb4":{"type":"line","id":"ljpo2fwjb4","color":"#ff4136","size":10,"tool":"Pencil","time":1544793965779,"_children":[{"type":"child","parent":"ljpo2fwjb4","x":1650,"y":609,"tool":"Pencil"},{"type":"child","parent":"ljpo2fwjb4","x":1650,"y":609,"tool":"Pencil"}]},"ljpo2fwrzx":{"type":"line","id":"ljpo2fwrzx","color":"#ff4136","size":10,"tool":"Pencil","time":1544793966091,"_children":[{"type":"child","parent":"ljpo2fwrzx","x":1612,"y":622,"tool":"Pencil"},{"type":"child","parent":"ljpo2fwrzx","x":1612,"y":622,"tool":"Pencil"}]},"ljpo2fx0d3":{"type":"line","id":"ljpo2fx0d3","color":"#ff4136","size":10,"tool":"Pencil","time":1544793966395,"_children":[{"type":"child","parent":"ljpo2fx0d3","x":1586,"y":606,"tool":"Pencil"},{"type":"child","parent":"ljpo2fx0d3","x":1586,"y":606,"tool":"Pencil"}]},"ljpo2fx9hw":{"type":"line","id":"ljpo2fx9hw","color":"#ff4136","size":10,"tool":"Pencil","time":1544793966723,"_children":[{"type":"child","parent":"ljpo2fx9hw","x":1603,"y":637,"tool":"Pencil"},{"type":"child","parent":"ljpo2fx9hw","x":1603,"y":637,"tool":"Pencil"}]},"ljpo2fxh1b":{"type":"line","id":"ljpo2fxh1b","color":"#ff4136","size":10,"tool":"Pencil","time":1544793966995,"_children":[{"type":"child","parent":"ljpo2fxh1b","x":1612,"y":648,"tool":"Pencil"},{"type":"child","parent":"ljpo2fxh1b","x":1613,"y":649,"tool":"Pencil"}]},"ljpo2fxrpr":{"type":"line","id":"ljpo2fxrpr","color":"#ff4136","size":10,"tool":"Pencil","time":1544793967379,"_children":[{"type":"child","parent":"ljpo2fxrpr","x":1614,"y":664,"tool":"Pencil"},{"type":"child","parent":"ljpo2fxrpr","x":1614,"y":664,"tool":"Pencil"}]},"ljpo2fyiuo":{"type":"line","id":"ljpo2fyiuo","color":"#ff4136","size":10,"tool":"Pencil","time":1544793968355,"_children":[{"type":"child","parent":"ljpo2fyiuo","x":1513,"y":690,"tool":"Pencil"},{"type":"child","parent":"ljpo2fyiuo","x":1513,"y":689,"tool":"Pencil"},{"type":"child","parent":"ljpo2fyiuo","x":1511,"y":656,"tool":"Pencil"},{"type":"child","parent":"ljpo2fyiuo","x":1500,"y":618,"tool":"Pencil"},{"type":"child","parent":"ljpo2fyiuo","x":1502,"y":592,"tool":"Pencil"},{"type":"child","parent":"ljpo2fyiuo","x":1510,"y":578,"tool":"Pencil"},{"type":"child","parent":"ljpo2fyiuo","x":1539,"y":571,"tool":"Pencil"},{"type":"child","parent":"ljpo2fyiuo","x":1550,"y":570,"tool":"Pencil"},{"type":"child","parent":"ljpo2fyiuo","x":1574,"y":571,"tool":"Pencil"},{"type":"child","parent":"ljpo2fyiuo","x":1605,"y":573,"tool":"Pencil"},{"type":"child","parent":"ljpo2fyiuo","x":1631,"y":576,"tool":"Pencil"},{"type":"child","parent":"ljpo2fyiuo","x":1652,"y":589,"tool":"Pencil"},{"type":"child","parent":"ljpo2fyiuo","x":1668,"y":599,"tool":"Pencil"},{"type":"child","parent":"ljpo2fyiuo","x":1684,"y":617,"tool":"Pencil"},{"type":"child","parent":"ljpo2fyiuo","x":1690,"y":637,"tool":"Pencil"},{"type":"child","parent":"ljpo2fyiuo","x":1690,"y":657,"tool":"Pencil"},{"type":"child","parent":"ljpo2fyiuo","x":1690,"y":665,"tool":"Pencil"},{"type":"child","parent":"ljpo2fyiuo","x":1690,"y":674,"tool":"Pencil"},{"type":"child","parent":"ljpo2fyiuo","x":1690,"y":683,"tool":"Pencil"},{"type":"child","parent":"ljpo2fyiuo","x":1690,"y":688,"tool":"Pencil"},{"type":"child","parent":"ljpo2fyiuo","x":1691,"y":691,"tool":"Pencil"},{"type":"child","parent":"ljpo2fyiuo","x":1691,"y":692,"tool":"Pencil"},{"type":"child","parent":"ljpo2fyiuo","x":1691,"y":696,"tool":"Pencil"}]},"ljpo2g0niz":{"type":"line","id":"ljpo2g0niz","color":"#ff4136","size":10,"tool":"Pencil","time":1544793971116,"_children":[{"type":"child","parent":"ljpo2g0niz","x":1657,"y":588,"tool":"Pencil"},{"type":"child","parent":"ljpo2g0niz","x":1657,"y":584,"tool":"Pencil"},{"type":"child","parent":"ljpo2g0niz","x":1657,"y":561,"tool":"Pencil"},{"type":"child","parent":"ljpo2g0niz","x":1657,"y":554,"tool":"Pencil"}]},"ljpo2g1jp9":{"type":"line","id":"ljpo2g1jp9","color":"#ff4136","size":10,"tool":"Pencil","time":1544793972275,"_children":[{"type":"child","parent":"ljpo2g1jp9","x":1515,"y":576,"tool":"Pencil"},{"type":"child","parent":"ljpo2g1jp9","x":1515,"y":575,"tool":"Pencil"},{"type":"child","parent":"ljpo2g1jp9","x":1515,"y":569,"tool":"Pencil"},{"type":"child","parent":"ljpo2g1jp9","x":1510,"y":551,"tool":"Pencil"},{"type":"child","parent":"ljpo2g1jp9","x":1509,"y":547,"tool":"Pencil"},{"type":"child","parent":"ljpo2g1jp9","x":1509,"y":545,"tool":"Pencil"},{"type":"child","parent":"ljpo2g1jp9","x":1509,"y":540,"tool":"Pencil"}]},"ljpo2g2vhk":{"type":"line","id":"ljpo2g2vhk","color":"#ff4136","size":10,"tool":"Pencil","time":1544793973995,"_children":[{"type":"child","parent":"ljpo2g2vhk","x":1509,"y":585,"tool":"Pencil"},{"type":"child","parent":"ljpo2g2vhk","x":1509,"y":584,"tool":"Pencil"},{"type":"child","parent":"ljpo2g2vhk","x":1497,"y":577,"tool":"Pencil"},{"type":"child","parent":"ljpo2g2vhk","x":1487,"y":566,"tool":"Pencil"},{"type":"child","parent":"ljpo2g2vhk","x":1477,"y":545,"tool":"Pencil"},{"type":"child","parent":"ljpo2g2vhk","x":1474,"y":525,"tool":"Pencil"},{"type":"child","parent":"ljpo2g2vhk","x":1478,"y":516,"tool":"Pencil"},{"type":"child","parent":"ljpo2g2vhk","x":1498,"y":512,"tool":"Pencil"},{"type":"child","parent":"ljpo2g2vhk","x":1503,"y":512,"tool":"Pencil"},{"type":"child","parent":"ljpo2g2vhk","x":1515,"y":517,"tool":"Pencil"},{"type":"child","parent":"ljpo2g2vhk","x":1521,"y":525,"tool":"Pencil"},{"type":"child","parent":"ljpo2g2vhk","x":1525,"y":540,"tool":"Pencil"},{"type":"child","parent":"ljpo2g2vhk","x":1527,"y":545,"tool":"Pencil"},{"type":"child","parent":"ljpo2g2vhk","x":1531,"y":549,"tool":"Pencil"},{"type":"child","parent":"ljpo2g2vhk","x":1533,"y":556,"tool":"Pencil"},{"type":"child","parent":"ljpo2g2vhk","x":1535,"y":564,"tool":"Pencil"},{"type":"child","parent":"ljpo2g2vhk","x":1536,"y":565,"tool":"Pencil"}]},"ljpo2g4mlg":{"type":"line","id":"ljpo2g4mlg","color":"#ff4136","size":10,"tool":"Pencil","time":1544793976267,"_children":[{"type":"child","parent":"ljpo2g4mlg","x":1623,"y":569,"tool":"Pencil"},{"type":"child","parent":"ljpo2g4mlg","x":1623,"y":568,"tool":"Pencil"},{"type":"child","parent":"ljpo2g4mlg","x":1626,"y":547,"tool":"Pencil"},{"type":"child","parent":"ljpo2g4mlg","x":1633,"y":538,"tool":"Pencil"},{"type":"child","parent":"ljpo2g4mlg","x":1645,"y":534,"tool":"Pencil"},{"type":"child","parent":"ljpo2g4mlg","x":1654,"y":534,"tool":"Pencil"},{"type":"child","parent":"ljpo2g4mlg","x":1665,"y":537,"tool":"Pencil"},{"type":"child","parent":"ljpo2g4mlg","x":1673,"y":547,"tool":"Pencil"},{"type":"child","parent":"ljpo2g4mlg","x":1677,"y":558,"tool":"Pencil"},{"type":"child","parent":"ljpo2g4mlg","x":1679,"y":569,"tool":"Pencil"},{"type":"child","parent":"ljpo2g4mlg","x":1682,"y":576,"tool":"Pencil"},{"type":"child","parent":"ljpo2g4mlg","x":1689,"y":584,"tool":"Pencil"},{"type":"child","parent":"ljpo2g4mlg","x":1691,"y":588,"tool":"Pencil"},{"type":"child","parent":"ljpo2g4mlg","x":1690,"y":592,"tool":"Pencil"},{"type":"child","parent":"ljpo2g4mlg","x":1684,"y":595,"tool":"Pencil"},{"type":"child","parent":"ljpo2g4mlg","x":1679,"y":596,"tool":"Pencil"},{"type":"child","parent":"ljpo2g4mlg","x":1677,"y":598,"tool":"Pencil"},{"type":"child","parent":"ljpo2g4mlg","x":1677,"y":598,"tool":"Pencil"}]},"ljpo2g6ssv":{"type":"line","id":"ljpo2g6ssv","color":"#ff4136","size":10,"tool":"Pencil","time":1544793979083,"_children":[{"type":"child","parent":"ljpo2g6ssv","x":1502,"y":622,"tool":"Pencil"},{"type":"child","parent":"ljpo2g6ssv","x":1501,"y":622,"tool":"Pencil"},{"type":"child","parent":"ljpo2g6ssv","x":1492,"y":610,"tool":"Pencil"},{"type":"child","parent":"ljpo2g6ssv","x":1460,"y":587,"tool":"Pencil"},{"type":"child","parent":"ljpo2g6ssv","x":1444,"y":567,"tool":"Pencil"},{"type":"child","parent":"ljpo2g6ssv","x":1434,"y":546,"tool":"Pencil"},{"type":"child","parent":"ljpo2g6ssv","x":1433,"y":523,"tool":"Pencil"},{"type":"child","parent":"ljpo2g6ssv","x":1436,"y":508,"tool":"Pencil"},{"type":"child","parent":"ljpo2g6ssv","x":1444,"y":497,"tool":"Pencil"},{"type":"child","parent":"ljpo2g6ssv","x":1483,"y":487,"tool":"Pencil"},{"type":"child","parent":"ljpo2g6ssv","x":1511,"y":482,"tool":"Pencil"},{"type":"child","parent":"ljpo2g6ssv","x":1534,"y":482,"tool":"Pencil"},{"type":"child","parent":"ljpo2g6ssv","x":1561,"y":482,"tool":"Pencil"},{"type":"child","parent":"ljpo2g6ssv","x":1606,"y":482,"tool":"Pencil"},{"type":"child","parent":"ljpo2g6ssv","x":1634,"y":488,"tool":"Pencil"},{"type":"child","parent":"ljpo2g6ssv","x":1649,"y":494,"tool":"Pencil"},{"type":"child","parent":"ljpo2g6ssv","x":1672,"y":505,"tool":"Pencil"},{"type":"child","parent":"ljpo2g6ssv","x":1692,"y":520,"tool":"Pencil"},{"type":"child","parent":"ljpo2g6ssv","x":1706,"y":529,"tool":"Pencil"},{"type":"child","parent":"ljpo2g6ssv","x":1725,"y":551,"tool":"Pencil"},{"type":"child","parent":"ljpo2g6ssv","x":1740,"y":577,"tool":"Pencil"},{"type":"child","parent":"ljpo2g6ssv","x":1743,"y":594,"tool":"Pencil"},{"type":"child","parent":"ljpo2g6ssv","x":1738,"y":613,"tool":"Pencil"},{"type":"child","parent":"ljpo2g6ssv","x":1726,"y":622,"tool":"Pencil"},{"type":"child","parent":"ljpo2g6ssv","x":1722,"y":623,"tool":"Pencil"},{"type":"child","parent":"ljpo2g6ssv","x":1711,"y":626,"tool":"Pencil"},{"type":"child","parent":"ljpo2g6ssv","x":1701,"y":629,"tool":"Pencil"},{"type":"child","parent":"ljpo2g6ssv","x":1698,"y":629,"tool":"Pencil"},{"type":"child","parent":"ljpo2g6ssv","x":1696,"y":631,"tool":"Pencil"}]},"ljpo2g92lo":{"type":"line","id":"ljpo2g92lo","color":"#ff4136","size":10,"tool":"Pencil","time":1544793982028,"_children":[{"type":"child","parent":"ljpo2g92lo","x":1734,"y":550,"tool":"Pencil"},{"type":"child","parent":"ljpo2g92lo","x":1735,"y":549,"tool":"Pencil"},{"type":"child","parent":"ljpo2g92lo","x":1748,"y":538,"tool":"Pencil"},{"type":"child","parent":"ljpo2g92lo","x":1764,"y":532,"tool":"Pencil"},{"type":"child","parent":"ljpo2g92lo","x":1772,"y":533,"tool":"Pencil"},{"type":"child","parent":"ljpo2g92lo","x":1780,"y":543,"tool":"Pencil"},{"type":"child","parent":"ljpo2g92lo","x":1794,"y":561,"tool":"Pencil"},{"type":"child","parent":"ljpo2g92lo","x":1808,"y":577,"tool":"Pencil"},{"type":"child","parent":"ljpo2g92lo","x":1809,"y":579,"tool":"Pencil"}]},"ljpo2ga31r":{"type":"line","id":"ljpo2ga31r","color":"#ff4136","size":10,"tool":"Pencil","time":1544793983340,"_children":[{"type":"child","parent":"ljpo2ga31r","x":1715,"y":535,"tool":"Pencil"},{"type":"child","parent":"ljpo2ga31r","x":1716,"y":535,"tool":"Pencil"},{"type":"child","parent":"ljpo2ga31r","x":1732,"y":519,"tool":"Pencil"},{"type":"child","parent":"ljpo2ga31r","x":1751,"y":505,"tool":"Pencil"},{"type":"child","parent":"ljpo2ga31r","x":1786,"y":505,"tool":"Pencil"},{"type":"child","parent":"ljpo2ga31r","x":1813,"y":505,"tool":"Pencil"},{"type":"child","parent":"ljpo2ga31r","x":1827,"y":512,"tool":"Pencil"},{"type":"child","parent":"ljpo2ga31r","x":1839,"y":544,"tool":"Pencil"},{"type":"child","parent":"ljpo2ga31r","x":1842,"y":570,"tool":"Pencil"},{"type":"child","parent":"ljpo2ga31r","x":1842,"y":589,"tool":"Pencil"},{"type":"child","parent":"ljpo2ga31r","x":1842,"y":603,"tool":"Pencil"},{"type":"child","parent":"ljpo2ga31r","x":1840,"y":623,"tool":"Pencil"},{"type":"child","parent":"ljpo2ga31r","x":1835,"y":631,"tool":"Pencil"},{"type":"child","parent":"ljpo2ga31r","x":1828,"y":632,"tool":"Pencil"},{"type":"child","parent":"ljpo2ga31r","x":1807,"y":607,"tool":"Pencil"},{"type":"child","parent":"ljpo2ga31r","x":1796,"y":592,"tool":"Pencil"},{"type":"child","parent":"ljpo2ga31r","x":1780,"y":585,"tool":"Pencil"},{"type":"child","parent":"ljpo2ga31r","x":1764,"y":580,"tool":"Pencil"},{"type":"child","parent":"ljpo2ga31r","x":1749,"y":573,"tool":"Pencil"},{"type":"child","parent":"ljpo2ga31r","x":1745,"y":572,"tool":"Pencil"},{"type":"child","parent":"ljpo2ga31r","x":1743,"y":573,"tool":"Pencil"}]},"ljpo2gcbp1":{"type":"line","id":"ljpo2gcbp1","color":"#ff4136","size":10,"tool":"Pencil","time":1544793986244,"_children":[{"type":"child","parent":"ljpo2gcbp1","x":1438,"y":501,"tool":"Pencil"},{"type":"child","parent":"ljpo2gcbp1","x":1438,"y":500,"tool":"Pencil"},{"type":"child","parent":"ljpo2gcbp1","x":1427,"y":485,"tool":"Pencil"},{"type":"child","parent":"ljpo2gcbp1","x":1418,"y":474,"tool":"Pencil"},{"type":"child","parent":"ljpo2gcbp1","x":1411,"y":467,"tool":"Pencil"},{"type":"child","parent":"ljpo2gcbp1","x":1405,"y":465,"tool":"Pencil"},{"type":"child","parent":"ljpo2gcbp1","x":1398,"y":468,"tool":"Pencil"},{"type":"child","parent":"ljpo2gcbp1","x":1391,"y":489,"tool":"Pencil"},{"type":"child","parent":"ljpo2gcbp1","x":1392,"y":499,"tool":"Pencil"},{"type":"child","parent":"ljpo2gcbp1","x":1393,"y":500,"tool":"Pencil"}]},"ljpo2gdfpg":{"type":"line","id":"ljpo2gdfpg","color":"#ff4136","size":10,"tool":"Pencil","time":1544793987683,"_children":[{"type":"child","parent":"ljpo2gdfpg","x":1473,"y":490,"tool":"Pencil"},{"type":"child","parent":"ljpo2gdfpg","x":1472,"y":488,"tool":"Pencil"},{"type":"child","parent":"ljpo2gdfpg","x":1457,"y":474,"tool":"Pencil"},{"type":"child","parent":"ljpo2gdfpg","x":1424,"y":451,"tool":"Pencil"},{"type":"child","parent":"ljpo2gdfpg","x":1406,"y":444,"tool":"Pencil"},{"type":"child","parent":"ljpo2gdfpg","x":1380,"y":444,"tool":"Pencil"},{"type":"child","parent":"ljpo2gdfpg","x":1368,"y":449,"tool":"Pencil"},{"type":"child","parent":"ljpo2gdfpg","x":1368,"y":454,"tool":"Pencil"},{"type":"child","parent":"ljpo2gdfpg","x":1370,"y":461,"tool":"Pencil"},{"type":"child","parent":"ljpo2gdfpg","x":1373,"y":465,"tool":"Pencil"},{"type":"child","parent":"ljpo2gdfpg","x":1377,"y":468,"tool":"Pencil"},{"type":"child","parent":"ljpo2gdfpg","x":1378,"y":474,"tool":"Pencil"},{"type":"child","parent":"ljpo2gdfpg","x":1378,"y":480,"tool":"Pencil"},{"type":"child","parent":"ljpo2gdfpg","x":1379,"y":486,"tool":"Pencil"},{"type":"child","parent":"ljpo2gdfpg","x":1379,"y":492,"tool":"Pencil"},{"type":"child","parent":"ljpo2gdfpg","x":1379,"y":498,"tool":"Pencil"},{"type":"child","parent":"ljpo2gdfpg","x":1378,"y":504,"tool":"Pencil"},{"type":"child","parent":"ljpo2gdfpg","x":1374,"y":514,"tool":"Pencil"},{"type":"child","parent":"ljpo2gdfpg","x":1372,"y":524,"tool":"Pencil"},{"type":"child","parent":"ljpo2gdfpg","x":1371,"y":536,"tool":"Pencil"},{"type":"child","parent":"ljpo2gdfpg","x":1377,"y":553,"tool":"Pencil"},{"type":"child","parent":"ljpo2gdfpg","x":1388,"y":559,"tool":"Pencil"},{"type":"child","parent":"ljpo2gdfpg","x":1400,"y":562,"tool":"Pencil"},{"type":"child","parent":"ljpo2gdfpg","x":1406,"y":558,"tool":"Pencil"},{"type":"child","parent":"ljpo2gdfpg","x":1411,"y":540,"tool":"Pencil"},{"type":"child","parent":"ljpo2gdfpg","x":1411,"y":528,"tool":"Pencil"},{"type":"child","parent":"ljpo2gdfpg","x":1412,"y":525,"tool":"Pencil"},{"type":"child","parent":"ljpo2gdfpg","x":1421,"y":524,"tool":"Pencil"},{"type":"child","parent":"ljpo2gdfpg","x":1423,"y":523,"tool":"Pencil"},{"type":"child","parent":"ljpo2gdfpg","x":1425,"y":522,"tool":"Pencil"},{"type":"child","parent":"ljpo2gdfpg","x":1427,"y":521,"tool":"Pencil"},{"type":"child","parent":"ljpo2gdfpg","x":1430,"y":521,"tool":"Pencil"}]}}