{"lk18yrt9ra":{"type":"line","id":"lk18yrt9ra","color":"#010001","size":10,"tool":"Pencil","time":1570002198357,"_children":[{"type":"child","parent":"lk18yrt9ra","x":383,"y":32,"tool":"Pencil"},{"type":"child","parent":"lk18yrt9ra","x":377,"y":32,"tool":"Pencil"},{"type":"child","parent":"lk18yrt9ra","x":326,"y":32,"tool":"Pencil"},{"type":"child","parent":"lk18yrt9ra","x":245,"y":43,"tool":"Pencil"},{"type":"child","parent":"lk18yrt9ra","x":204,"y":68,"tool":"Pencil"},{"type":"child","parent":"lk18yrt9ra","x":195,"y":88,"tool":"Pencil"},{"type":"child","parent":"lk18yrt9ra","x":241,"y":127,"tool":"Pencil"},{"type":"child","parent":"lk18yrt9ra","x":327,"y":147,"tool":"Pencil"},{"type":"child","parent":"lk18yrt9ra","x":399,"y":128,"tool":"Pencil"},{"type":"child","parent":"lk18yrt9ra","x":423,"y":86,"tool":"Pencil"},{"type":"child","parent":"lk18yrt9ra","x":418,"y":50,"tool":"Pencil"},{"type":"child","parent":"lk18yrt9ra","x":400,"y":33,"tool":"Pencil"},{"type":"child","parent":"lk18yrt9ra","x":375,"y":28,"tool":"Pencil"},{"type":"child","parent":"lk18yrt9ra","x":361,"y":27,"tool":"Pencil"}]},"lk18yrv0v2":{"type":"line","id":"lk18yrv0v2","color":"#010001","size":10,"tool":"Pencil","time":1570002200628,"_children":[{"type":"child","parent":"lk18yrv0v2","x":423,"y":68,"tool":"Pencil"},{"type":"child","parent":"lk18yrv0v2","x":426,"y":68,"tool":"Pencil"},{"type":"child","parent":"lk18yrv0v2","x":465,"y":68,"tool":"Pencil"},{"type":"child","parent":"lk18yrv0v2","x":488,"y":68,"tool":"Pencil"}]},"lk18yrvw6p":{"type":"line","id":"lk18yrvw6p","color":"#010001","size":10,"tool":"Pencil","time":1570002201755,"_children":[{"type":"child","parent":"lk18yrvw6p","x":490,"y":62,"tool":"Pencil"},{"type":"child","parent":"lk18yrvw6p","x":490,"y":64,"tool":"Pencil"},{"type":"child","parent":"lk18yrvw6p","x":490,"y":144,"tool":"Pencil"},{"type":"child","parent":"lk18yrvw6p","x":490,"y":204,"tool":"Pencil"},{"type":"child","parent":"lk18yrvw6p","x":497,"y":209,"tool":"Pencil"},{"type":"child","parent":"lk18yrvw6p","x":613,"y":194,"tool":"Pencil"},{"type":"child","parent":"lk18yrvw6p","x":653,"y":194,"tool":"Pencil"},{"type":"child","parent":"lk18yrvw6p","x":656,"y":193,"tool":"Pencil"},{"type":"child","parent":"lk18yrvw6p","x":649,"y":163,"tool":"Pencil"},{"type":"child","parent":"lk18yrvw6p","x":637,"y":71,"tool":"Pencil"},{"type":"child","parent":"lk18yrvw6p","x":634,"y":55,"tool":"Pencil"},{"type":"child","parent":"lk18yrvw6p","x":631,"y":55,"tool":"Pencil"},{"type":"child","parent":"lk18yrvw6p","x":582,"y":59,"tool":"Pencil"},{"type":"child","parent":"lk18yrvw6p","x":525,"y":67,"tool":"Pencil"},{"type":"child","parent":"lk18yrvw6p","x":494,"y":73,"tool":"Pencil"},{"type":"child","parent":"lk18yrvw6p","x":489,"y":75,"tool":"Pencil"}]},"lk18yrxw0x":{"type":"line","id":"lk18yrxw0x","color":"#010001","size":10,"tool":"Pencil","time":1570002204346,"_children":[{"type":"child","parent":"lk18yrxw0x","x":484,"y":204,"tool":"Pencil"},{"type":"child","parent":"lk18yrxw0x","x":484,"y":207,"tool":"Pencil"},{"type":"child","parent":"lk18yrxw0x","x":422,"y":321,"tool":"Pencil"},{"type":"child","parent":"lk18yrxw0x","x":392,"y":389,"tool":"Pencil"}]},"lk18yryst6":{"type":"line","id":"lk18yryst6","color":"#010001","size":10,"tool":"Pencil","time":1570002205521,"_children":[{"type":"child","parent":"lk18yryst6","x":603,"y":189,"tool":"Pencil"},{"type":"child","parent":"lk18yryst6","x":603,"y":192,"tool":"Pencil"},{"type":"child","parent":"lk18yryst6","x":621,"y":302,"tool":"Pencil"},{"type":"child","parent":"lk18yryst6","x":636,"y":373,"tool":"Pencil"},{"type":"child","parent":"lk18yryst6","x":639,"y":382,"tool":"Pencil"}]}}