{"tk7vojbb3o":{"type":"new","id":"tk7vojbb3o","color":"#7fdbff","size":27,"x":196,"y":195.5,"tool":"Text","time":1584436424894},"tk7vojjneo":{"type":"new","id":"tk7vojjneo","color":"#7fdbff","size":27,"x":209,"y":318.5,"tool":"Text","time":1584436435694,"txt":"TEST"},"tk7vojmqtt":{"type":"new","id":"tk7vojmqtt","color":"#7fdbff","size":27,"x":693,"y":560.5,"tool":"Text","time":1584436439711,"txt":"TEST1TEST3"},"tk7vojw6bq":{"type":"new","id":"tk7vojw6bq","color":"#7fdbff","size":27,"x":774,"y":266.5,"tool":"Text","time":1584436451932,"txt":"TEST4"},"tk7vojyuu10":{"type":"new","id":"tk7vojyuu10","color":"#7fdbff","size":27,"x":442,"y":472.5,"tool":"Text","time":1584436455413,"txt":"ICH liebe dich"},"sk7vok5ois":{"type":"straight","id":"sk7vok5ois","color":"#7fdbff","size":10,"x":268,"y":338,"tool":"Straight line","time":1584436464250,"x2":434,"y2":452},"sk7vok8yjj":{"type":"straight","id":"sk7vok8yjj","color":"#7fdbff","size":10,"x":434,"y":450,"tool":"Straight line","time":1584436468500,"x2":293,"y2":563},"sk7vokahfo":{"type":"straight","id":"sk7vokahfo","color":"#7fdbff","size":10,"x":293,"y":563,"tool":"Straight line","time":1584436470475,"x2":673,"y2":549},"sk7vokfcri":{"type":"straight","id":"sk7vokfcri","color":"#7fdbff","size":10,"x":451,"y":212,"tool":"Straight line","time":1584436476794,"x2":451,"y2":212},"tk7vokhjtd":{"type":"new","id":"tk7vokhjtd","color":"#7fdbff","size":27,"x":550,"y":318.5,"tool":"Text","time":1584436479634,"txt":"Hallo mein Schatz!"},"tk7voklc0b":{"type":"new","id":"tk7voklc0b","color":"#7fdbff","size":27,"x":550,"y":359,"tool":"Text","time":1584436484533,"txt":"Liebst du mich?"},"tk7vokpyl7":{"type":"new","id":"tk7vokpyl7","color":"#7fdbff","size":27,"x":1059,"y":343.5,"tool":"Text","time":1584436490536,"txt":"KUSS"},"tk7voks50a":{"type":"new","id":"tk7voks50a","color":"#7fdbff","size":27,"x":1045,"y":585.5,"tool":"Text","time":1584436493352,"txt":"KUSSKUSS"},"tk7vokunff":{"type":"new","id":"tk7vokunff","color":"#7fdbff","size":27,"x":1039,"y":166.5,"tool":"Text","time":1584436496605,"txt":"KUSS"},"rk7vol41c9":{"type":"rect","id":"rk7vol41c9","color":"#7fdbff","size":10,"x":155,"y":142,"x2":1252,"y2":692,"tool":"Rectangle","time":1584436508778},"lk7vol7nt0":{"type":"line","id":"lk7vol7nt0","color":"#7fdbff","size":10,"tool":"Pencil","time":1584436513524,"_children":[{"type":"child","parent":"lk7vol7nt0","x":958,"y":465,"tool":"Pencil"},{"type":"child","parent":"lk7vol7nt0","x":958,"y":465,"tool":"Pencil"},{"type":"child","parent":"lk7vol7nt0","x":949,"y":464,"tool":"Pencil"},{"type":"child","parent":"lk7vol7nt0","x":941,"y":459,"tool":"Pencil"},{"type":"child","parent":"lk7vol7nt0","x":937,"y":457,"tool":"Pencil"},{"type":"child","parent":"lk7vol7nt0","x":933,"y":455,"tool":"Pencil"},{"type":"child","parent":"lk7vol7nt0","x":931,"y":453,"tool":"Pencil"},{"type":"child","parent":"lk7vol7nt0","x":928,"y":450,"tool":"Pencil"},{"type":"child","parent":"lk7vol7nt0","x":926,"y":448,"tool":"Pencil"},{"type":"child","parent":"lk7vol7nt0","x":924,"y":446,"tool":"Pencil"},{"type":"child","parent":"lk7vol7nt0","x":921,"y":442,"tool":"Pencil"},{"type":"child","parent":"lk7vol7nt0","x":918,"y":437,"tool":"Pencil"},{"type":"child","parent":"lk7vol7nt0","x":916,"y":433,"tool":"Pencil"},{"type":"child","parent":"lk7vol7nt0","x":915,"y":430,"tool":"Pencil"},{"type":"child","parent":"lk7vol7nt0","x":915,"y":426,"tool":"Pencil"},{"type":"child","parent":"lk7vol7nt0","x":914,"y":422,"tool":"Pencil"},{"type":"child","parent":"lk7vol7nt0","x":914,"y":419,"tool":"Pencil"},{"type":"child","parent":"lk7vol7nt0","x":914,"y":417,"tool":"Pencil"},{"type":"child","parent":"lk7vol7nt0","x":916,"y":415,"tool":"Pencil"},{"type":"child","parent":"lk7vol7nt0","x":919,"y":412,"tool":"Pencil"},{"type":"child","parent":"lk7vol7nt0","x":922,"y":409,"tool":"Pencil"},{"type":"child","parent":"lk7vol7nt0","x":926,"y":407,"tool":"Pencil"},{"type":"child","parent":"lk7vol7nt0","x":931,"y":405,"tool":"Pencil"},{"type":"child","parent":"lk7vol7nt0","x":935,"y":405,"tool":"Pencil"},{"type":"child","parent":"lk7vol7nt0","x":939,"y":405,"tool":"Pencil"},{"type":"child","parent":"lk7vol7nt0","x":943,"y":407,"tool":"Pencil"},{"type":"child","parent":"lk7vol7nt0","x":945,"y":408,"tool":"Pencil"},{"type":"child","parent":"lk7vol7nt0","x":947,"y":410,"tool":"Pencil"},{"type":"child","parent":"lk7vol7nt0","x":949,"y":412,"tool":"Pencil"},{"type":"child","parent":"lk7vol7nt0","x":952,"y":414,"tool":"Pencil"},{"type":"child","parent":"lk7vol7nt0","x":953,"y":417,"tool":"Pencil"},{"type":"child","parent":"lk7vol7nt0","x":953,"y":418,"tool":"Pencil"},{"type":"child","parent":"lk7vol7nt0","x":954,"y":414,"tool":"Pencil"},{"type":"child","parent":"lk7vol7nt0","x":956,"y":409,"tool":"Pencil"},{"type":"child","parent":"lk7vol7nt0","x":958,"y":406,"tool":"Pencil"},{"type":"child","parent":"lk7vol7nt0","x":961,"y":403,"tool":"Pencil"},{"type":"child","parent":"lk7vol7nt0","x":964,"y":402,"tool":"Pencil"},{"type":"child","parent":"lk7vol7nt0","x":970,"y":399,"tool":"Pencil"},{"type":"child","parent":"lk7vol7nt0","x":974,"y":398,"tool":"Pencil"},{"type":"child","parent":"lk7vol7nt0","x":979,"y":399,"tool":"Pencil"},{"type":"child","parent":"lk7vol7nt0","x":983,"y":403,"tool":"Pencil"},{"type":"child","parent":"lk7vol7nt0","x":985,"y":407,"tool":"Pencil"},{"type":"child","parent":"lk7vol7nt0","x":986,"y":412,"tool":"Pencil"},{"type":"child","parent":"lk7vol7nt0","x":986,"y":416,"tool":"Pencil"},{"type":"child","parent":"lk7vol7nt0","x":986,"y":419,"tool":"Pencil"},{"type":"child","parent":"lk7vol7nt0","x":984,"y":424,"tool":"Pencil"},{"type":"child","parent":"lk7vol7nt0","x":983,"y":427,"tool":"Pencil"},{"type":"child","parent":"lk7vol7nt0","x":981,"y":430,"tool":"Pencil"},{"type":"child","parent":"lk7vol7nt0","x":979,"y":433,"tool":"Pencil"},{"type":"child","parent":"lk7vol7nt0","x":977,"y":438,"tool":"Pencil"},{"type":"child","parent":"lk7vol7nt0","x":973,"y":443,"tool":"Pencil"},{"type":"child","parent":"lk7vol7nt0","x":971,"y":447,"tool":"Pencil"},{"type":"child","parent":"lk7vol7nt0","x":970,"y":450,"tool":"Pencil"},{"type":"child","parent":"lk7vol7nt0","x":968,"y":453,"tool":"Pencil"},{"type":"child","parent":"lk7vol7nt0","x":966,"y":457,"tool":"Pencil"},{"type":"child","parent":"lk7vol7nt0","x":965,"y":458,"tool":"Pencil"},{"type":"child","parent":"lk7vol7nt0","x":965,"y":458,"tool":"Pencil"},{"type":"child","parent":"lk7vol7nt0","x":963,"y":464,"tool":"Pencil"},{"type":"child","parent":"lk7vol7nt0","x":962,"y":466,"tool":"Pencil"}]},"lk7voli6ab":{"type":"line","id":"lk7voli6ab","color":"#7fdbff","size":10,"tool":"Pencil","time":1584436527092,"_children":[{"type":"child","parent":"lk7voli6ab","x":491,"y":311,"tool":"Pencil"},{"type":"child","parent":"lk7voli6ab","x":490,"y":311,"tool":"Pencil"},{"type":"child","parent":"lk7voli6ab","x":459,"y":303,"tool":"Pencil"},{"type":"child","parent":"lk7voli6ab","x":447,"y":295,"tool":"Pencil"},{"type":"child","parent":"lk7voli6ab","x":436,"y":285,"tool":"Pencil"},{"type":"child","parent":"lk7voli6ab","x":424,"y":272,"tool":"Pencil"},{"type":"child","parent":"lk7voli6ab","x":421,"y":263,"tool":"Pencil"},{"type":"child","parent":"lk7voli6ab","x":422,"y":253,"tool":"Pencil"},{"type":"child","parent":"lk7voli6ab","x":433,"y":244,"tool":"Pencil"},{"type":"child","parent":"lk7voli6ab","x":447,"y":238,"tool":"Pencil"},{"type":"child","parent":"lk7voli6ab","x":454,"y":238,"tool":"Pencil"},{"type":"child","parent":"lk7voli6ab","x":462,"y":243,"tool":"Pencil"},{"type":"child","parent":"lk7voli6ab","x":467,"y":259,"tool":"Pencil"},{"type":"child","parent":"lk7voli6ab","x":469,"y":264,"tool":"Pencil"},{"type":"child","parent":"lk7voli6ab","x":469,"y":264,"tool":"Pencil"},{"type":"child","parent":"lk7voli6ab","x":473,"y":252,"tool":"Pencil"},{"type":"child","parent":"lk7voli6ab","x":480,"y":242,"tool":"Pencil"},{"type":"child","parent":"lk7voli6ab","x":488,"y":237,"tool":"Pencil"},{"type":"child","parent":"lk7voli6ab","x":499,"y":238,"tool":"Pencil"},{"type":"child","parent":"lk7voli6ab","x":507,"y":250,"tool":"Pencil"},{"type":"child","parent":"lk7voli6ab","x":509,"y":268,"tool":"Pencil"},{"type":"child","parent":"lk7voli6ab","x":507,"y":278,"tool":"Pencil"},{"type":"child","parent":"lk7voli6ab","x":503,"y":286,"tool":"Pencil"},{"type":"child","parent":"lk7voli6ab","x":500,"y":294,"tool":"Pencil"},{"type":"child","parent":"lk7voli6ab","x":498,"y":298,"tool":"Pencil"},{"type":"child","parent":"lk7voli6ab","x":496,"y":305,"tool":"Pencil"},{"type":"child","parent":"lk7voli6ab","x":495,"y":305,"tool":"Pencil"}]},"lk7volka57":{"type":"line","id":"lk7volka57","color":"#7fdbff","size":10,"tool":"Pencil","time":1584436529818,"_children":[{"type":"child","parent":"lk7volka57","x":730,"y":471,"tool":"Pencil"},{"type":"child","parent":"lk7volka57","x":730,"y":471,"tool":"Pencil"},{"type":"child","parent":"lk7volka57","x":702,"y":465,"tool":"Pencil"},{"type":"child","parent":"lk7volka57","x":688,"y":460,"tool":"Pencil"},{"type":"child","parent":"lk7volka57","x":677,"y":451,"tool":"Pencil"},{"type":"child","parent":"lk7volka57","x":665,"y":438,"tool":"Pencil"},{"type":"child","parent":"lk7volka57","x":660,"y":430,"tool":"Pencil"},{"type":"child","parent":"lk7volka57","x":660,"y":422,"tool":"Pencil"},{"type":"child","parent":"lk7volka57","x":664,"y":412,"tool":"Pencil"},{"type":"child","parent":"lk7volka57","x":678,"y":409,"tool":"Pencil"},{"type":"child","parent":"lk7volka57","x":689,"y":411,"tool":"Pencil"},{"type":"child","parent":"lk7volka57","x":693,"y":415,"tool":"Pencil"},{"type":"child","parent":"lk7volka57","x":694,"y":417,"tool":"Pencil"},{"type":"child","parent":"lk7volka57","x":695,"y":418,"tool":"Pencil"},{"type":"child","parent":"lk7volka57","x":695,"y":418,"tool":"Pencil"},{"type":"child","parent":"lk7volka57","x":697,"y":411,"tool":"Pencil"},{"type":"child","parent":"lk7volka57","x":705,"y":401,"tool":"Pencil"},{"type":"child","parent":"lk7volka57","x":718,"y":399,"tool":"Pencil"},{"type":"child","parent":"lk7volka57","x":741,"y":413,"tool":"Pencil"},{"type":"child","parent":"lk7volka57","x":750,"y":427,"tool":"Pencil"},{"type":"child","parent":"lk7volka57","x":751,"y":437,"tool":"Pencil"},{"type":"child","parent":"lk7volka57","x":750,"y":447,"tool":"Pencil"},{"type":"child","parent":"lk7volka57","x":748,"y":454,"tool":"Pencil"},{"type":"child","parent":"lk7volka57","x":745,"y":461,"tool":"Pencil"},{"type":"child","parent":"lk7volka57","x":741,"y":466,"tool":"Pencil"},{"type":"child","parent":"lk7volka57","x":740,"y":470,"tool":"Pencil"}]},"lk7volmb1y":{"type":"line","id":"lk7volmb1y","color":"#7fdbff","size":10,"tool":"Pencil","time":1584436532447,"_children":[{"type":"child","parent":"lk7volmb1y","x":960,"y":641,"tool":"Pencil"},{"type":"child","parent":"lk7volmb1y","x":960,"y":641,"tool":"Pencil"},{"type":"child","parent":"lk7volmb1y","x":944,"y":641,"tool":"Pencil"},{"type":"child","parent":"lk7volmb1y","x":929,"y":639,"tool":"Pencil"},{"type":"child","parent":"lk7volmb1y","x":919,"y":628,"tool":"Pencil"},{"type":"child","parent":"lk7volmb1y","x":909,"y":609,"tool":"Pencil"},{"type":"child","parent":"lk7volmb1y","x":902,"y":592,"tool":"Pencil"},{"type":"child","parent":"lk7volmb1y","x":901,"y":585,"tool":"Pencil"},{"type":"child","parent":"lk7volmb1y","x":910,"y":577,"tool":"Pencil"},{"type":"child","parent":"lk7volmb1y","x":924,"y":574,"tool":"Pencil"},{"type":"child","parent":"lk7volmb1y","x":941,"y":581,"tool":"Pencil"},{"type":"child","parent":"lk7volmb1y","x":945,"y":589,"tool":"Pencil"},{"type":"child","parent":"lk7volmb1y","x":945,"y":591,"tool":"Pencil"},{"type":"child","parent":"lk7volmb1y","x":945,"y":589,"tool":"Pencil"},{"type":"child","parent":"lk7volmb1y","x":945,"y":580,"tool":"Pencil"},{"type":"child","parent":"lk7volmb1y","x":946,"y":564,"tool":"Pencil"},{"type":"child","parent":"lk7volmb1y","x":955,"y":554,"tool":"Pencil"},{"type":"child","parent":"lk7volmb1y","x":964,"y":552,"tool":"Pencil"},{"type":"child","parent":"lk7volmb1y","x":975,"y":557,"tool":"Pencil"},{"type":"child","parent":"lk7volmb1y","x":982,"y":574,"tool":"Pencil"},{"type":"child","parent":"lk7volmb1y","x":982,"y":587,"tool":"Pencil"},{"type":"child","parent":"lk7volmb1y","x":979,"y":602,"tool":"Pencil"},{"type":"child","parent":"lk7volmb1y","x":974,"y":614,"tool":"Pencil"},{"type":"child","parent":"lk7volmb1y","x":971,"y":620,"tool":"Pencil"},{"type":"child","parent":"lk7volmb1y","x":968,"y":625,"tool":"Pencil"},{"type":"child","parent":"lk7volmb1y","x":966,"y":631,"tool":"Pencil"},{"type":"child","parent":"lk7volmb1y","x":964,"y":639,"tool":"Pencil"},{"type":"child","parent":"lk7volmb1y","x":964,"y":641,"tool":"Pencil"}]},"lk7volq42j":{"type":"line","id":"lk7volq42j","color":"#7fdbff","size":10,"tool":"Pencil","time":1584436537378,"_children":[{"type":"child","parent":"lk7volq42j","x":280,"y":634,"tool":"Pencil"},{"type":"child","parent":"lk7volq42j","x":280,"y":634,"tool":"Pencil"},{"type":"child","parent":"lk7volq42j","x":261,"y":625,"tool":"Pencil"},{"type":"child","parent":"lk7volq42j","x":248,"y":613,"tool":"Pencil"},{"type":"child","parent":"lk7volq42j","x":241,"y":602,"tool":"Pencil"},{"type":"child","parent":"lk7volq42j","x":239,"y":593,"tool":"Pencil"},{"type":"child","parent":"lk7volq42j","x":241,"y":586,"tool":"Pencil"},{"type":"child","parent":"lk7volq42j","x":249,"y":581,"tool":"Pencil"},{"type":"child","parent":"lk7volq42j","x":257,"y":579,"tool":"Pencil"},{"type":"child","parent":"lk7volq42j","x":266,"y":579,"tool":"Pencil"},{"type":"child","parent":"lk7volq42j","x":272,"y":583,"tool":"Pencil"},{"type":"child","parent":"lk7volq42j","x":274,"y":586,"tool":"Pencil"},{"type":"child","parent":"lk7volq42j","x":274,"y":586,"tool":"Pencil"},{"type":"child","parent":"lk7volq42j","x":274,"y":579,"tool":"Pencil"},{"type":"child","parent":"lk7volq42j","x":277,"y":570,"tool":"Pencil"},{"type":"child","parent":"lk7volq42j","x":283,"y":565,"tool":"Pencil"},{"type":"child","parent":"lk7volq42j","x":292,"y":561,"tool":"Pencil"},{"type":"child","parent":"lk7volq42j","x":303,"y":561,"tool":"Pencil"},{"type":"child","parent":"lk7volq42j","x":314,"y":571,"tool":"Pencil"},{"type":"child","parent":"lk7volq42j","x":318,"y":582,"tool":"Pencil"},{"type":"child","parent":"lk7volq42j","x":318,"y":590,"tool":"Pencil"},{"type":"child","parent":"lk7volq42j","x":311,"y":603,"tool":"Pencil"},{"type":"child","parent":"lk7volq42j","x":306,"y":613,"tool":"Pencil"},{"type":"child","parent":"lk7volq42j","x":301,"y":619,"tool":"Pencil"},{"type":"child","parent":"lk7volq42j","x":295,"y":627,"tool":"Pencil"},{"type":"child","parent":"lk7volq42j","x":291,"y":632,"tool":"Pencil"},{"type":"child","parent":"lk7volq42j","x":289,"y":636,"tool":"Pencil"},{"type":"child","parent":"lk7volq42j","x":289,"y":636,"tool":"Pencil"}]},"lk7volwkz7":{"type":"line","id":"lk7volwkz7","color":"#ff851b","size":10,"tool":"Pencil","time":1584436542573,"_children":[{"type":"child","parent":"lk7volwkz7","x":521,"y":504,"tool":"Pencil"},{"type":"child","parent":"lk7volwkz7","x":498,"y":468,"tool":"Pencil"},{"type":"child","parent":"lk7volwkz7","x":493,"y":401,"tool":"Pencil"},{"type":"child","parent":"lk7volwkz7","x":511,"y":396,"tool":"Pencil"},{"type":"child","parent":"lk7volwkz7","x":527,"y":416,"tool":"Pencil"},{"type":"child","parent":"lk7volwkz7","x":579,"y":373,"tool":"Pencil"},{"type":"child","parent":"lk7volwkz7","x":615,"y":370,"tool":"Pencil"},{"type":"child","parent":"lk7volwkz7","x":646,"y":413,"tool":"Pencil"},{"type":"child","parent":"lk7volwkz7","x":575,"y":483,"tool":"Pencil"},{"type":"child","parent":"lk7volwkz7","x":518,"y":503,"tool":"Pencil"},{"type":"child","parent":"lk7volwkz7","x":502,"y":502,"tool":"Pencil"},{"type":"child","parent":"lk7volwkz7","x":507,"y":501,"tool":"Pencil"}]},"lk7volyng5":{"type":"line","id":"lk7volyng5","color":"#ff851b","size":10,"tool":"Pencil","time":1584436545250,"_children":[{"type":"child","parent":"lk7volyng5","x":871,"y":373,"tool":"Pencil"},{"type":"child","parent":"lk7volyng5","x":839,"y":367,"tool":"Pencil"},{"type":"child","parent":"lk7volyng5","x":779,"y":366,"tool":"Pencil"},{"type":"child","parent":"lk7volyng5","x":728,"y":337,"tool":"Pencil"},{"type":"child","parent":"lk7volyng5","x":719,"y":321,"tool":"Pencil"},{"type":"child","parent":"lk7volyng5","x":729,"y":308,"tool":"Pencil"},{"type":"child","parent":"lk7volyng5","x":767,"y":277,"tool":"Pencil"},{"type":"child","parent":"lk7volyng5","x":774,"y":271,"tool":"Pencil"},{"type":"child","parent":"lk7volyng5","x":783,"y":293,"tool":"Pencil"},{"type":"child","parent":"lk7volyng5","x":792,"y":301,"tool":"Pencil"},{"type":"child","parent":"lk7volyng5","x":793,"y":296,"tool":"Pencil"},{"type":"child","parent":"lk7volyng5","x":814,"y":252,"tool":"Pencil"},{"type":"child","parent":"lk7volyng5","x":840,"y":243,"tool":"Pencil"},{"type":"child","parent":"lk7volyng5","x":858,"y":244,"tool":"Pencil"},{"type":"child","parent":"lk7volyng5","x":875,"y":263,"tool":"Pencil"},{"type":"child","parent":"lk7volyng5","x":893,"y":280,"tool":"Pencil"},{"type":"child","parent":"lk7volyng5","x":893,"y":293,"tool":"Pencil"},{"type":"child","parent":"lk7volyng5","x":878,"y":317,"tool":"Pencil"},{"type":"child","parent":"lk7volyng5","x":872,"y":346,"tool":"Pencil"},{"type":"child","parent":"lk7volyng5","x":864,"y":354,"tool":"Pencil"},{"type":"child","parent":"lk7volyng5","x":863,"y":356,"tool":"Pencil"},{"type":"child","parent":"lk7volyng5","x":862,"y":358,"tool":"Pencil"}]}}