{"tk8hrw2e6v":{"type":"new","id":"tk8hrw2e6v","color":"#0074d9","size":27,"opacity":0.4,"x":91,"y":286.5,"tool":"Text","time":1585772310925,"txt":""},"sk8hrynir7":{"type":"straight","id":"sk8hrynir7","color":"#0074d9","size":10,"opacity":0.4,"x":153,"y":120,"tool":"Straight line","time":1585772431619,"x2":133,"y2":281},"sk8hryq9vy":{"type":"straight","id":"sk8hryq9vy","color":"#0074d9","size":10,"opacity":0.4,"x":147,"y":288,"tool":"Straight line","time":1585772435189,"x2":329,"y2":134},"sk8hrys0ro":{"type":"straight","id":"sk8hrys0ro","color":"#0074d9","size":10,"opacity":0.4,"x":159,"y":121,"tool":"Straight line","time":1585772437452,"x2":344,"y2":322},"sk8hryt9vv":{"type":"straight","id":"sk8hryt9vv","color":"#0074d9","size":10,"opacity":0.4,"x":344,"y":322,"tool":"Straight line","time":1585772439074,"x2":330,"y2":134},"lk8hrywhfa":{"type":"line","id":"lk8hrywhfa","color":"#0074d9","size":10,"opacity":0.4,"tool":"Pencil","time":1585772443237,"_children":[{"type":"child","parent":"lk8hrywhfa","x":20,"y":210,"tool":"Pencil"},{"type":"child","parent":"lk8hrywhfa","x":20,"y":210,"tool":"Pencil"}]},"rk8hryxj77":{"type":"rect","id":"rk8hryxj77","color":"#0074d9","size":10,"opacity":0.4,"x":142,"y":229,"x2":142,"y2":229,"tool":"Rectangle","time":1585772444594},"tk8hrz19ms":{"type":"new","id":"tk8hrz19ms","color":"#0074d9","size":27,"opacity":0.4,"x":110,"y":313.5,"tool":"Text","time":1585772449435},"tk8hrza30w":{"type":"new","id":"tk8hrza30w","color":"#0074d9","size":27,"opacity":0.4,"x":266,"y":2486.5,"tool":"Text","time":1585772460858},"tk8hrzdgsr":{"type":"new","id":"tk8hrzdgsr","color":"#0074d9","size":27,"opacity":0.4,"x":268,"y":3251.5,"tool":"Text","time":1585772465249},"tk8hrze5oj":{"type":"new","id":"tk8hrze5oj","color":"#0074d9","size":27,"opacity":0.4,"x":319,"y":2998.5,"tool":"Text","time":1585772466142}}