{"ljpdyx4dvt":{"type":"line","id":"ljpdyx4dvt","color":"#b10dc9","size":10,"tool":"Pencil","time":1544183388802,"_children":[{"type":"child","parent":"ljpdyx4dvt","x":563,"y":148,"tool":"Pencil"},{"type":"child","parent":"ljpdyx4dvt","x":552,"y":184,"tool":"Pencil"},{"type":"child","parent":"ljpdyx4dvt","x":546,"y":227,"tool":"Pencil"},{"type":"child","parent":"ljpdyx4dvt","x":577,"y":307,"tool":"Pencil"},{"type":"child","parent":"ljpdyx4dvt","x":689,"y":330,"tool":"Pencil"},{"type":"child","parent":"ljpdyx4dvt","x":745,"y":312,"tool":"Pencil"},{"type":"child","parent":"ljpdyx4dvt","x":751,"y":281,"tool":"Pencil"},{"type":"child","parent":"ljpdyx4dvt","x":758,"y":245,"tool":"Pencil"},{"type":"child","parent":"ljpdyx4dvt","x":717,"y":198,"tool":"Pencil"},{"type":"child","parent":"ljpdyx4dvt","x":660,"y":158,"tool":"Pencil"},{"type":"child","parent":"ljpdyx4dvt","x":620,"y":142,"tool":"Pencil"},{"type":"child","parent":"ljpdyx4dvt","x":577,"y":145,"tool":"Pencil"},{"type":"child","parent":"ljpdyx4dvt","x":574,"y":147,"tool":"Pencil"},{"type":"child","parent":"ljpdyx4dvt","x":570,"y":149,"tool":"Pencil"}]},"sjpdyx7ehp":{"type":"straight","id":"sjpdyx7ehp","color":"#b10dc9","size":10,"x":717,"y":331,"tool":"Straight line","time":1544183392713,"x2":977,"y2":581},"ljpdyxaor8":{"type":"line","id":"ljpdyxaor8","color":"#b10dc9","size":10,"tool":"Pencil","time":1544183396969,"_children":[{"type":"child","parent":"ljpdyxaor8","x":1080,"y":567,"tool":"Pencil"},{"type":"child","parent":"ljpdyxaor8","x":1078,"y":567,"tool":"Pencil"},{"type":"child","parent":"ljpdyxaor8","x":915,"y":575,"tool":"Pencil"},{"type":"child","parent":"ljpdyxaor8","x":896,"y":625,"tool":"Pencil"},{"type":"child","parent":"ljpdyxaor8","x":901,"y":696,"tool":"Pencil"},{"type":"child","parent":"ljpdyxaor8","x":961,"y":741,"tool":"Pencil"},{"type":"child","parent":"ljpdyxaor8","x":1179,"y":763,"tool":"Pencil"},{"type":"child","parent":"ljpdyxaor8","x":1281,"y":761,"tool":"Pencil"},{"type":"child","parent":"ljpdyxaor8","x":1340,"y":730,"tool":"Pencil"},{"type":"child","parent":"ljpdyxaor8","x":1304,"y":670,"tool":"Pencil"},{"type":"child","parent":"ljpdyxaor8","x":1207,"y":635,"tool":"Pencil"},{"type":"child","parent":"ljpdyxaor8","x":1105,"y":611,"tool":"Pencil"},{"type":"child","parent":"ljpdyxaor8","x":1057,"y":592,"tool":"Pencil"},{"type":"child","parent":"ljpdyxaor8","x":1036,"y":582,"tool":"Pencil"}]},"rjpdyxenr3":{"type":"rect","id":"rjpdyxenr3","color":"#b10dc9","size":10,"x":1123,"y":99,"x2":1260,"y2":222,"tool":"Rectangle","time":1544183402118},"rjpdyxkojw":{"type":"rect","id":"rjpdyxkojw","color":"#b10dc9","size":10,"x":403,"y":594,"x2":591,"y2":780,"tool":"Rectangle","time":1544183409921},"ljpdyxp5ks":{"type":"line","id":"ljpdyxp5ks","color":"#b10dc9","size":10,"tool":"Pencil","time":1544183415720,"_children":[{"type":"child","parent":"ljpdyxp5ks","x":598,"y":588,"tool":"Pencil"},{"type":"child","parent":"ljpdyxp5ks","x":603,"y":582,"tool":"Pencil"},{"type":"child","parent":"ljpdyxp5ks","x":658,"y":552,"tool":"Pencil"},{"type":"child","parent":"ljpdyxp5ks","x":697,"y":533,"tool":"Pencil"},{"type":"child","parent":"ljpdyxp5ks","x":745,"y":514,"tool":"Pencil"},{"type":"child","parent":"ljpdyxp5ks","x":780,"y":497,"tool":"Pencil"},{"type":"child","parent":"ljpdyxp5ks","x":828,"y":470,"tool":"Pencil"},{"type":"child","parent":"ljpdyxp5ks","x":861,"y":443,"tool":"Pencil"},{"type":"child","parent":"ljpdyxp5ks","x":892,"y":417,"tool":"Pencil"},{"type":"child","parent":"ljpdyxp5ks","x":925,"y":386,"tool":"Pencil"},{"type":"child","parent":"ljpdyxp5ks","x":938,"y":375,"tool":"Pencil"},{"type":"child","parent":"ljpdyxp5ks","x":961,"y":354,"tool":"Pencil"},{"type":"child","parent":"ljpdyxp5ks","x":987,"y":338,"tool":"Pencil"},{"type":"child","parent":"ljpdyxp5ks","x":1014,"y":319,"tool":"Pencil"},{"type":"child","parent":"ljpdyxp5ks","x":1016,"y":318,"tool":"Pencil"},{"type":"child","parent":"ljpdyxp5ks","x":1036,"y":306,"tool":"Pencil"},{"type":"child","parent":"ljpdyxp5ks","x":1038,"y":305,"tool":"Pencil"},{"type":"child","parent":"ljpdyxp5ks","x":1047,"y":295,"tool":"Pencil"},{"type":"child","parent":"ljpdyxp5ks","x":1057,"y":287,"tool":"Pencil"},{"type":"child","parent":"ljpdyxp5ks","x":1060,"y":281,"tool":"Pencil"},{"type":"child","parent":"ljpdyxp5ks","x":1066,"y":274,"tool":"Pencil"},{"type":"child","parent":"ljpdyxp5ks","x":1077,"y":263,"tool":"Pencil"},{"type":"child","parent":"ljpdyxp5ks","x":1078,"y":262,"tool":"Pencil"},{"type":"child","parent":"ljpdyxp5ks","x":1088,"y":252,"tool":"Pencil"},{"type":"child","parent":"ljpdyxp5ks","x":1090,"y":249,"tool":"Pencil"},{"type":"child","parent":"ljpdyxp5ks","x":1096,"y":243,"tool":"Pencil"},{"type":"child","parent":"ljpdyxp5ks","x":1105,"y":234,"tool":"Pencil"},{"type":"child","parent":"ljpdyxp5ks","x":1114,"y":227,"tool":"Pencil"},{"type":"child","parent":"ljpdyxp5ks","x":1118,"y":223,"tool":"Pencil"},{"type":"child","parent":"ljpdyxp5ks","x":1123,"y":220,"tool":"Pencil"},{"type":"child","parent":"ljpdyxp5ks","x":1123,"y":220,"tool":"Pencil"}]}}