{"tju6rn94z3":{"type":"new","id":"tju6rn94z3","color":"#85144b","size":27,"x":383,"y":147.5,"tool":"Text","time":1554631819673,"txt":"kjjkvv"},"tju6rnbgja":{"type":"new","id":"tju6rnbgja","color":"#85144b","size":27,"x":438,"y":207.5,"tool":"Text","time":1554631822684,"txt":"vjvkj"},"tju6rnd37q":{"type":"new","id":"tju6rnd37q","color":"#85144b","size":27,"x":742,"y":245.5,"tool":"Text","time":1554631824793,"txt":"vkvkvk"},"lju6rnnmbx":{"type":"line","id":"lju6rnnmbx","color":"#85144b","size":10,"tool":"Pencil","time":1554631838444,"_children":[{"type":"child","parent":"lju6rnnmbx","x":677,"y":132,"tool":"Pencil"},{"type":"child","parent":"lju6rnnmbx","x":679,"y":135,"tool":"Pencil"},{"type":"child","parent":"lju6rnnmbx","x":685,"y":188,"tool":"Pencil"},{"type":"child","parent":"lju6rnnmbx","x":685,"y":202,"tool":"Pencil"},{"type":"child","parent":"lju6rnnmbx","x":682,"y":194,"tool":"Pencil"},{"type":"child","parent":"lju6rnnmbx","x":678,"y":152,"tool":"Pencil"},{"type":"child","parent":"lju6rnnmbx","x":678,"y":126,"tool":"Pencil"},{"type":"child","parent":"lju6rnnmbx","x":704,"y":118,"tool":"Pencil"},{"type":"child","parent":"lju6rnnmbx","x":728,"y":126,"tool":"Pencil"},{"type":"child","parent":"lju6rnnmbx","x":720,"y":145,"tool":"Pencil"},{"type":"child","parent":"lju6rnnmbx","x":706,"y":146,"tool":"Pencil"},{"type":"child","parent":"lju6rnnmbx","x":669,"y":158,"tool":"Pencil"},{"type":"child","parent":"lju6rnnmbx","x":670,"y":158,"tool":"Pencil"},{"type":"child","parent":"lju6rnnmbx","x":685,"y":162,"tool":"Pencil"},{"type":"child","parent":"lju6rnnmbx","x":769,"y":198,"tool":"Pencil"},{"type":"child","parent":"lju6rnnmbx","x":794,"y":209,"tool":"Pencil"}]},"lju6rnp8j3":{"type":"line","id":"lju6rnp8j3","color":"#85144b","size":10,"tool":"Pencil","time":1554631840533,"_children":[{"type":"child","parent":"lju6rnp8j3","x":800,"y":167,"tool":"Pencil"},{"type":"child","parent":"lju6rnp8j3","x":788,"y":167,"tool":"Pencil"},{"type":"child","parent":"lju6rnp8j3","x":768,"y":169,"tool":"Pencil"},{"type":"child","parent":"lju6rnp8j3","x":765,"y":177,"tool":"Pencil"},{"type":"child","parent":"lju6rnp8j3","x":776,"y":190,"tool":"Pencil"},{"type":"child","parent":"lju6rnp8j3","x":778,"y":189,"tool":"Pencil"},{"type":"child","parent":"lju6rnp8j3","x":789,"y":172,"tool":"Pencil"},{"type":"child","parent":"lju6rnp8j3","x":790,"y":168,"tool":"Pencil"},{"type":"child","parent":"lju6rnp8j3","x":791,"y":165,"tool":"Pencil"},{"type":"child","parent":"lju6rnp8j3","x":800,"y":191,"tool":"Pencil"},{"type":"child","parent":"lju6rnp8j3","x":803,"y":197,"tool":"Pencil"}]},"lju6rnqerb":{"type":"line","id":"lju6rnqerb","color":"#85144b","size":10,"tool":"Pencil","time":1554631842055,"_children":[{"type":"child","parent":"lju6rnqerb","x":817,"y":175,"tool":"Pencil"},{"type":"child","parent":"lju6rnqerb","x":820,"y":181,"tool":"Pencil"},{"type":"child","parent":"lju6rnqerb","x":820,"y":181,"tool":"Pencil"},{"type":"child","parent":"lju6rnqerb","x":818,"y":178,"tool":"Pencil"},{"type":"child","parent":"lju6rnqerb","x":817,"y":175,"tool":"Pencil"},{"type":"child","parent":"lju6rnqerb","x":824,"y":160,"tool":"Pencil"},{"type":"child","parent":"lju6rnqerb","x":829,"y":159,"tool":"Pencil"},{"type":"child","parent":"lju6rnqerb","x":837,"y":169,"tool":"Pencil"},{"type":"child","parent":"lju6rnqerb","x":839,"y":175,"tool":"Pencil"},{"type":"child","parent":"lju6rnqerb","x":838,"y":162,"tool":"Pencil"},{"type":"child","parent":"lju6rnqerb","x":845,"y":147,"tool":"Pencil"},{"type":"child","parent":"lju6rnqerb","x":850,"y":149,"tool":"Pencil"},{"type":"child","parent":"lju6rnqerb","x":861,"y":164,"tool":"Pencil"},{"type":"child","parent":"lju6rnqerb","x":863,"y":169,"tool":"Pencil"}]},"lju6rns2bd":{"type":"line","id":"lju6rns2bd","color":"#85144b","size":10,"tool":"Pencil","time":1554631844203,"_children":[{"type":"child","parent":"lju6rns2bd","x":869,"y":249,"tool":"Pencil"},{"type":"child","parent":"lju6rns2bd","x":870,"y":249,"tool":"Pencil"},{"type":"child","parent":"lju6rns2bd","x":881,"y":242,"tool":"Pencil"}]},"lju6rns9fo":{"type":"line","id":"lju6rns9fo","color":"#85144b","size":10,"tool":"Pencil","time":1554631844472,"_children":[{"type":"child","parent":"lju6rns9fo","x":882,"y":237,"tool":"Pencil"},{"type":"child","parent":"lju6rns9fo","x":877,"y":234,"tool":"Pencil"},{"type":"child","parent":"lju6rns9fo","x":870,"y":237,"tool":"Pencil"},{"type":"child","parent":"lju6rns9fo","x":867,"y":256,"tool":"Pencil"},{"type":"child","parent":"lju6rns9fo","x":875,"y":263,"tool":"Pencil"},{"type":"child","parent":"lju6rns9fo","x":887,"y":259,"tool":"Pencil"},{"type":"child","parent":"lju6rns9fo","x":890,"y":255,"tool":"Pencil"}]},"lju6rnt2zd":{"type":"line","id":"lju6rnt2zd","color":"#85144b","size":10,"tool":"Pencil","time":1554631845514,"_children":[{"type":"child","parent":"lju6rnt2zd","x":900,"y":238,"tool":"Pencil"},{"type":"child","parent":"lju6rnt2zd","x":898,"y":238,"tool":"Pencil"},{"type":"child","parent":"lju6rnt2zd","x":902,"y":250,"tool":"Pencil"},{"type":"child","parent":"lju6rnt2zd","x":904,"y":254,"tool":"Pencil"},{"type":"child","parent":"lju6rnt2zd","x":905,"y":244,"tool":"Pencil"},{"type":"child","parent":"lju6rnt2zd","x":906,"y":244,"tool":"Pencil"},{"type":"child","parent":"lju6rnt2zd","x":917,"y":249,"tool":"Pencil"},{"type":"child","parent":"lju6rnt2zd","x":920,"y":250,"tool":"Pencil"},{"type":"child","parent":"lju6rnt2zd","x":919,"y":232,"tool":"Pencil"},{"type":"child","parent":"lju6rnt2zd","x":914,"y":213,"tool":"Pencil"},{"type":"child","parent":"lju6rnt2zd","x":913,"y":212,"tool":"Pencil"},{"type":"child","parent":"lju6rnt2zd","x":919,"y":235,"tool":"Pencil"},{"type":"child","parent":"lju6rnt2zd","x":923,"y":244,"tool":"Pencil"},{"type":"child","parent":"lju6rnt2zd","x":927,"y":251,"tool":"Pencil"},{"type":"child","parent":"lju6rnt2zd","x":927,"y":251,"tool":"Pencil"}]},"lju6rnubnv":{"type":"line","id":"lju6rnubnv","color":"#85144b","size":10,"tool":"Pencil","time":1554631847123,"_children":[{"type":"child","parent":"lju6rnubnv","x":908,"y":237,"tool":"Pencil"},{"type":"child","parent":"lju6rnubnv","x":909,"y":237,"tool":"Pencil"},{"type":"child","parent":"lju6rnubnv","x":912,"y":236,"tool":"Pencil"},{"type":"child","parent":"lju6rnubnv","x":946,"y":221,"tool":"Pencil"},{"type":"child","parent":"lju6rnubnv","x":947,"y":221,"tool":"Pencil"}]},"lju6rnv3gk":{"type":"line","id":"lju6rnv3gk","color":"#85144b","size":10,"tool":"Pencil","time":1554631848123,"_children":[{"type":"child","parent":"lju6rnv3gk","x":981,"y":219,"tool":"Pencil"},{"type":"child","parent":"lju6rnv3gk","x":980,"y":220,"tool":"Pencil"},{"type":"child","parent":"lju6rnv3gk","x":977,"y":225,"tool":"Pencil"},{"type":"child","parent":"lju6rnv3gk","x":983,"y":231,"tool":"Pencil"},{"type":"child","parent":"lju6rnv3gk","x":993,"y":234,"tool":"Pencil"},{"type":"child","parent":"lju6rnv3gk","x":996,"y":239,"tool":"Pencil"},{"type":"child","parent":"lju6rnv3gk","x":995,"y":245,"tool":"Pencil"},{"type":"child","parent":"lju6rnv3gk","x":985,"y":245,"tool":"Pencil"},{"type":"child","parent":"lju6rnv3gk","x":984,"y":245,"tool":"Pencil"}]}}