{"tk8he8hw8d":{"type":"new","id":"tk8he8hw8d","color":"#7FDBFF","size":27,"x":292,"y":257.5,"tool":"Text","time":1585749376746},"tk8he8ipyv":{"type":"new","id":"tk8he8ipyv","color":"#7FDBFF","size":27,"x":320,"y":152.5,"tool":"Text","time":1585749377816},"sk8headl2e":{"type":"straight","id":"sk8headl2e","color":"#7FDBFF","size":10,"x":525,"y":329,"tool":"Straight line","time":1585749464473,"x2":525,"y2":326},"sk8healsuo":{"type":"straight","id":"sk8healsuo","color":"#7FDBFF","size":10,"x":525,"y":326,"tool":"Straight line","time":1585749475120,"x2":526,"y2":327},"sk8heaufe3":{"type":"straight","id":"sk8heaufe3","color":"#7FDBFF","size":10,"x":526,"y":327,"tool":"Straight line","time":1585749486301,"x2":825,"y2":332},"sk8heazzrq":{"type":"straight","id":"sk8heazzrq","color":"#7FDBFF","size":10,"x":825,"y":332,"tool":"Straight line","time":1585749493513,"x2":825,"y2":332},"sk8heb0v98":{"type":"straight","id":"sk8heb0v98","color":"#7FDBFF","size":10,"x":825,"y":332,"tool":"Straight line","time":1585749494646,"x2":827,"y2":391},"sk8heb7n77":{"type":"straight","id":"sk8heb7n77","color":"#7FDBFF","size":10,"x":827,"y":391,"tool":"Straight line","time":1585749503430,"x2":525,"y2":385},"sk8hebdbpa":{"type":"straight","id":"sk8hebdbpa","color":"#7FDBFF","size":10,"x":525,"y":385,"tool":"Straight line","time":1585749510790,"x2":526,"y2":323},"sk8hebihb0":{"type":"straight","id":"sk8hebihb0","color":"#7FDBFF","size":10,"x":662,"y":388,"tool":"Straight line","time":1585749517474,"x2":662,"y2":388},"sk8hebj9k1":{"type":"straight","id":"sk8hebj9k1","color":"#7FDBFF","size":10,"x":662,"y":388,"tool":"Straight line","time":1585749518490,"x2":653,"y2":582},"tk8hebttoi":{"type":"new","id":"tk8hebttoi","color":"#7FDBFF","size":27,"x":610,"y":357.5,"tool":"Text","time":1585749532173},"tk8hebw57d":{"type":"new","id":"tk8hebw57d","color":"#7FDBFF","size":27,"x":562,"y":369.5,"tool":"Text","time":1585749535181},"tk8hebz1b8":{"type":"new","id":"tk8hebz1b8","color":"#7FDBFF","size":27,"x":553,"y":155.5,"tool":"Text","time":1585749538929},"rk8hecwqe3":{"type":"rect","id":"rk8hecwqe3","color":"#7FDBFF","size":10,"x":46,"y":302,"x2":46,"y2":303,"tool":"Rectangle","time":1585749582601},"tk8hed84hv":{"type":"new","id":"tk8hed84hv","color":"#7FDBFF","size":27,"x":640,"y":364.5,"tool":"Text","time":1585749597362},"tk8hedviz1":{"type":"new","id":"tk8hedviz1","color":"#7FDBFF","size":27,"x":297,"y":739.5,"tool":"Text","time":1585749627693},"tk8hedwl6a":{"type":"new","id":"tk8hedwl6a","color":"#7FDBFF","size":27,"x":240,"y":673.5,"tool":"Text","time":1585749629066},"tk8hepjfkr":{"type":"new","id":"tk8hepjfkr","color":"#bb0","size":50,"x":3702.6,"y":1755.3,"tool":"Text","time":1585750171877,"txt":""},"tk8hepllno":{"type":"new","id":"tk8hepllno","color":"#bb0","size":50,"x":5147.9,"y":3225.5,"tool":"Text","time":1585750174715},"tk8hepmiux":{"type":"new","id":"tk8hepmiux","color":"#bb0","size":50,"x":5109,"y":3217.7,"tool":"Text","time":1585750175884},"tk8hepsa10":{"type":"new","id":"tk8hepsa10","color":"#bb0","size":50,"x":3698.7,"y":1632.5,"tool":"Text","time":1585750183344},"tk8hepsvy8":{"type":"new","id":"tk8hepsvy8","color":"#bb0","size":50,"x":3799.7,"y":1566.5,"tool":"Text","time":1585750184133},"tk8heqi11i":{"type":"new","id":"tk8heqi11i","color":"#bb0","size":50,"x":5202.3,"y":3229.4,"tool":"Text","time":1585750216714,"txt":""},"tk8hetg5mk":{"type":"new","id":"tk8hetg5mk","color":"#bb0","size":50,"x":5971.5,"y":3283.8,"tool":"Text","time":1585750354253,"txt":""}}