{"tjwbywcphy":{"type":"new","id":"tjwbywcphy","color":"#7fdbff","size":27,"x":323,"y":281.5,"tool":"Text","time":1559299896984},"tjwbywfvqy":{"type":"new","id":"tjwbywfvqy","color":"#7fdbff","size":27,"x":303,"y":255.5,"tool":"Text","time":1559299901096},"tjwbywmbrf":{"type":"new","id":"tjwbywmbrf","color":"#39cccc","size":27,"x":308,"y":437.5,"tool":"Text","time":1559299909438,"txt":""},"tjwbywqkl9":{"type":"new","id":"tjwbywqkl9","color":"#7fdbff","size":27,"x":311,"y":294.5,"tool":"Text","time":1559299914951,"txt":""},"tjwbywwem4":{"type":"new","id":"tjwbywwem4","color":"#39cccc","size":27,"x":308,"y":478,"tool":"Text","time":1559299922526,"txt":""},"tjwbywwq2a":{"type":"new","id":"tjwbywwq2a","color":"#7fdbff","size":27,"x":311,"y":335,"tool":"Text","time":1559299922924},"tjwbywy6gq":{"type":"new","id":"tjwbywy6gq","color":"#39cccc","size":27,"x":381,"y":137.5,"tool":"Text","time":1559299924798},"tjwbywz6so":{"type":"new","id":"tjwbywz6so","color":"#39cccc","size":27,"x":367,"y":440.5,"tool":"Text","time":1559299926123},"tjwbyx7hf3":{"type":"new","id":"tjwbyx7hf3","color":"#7fdbff","size":27,"x":324,"y":294.5,"tool":"Text","time":1559299936870,"txt":""},"tjwbyx7lpr":{"type":"new","id":"tjwbyx7lpr","color":"#7fdbff","size":27,"x":324,"y":294.5,"tool":"Text","time":1559299937027},"tjwbyx7x7b":{"type":"new","id":"tjwbyx7x7b","color":"#7fdbff","size":27,"x":324,"y":294.5,"tool":"Text","time":1559299937437},"tjwbyx81x9":{"type":"new","id":"tjwbyx81x9","color":"#7fdbff","size":27,"x":324,"y":294.5,"tool":"Text","time":1559299937606},"tjwbyx8t8n":{"type":"new","id":"tjwbyx8t8n","color":"#7fdbff","size":27,"x":344,"y":276.5,"tool":"Text","time":1559299938591},"tjwbyx8xui":{"type":"new","id":"tjwbyx8xui","color":"#7fdbff","size":27,"x":344,"y":276.5,"tool":"Text","time":1559299938755},"tjwbyx92tt":{"type":"new","id":"tjwbyx92tt","color":"#7fdbff","size":27,"x":344,"y":276.5,"tool":"Text","time":1559299938945},"tjwbyxgw9u":{"type":"new","id":"tjwbyxgw9u","color":"#7fdbff","size":27,"x":344,"y":357.5,"tool":"Text","time":1559299949068,"txt":""},"tjwbyxkzxq":{"type":"new","id":"tjwbyxkzxq","color":"#39cccc","size":27,"x":308,"y":478,"tool":"Text","time":1559299954383},"rjwbyy1qsj":{"type":"rect","id":"rjwbyy1qsj","color":"#39cccc","size":10,"x":517,"y":231,"x2":517,"y2":231,"tool":"Rectangle","time":1559299976069},"tjwbyzh6ra":{"type":"new","id":"tjwbyzh6ra","color":"#7fdbff","size":27,"x":677,"y":333.5,"tool":"Text","time":1559300042756},"tjwbyzrmal":{"type":"new","id":"tjwbyzrmal","color":"#7fdbff","size":27,"x":514,"y":229.5,"tool":"Text","time":1559300056277,"txt":""},"tjwbyzsp7u":{"type":"new","id":"tjwbyzsp7u","color":"#7fdbff","size":27,"x":436,"y":289.5,"tool":"Text","time":1559300057681},"tjwbyztkxx":{"type":"new","id":"tjwbyztkxx","color":"#7fdbff","size":27,"x":403,"y":210.5,"tool":"Text","time":1559300058818},"rjwbyzw4jx":{"type":"rect","id":"rjwbyzw4jx","color":"#7fdbff","size":10,"x":330,"y":193,"x2":330,"y2":193,"tool":"Rectangle","time":1559300062120},"ljwbz56kgg":{"type":"line","id":"ljwbz56kgg","color":"#e646db","size":10,"tool":"Pencil","time":1559300308914,"_children":[{"type":"child","parent":"ljwbz56kgg","x":1615,"y":150,"tool":"Pencil"}]}}