{"ljp1n7j836":{"type":"line","id":"ljp1n7j836","color":"#1913b0","size":10,"tool":"Pencil","_children":[{"type":"child","parent":"ljp1n7j836","x":429,"y":161,"tool":"Pencil"},{"type":"child","parent":"ljp1n7j836","x":429,"y":162,"tool":"Pencil"},{"type":"child","parent":"ljp1n7j836","x":595,"y":281,"tool":"Pencil"},{"type":"child","parent":"ljp1n7j836","x":655,"y":341,"tool":"Pencil"},{"type":"child","parent":"ljp1n7j836","x":652,"y":324,"tool":"Pencil"},{"type":"child","parent":"ljp1n7j836","x":599,"y":210,"tool":"Pencil"},{"type":"child","parent":"ljp1n7j836","x":551,"y":138,"tool":"Pencil"},{"type":"child","parent":"ljp1n7j836","x":602,"y":228,"tool":"Pencil"},{"type":"child","parent":"ljp1n7j836","x":588,"y":206,"tool":"Pencil"},{"type":"child","parent":"ljp1n7j836","x":597,"y":208,"tool":"Pencil"},{"type":"child","parent":"ljp1n7j836","x":626,"y":229,"tool":"Pencil"},{"type":"child","parent":"ljp1n7j836","x":699,"y":240,"tool":"Pencil"},{"type":"child","parent":"ljp1n7j836","x":745,"y":284,"tool":"Pencil"},{"type":"child","parent":"ljp1n7j836","x":753,"y":288,"tool":"Pencil"},{"type":"child","parent":"ljp1n7j836","x":759,"y":286,"tool":"Pencil"},{"type":"child","parent":"ljp1n7j836","x":757,"y":267,"tool":"Pencil"},{"type":"child","parent":"ljp1n7j836","x":772,"y":291,"tool":"Pencil"},{"type":"child","parent":"ljp1n7j836","x":770,"y":310,"tool":"Pencil"},{"type":"child","parent":"ljp1n7j836","x":760,"y":318,"tool":"Pencil"},{"type":"child","parent":"ljp1n7j836","x":736,"y":347,"tool":"Pencil"},{"type":"child","parent":"ljp1n7j836","x":740,"y":401,"tool":"Pencil"},{"type":"child","parent":"ljp1n7j836","x":738,"y":404,"tool":"Pencil"},{"type":"child","parent":"ljp1n7j836","x":728,"y":404,"tool":"Pencil"},{"type":"child","parent":"ljp1n7j836","x":724,"y":436,"tool":"Pencil"},{"type":"child","parent":"ljp1n7j836","x":734,"y":444,"tool":"Pencil"},{"type":"child","parent":"ljp1n7j836","x":724,"y":427,"tool":"Pencil"},{"type":"child","parent":"ljp1n7j836","x":683,"y":453,"tool":"Pencil"},{"type":"child","parent":"ljp1n7j836","x":630,"y":460,"tool":"Pencil"},{"type":"child","parent":"ljp1n7j836","x":589,"y":443,"tool":"Pencil"},{"type":"child","parent":"ljp1n7j836","x":553,"y":406,"tool":"Pencil"},{"type":"child","parent":"ljp1n7j836","x":597,"y":430,"tool":"Pencil"},{"type":"child","parent":"ljp1n7j836","x":658,"y":484,"tool":"Pencil"},{"type":"child","parent":"ljp1n7j836","x":593,"y":424,"tool":"Pencil"},{"type":"child","parent":"ljp1n7j836","x":590,"y":421,"tool":"Pencil"},{"type":"child","parent":"ljp1n7j836","x":522,"y":363,"tool":"Pencil"},{"type":"child","parent":"ljp1n7j836","x":470,"y":326,"tool":"Pencil"},{"type":"child","parent":"ljp1n7j836","x":465,"y":324,"tool":"Pencil"},{"type":"child","parent":"ljp1n7j836","x":433,"y":351,"tool":"Pencil"},{"type":"child","parent":"ljp1n7j836","x":424,"y":410,"tool":"Pencil"},{"type":"child","parent":"ljp1n7j836","x":425,"y":417,"tool":"Pencil"}]},"ljp1n7nery":{"type":"line","id":"ljp1n7nery","color":"#1913b0","size":1,"tool":"Pencil","_children":[{"type":"child","parent":"ljp1n7nery","x":767,"y":409,"tool":"Pencil"},{"type":"child","parent":"ljp1n7nery","x":762,"y":403,"tool":"Pencil"},{"type":"child","parent":"ljp1n7nery","x":744,"y":313,"tool":"Pencil"},{"type":"child","parent":"ljp1n7nery","x":793,"y":228,"tool":"Pencil"},{"type":"child","parent":"ljp1n7nery","x":856,"y":251,"tool":"Pencil"},{"type":"child","parent":"ljp1n7nery","x":873,"y":286,"tool":"Pencil"},{"type":"child","parent":"ljp1n7nery","x":815,"y":361,"tool":"Pencil"},{"type":"child","parent":"ljp1n7nery","x":676,"y":312,"tool":"Pencil"},{"type":"child","parent":"ljp1n7nery","x":703,"y":256,"tool":"Pencil"},{"type":"child","parent":"ljp1n7nery","x":809,"y":312,"tool":"Pencil"},{"type":"child","parent":"ljp1n7nery","x":809,"y":316,"tool":"Pencil"},{"type":"child","parent":"ljp1n7nery","x":753,"y":198,"tool":"Pencil"},{"type":"child","parent":"ljp1n7nery","x":748,"y":174,"tool":"Pencil"},{"type":"child","parent":"ljp1n7nery","x":840,"y":349,"tool":"Pencil"},{"type":"child","parent":"ljp1n7nery","x":784,"y":240,"tool":"Pencil"},{"type":"child","parent":"ljp1n7nery","x":770,"y":144,"tool":"Pencil"},{"type":"child","parent":"ljp1n7nery","x":836,"y":261,"tool":"Pencil"},{"type":"child","parent":"ljp1n7nery","x":854,"y":284,"tool":"Pencil"},{"type":"child","parent":"ljp1n7nery","x":859,"y":130,"tool":"Pencil"},{"type":"child","parent":"ljp1n7nery","x":928,"y":247,"tool":"Pencil"},{"type":"child","parent":"ljp1n7nery","x":1029,"y":396,"tool":"Pencil"},{"type":"child","parent":"ljp1n7nery","x":1044,"y":372,"tool":"Pencil"},{"type":"child","parent":"ljp1n7nery","x":1102,"y":462,"tool":"Pencil"},{"type":"child","parent":"ljp1n7nery","x":1065,"y":388,"tool":"Pencil"},{"type":"child","parent":"ljp1n7nery","x":1080,"y":448,"tool":"Pencil"},{"type":"child","parent":"ljp1n7nery","x":1075,"y":445,"tool":"Pencil"}]},"tjp1n7qy4w":{"type":"new","id":"tjp1n7qy4w","color":"#1913b0","size":13,"x":232,"y":142,"tool":"Text"},"tjp1n7rp0q":{"type":"new","id":"tjp1n7rp0q","color":"#1913b0","size":13,"x":219,"y":271,"tool":"Text","txt":"kjkj"},"tjp1n7soe3":{"type":"new","id":"tjp1n7soe3","color":"#1913b0","size":13,"x":219,"y":291,"tool":"Text","txt":""},"tjp1n7swti":{"type":"new","id":"tjp1n7swti","color":"#1913b0","size":13,"x":219,"y":310,"tool":"Text","txt":"jkj"},"tjp1n7u7r8":{"type":"new","id":"tjp1n7u7r8","color":"#1913b0","size":13,"x":219,"y":330,"tool":"Text","txt":"kjjk"},"tjp1n7wb15":{"type":"new","id":"tjp1n7wb15","color":"#1913b0","size":13,"x":219,"y":349,"tool":"Text","txt":""},"ljp21euyqc":{"type":"line","id":"ljp21euyqc","color":"#1913b0","size":10,"tool":"Pencil","_children":[{"type":"child","parent":"ljp21euyqc","x":261,"y":273,"tool":"Pencil"},{"type":"child","parent":"ljp21euyqc","x":276,"y":270,"tool":"Pencil"},{"type":"child","parent":"ljp21euyqc","x":387,"y":258,"tool":"Pencil"},{"type":"child","parent":"ljp21euyqc","x":390,"y":258,"tool":"Pencil"}]},"ljp2p8s2es":{"type":"line","id":"ljp2p8s2es","color":"#1913b0","size":10,"tool":"Pencil","_children":[{"type":"child","parent":"ljp2p8s2es","x":438,"y":625,"tool":"Pencil"},{"type":"child","parent":"ljp2p8s2es","x":438,"y":624,"tool":"Pencil"},{"type":"child","parent":"ljp2p8s2es","x":456,"y":542,"tool":"Pencil"},{"type":"child","parent":"ljp2p8s2es","x":469,"y":521,"tool":"Pencil"},{"type":"child","parent":"ljp2p8s2es","x":471,"y":522,"tool":"Pencil"},{"type":"child","parent":"ljp2p8s2es","x":402,"y":635,"tool":"Pencil"},{"type":"child","parent":"ljp2p8s2es","x":402,"y":564,"tool":"Pencil"},{"type":"child","parent":"ljp2p8s2es","x":406,"y":495,"tool":"Pencil"},{"type":"child","parent":"ljp2p8s2es","x":267,"y":524,"tool":"Pencil"},{"type":"child","parent":"ljp2p8s2es","x":246,"y":462,"tool":"Pencil"}]},"ljp2p8t8p3":{"type":"line","id":"ljp2p8t8p3","color":"#1913b0","size":10,"tool":"Pencil","_children":[{"type":"child","parent":"ljp2p8t8p3","x":311,"y":359,"tool":"Pencil"},{"type":"child","parent":"ljp2p8t8p3","x":312,"y":359,"tool":"Pencil"},{"type":"child","parent":"ljp2p8t8p3","x":345,"y":398,"tool":"Pencil"},{"type":"child","parent":"ljp2p8t8p3","x":346,"y":432,"tool":"Pencil"},{"type":"child","parent":"ljp2p8t8p3","x":363,"y":407,"tool":"Pencil"},{"type":"child","parent":"ljp2p8t8p3","x":364,"y":418,"tool":"Pencil"},{"type":"child","parent":"ljp2p8t8p3","x":405,"y":440,"tool":"Pencil"},{"type":"child","parent":"ljp2p8t8p3","x":422,"y":469,"tool":"Pencil"},{"type":"child","parent":"ljp2p8t8p3","x":429,"y":482,"tool":"Pencil"},{"type":"child","parent":"ljp2p8t8p3","x":463,"y":433,"tool":"Pencil"},{"type":"child","parent":"ljp2p8t8p3","x":493,"y":456,"tool":"Pencil"}]},"rjp2parwz8":{"type":"rect","id":"rjp2parwz8","color":"#ff2f92","size":10,"x":794,"y":496,"x2":995,"y2":561,"tool":"Rectangle"},"rjp2paz6z9":{"type":"rect","id":"rjp2paz6z9","color":"#ff2f92","size":10,"x":1273,"y":269,"x2":1273,"y2":269,"tool":"Rectangle"},"rjp2pazmgv":{"type":"rect","id":"rjp2pazmgv","color":"#ff2f92","size":10,"x":1196,"y":260,"x2":1291,"y2":191,"tool":"Rectangle"},"ljp2pb3j1l":{"type":"line","id":"ljp2pb3j1l","color":"#ff2f92","size":10,"tool":"Pencil","_children":[{"type":"child","parent":"ljp2pb3j1l","x":335,"y":129,"tool":"Pencil"},{"type":"child","parent":"ljp2pb3j1l","x":335,"y":123,"tool":"Pencil"},{"type":"child","parent":"ljp2pb3j1l","x":336,"y":87,"tool":"Pencil"},{"type":"child","parent":"ljp2pb3j1l","x":305,"y":174,"tool":"Pencil"},{"type":"child","parent":"ljp2pb3j1l","x":333,"y":150,"tool":"Pencil"},{"type":"child","parent":"ljp2pb3j1l","x":354,"y":152,"tool":"Pencil"},{"type":"child","parent":"ljp2pb3j1l","x":411,"y":158,"tool":"Pencil"},{"type":"child","parent":"ljp2pb3j1l","x":493,"y":135,"tool":"Pencil"},{"type":"child","parent":"ljp2pb3j1l","x":493,"y":193,"tool":"Pencil"},{"type":"child","parent":"ljp2pb3j1l","x":499,"y":197,"tool":"Pencil"}]},"ljp2pb4nh8":{"type":"line","id":"ljp2pb4nh8","color":"#ff2f92","size":10,"tool":"Pencil","_children":[{"type":"child","parent":"ljp2pb4nh8","x":543,"y":279,"tool":"Pencil"},{"type":"child","parent":"ljp2pb4nh8","x":542,"y":277,"tool":"Pencil"},{"type":"child","parent":"ljp2pb4nh8","x":558,"y":237,"tool":"Pencil"},{"type":"child","parent":"ljp2pb4nh8","x":558,"y":249,"tool":"Pencil"},{"type":"child","parent":"ljp2pb4nh8","x":586,"y":234,"tool":"Pencil"},{"type":"child","parent":"ljp2pb4nh8","x":587,"y":348,"tool":"Pencil"},{"type":"child","parent":"ljp2pb4nh8","x":674,"y":251,"tool":"Pencil"},{"type":"child","parent":"ljp2pb4nh8","x":680,"y":300,"tool":"Pencil"},{"type":"child","parent":"ljp2pb4nh8","x":714,"y":288,"tool":"Pencil"},{"type":"child","parent":"ljp2pb4nh8","x":750,"y":290,"tool":"Pencil"},{"type":"child","parent":"ljp2pb4nh8","x":792,"y":307,"tool":"Pencil"},{"type":"child","parent":"ljp2pb4nh8","x":807,"y":328,"tool":"Pencil"},{"type":"child","parent":"ljp2pb4nh8","x":783,"y":395,"tool":"Pencil"},{"type":"child","parent":"ljp2pb4nh8","x":839,"y":339,"tool":"Pencil"},{"type":"child","parent":"ljp2pb4nh8","x":835,"y":352,"tool":"Pencil"}]},"ljp2pb5zlq":{"type":"line","id":"ljp2pb5zlq","color":"#ff2f92","size":10,"tool":"Pencil","_children":[{"type":"child","parent":"ljp2pb5zlq","x":700,"y":389,"tool":"Pencil"},{"type":"child","parent":"ljp2pb5zlq","x":723,"y":389,"tool":"Pencil"},{"type":"child","parent":"ljp2pb5zlq","x":789,"y":405,"tool":"Pencil"},{"type":"child","parent":"ljp2pb5zlq","x":811,"y":407,"tool":"Pencil"},{"type":"child","parent":"ljp2pb5zlq","x":843,"y":433,"tool":"Pencil"},{"type":"child","parent":"ljp2pb5zlq","x":952,"y":327,"tool":"Pencil"},{"type":"child","parent":"ljp2pb5zlq","x":964,"y":349,"tool":"Pencil"},{"type":"child","parent":"ljp2pb5zlq","x":986,"y":331,"tool":"Pencil"},{"type":"child","parent":"ljp2pb5zlq","x":993,"y":327,"tool":"Pencil"},{"type":"child","parent":"ljp2pb5zlq","x":1017,"y":309,"tool":"Pencil"},{"type":"child","parent":"ljp2pb5zlq","x":1011,"y":351,"tool":"Pencil"},{"type":"child","parent":"ljp2pb5zlq","x":1011,"y":356,"tool":"Pencil"},{"type":"child","parent":"ljp2pb5zlq","x":996,"y":432,"tool":"Pencil"},{"type":"child","parent":"ljp2pb5zlq","x":1001,"y":436,"tool":"Pencil"},{"type":"child","parent":"ljp2pb5zlq","x":1006,"y":445,"tool":"Pencil"},{"type":"child","parent":"ljp2pb5zlq","x":1050,"y":424,"tool":"Pencil"},{"type":"child","parent":"ljp2pb5zlq","x":1060,"y":434,"tool":"Pencil"},{"type":"child","parent":"ljp2pb5zlq","x":1070,"y":443,"tool":"Pencil"},{"type":"child","parent":"ljp2pb5zlq","x":1050,"y":465,"tool":"Pencil"},{"type":"child","parent":"ljp2pb5zlq","x":1056,"y":455,"tool":"Pencil"},{"type":"child","parent":"ljp2pb5zlq","x":1062,"y":445,"tool":"Pencil"},{"type":"child","parent":"ljp2pb5zlq","x":1025,"y":507,"tool":"Pencil"},{"type":"child","parent":"ljp2pb5zlq","x":1015,"y":523,"tool":"Pencil"},{"type":"child","parent":"ljp2pb5zlq","x":987,"y":577,"tool":"Pencil"},{"type":"child","parent":"ljp2pb5zlq","x":971,"y":594,"tool":"Pencil"},{"type":"child","parent":"ljp2pb5zlq","x":935,"y":612,"tool":"Pencil"},{"type":"child","parent":"ljp2pb5zlq","x":932,"y":614,"tool":"Pencil"},{"type":"child","parent":"ljp2pb5zlq","x":905,"y":619,"tool":"Pencil"},{"type":"child","parent":"ljp2pb5zlq","x":907,"y":579,"tool":"Pencil"},{"type":"child","parent":"ljp2pb5zlq","x":717,"y":703,"tool":"Pencil"},{"type":"child","parent":"ljp2pb5zlq","x":433,"y":710,"tool":"Pencil"},{"type":"child","parent":"ljp2pb5zlq","x":394,"y":645,"tool":"Pencil"},{"type":"child","parent":"ljp2pb5zlq","x":471,"y":509,"tool":"Pencil"},{"type":"child","parent":"ljp2pb5zlq","x":323,"y":682,"tool":"Pencil"},{"type":"child","parent":"ljp2pb5zlq","x":297,"y":595,"tool":"Pencil"},{"type":"child","parent":"ljp2pb5zlq","x":506,"y":293,"tool":"Pencil"},{"type":"child","parent":"ljp2pb5zlq","x":555,"y":441,"tool":"Pencil"},{"type":"child","parent":"ljp2pb5zlq","x":595,"y":419,"tool":"Pencil"},{"type":"child","parent":"ljp2pb5zlq","x":609,"y":510,"tool":"Pencil"},{"type":"child","parent":"ljp2pb5zlq","x":959,"y":248,"tool":"Pencil"},{"type":"child","parent":"ljp2pb5zlq","x":1018,"y":287,"tool":"Pencil"},{"type":"child","parent":"ljp2pb5zlq","x":942,"y":434,"tool":"Pencil"},{"type":"child","parent":"ljp2pb5zlq","x":958,"y":468,"tool":"Pencil"},{"type":"child","parent":"ljp2pb5zlq","x":1155,"y":395,"tool":"Pencil"},{"type":"child","parent":"ljp2pb5zlq","x":1169,"y":457,"tool":"Pencil"},{"type":"child","parent":"ljp2pb5zlq","x":1201,"y":450,"tool":"Pencil"},{"type":"child","parent":"ljp2pb5zlq","x":1169,"y":23,"tool":"Pencil"}]},"ljp2pbgog3":{"type":"line","id":"ljp2pbgog3","color":"#ff2f92","size":10,"tool":"Pencil","_children":[{"type":"child","parent":"ljp2pbgog3","x":1050,"y":592,"tool":"Pencil"},{"type":"child","parent":"ljp2pbgog3","x":1050,"y":590,"tool":"Pencil"},{"type":"child","parent":"ljp2pbgog3","x":1060,"y":509,"tool":"Pencil"},{"type":"child","parent":"ljp2pbgog3","x":1057,"y":521,"tool":"Pencil"},{"type":"child","parent":"ljp2pbgog3","x":1087,"y":455,"tool":"Pencil"},{"type":"child","parent":"ljp2pbgog3","x":1080,"y":537,"tool":"Pencil"},{"type":"child","parent":"ljp2pbgog3","x":1104,"y":487,"tool":"Pencil"},{"type":"child","parent":"ljp2pbgog3","x":1111,"y":485,"tool":"Pencil"},{"type":"child","parent":"ljp2pbgog3","x":1161,"y":342,"tool":"Pencil"},{"type":"child","parent":"ljp2pbgog3","x":1143,"y":406,"tool":"Pencil"},{"type":"child","parent":"ljp2pbgog3","x":1133,"y":428,"tool":"Pencil"},{"type":"child","parent":"ljp2pbgog3","x":1127,"y":434,"tool":"Pencil"},{"type":"child","parent":"ljp2pbgog3","x":1126,"y":372,"tool":"Pencil"},{"type":"child","parent":"ljp2pbgog3","x":1116,"y":340,"tool":"Pencil"},{"type":"child","parent":"ljp2pbgog3","x":1009,"y":536,"tool":"Pencil"},{"type":"child","parent":"ljp2pbgog3","x":1048,"y":328,"tool":"Pencil"},{"type":"child","parent":"ljp2pbgog3","x":953,"y":535,"tool":"Pencil"}]},"ljp2y3d3rk":{"type":"line","id":"ljp2y3d3rk","color":"#1913b0","size":10,"tool":"Pencil","_children":[{"type":"child","parent":"ljp2y3d3rk","x":451,"y":96,"tool":"Pencil"},{"type":"child","parent":"ljp2y3d3rk","x":455,"y":96,"tool":"Pencil"},{"type":"child","parent":"ljp2y3d3rk","x":502,"y":106,"tool":"Pencil"},{"type":"child","parent":"ljp2y3d3rk","x":532,"y":98,"tool":"Pencil"},{"type":"child","parent":"ljp2y3d3rk","x":543,"y":90,"tool":"Pencil"},{"type":"child","parent":"ljp2y3d3rk","x":531,"y":72,"tool":"Pencil"},{"type":"child","parent":"ljp2y3d3rk","x":459,"y":47,"tool":"Pencil"},{"type":"child","parent":"ljp2y3d3rk","x":416,"y":42,"tool":"Pencil"},{"type":"child","parent":"ljp2y3d3rk","x":393,"y":51,"tool":"Pencil"},{"type":"child","parent":"ljp2y3d3rk","x":376,"y":76,"tool":"Pencil"},{"type":"child","parent":"ljp2y3d3rk","x":375,"y":95,"tool":"Pencil"},{"type":"child","parent":"ljp2y3d3rk","x":383,"y":110,"tool":"Pencil"},{"type":"child","parent":"ljp2y3d3rk","x":408,"y":114,"tool":"Pencil"},{"type":"child","parent":"ljp2y3d3rk","x":428,"y":91,"tool":"Pencil"},{"type":"child","parent":"ljp2y3d3rk","x":431,"y":87,"tool":"Pencil"},{"type":"child","parent":"ljp2y3d3rk","x":415,"y":71,"tool":"Pencil"},{"type":"child","parent":"ljp2y3d3rk","x":407,"y":56,"tool":"Pencil"},{"type":"child","parent":"ljp2y3d3rk","x":408,"y":52,"tool":"Pencil"},{"type":"child","parent":"ljp2y3d3rk","x":439,"y":85,"tool":"Pencil"},{"type":"child","parent":"ljp2y3d3rk","x":443,"y":112,"tool":"Pencil"},{"type":"child","parent":"ljp2y3d3rk","x":397,"y":121,"tool":"Pencil"},{"type":"child","parent":"ljp2y3d3rk","x":378,"y":94,"tool":"Pencil"},{"type":"child","parent":"ljp2y3d3rk","x":402,"y":55,"tool":"Pencil"},{"type":"child","parent":"ljp2y3d3rk","x":442,"y":84,"tool":"Pencil"},{"type":"child","parent":"ljp2y3d3rk","x":411,"y":125,"tool":"Pencil"}]},"ljp2y3gdq4":{"type":"line","id":"ljp2y3gdq4","color":"#1913b0","size":10,"tool":"Pencil","_children":[{"type":"child","parent":"ljp2y3gdq4","x":169,"y":46,"tool":"Pencil"},{"type":"child","parent":"ljp2y3gdq4","x":169,"y":57,"tool":"Pencil"},{"type":"child","parent":"ljp2y3gdq4","x":136,"y":170,"tool":"Pencil"},{"type":"child","parent":"ljp2y3gdq4","x":102,"y":246,"tool":"Pencil"},{"type":"child","parent":"ljp2y3gdq4","x":97,"y":317,"tool":"Pencil"},{"type":"child","parent":"ljp2y3gdq4","x":142,"y":433,"tool":"Pencil"},{"type":"child","parent":"ljp2y3gdq4","x":165,"y":455,"tool":"Pencil"},{"type":"child","parent":"ljp2y3gdq4","x":170,"y":335,"tool":"Pencil"},{"type":"child","parent":"ljp2y3gdq4","x":167,"y":148,"tool":"Pencil"},{"type":"child","parent":"ljp2y3gdq4","x":236,"y":128,"tool":"Pencil"},{"type":"child","parent":"ljp2y3gdq4","x":290,"y":184,"tool":"Pencil"}]}}