{"lk8hf40ety":{"type":"line","id":"lk8hf40ety","color":"#3d9970","size":10,"tool":"Pencil","time":1585750850618,"_children":[{"type":"child","parent":"lk8hf40ety","x":173.3,"y":1963.3,"tool":"Pencil"}]},"rk8hfq1our":{"type":"rect","id":"rk8hfq1our","color":"#85144b","size":10,"x":1040,"y":505,"x2":1105,"y2":1667.5,"tool":"Rectangle","time":1585751878708},"rk8hfq70zx":{"type":"rect","id":"rk8hfq70zx","color":"#85144b","size":10,"x":1035,"y":505,"x2":1887.5,"y2":1662.5,"tool":"Rectangle","time":1585751885624},"rk8hfq9xlz":{"type":"rect","id":"rk8hfq9xlz","color":"#85144b","size":10,"x":1280,"y":1130,"x2":1667.5,"y2":427.5,"tool":"Rectangle","time":1585751889391},"rk8hfqfmz0":{"type":"rect","id":"rk8hfqfmz0","color":"#85144b","size":10,"x":1280,"y":505,"x2":1845,"y2":1127.5,"tool":"Rectangle","time":1585751896785},"rk8hfqn1or":{"type":"rect","id":"rk8hfqn1or","color":"#85144b","size":10,"x":1570,"y":792.5,"x2":1840,"y2":1125,"tool":"Rectangle","time":1585751906385},"rk8hfqvks8":{"type":"rect","id":"rk8hfqvks8","color":"#85144b","size":10,"x":1570,"y":790,"x2":1280,"y2":1127.5,"tool":"Rectangle","time":1585751917441},"rk8hfr13rz":{"type":"rect","id":"rk8hfr13rz","color":"#85144b","size":10,"x":1570,"y":792.5,"x2":1280,"y2":512.5,"tool":"Rectangle","time":1585751924606},"rk8hfr8vam":{"type":"rect","id":"rk8hfr8vam","color":"#85144b","size":10,"x":1567.5,"y":787.5,"x2":1845,"y2":505,"tool":"Rectangle","time":1585751934666},"rk8hfrc7rz":{"type":"rect","id":"rk8hfrc7rz","color":"#85144b","size":10,"x":1867.5,"y":905,"x2":1605,"y2":792.5,"tool":"Rectangle","time":1585751939006},"rk8hfrds3r":{"type":"rect","id":"rk8hfrds3r","color":"#85144b","size":10,"x":1685,"y":657.5,"x2":1685,"y2":657.5,"tool":"Rectangle","time":1585751941031},"rk8hfre73p":{"type":"rect","id":"rk8hfre73p","color":"#85144b","size":10,"x":1685,"y":657.5,"x2":1370,"y2":922.5,"tool":"Rectangle","time":1585751941572},"rk8hfrgrv2":{"type":"rect","id":"rk8hfrgrv2","color":"#85144b","size":10,"x":1237.5,"y":840,"x2":2760,"y2":1092.5,"tool":"Rectangle","time":1585751944913},"rk8hfrh7yw":{"type":"rect","id":"rk8hfrh7yw","color":"#85144b","size":10,"x":2365,"y":902.5,"x2":702.5,"y2":225,"tool":"Rectangle","time":1585751945492}}