{"ljp40hvyn10":{"type":"line","id":"ljp40hvyn10","color":"#1913b0","size":10,"tool":"Pencil","_children":[{"type":"child","parent":"ljp40hvyn10","x":388,"y":255,"tool":"Pencil"},{"type":"child","parent":"ljp40hvyn10","x":390,"y":256,"tool":"Pencil"},{"type":"child","parent":"ljp40hvyn10","x":538,"y":266,"tool":"Pencil"},{"type":"child","parent":"ljp40hvyn10","x":690,"y":282,"tool":"Pencil"},{"type":"child","parent":"ljp40hvyn10","x":743,"y":286,"tool":"Pencil"},{"type":"child","parent":"ljp40hvyn10","x":761,"y":289,"tool":"Pencil"},{"type":"child","parent":"ljp40hvyn10","x":764,"y":290,"tool":"Pencil"}]},"ljp40hwo75":{"type":"line","id":"ljp40hwo75","color":"#1913b0","size":10,"tool":"Pencil","_children":[{"type":"child","parent":"ljp40hwo75","x":668,"y":141,"tool":"Pencil"},{"type":"child","parent":"ljp40hwo75","x":654,"y":187,"tool":"Pencil"},{"type":"child","parent":"ljp40hwo75","x":570,"y":451,"tool":"Pencil"},{"type":"child","parent":"ljp40hwo75","x":531,"y":583,"tool":"Pencil"},{"type":"child","parent":"ljp40hwo75","x":529,"y":584,"tool":"Pencil"}]},"ljp40hx87l":{"type":"line","id":"ljp40hx87l","color":"#1913b0","size":10,"tool":"Pencil","_children":[{"type":"child","parent":"ljp40hx87l","x":529,"y":71,"tool":"Pencil"},{"type":"child","parent":"ljp40hx87l","x":546,"y":109,"tool":"Pencil"},{"type":"child","parent":"ljp40hx87l","x":639,"y":330,"tool":"Pencil"},{"type":"child","parent":"ljp40hx87l","x":823,"y":592,"tool":"Pencil"},{"type":"child","parent":"ljp40hx87l","x":822,"y":591,"tool":"Pencil"}]},"ljp40hxpjb":{"type":"line","id":"ljp40hxpjb","color":"#1913b0","size":10,"tool":"Pencil","_children":[{"type":"child","parent":"ljp40hxpjb","x":844,"y":202,"tool":"Pencil"},{"type":"child","parent":"ljp40hxpjb","x":778,"y":235,"tool":"Pencil"},{"type":"child","parent":"ljp40hxpjb","x":425,"y":379,"tool":"Pencil"},{"type":"child","parent":"ljp40hxpjb","x":339,"y":407,"tool":"Pencil"}]},"ljp40i25ky":{"type":"line","id":"ljp40i25ky","color":"#1913b0","size":4,"tool":"Pencil","_children":[{"type":"child","parent":"ljp40i25ky","x":774,"y":368,"tool":"Pencil"},{"type":"child","parent":"ljp40i25ky","x":808,"y":373,"tool":"Pencil"},{"type":"child","parent":"ljp40i25ky","x":907,"y":380,"tool":"Pencil"},{"type":"child","parent":"ljp40i25ky","x":926,"y":381,"tool":"Pencil"}]},"ljp40i2raj":{"type":"line","id":"ljp40i2raj","color":"#1913b0","size":4,"tool":"Pencil","_children":[{"type":"child","parent":"ljp40i2raj","x":1216,"y":202,"tool":"Pencil"},{"type":"child","parent":"ljp40i2raj","x":1167,"y":175,"tool":"Pencil"},{"type":"child","parent":"ljp40i2raj","x":1083,"y":213,"tool":"Pencil"},{"type":"child","parent":"ljp40i2raj","x":1078,"y":351,"tool":"Pencil"},{"type":"child","parent":"ljp40i2raj","x":1211,"y":478,"tool":"Pencil"},{"type":"child","parent":"ljp40i2raj","x":1387,"y":374,"tool":"Pencil"},{"type":"child","parent":"ljp40i2raj","x":1370,"y":216,"tool":"Pencil"},{"type":"child","parent":"ljp40i2raj","x":1224,"y":131,"tool":"Pencil"},{"type":"child","parent":"ljp40i2raj","x":1112,"y":145,"tool":"Pencil"},{"type":"child","parent":"ljp40i2raj","x":1063,"y":202,"tool":"Pencil"},{"type":"child","parent":"ljp40i2raj","x":1052,"y":217,"tool":"Pencil"}]},"ljp40i3vre":{"type":"line","id":"ljp40i3vre","color":"#1913b0","size":4,"tool":"Pencil","_children":[{"type":"child","parent":"ljp40i3vre","x":976,"y":697,"tool":"Pencil"},{"type":"child","parent":"ljp40i3vre","x":966,"y":729,"tool":"Pencil"},{"type":"child","parent":"ljp40i3vre","x":1016,"y":790,"tool":"Pencil"},{"type":"child","parent":"ljp40i3vre","x":1108,"y":708,"tool":"Pencil"},{"type":"child","parent":"ljp40i3vre","x":1096,"y":633,"tool":"Pencil"},{"type":"child","parent":"ljp40i3vre","x":1027,"y":618,"tool":"Pencil"},{"type":"child","parent":"ljp40i3vre","x":984,"y":680,"tool":"Pencil"},{"type":"child","parent":"ljp40i3vre","x":991,"y":718,"tool":"Pencil"},{"type":"child","parent":"ljp40i3vre","x":994,"y":720,"tool":"Pencil"}]},"ljp40i4q65":{"type":"line","id":"ljp40i4q65","color":"#1913b0","size":4,"tool":"Pencil","_children":[{"type":"child","parent":"ljp40i4q65","x":1256,"y":560,"tool":"Pencil"},{"type":"child","parent":"ljp40i4q65","x":1231,"y":603,"tool":"Pencil"},{"type":"child","parent":"ljp40i4q65","x":1241,"y":672,"tool":"Pencil"},{"type":"child","parent":"ljp40i4q65","x":1283,"y":704,"tool":"Pencil"},{"type":"child","parent":"ljp40i4q65","x":1343,"y":661,"tool":"Pencil"},{"type":"child","parent":"ljp40i4q65","x":1356,"y":596,"tool":"Pencil"},{"type":"child","parent":"ljp40i4q65","x":1312,"y":561,"tool":"Pencil"},{"type":"child","parent":"ljp40i4q65","x":1272,"y":560,"tool":"Pencil"},{"type":"child","parent":"ljp40i4q65","x":1249,"y":569,"tool":"Pencil"},{"type":"child","parent":"ljp40i4q65","x":1246,"y":574,"tool":"Pencil"}]},"ljp40ikol3":{"type":"line","id":"ljp40ikol3","color":"#1913b0","size":4,"tool":"Pencil","_children":[{"type":"child","parent":"ljp40ikol3","x":615,"y":617,"tool":"Pencil"},{"type":"child","parent":"ljp40ikol3","x":609,"y":616,"tool":"Pencil"},{"type":"child","parent":"ljp40ikol3","x":584,"y":649,"tool":"Pencil"},{"type":"child","parent":"ljp40ikol3","x":610,"y":731,"tool":"Pencil"},{"type":"child","parent":"ljp40ikol3","x":714,"y":722,"tool":"Pencil"},{"type":"child","parent":"ljp40ikol3","x":728,"y":646,"tool":"Pencil"},{"type":"child","parent":"ljp40ikol3","x":658,"y":614,"tool":"Pencil"},{"type":"child","parent":"ljp40ikol3","x":587,"y":633,"tool":"Pencil"},{"type":"child","parent":"ljp40ikol3","x":583,"y":638,"tool":"Pencil"}]},"ljp40ilj39":{"type":"line","id":"ljp40ilj39","color":"#1913b0","size":4,"tool":"Pencil","_children":[{"type":"child","parent":"ljp40ilj39","x":431,"y":655,"tool":"Pencil"},{"type":"child","parent":"ljp40ilj39","x":414,"y":670,"tool":"Pencil"},{"type":"child","parent":"ljp40ilj39","x":406,"y":715,"tool":"Pencil"},{"type":"child","parent":"ljp40ilj39","x":431,"y":744,"tool":"Pencil"},{"type":"child","parent":"ljp40ilj39","x":459,"y":738,"tool":"Pencil"},{"type":"child","parent":"ljp40ilj39","x":504,"y":708,"tool":"Pencil"},{"type":"child","parent":"ljp40ilj39","x":509,"y":691,"tool":"Pencil"},{"type":"child","parent":"ljp40ilj39","x":509,"y":684,"tool":"Pencil"},{"type":"child","parent":"ljp40ilj39","x":502,"y":676,"tool":"Pencil"},{"type":"child","parent":"ljp40ilj39","x":482,"y":659,"tool":"Pencil"},{"type":"child","parent":"ljp40ilj39","x":457,"y":654,"tool":"Pencil"},{"type":"child","parent":"ljp40ilj39","x":430,"y":657,"tool":"Pencil"},{"type":"child","parent":"ljp40ilj39","x":423,"y":662,"tool":"Pencil"},{"type":"child","parent":"ljp40ilj39","x":420,"y":665,"tool":"Pencil"},{"type":"child","parent":"ljp40ilj39","x":419,"y":666,"tool":"Pencil"}]},"ljp40imqft":{"type":"line","id":"ljp40imqft","color":"#1913b0","size":4,"tool":"Pencil","_children":[{"type":"child","parent":"ljp40imqft","x":428,"y":395,"tool":"Pencil"},{"type":"child","parent":"ljp40imqft","x":404,"y":440,"tool":"Pencil"},{"type":"child","parent":"ljp40imqft","x":419,"y":539,"tool":"Pencil"},{"type":"child","parent":"ljp40imqft","x":492,"y":533,"tool":"Pencil"},{"type":"child","parent":"ljp40imqft","x":504,"y":426,"tool":"Pencil"},{"type":"child","parent":"ljp40imqft","x":419,"y":381,"tool":"Pencil"},{"type":"child","parent":"ljp40imqft","x":367,"y":417,"tool":"Pencil"},{"type":"child","parent":"ljp40imqft","x":373,"y":434,"tool":"Pencil"}]},"ljp40innj8":{"type":"line","id":"ljp40innj8","color":"#1913b0","size":4,"tool":"Pencil","_children":[{"type":"child","parent":"ljp40innj8","x":917,"y":248,"tool":"Pencil"},{"type":"child","parent":"ljp40innj8","x":901,"y":250,"tool":"Pencil"},{"type":"child","parent":"ljp40innj8","x":834,"y":350,"tool":"Pencil"},{"type":"child","parent":"ljp40innj8","x":886,"y":410,"tool":"Pencil"},{"type":"child","parent":"ljp40innj8","x":1000,"y":348,"tool":"Pencil"},{"type":"child","parent":"ljp40innj8","x":986,"y":260,"tool":"Pencil"},{"type":"child","parent":"ljp40innj8","x":916,"y":256,"tool":"Pencil"},{"type":"child","parent":"ljp40innj8","x":873,"y":300,"tool":"Pencil"}]},"sjp40iry5k":{"type":"straight","id":"sjp40iry5k","color":"#1913b0","size":4,"x":239,"y":196,"tool":"Straight line","x2":456,"y2":215},"rjp40it2um":{"type":"rect","id":"rjp40it2um","color":"#1913b0","size":4,"x":199,"y":298,"x2":375,"y2":308,"tool":"Rectangle"},"tjp40ivb210":{"type":"new","id":"tjp40ivb210","color":"#1913b0","size":18,"x":254,"y":109,"tool":"Text"}}