{"lk8he7anao":{"type":"line","id":"lk8he7anao","color":"#ffdc00","size":10,"tool":"Pencil","time":1585749320900,"_children":[{"type":"child","parent":"lk8he7anao","x":28,"y":651,"tool":"Pencil"}]},"lk8he7d0rr":{"type":"line","id":"lk8he7d0rr","color":"#ffdc00","size":1,"tool":"Pencil","time":1585749323975,"_children":[{"type":"child","parent":"lk8he7d0rr","x":225,"y":47,"tool":"Pencil"},{"type":"child","parent":"lk8he7d0rr","x":226,"y":41,"tool":"Pencil"},{"type":"child","parent":"lk8he7d0rr","x":236,"y":87,"tool":"Pencil"},{"type":"child","parent":"lk8he7d0rr","x":272,"y":80,"tool":"Pencil"},{"type":"child","parent":"lk8he7d0rr","x":299,"y":105,"tool":"Pencil"},{"type":"child","parent":"lk8he7d0rr","x":324,"y":128,"tool":"Pencil"},{"type":"child","parent":"lk8he7d0rr","x":340,"y":167,"tool":"Pencil"}]},"lk8he7uwy8":{"type":"line","id":"lk8he7uwy8","color":"#ffff00","size":1,"tool":"Pencil","time":1585749347167,"_children":[{"type":"child","parent":"lk8he7uwy8","x":208,"y":230,"tool":"Pencil"},{"type":"child","parent":"lk8he7uwy8","x":207,"y":237,"tool":"Pencil"}]},"lk8he7v7b9":{"type":"line","id":"lk8he7v7b9","color":"#ffff00","size":1,"tool":"Pencil","time":1585749347513,"_children":[{"type":"child","parent":"lk8he7v7b9","x":247,"y":254,"tool":"Pencil"},{"type":"child","parent":"lk8he7v7b9","x":247,"y":261,"tool":"Pencil"}]},"lk8he817bz":{"type":"line","id":"lk8he817bz","color":"#000000","size":1,"tool":"Pencil","time":1585749355290,"_children":[{"type":"child","parent":"lk8he817bz","x":206,"y":165,"tool":"Pencil"},{"type":"child","parent":"lk8he817bz","x":205,"y":180,"tool":"Pencil"},{"type":"child","parent":"lk8he817bz","x":211,"y":221,"tool":"Pencil"}]},"lk8he81i7u":{"type":"line","id":"lk8he81i7u","color":"#000000","size":1,"tool":"Pencil","time":1585749355680,"_children":[{"type":"child","parent":"lk8he81i7u","x":241,"y":191,"tool":"Pencil"},{"type":"child","parent":"lk8he81i7u","x":239,"y":199,"tool":"Pencil"}]},"lk8he81r0j":{"type":"line","id":"lk8he81r0j","color":"#000000","size":1,"tool":"Pencil","time":1585749355998,"_children":[{"type":"child","parent":"lk8he81r0j","x":259,"y":183,"tool":"Pencil"},{"type":"child","parent":"lk8he81r0j","x":255,"y":162,"tool":"Pencil"},{"type":"child","parent":"lk8he81r0j","x":274,"y":171,"tool":"Pencil"},{"type":"child","parent":"lk8he81r0j","x":272,"y":205,"tool":"Pencil"},{"type":"child","parent":"lk8he81r0j","x":298,"y":191,"tool":"Pencil"}]},"lk8he821nd":{"type":"line","id":"lk8he821nd","color":"#000000","size":1,"tool":"Pencil","time":1585749356380,"_children":[{"type":"child","parent":"lk8he821nd","x":307,"y":179,"tool":"Pencil"}]},"lk8he82cbz":{"type":"line","id":"lk8he82cbz","color":"#000000","size":1,"tool":"Pencil","time":1585749356763,"_children":[{"type":"child","parent":"lk8he82cbz","x":327,"y":143,"tool":"Pencil"},{"type":"child","parent":"lk8he82cbz","x":342,"y":127,"tool":"Pencil"},{"type":"child","parent":"lk8he82cbz","x":343,"y":155,"tool":"Pencil"},{"type":"child","parent":"lk8he82cbz","x":360,"y":166,"tool":"Pencil"},{"type":"child","parent":"lk8he82cbz","x":350,"y":180,"tool":"Pencil"}]},"lk8he82p6l":{"type":"line","id":"lk8he82p6l","color":"#000000","size":1,"tool":"Pencil","time":1585749357227,"_children":[{"type":"child","parent":"lk8he82p6l","x":374,"y":153,"tool":"Pencil"},{"type":"child","parent":"lk8he82p6l","x":375,"y":169,"tool":"Pencil"}]},"lk8he82y29":{"type":"line","id":"lk8he82y29","color":"#000000","size":1,"tool":"Pencil","time":1585749357546,"_children":[{"type":"child","parent":"lk8he82y29","x":389,"y":118,"tool":"Pencil"},{"type":"child","parent":"lk8he82y29","x":388,"y":137,"tool":"Pencil"},{"type":"child","parent":"lk8he82y29","x":404,"y":149,"tool":"Pencil"},{"type":"child","parent":"lk8he82y29","x":412,"y":128,"tool":"Pencil"},{"type":"child","parent":"lk8he82y29","x":415,"y":152,"tool":"Pencil"}]},"lk8he83bec":{"type":"line","id":"lk8he83bec","color":"#000000","size":1,"tool":"Pencil","time":1585749358027,"_children":[{"type":"child","parent":"lk8he83bec","x":438,"y":131,"tool":"Pencil"},{"type":"child","parent":"lk8he83bec","x":439,"y":151,"tool":"Pencil"}]},"lk8he83kon":{"type":"line","id":"lk8he83kon","color":"#000000","size":1,"tool":"Pencil","time":1585749358360,"_children":[{"type":"child","parent":"lk8he83kon","x":455,"y":95,"tool":"Pencil"},{"type":"child","parent":"lk8he83kon","x":470,"y":89,"tool":"Pencil"}]},"lk8he83sto":{"type":"line","id":"lk8he83sto","color":"#000000","size":1,"tool":"Pencil","time":1585749358654,"_children":[{"type":"child","parent":"lk8he83sto","x":459,"y":99,"tool":"Pencil"},{"type":"child","parent":"lk8he83sto","x":455,"y":110,"tool":"Pencil"},{"type":"child","parent":"lk8he83sto","x":477,"y":123,"tool":"Pencil"},{"type":"child","parent":"lk8he83sto","x":465,"y":146,"tool":"Pencil"}]},"lk8he84c1a":{"type":"line","id":"lk8he84c1a","color":"#000000","size":1,"tool":"Pencil","time":1585749359371,"_children":[{"type":"child","parent":"lk8he84c1a","x":526,"y":94,"tool":"Pencil"},{"type":"child","parent":"lk8he84c1a","x":522,"y":88,"tool":"Pencil"},{"type":"child","parent":"lk8he84c1a","x":521,"y":124,"tool":"Pencil"},{"type":"child","parent":"lk8he84c1a","x":539,"y":118,"tool":"Pencil"},{"type":"child","parent":"lk8he84c1a","x":522,"y":114,"tool":"Pencil"}]},"lk8he84yal":{"type":"line","id":"lk8he84yal","color":"#000000","size":1,"tool":"Pencil","time":1585749360171,"_children":[{"type":"child","parent":"lk8he84yal","x":588,"y":98,"tool":"Pencil"},{"type":"child","parent":"lk8he84yal","x":587,"y":72,"tool":"Pencil"},{"type":"child","parent":"lk8he84yal","x":612,"y":83,"tool":"Pencil"},{"type":"child","parent":"lk8he84yal","x":613,"y":115,"tool":"Pencil"}]},"lk8he859s8":{"type":"line","id":"lk8he859s8","color":"#000000","size":1,"tool":"Pencil","time":1585749360562,"_children":[{"type":"child","parent":"lk8he859s8","x":596,"y":104,"tool":"Pencil"},{"type":"child","parent":"lk8he859s8","x":604,"y":94,"tool":"Pencil"},{"type":"child","parent":"lk8he859s8","x":635,"y":84,"tool":"Pencil"}]},"lk8he85lf3":{"type":"line","id":"lk8he85lf3","color":"#000000","size":1,"tool":"Pencil","time":1585749360979,"_children":[{"type":"child","parent":"lk8he85lf3","x":691,"y":67,"tool":"Pencil"},{"type":"child","parent":"lk8he85lf3","x":689,"y":58,"tool":"Pencil"},{"type":"child","parent":"lk8he85lf3","x":672,"y":71,"tool":"Pencil"},{"type":"child","parent":"lk8he85lf3","x":694,"y":92,"tool":"Pencil"},{"type":"child","parent":"lk8he85lf3","x":689,"y":96,"tool":"Pencil"},{"type":"child","parent":"lk8he85lf3","x":691,"y":70,"tool":"Pencil"}]},"lk8he867ns":{"type":"line","id":"lk8he867ns","color":"#000000","size":1,"tool":"Pencil","time":1585749361803,"_children":[{"type":"child","parent":"lk8he867ns","x":767,"y":53,"tool":"Pencil"},{"type":"child","parent":"lk8he867ns","x":759,"y":47,"tool":"Pencil"},{"type":"child","parent":"lk8he867ns","x":748,"y":66,"tool":"Pencil"},{"type":"child","parent":"lk8he867ns","x":767,"y":55,"tool":"Pencil"},{"type":"child","parent":"lk8he867ns","x":767,"y":67,"tool":"Pencil"}]},"lk8he8742g":{"type":"line","id":"lk8he8742g","color":"#000000","size":1,"tool":"Pencil","time":1585749362971,"_children":[{"type":"child","parent":"lk8he8742g","x":365,"y":248,"tool":"Pencil"},{"type":"child","parent":"lk8he8742g","x":365,"y":256,"tool":"Pencil"}]},"lk8he87cew":{"type":"line","id":"lk8he87cew","color":"#000000","size":1,"tool":"Pencil","time":1585749363271,"_children":[{"type":"child","parent":"lk8he87cew","x":402,"y":252,"tool":"Pencil"},{"type":"child","parent":"lk8he87cew","x":396,"y":261,"tool":"Pencil"},{"type":"child","parent":"lk8he87cew","x":404,"y":279,"tool":"Pencil"},{"type":"child","parent":"lk8he87cew","x":419,"y":245,"tool":"Pencil"}]},"lk8he881ec":{"type":"line","id":"lk8he881ec","color":"#000000","size":1,"tool":"Pencil","time":1585749364171,"_children":[{"type":"child","parent":"lk8he881ec","x":479,"y":254,"tool":"Pencil"},{"type":"child","parent":"lk8he881ec","x":480,"y":266,"tool":"Pencil"},{"type":"child","parent":"lk8he881ec","x":478,"y":310,"tool":"Pencil"}]},"lk8he889n3":{"type":"line","id":"lk8he889n3","color":"#000000","size":1,"tool":"Pencil","time":1585749364465,"_children":[{"type":"child","parent":"lk8he889n3","x":514,"y":265,"tool":"Pencil"},{"type":"child","parent":"lk8he889n3","x":509,"y":252,"tool":"Pencil"},{"type":"child","parent":"lk8he889n3","x":497,"y":291,"tool":"Pencil"},{"type":"child","parent":"lk8he889n3","x":524,"y":276,"tool":"Pencil"},{"type":"child","parent":"lk8he889n3","x":516,"y":250,"tool":"Pencil"}]}}