{"ljp3n5vakl":{"type":"line","id":"ljp3n5vakl","color":"#1913b0","size":10,"tool":"Pencil","_children":[{"type":"child","parent":"ljp3n5vakl","x":432,"y":250,"tool":"Pencil"},{"type":"child","parent":"ljp3n5vakl","x":419,"y":291,"tool":"Pencil"},{"type":"child","parent":"ljp3n5vakl","x":418,"y":457,"tool":"Pencil"},{"type":"child","parent":"ljp3n5vakl","x":535,"y":621,"tool":"Pencil"},{"type":"child","parent":"ljp3n5vakl","x":703,"y":671,"tool":"Pencil"},{"type":"child","parent":"ljp3n5vakl","x":865,"y":597,"tool":"Pencil"},{"type":"child","parent":"ljp3n5vakl","x":943,"y":422,"tool":"Pencil"},{"type":"child","parent":"ljp3n5vakl","x":915,"y":292,"tool":"Pencil"},{"type":"child","parent":"ljp3n5vakl","x":672,"y":234,"tool":"Pencil"},{"type":"child","parent":"ljp3n5vakl","x":504,"y":249,"tool":"Pencil"},{"type":"child","parent":"ljp3n5vakl","x":483,"y":243,"tool":"Pencil"},{"type":"child","parent":"ljp3n5vakl","x":446,"y":236,"tool":"Pencil"},{"type":"child","parent":"ljp3n5vakl","x":431,"y":241,"tool":"Pencil"}]},"rjp3n5z6ad":{"type":"rect","id":"rjp3n5z6ad","color":"#1913b0","size":10,"x":1169,"y":205,"x2":1643,"y2":553,"tool":"Rectangle"},"tjp3n61xv8":{"type":"new","id":"tjp3n61xv8","color":"#1913b0","size":27,"x":1408,"y":281,"tool":"Text","txt":"jghjghj"},"tjp3n63qfe":{"type":"new","id":"tjp3n63qfe","color":"#1913b0","size":27,"x":1408,"y":322,"tool":"Text"},"tjp3n667eb":{"type":"new","id":"tjp3n667eb","color":"#1913b0","size":27,"x":1302,"y":449,"tool":"Text","txt":"ghjgjgjgjgj"},"tjp3n6svg2":{"type":"new","id":"tjp3n6svg2","color":"#1913b0","size":42,"x":431,"y":786,"tool":"Text","txt":""}}