{"ljp1q7rgpc":{"type":"line","id":"ljp1q7rgpc","color":"#1913b0","size":"10","tool":"Pencil","_children":[{"type":"child","parent":"ljp1q7rgpc","x":515,"y":373,"tool":"Pencil"},{"type":"child","parent":"ljp1q7rgpc","x":515,"y":403,"tool":"Pencil"},{"type":"child","parent":"ljp1q7rgpc","x":548,"y":493,"tool":"Pencil"},{"type":"child","parent":"ljp1q7rgpc","x":604,"y":579,"tool":"Pencil"},{"type":"child","parent":"ljp1q7rgpc","x":626,"y":577,"tool":"Pencil"},{"type":"child","parent":"ljp1q7rgpc","x":668,"y":569,"tool":"Pencil"},{"type":"child","parent":"ljp1q7rgpc","x":712,"y":540,"tool":"Pencil"},{"type":"child","parent":"ljp1q7rgpc","x":714,"y":499,"tool":"Pencil"},{"type":"child","parent":"ljp1q7rgpc","x":626,"y":503,"tool":"Pencil"},{"type":"child","parent":"ljp1q7rgpc","x":485,"y":575,"tool":"Pencil"}]},"ljp1q7s8xk":{"type":"line","id":"ljp1q7s8xk","color":"#1913b0","size":"10","tool":"Pencil","_children":[{"type":"child","parent":"ljp1q7s8xk","x":500,"y":717,"tool":"Pencil"},{"type":"child","parent":"ljp1q7s8xk","x":500,"y":723,"tool":"Pencil"},{"type":"child","parent":"ljp1q7s8xk","x":500,"y":790,"tool":"Pencil"}]},"ljp1q7srdb":{"type":"line","id":"ljp1q7srdb","color":"#1913b0","size":"10","tool":"Pencil","_children":[{"type":"child","parent":"ljp1q7srdb","x":519,"y":237,"tool":"Pencil"},{"type":"child","parent":"ljp1q7srdb","x":523,"y":303,"tool":"Pencil"},{"type":"child","parent":"ljp1q7srdb","x":526,"y":491,"tool":"Pencil"},{"type":"child","parent":"ljp1q7srdb","x":526,"y":658,"tool":"Pencil"},{"type":"child","parent":"ljp1q7srdb","x":520,"y":770,"tool":"Pencil"},{"type":"child","parent":"ljp1q7srdb","x":520,"y":782,"tool":"Pencil"},{"type":"child","parent":"ljp1q7srdb","x":630,"y":778,"tool":"Pencil"},{"type":"child","parent":"ljp1q7srdb","x":844,"y":762,"tool":"Pencil"},{"type":"child","parent":"ljp1q7srdb","x":842,"y":758,"tool":"Pencil"},{"type":"child","parent":"ljp1q7srdb","x":685,"y":735,"tool":"Pencil"},{"type":"child","parent":"ljp1q7srdb","x":770,"y":654,"tool":"Pencil"},{"type":"child","parent":"ljp1q7srdb","x":823,"y":633,"tool":"Pencil"}]},"tjp1q7uq3y":{"type":"new","id":"tjp1q7uq3y","color":"#1913b0","size":27,"x":780,"y":383.5,"tool":"Text","txt":"gfdgfgfg"},"tjp1q7wav9":{"type":"new","id":"tjp1q7wav9","color":"#1913b0","size":27,"x":780,"y":424,"tool":"Text","txt":""},"sjp1q807t8":{"type":"straight","id":"sjp1q807t8","color":"#1913b0","size":"10","x":326,"y":324,"tool":"Straight line","x2":316,"y2":767},"rjp1q82dle":{"type":"rect","id":"rjp1q82dle","color":"#1913b0","size":"10","x":250,"y":172,"x2":488,"y2":283,"tool":"Rectangle"}}