{"ljp1tkh91h":{"type":"line","id":"ljp1tkh91h","color":"#1913b0","size":"10","tool":"Pencil","_children":[{"type":"child","parent":"ljp1tkh91h","x":385,"y":66,"tool":"Pencil"},{"type":"child","parent":"ljp1tkh91h","x":380,"y":86,"tool":"Pencil"},{"type":"child","parent":"ljp1tkh91h","x":359,"y":126,"tool":"Pencil"},{"type":"child","parent":"ljp1tkh91h","x":364,"y":127,"tool":"Pencil"},{"type":"child","parent":"ljp1tkh91h","x":385,"y":114,"tool":"Pencil"},{"type":"child","parent":"ljp1tkh91h","x":377,"y":152,"tool":"Pencil"},{"type":"child","parent":"ljp1tkh91h","x":397,"y":148,"tool":"Pencil"},{"type":"child","parent":"ljp1tkh91h","x":429,"y":114,"tool":"Pencil"},{"type":"child","parent":"ljp1tkh91h","x":431,"y":109,"tool":"Pencil"},{"type":"child","parent":"ljp1tkh91h","x":415,"y":123,"tool":"Pencil"},{"type":"child","parent":"ljp1tkh91h","x":413,"y":143,"tool":"Pencil"},{"type":"child","parent":"ljp1tkh91h","x":453,"y":137,"tool":"Pencil"},{"type":"child","parent":"ljp1tkh91h","x":487,"y":80,"tool":"Pencil"},{"type":"child","parent":"ljp1tkh91h","x":485,"y":65,"tool":"Pencil"},{"type":"child","parent":"ljp1tkh91h","x":464,"y":113,"tool":"Pencil"},{"type":"child","parent":"ljp1tkh91h","x":467,"y":145,"tool":"Pencil"},{"type":"child","parent":"ljp1tkh91h","x":529,"y":99,"tool":"Pencil"},{"type":"child","parent":"ljp1tkh91h","x":547,"y":62,"tool":"Pencil"},{"type":"child","parent":"ljp1tkh91h","x":527,"y":91,"tool":"Pencil"},{"type":"child","parent":"ljp1tkh91h","x":515,"y":143,"tool":"Pencil"},{"type":"child","parent":"ljp1tkh91h","x":549,"y":136,"tool":"Pencil"},{"type":"child","parent":"ljp1tkh91h","x":566,"y":111,"tool":"Pencil"},{"type":"child","parent":"ljp1tkh91h","x":543,"y":123,"tool":"Pencil"}]},"ljp1tkj3zj":{"type":"line","id":"ljp1tkj3zj","color":"#1913b0","size":"10","tool":"Pencil","_children":[{"type":"child","parent":"ljp1tkj3zj","x":555,"y":117,"tool":"Pencil"},{"type":"child","parent":"ljp1tkj3zj","x":557,"y":133,"tool":"Pencil"},{"type":"child","parent":"ljp1tkj3zj","x":574,"y":149,"tool":"Pencil"},{"type":"child","parent":"ljp1tkj3zj","x":603,"y":131,"tool":"Pencil"},{"type":"child","parent":"ljp1tkj3zj","x":591,"y":112,"tool":"Pencil"},{"type":"child","parent":"ljp1tkj3zj","x":566,"y":112,"tool":"Pencil"},{"type":"child","parent":"ljp1tkj3zj","x":587,"y":120,"tool":"Pencil"},{"type":"child","parent":"ljp1tkj3zj","x":649,"y":104,"tool":"Pencil"}]},"ljp1tkjxnc":{"type":"line","id":"ljp1tkjxnc","color":"#1913b0","size":"10","tool":"Pencil","_children":[{"type":"child","parent":"ljp1tkjxnc","x":753,"y":57,"tool":"Pencil"},{"type":"child","parent":"ljp1tkjxnc","x":747,"y":79,"tool":"Pencil"},{"type":"child","parent":"ljp1tkjxnc","x":720,"y":144,"tool":"Pencil"}]},"ljp1tkk727":{"type":"line","id":"ljp1tkk727","color":"#1913b0","size":"10","tool":"Pencil","_children":[{"type":"child","parent":"ljp1tkk727","x":714,"y":114,"tool":"Pencil"},{"type":"child","parent":"ljp1tkk727","x":773,"y":99,"tool":"Pencil"},{"type":"child","parent":"ljp1tkk727","x":807,"y":75,"tool":"Pencil"}]},"ljp1tkkhua":{"type":"line","id":"ljp1tkkhua","color":"#1913b0","size":"10","tool":"Pencil","_children":[{"type":"child","parent":"ljp1tkkhua","x":801,"y":67,"tool":"Pencil"},{"type":"child","parent":"ljp1tkkhua","x":795,"y":85,"tool":"Pencil"},{"type":"child","parent":"ljp1tkkhua","x":769,"y":136,"tool":"Pencil"},{"type":"child","parent":"ljp1tkkhua","x":762,"y":147,"tool":"Pencil"},{"type":"child","parent":"ljp1tkkhua","x":799,"y":106,"tool":"Pencil"},{"type":"child","parent":"ljp1tkkhua","x":815,"y":125,"tool":"Pencil"},{"type":"child","parent":"ljp1tkkhua","x":807,"y":167,"tool":"Pencil"},{"type":"child","parent":"ljp1tkkhua","x":857,"y":123,"tool":"Pencil"},{"type":"child","parent":"ljp1tkkhua","x":869,"y":108,"tool":"Pencil"},{"type":"child","parent":"ljp1tkkhua","x":845,"y":131,"tool":"Pencil"},{"type":"child","parent":"ljp1tkkhua","x":861,"y":151,"tool":"Pencil"},{"type":"child","parent":"ljp1tkkhua","x":900,"y":137,"tool":"Pencil"},{"type":"child","parent":"ljp1tkkhua","x":922,"y":117,"tool":"Pencil"},{"type":"child","parent":"ljp1tkkhua","x":923,"y":115,"tool":"Pencil"},{"type":"child","parent":"ljp1tkkhua","x":923,"y":125,"tool":"Pencil"},{"type":"child","parent":"ljp1tkkhua","x":921,"y":146,"tool":"Pencil"},{"type":"child","parent":"ljp1tkkhua","x":947,"y":143,"tool":"Pencil"},{"type":"child","parent":"ljp1tkkhua","x":979,"y":114,"tool":"Pencil"},{"type":"child","parent":"ljp1tkkhua","x":984,"y":109,"tool":"Pencil"},{"type":"child","parent":"ljp1tkkhua","x":960,"y":129,"tool":"Pencil"},{"type":"child","parent":"ljp1tkkhua","x":954,"y":146,"tool":"Pencil"},{"type":"child","parent":"ljp1tkkhua","x":1000,"y":154,"tool":"Pencil"}]},"ljp1tkogsi":{"type":"line","id":"ljp1tkogsi","color":"#1913b0","size":"2","tool":"Pencil","_children":[{"type":"child","parent":"ljp1tkogsi","x":506,"y":282,"tool":"Pencil"},{"type":"child","parent":"ljp1tkogsi","x":523,"y":283,"tool":"Pencil"},{"type":"child","parent":"ljp1tkogsi","x":649,"y":238,"tool":"Pencil"},{"type":"child","parent":"ljp1tkogsi","x":666,"y":229,"tool":"Pencil"}]},"ljp1tkoroo":{"type":"line","id":"ljp1tkoroo","color":"#1913b0","size":"2","tool":"Pencil","_children":[{"type":"child","parent":"ljp1tkoroo","x":620,"y":217,"tool":"Pencil"},{"type":"child","parent":"ljp1tkoroo","x":599,"y":273,"tool":"Pencil"},{"type":"child","parent":"ljp1tkoroo","x":562,"y":357,"tool":"Pencil"}]},"ljp1tkp45b":{"type":"line","id":"ljp1tkp45b","color":"#1913b0","size":"2","tool":"Pencil","_children":[{"type":"child","parent":"ljp1tkp45b","x":643,"y":224,"tool":"Pencil"},{"type":"child","parent":"ljp1tkp45b","x":622,"y":274,"tool":"Pencil"},{"type":"child","parent":"ljp1tkp45b","x":598,"y":312,"tool":"Pencil"},{"type":"child","parent":"ljp1tkp45b","x":613,"y":287,"tool":"Pencil"},{"type":"child","parent":"ljp1tkp45b","x":629,"y":275,"tool":"Pencil"},{"type":"child","parent":"ljp1tkp45b","x":623,"y":313,"tool":"Pencil"},{"type":"child","parent":"ljp1tkp45b","x":653,"y":297,"tool":"Pencil"},{"type":"child","parent":"ljp1tkp45b","x":661,"y":283,"tool":"Pencil"},{"type":"child","parent":"ljp1tkp45b","x":660,"y":315,"tool":"Pencil"},{"type":"child","parent":"ljp1tkp45b","x":693,"y":294,"tool":"Pencil"},{"type":"child","parent":"ljp1tkp45b","x":701,"y":282,"tool":"Pencil"},{"type":"child","parent":"ljp1tkp45b","x":696,"y":305,"tool":"Pencil"},{"type":"child","parent":"ljp1tkp45b","x":703,"y":308,"tool":"Pencil"},{"type":"child","parent":"ljp1tkp45b","x":707,"y":316,"tool":"Pencil"},{"type":"child","parent":"ljp1tkp45b","x":685,"y":321,"tool":"Pencil"}]},"ljp1tkq6z9":{"type":"line","id":"ljp1tkq6z9","color":"#1913b0","size":"2","tool":"Pencil","_children":[{"type":"child","parent":"ljp1tkq6z9","x":682,"y":254,"tool":"Pencil"}]},"ljp1tkr43q":{"type":"line","id":"ljp1tkr43q","color":"#1913b0","size":"2","tool":"Pencil","_children":[{"type":"child","parent":"ljp1tkr43q","x":767,"y":309,"tool":"Pencil"},{"type":"child","parent":"ljp1tkr43q","x":801,"y":281,"tool":"Pencil"},{"type":"child","parent":"ljp1tkr43q","x":803,"y":278,"tool":"Pencil"},{"type":"child","parent":"ljp1tkr43q","x":788,"y":317,"tool":"Pencil"},{"type":"child","parent":"ljp1tkr43q","x":833,"y":291,"tool":"Pencil"},{"type":"child","parent":"ljp1tkr43q","x":861,"y":277,"tool":"Pencil"},{"type":"child","parent":"ljp1tkr43q","x":853,"y":305,"tool":"Pencil"},{"type":"child","parent":"ljp1tkr43q","x":823,"y":320,"tool":"Pencil"}]},"ljp1tkrp8j":{"type":"line","id":"ljp1tkrp8j","color":"#1913b0","size":"2","tool":"Pencil","_children":[{"type":"child","parent":"ljp1tkrp8j","x":807,"y":258,"tool":"Pencil"}]},"ljp1tkryuq":{"type":"line","id":"ljp1tkryuq","color":"#1913b0","size":"2","tool":"Pencil","_children":[{"type":"child","parent":"ljp1tkryuq","x":972,"y":283,"tool":"Pencil"},{"type":"child","parent":"ljp1tkryuq","x":933,"y":291,"tool":"Pencil"},{"type":"child","parent":"ljp1tkryuq","x":913,"y":314,"tool":"Pencil"},{"type":"child","parent":"ljp1tkryuq","x":943,"y":303,"tool":"Pencil"},{"type":"child","parent":"ljp1tkryuq","x":952,"y":287,"tool":"Pencil"},{"type":"child","parent":"ljp1tkryuq","x":966,"y":323,"tool":"Pencil"}]},"ljp1tksi6h":{"type":"line","id":"ljp1tksi6h","color":"#1913b0","size":"2","tool":"Pencil","_children":[{"type":"child","parent":"ljp1tksi6h","x":1044,"y":220,"tool":"Pencil"},{"type":"child","parent":"ljp1tksi6h","x":1027,"y":261,"tool":"Pencil"},{"type":"child","parent":"ljp1tksi6h","x":1003,"y":319,"tool":"Pencil"},{"type":"child","parent":"ljp1tksi6h","x":1000,"y":334,"tool":"Pencil"}]},"ljp1tkssqa":{"type":"line","id":"ljp1tkssqa","color":"#1913b0","size":"2","tool":"Pencil","_children":[{"type":"child","parent":"ljp1tkssqa","x":991,"y":275,"tool":"Pencil"},{"type":"child","parent":"ljp1tkssqa","x":1029,"y":280,"tool":"Pencil"},{"type":"child","parent":"ljp1tkssqa","x":1062,"y":274,"tool":"Pencil"}]},"ljp1tkt1ry":{"type":"line","id":"ljp1tkt1ry","color":"#1913b0","size":"2","tool":"Pencil","_children":[{"type":"child","parent":"ljp1tkt1ry","x":1020,"y":305,"tool":"Pencil"},{"type":"child","parent":"ljp1tkt1ry","x":1038,"y":305,"tool":"Pencil"},{"type":"child","parent":"ljp1tkt1ry","x":1065,"y":279,"tool":"Pencil"}]},"ljp1tkt7t0":{"type":"line","id":"ljp1tkt7t0","color":"#1913b0","size":"2","tool":"Pencil","_children":[{"type":"child","parent":"ljp1tkt7t0","x":1033,"y":277,"tool":"Pencil"},{"type":"child","parent":"ljp1tkt7t0","x":1025,"y":313,"tool":"Pencil"},{"type":"child","parent":"ljp1tkt7t0","x":1061,"y":313,"tool":"Pencil"},{"type":"child","parent":"ljp1tkt7t0","x":1096,"y":285,"tool":"Pencil"},{"type":"child","parent":"ljp1tkt7t0","x":1097,"y":287,"tool":"Pencil"},{"type":"child","parent":"ljp1tkt7t0","x":1109,"y":318,"tool":"Pencil"},{"type":"child","parent":"ljp1tkt7t0","x":1101,"y":338,"tool":"Pencil"},{"type":"child","parent":"ljp1tkt7t0","x":1063,"y":332,"tool":"Pencil"}]},"ljp1tktso6":{"type":"line","id":"ljp1tktso6","color":"#1913b0","size":"2","tool":"Pencil","_children":[{"type":"child","parent":"ljp1tktso6","x":1141,"y":255,"tool":"Pencil"},{"type":"child","parent":"ljp1tktso6","x":1145,"y":280,"tool":"Pencil"},{"type":"child","parent":"ljp1tktso6","x":1119,"y":357,"tool":"Pencil"}]},"ljp1tku0vt":{"type":"line","id":"ljp1tku0vt","color":"#1913b0","size":"2","tool":"Pencil","_children":[{"type":"child","parent":"ljp1tku0vt","x":1119,"y":307,"tool":"Pencil"},{"type":"child","parent":"ljp1tku0vt","x":1169,"y":307,"tool":"Pencil"}]}}