{"tk7p573wod":{"type":"new","id":"tk7p573wod","color":"#111111","size":27,"x":1413,"y":447,"tool":"Text","time":1584041103013,"txt":""},"tk7p57fle5":{"type":"new","id":"tk7p57fle5","color":"#111111","size":15,"x":1406,"y":449.5,"tool":"Text","time":1584041118159},"lk7p5hfhgx":{"type":"line","id":"lk7p5hfhgx","color":"#fba884","size":10,"tool":"Pencil","time":1584041584473,"_children":[{"type":"child","parent":"lk7p5hfhgx","x":931,"y":217.5,"tool":"Pencil"}]},"lk7p5ms2aa":{"type":"line","id":"lk7p5ms2aa","color":"#ff0000","size":10,"tool":"Pencil","time":1584041834059,"_children":[{"type":"child","parent":"lk7p5ms2aa","x":1345.1,"y":1403.1,"tool":"Pencil"}]},"lk7p5vgkd0":{"type":"line","id":"lk7p5vgkd0","color":"#ff0000","size":10,"tool":"Pencil","time":1584042239069,"_children":[{"type":"child","parent":"lk7p5vgkd0","x":2022.5,"y":1064,"tool":"Pencil"}]},"lk7p5wvq4u":{"type":"line","id":"lk7p5wvq4u","color":"#ff0000","size":10,"tool":"Pencil","time":1584042305372,"_children":[{"type":"child","parent":"lk7p5wvq4u","x":5967,"y":1135.9,"tool":"Pencil"},{"type":"child","parent":"lk7p5wvq4u","x":5967,"y":1135.9,"tool":"Pencil"}]},"lk7p68o464":{"type":"line","id":"lk7p68o464","color":"#ff0000","size":10,"tool":"Pencil","time":1584042855497,"_children":[{"type":"child","parent":"lk7p68o464","x":4390.2,"y":1931.5,"tool":"Pencil"}]},"lk7p6avw2p":{"type":"line","id":"lk7p6avw2p","color":"#ff0000","size":18,"tool":"Pencil","time":1584042958889,"_children":[{"type":"child","parent":"lk7p6avw2p","x":7594,"y":2247.6,"tool":"Pencil"}]},"lk7p6b1low":{"type":"line","id":"lk7p6b1low","color":"#ff0000","size":18,"tool":"Pencil","time":1584042966289,"_children":[{"type":"child","parent":"lk7p6b1low","x":7511.4,"y":3677.2,"tool":"Pencil"}]},"lk7ujwlrql":{"type":"line","id":"lk7ujwlrql","color":"#ff4136","size":10,"tool":"Pencil","time":1584368130763,"_children":[{"type":"child","parent":"lk7ujwlrql","x":3240,"y":850,"tool":"Pencil"},{"type":"child","parent":"lk7ujwlrql","x":3240,"y":850,"tool":"Pencil"}]},"rk7uk9k5mv":{"type":"rect","id":"rk7uk9k5mv","color":"#01ff70","size":10,"x":3120,"y":2109.7,"x2":3120.020751953125,"y2":2109.6795654296875,"tool":"Rectangle","time":1584368783474},"lk7ukbu096":{"type":"line","id":"lk7ukbu096","color":"#ff4136","size":10,"tool":"Pencil","time":1584368889325,"_children":[{"type":"child","parent":"lk7ukbu096","x":1090,"y":520,"tool":"Pencil"}]},"tk7ukcshhc":{"type":"new","id":"tk7ukcshhc","color":"#ff4136","size":27,"x":2093.3,"y":3246.8,"tool":"Text","time":1584368942628},"tk7ukcu4xe":{"type":"new","id":"tk7ukcu4xe","color":"#ff4136","size":27,"x":1886.7,"y":2386.8,"tool":"Text","time":1584368944107},"tk7ukcvtzd":{"type":"new","id":"tk7ukcvtzd","color":"#ff4136","size":27,"x":960,"y":3586.8,"tool":"Text","time":1584368944107},"tk7ukzzv8r":{"type":"new","id":"tk7ukzzv8r","color":"#ff851b","size":27,"x":4228.6,"y":7059.2,"tool":"Text","time":1584370015368},"tk7ul00tk3":{"type":"new","id":"tk7ul00tk3","color":"#ff851b","size":27,"x":4045.7,"y":7173.5,"tool":"Text","time":1584370016593},"tk7ul01b1r":{"type":"new","id":"tk7ul01b1r","color":"#ff851b","size":27,"x":5005.7,"y":6653.5,"tool":"Text","time":1584370017222},"tk7ul036ww":{"type":"new","id":"tk7ul036ww","color":"#ff851b","size":27,"x":5302.9,"y":6127.8,"tool":"Text","time":1584370019669},"tk7ul03oru":{"type":"new","id":"tk7ul03oru","color":"#ff851b","size":27,"x":5845.7,"y":4007.8,"tool":"Text","time":1584370020308},"tk7ul03p89":{"type":"new","id":"tk7ul03p89","color":"#ff851b","size":27,"x":3594.3,"y":5870.6,"tool":"Text","time":1584370020340},"tk7ul04995":{"type":"new","id":"tk7ul04995","color":"#ff851b","size":27,"x":5240,"y":5602.1,"tool":"Text","time":1584370021061},"tk7ul04qfl":{"type":"new","id":"tk7ul04qfl","color":"#ff851b","size":27,"x":4680,"y":5796.4,"tool":"Text","time":1584370021671},"lk7ule0vke":{"type":"line","id":"lk7ule0vke","color":"#ff4136","size":25,"tool":"Pencil","time":1584370623131,"_children":[{"type":"child","parent":"lk7ule0vke","x":11230,"y":160,"tool":"Pencil"},{"type":"child","parent":"lk7ule0vke","x":11230,"y":160,"tool":"Pencil"}]},"lk7ulefhjb":{"type":"line","id":"lk7ulefhjb","color":"#ff4136","size":25,"tool":"Pencil","time":1584370642065,"_children":[{"type":"child","parent":"lk7ulefhjb","x":1610,"y":2930,"tool":"Pencil"}]},"lk7ulgcu5i":{"type":"line","id":"lk7ulgcu5i","color":"#ff4136","size":25,"tool":"Pencil","time":1584370731946,"_children":[{"type":"child","parent":"lk7ulgcu5i","x":10250,"y":4550,"tool":"Pencil"},{"type":"child","parent":"lk7ulgcu5i","x":10250,"y":4550,"tool":"Pencil"}]},"lk7ulge2r5":{"type":"line","id":"lk7ulge2r5","color":"#ff4136","size":25,"tool":"Pencil","time":1584370733550,"_children":[{"type":"child","parent":"lk7ulge2r5","x":7100,"y":4240,"tool":"Pencil"},{"type":"child","parent":"lk7ulge2r5","x":7100,"y":4240,"tool":"Pencil"}]},"lk7ulhzx1s":{"type":"line","id":"lk7ulhzx1s","color":"#ff4136","size":25,"tool":"Pencil","time":1584370808514,"_children":[{"type":"child","parent":"lk7ulhzx1s","x":2390,"y":6540,"tool":"Pencil"},{"type":"child","parent":"lk7ulhzx1s","x":2390,"y":6550,"tool":"Pencil"},{"type":"child","parent":"lk7ulhzx1s","x":2450,"y":6810,"tool":"Pencil"},{"type":"child","parent":"lk7ulhzx1s","x":2550,"y":7000,"tool":"Pencil"},{"type":"child","parent":"lk7ulhzx1s","x":2570,"y":7050,"tool":"Pencil"},{"type":"child","parent":"lk7ulhzx1s","x":2450,"y":6950,"tool":"Pencil"},{"type":"child","parent":"lk7ulhzx1s","x":2250,"y":6940,"tool":"Pencil"},{"type":"child","parent":"lk7ulhzx1s","x":2200,"y":7050,"tool":"Pencil"},{"type":"child","parent":"lk7ulhzx1s","x":2410,"y":7120,"tool":"Pencil"},{"type":"child","parent":"lk7ulhzx1s","x":2690,"y":7060,"tool":"Pencil"}]},"lk7uli11sl":{"type":"line","id":"lk7uli11sl","color":"#ff4136","size":25,"tool":"Pencil","time":1584370809982,"_children":[{"type":"child","parent":"lk7uli11sl","x":2750,"y":6910,"tool":"Pencil"},{"type":"child","parent":"lk7uli11sl","x":2730,"y":6920,"tool":"Pencil"},{"type":"child","parent":"lk7uli11sl","x":2760,"y":6910,"tool":"Pencil"},{"type":"child","parent":"lk7uli11sl","x":2910,"y":6860,"tool":"Pencil"},{"type":"child","parent":"lk7uli11sl","x":2980,"y":6840,"tool":"Pencil"},{"type":"child","parent":"lk7uli11sl","x":2950,"y":6920,"tool":"Pencil"},{"type":"child","parent":"lk7uli11sl","x":2890,"y":6990,"tool":"Pencil"},{"type":"child","parent":"lk7uli11sl","x":2920,"y":7030,"tool":"Pencil"},{"type":"child","parent":"lk7uli11sl","x":2930,"y":7180,"tool":"Pencil"}]},"lk7uli225w":{"type":"line","id":"lk7uli225w","color":"#ff4136","size":25,"tool":"Pencil","time":1584370811293,"_children":[{"type":"child","parent":"lk7uli225w","x":3030,"y":6590,"tool":"Pencil"},{"type":"child","parent":"lk7uli225w","x":3040,"y":6590,"tool":"Pencil"},{"type":"child","parent":"lk7uli225w","x":3130,"y":6590,"tool":"Pencil"},{"type":"child","parent":"lk7uli225w","x":3100,"y":6680,"tool":"Pencil"},{"type":"child","parent":"lk7uli225w","x":3110,"y":6720,"tool":"Pencil"},{"type":"child","parent":"lk7uli225w","x":3350,"y":6730,"tool":"Pencil"}]},"lk7ulimnvn":{"type":"line","id":"lk7ulimnvn","color":"#ff4136","size":25,"tool":"Pencil","time":1584370837995,"_children":[{"type":"child","parent":"lk7ulimnvn","x":7600,"y":6670,"tool":"Pencil"},{"type":"child","parent":"lk7ulimnvn","x":7610,"y":6680,"tool":"Pencil"},{"type":"child","parent":"lk7ulimnvn","x":7810,"y":6680,"tool":"Pencil"},{"type":"child","parent":"lk7ulimnvn","x":7920,"y":6590,"tool":"Pencil"},{"type":"child","parent":"lk7ulimnvn","x":7970,"y":6460,"tool":"Pencil"},{"type":"child","parent":"lk7ulimnvn","x":7890,"y":6410,"tool":"Pencil"},{"type":"child","parent":"lk7ulimnvn","x":7730,"y":6540,"tool":"Pencil"},{"type":"child","parent":"lk7ulimnvn","x":7690,"y":6770,"tool":"Pencil"},{"type":"child","parent":"lk7ulimnvn","x":7920,"y":6940,"tool":"Pencil"},{"type":"child","parent":"lk7ulimnvn","x":8050,"y":6980,"tool":"Pencil"}]},"lk7ulitym7":{"type":"line","id":"lk7ulitym7","color":"#ff4136","size":25,"tool":"Pencil","time":1584370847460,"_children":[{"type":"child","parent":"lk7ulitym7","x":4550,"y":7800,"tool":"Pencil"},{"type":"child","parent":"lk7ulitym7","x":4610,"y":7820,"tool":"Pencil"},{"type":"child","parent":"lk7ulitym7","x":4830,"y":7820,"tool":"Pencil"},{"type":"child","parent":"lk7ulitym7","x":4880,"y":7740,"tool":"Pencil"},{"type":"child","parent":"lk7ulitym7","x":4780,"y":7650,"tool":"Pencil"},{"type":"child","parent":"lk7ulitym7","x":4560,"y":7730,"tool":"Pencil"},{"type":"child","parent":"lk7ulitym7","x":4530,"y":8030,"tool":"Pencil"},{"type":"child","parent":"lk7ulitym7","x":4820,"y":8130,"tool":"Pencil"}]},"lk7uliuqyy":{"type":"line","id":"lk7uliuqyy","color":"#ff4136","size":25,"tool":"Pencil","time":1584370848475,"_children":[{"type":"child","parent":"lk7uliuqyy","x":4720,"y":7360,"tool":"Pencil"},{"type":"child","parent":"lk7uliuqyy","x":4790,"y":7380,"tool":"Pencil"},{"type":"child","parent":"lk7uliuqyy","x":5110,"y":7390,"tool":"Pencil"},{"type":"child","parent":"lk7uliuqyy","x":5240,"y":7370,"tool":"Pencil"}]},"lk7uliv380":{"type":"line","id":"lk7uliv380","color":"#ff4136","size":25,"tool":"Pencil","time":1584370848917,"_children":[{"type":"child","parent":"lk7uliv380","x":4940,"y":7200,"tool":"Pencil"},{"type":"child","parent":"lk7uliv380","x":4950,"y":7290,"tool":"Pencil"},{"type":"child","parent":"lk7uliv380","x":5010,"y":7530,"tool":"Pencil"},{"type":"child","parent":"lk7uliv380","x":5130,"y":7580,"tool":"Pencil"}]},"lk7ulivjim":{"type":"line","id":"lk7ulivjim","color":"#ff4136","size":25,"tool":"Pencil","time":1584370849504,"_children":[{"type":"child","parent":"lk7ulivjim","x":5790,"y":7040,"tool":"Pencil"},{"type":"child","parent":"lk7ulivjim","x":5610,"y":7200,"tool":"Pencil"},{"type":"child","parent":"lk7ulivjim","x":5400,"y":7400,"tool":"Pencil"},{"type":"child","parent":"lk7ulivjim","x":5460,"y":7460,"tool":"Pencil"},{"type":"child","parent":"lk7ulivjim","x":5730,"y":7410,"tool":"Pencil"},{"type":"child","parent":"lk7ulivjim","x":5630,"y":7320,"tool":"Pencil"},{"type":"child","parent":"lk7ulivjim","x":5420,"y":7200,"tool":"Pencil"},{"type":"child","parent":"lk7ulivjim","x":5420,"y":7040,"tool":"Pencil"}]},"lk7uliwc5b":{"type":"line","id":"lk7uliwc5b","color":"#ff4136","size":25,"tool":"Pencil","time":1584370850532,"_children":[{"type":"child","parent":"lk7uliwc5b","x":5980,"y":7270,"tool":"Pencil"},{"type":"child","parent":"lk7uliwc5b","x":5990,"y":7260,"tool":"Pencil"},{"type":"child","parent":"lk7uliwc5b","x":6160,"y":7200,"tool":"Pencil"},{"type":"child","parent":"lk7uliwc5b","x":6250,"y":7190,"tool":"Pencil"},{"type":"child","parent":"lk7uliwc5b","x":6120,"y":7290,"tool":"Pencil"},{"type":"child","parent":"lk7uliwc5b","x":6040,"y":7380,"tool":"Pencil"},{"type":"child","parent":"lk7uliwc5b","x":6210,"y":7410,"tool":"Pencil"}]},"lk7ulixfzy":{"type":"line","id":"lk7ulixfzy","color":"#ff4136","size":25,"tool":"Pencil","time":1584370851989,"_children":[{"type":"child","parent":"lk7ulixfzy","x":7490,"y":7890,"tool":"Pencil"},{"type":"child","parent":"lk7ulixfzy","x":7490,"y":7900,"tool":"Pencil"},{"type":"child","parent":"lk7ulixfzy","x":7630,"y":7920,"tool":"Pencil"},{"type":"child","parent":"lk7ulixfzy","x":7720,"y":7820,"tool":"Pencil"},{"type":"child","parent":"lk7ulixfzy","x":7660,"y":7710,"tool":"Pencil"},{"type":"child","parent":"lk7ulixfzy","x":7460,"y":7790,"tool":"Pencil"},{"type":"child","parent":"lk7ulixfzy","x":7480,"y":8040,"tool":"Pencil"},{"type":"child","parent":"lk7ulixfzy","x":7830,"y":8070,"tool":"Pencil"}]},"lk7uliy7uf":{"type":"line","id":"lk7uliy7uf","color":"#ff4136","size":25,"tool":"Pencil","time":1584370852972,"_children":[{"type":"child","parent":"lk7uliy7uf","x":7440,"y":7440,"tool":"Pencil"},{"type":"child","parent":"lk7uliy7uf","x":7480,"y":7450,"tool":"Pencil"},{"type":"child","parent":"lk7uliy7uf","x":7810,"y":7460,"tool":"Pencil"}]},"lk7uliyovx":{"type":"line","id":"lk7uliyovx","color":"#ff4136","size":25,"tool":"Pencil","time":1584370853581,"_children":[{"type":"child","parent":"lk7uliyovx","x":8500,"y":7060,"tool":"Pencil"},{"type":"child","parent":"lk7uliyovx","x":8490,"y":7070,"tool":"Pencil"},{"type":"child","parent":"lk7uliyovx","x":8290,"y":7220,"tool":"Pencil"},{"type":"child","parent":"lk7uliyovx","x":8130,"y":7360,"tool":"Pencil"},{"type":"child","parent":"lk7uliyovx","x":8210,"y":7480,"tool":"Pencil"},{"type":"child","parent":"lk7uliyovx","x":8280,"y":7480,"tool":"Pencil"},{"type":"child","parent":"lk7uliyovx","x":8180,"y":7350,"tool":"Pencil"},{"type":"child","parent":"lk7uliyovx","x":8050,"y":7260,"tool":"Pencil"}]},"lk7ulizhiv":{"type":"line","id":"lk7ulizhiv","color":"#ff4136","size":25,"tool":"Pencil","time":1584370854613,"_children":[{"type":"child","parent":"lk7ulizhiv","x":8520,"y":7330,"tool":"Pencil"},{"type":"child","parent":"lk7ulizhiv","x":8530,"y":7330,"tool":"Pencil"},{"type":"child","parent":"lk7ulizhiv","x":8730,"y":7300,"tool":"Pencil"},{"type":"child","parent":"lk7ulizhiv","x":8810,"y":7300,"tool":"Pencil"},{"type":"child","parent":"lk7ulizhiv","x":8680,"y":7410,"tool":"Pencil"},{"type":"child","parent":"lk7ulizhiv","x":8590,"y":7480,"tool":"Pencil"},{"type":"child","parent":"lk7ulizhiv","x":8730,"y":7550,"tool":"Pencil"},{"type":"child","parent":"lk7ulizhiv","x":8850,"y":7540,"tool":"Pencil"}]},"lk7ulwatnd":{"type":"line","id":"lk7ulwatnd","color":"#ff4136","size":25,"tool":"Pencil","time":1584371475838,"_children":[{"type":"child","parent":"lk7ulwatnd","x":2740,"y":320,"tool":"Pencil"},{"type":"child","parent":"lk7ulwatnd","x":2730,"y":330,"tool":"Pencil"},{"type":"child","parent":"lk7ulwatnd","x":2570,"y":520,"tool":"Pencil"},{"type":"child","parent":"lk7ulwatnd","x":2420,"y":730,"tool":"Pencil"},{"type":"child","parent":"lk7ulwatnd","x":2310,"y":870,"tool":"Pencil"},{"type":"child","parent":"lk7ulwatnd","x":2280,"y":910,"tool":"Pencil"}]},"lk7ulwbdwk":{"type":"line","id":"lk7ulwbdwk","color":"#ff4136","size":25,"tool":"Pencil","time":1584371476566,"_children":[{"type":"child","parent":"lk7ulwbdwk","x":2360,"y":300,"tool":"Pencil"},{"type":"child","parent":"lk7ulwbdwk","x":2360,"y":310,"tool":"Pencil"},{"type":"child","parent":"lk7ulwbdwk","x":2440,"y":550,"tool":"Pencil"},{"type":"child","parent":"lk7ulwbdwk","x":2550,"y":730,"tool":"Pencil"},{"type":"child","parent":"lk7ulwbdwk","x":2660,"y":870,"tool":"Pencil"},{"type":"child","parent":"lk7ulwbdwk","x":2720,"y":920,"tool":"Pencil"}]},"lk7ulwc2yg":{"type":"line","id":"lk7ulwc2yg","color":"#ff4136","size":25,"tool":"Pencil","time":1584371477469,"_children":[{"type":"child","parent":"lk7ulwc2yg","x":3030,"y":430,"tool":"Pencil"},{"type":"child","parent":"lk7ulwc2yg","x":3030,"y":440,"tool":"Pencil"},{"type":"child","parent":"lk7ulwc2yg","x":2940,"y":590,"tool":"Pencil"},{"type":"child","parent":"lk7ulwc2yg","x":2890,"y":770,"tool":"Pencil"},{"type":"child","parent":"lk7ulwc2yg","x":2960,"y":970,"tool":"Pencil"},{"type":"child","parent":"lk7ulwc2yg","x":3010,"y":1050,"tool":"Pencil"}]},"lk7ulwevsu":{"type":"line","id":"lk7ulwevsu","color":"#ff4136","size":25,"tool":"Pencil","time":1584371481099,"_children":[{"type":"child","parent":"lk7ulwevsu","x":3050,"y":640,"tool":"Pencil"},{"type":"child","parent":"lk7ulwevsu","x":3060,"y":640,"tool":"Pencil"},{"type":"child","parent":"lk7ulwevsu","x":3150,"y":610,"tool":"Pencil"},{"type":"child","parent":"lk7ulwevsu","x":3260,"y":620,"tool":"Pencil"},{"type":"child","parent":"lk7ulwevsu","x":3280,"y":660,"tool":"Pencil"},{"type":"child","parent":"lk7ulwevsu","x":3280,"y":700,"tool":"Pencil"},{"type":"child","parent":"lk7ulwevsu","x":3240,"y":750,"tool":"Pencil"},{"type":"child","parent":"lk7ulwevsu","x":3170,"y":800,"tool":"Pencil"},{"type":"child","parent":"lk7ulwevsu","x":3150,"y":810,"tool":"Pencil"}]},"lk7ulwfuzl":{"type":"line","id":"lk7ulwfuzl","color":"#ff4136","size":25,"tool":"Pencil","time":1584371482365,"_children":[{"type":"child","parent":"lk7ulwfuzl","x":3620,"y":440,"tool":"Pencil"},{"type":"child","parent":"lk7ulwfuzl","x":3610,"y":450,"tool":"Pencil"},{"type":"child","parent":"lk7ulwfuzl","x":3480,"y":500,"tool":"Pencil"},{"type":"child","parent":"lk7ulwfuzl","x":3410,"y":520,"tool":"Pencil"},{"type":"child","parent":"lk7ulwfuzl","x":3360,"y":570,"tool":"Pencil"},{"type":"child","parent":"lk7ulwfuzl","x":3340,"y":590,"tool":"Pencil"},{"type":"child","parent":"lk7ulwfuzl","x":3330,"y":670,"tool":"Pencil"},{"type":"child","parent":"lk7ulwfuzl","x":3320,"y":690,"tool":"Pencil"},{"type":"child","parent":"lk7ulwfuzl","x":3350,"y":740,"tool":"Pencil"},{"type":"child","parent":"lk7ulwfuzl","x":3430,"y":800,"tool":"Pencil"},{"type":"child","parent":"lk7ulwfuzl","x":3500,"y":840,"tool":"Pencil"},{"type":"child","parent":"lk7ulwfuzl","x":3520,"y":850,"tool":"Pencil"},{"type":"child","parent":"lk7ulwfuzl","x":3520,"y":850,"tool":"Pencil"}]},"lk7ulwh3ko":{"type":"line","id":"lk7ulwh3ko","color":"#ff4136","size":25,"tool":"Pencil","time":1584371483970,"_children":[{"type":"child","parent":"lk7ulwh3ko","x":3770,"y":300,"tool":"Pencil"},{"type":"child","parent":"lk7ulwh3ko","x":3780,"y":340,"tool":"Pencil"},{"type":"child","parent":"lk7ulwh3ko","x":3810,"y":470,"tool":"Pencil"},{"type":"child","parent":"lk7ulwh3ko","x":3850,"y":570,"tool":"Pencil"},{"type":"child","parent":"lk7ulwh3ko","x":3860,"y":710,"tool":"Pencil"},{"type":"child","parent":"lk7ulwh3ko","x":3830,"y":840,"tool":"Pencil"},{"type":"child","parent":"lk7ulwh3ko","x":3810,"y":900,"tool":"Pencil"}]},"lk7ulwhvbb":{"type":"line","id":"lk7ulwhvbb","color":"#ff4136","size":25,"tool":"Pencil","time":1584371484970,"_children":[{"type":"child","parent":"lk7ulwhvbb","x":4010,"y":800,"tool":"Pencil"},{"type":"child","parent":"lk7ulwhvbb","x":4020,"y":800,"tool":"Pencil"},{"type":"child","parent":"lk7ulwhvbb","x":4240,"y":790,"tool":"Pencil"},{"type":"child","parent":"lk7ulwhvbb","x":4470,"y":780,"tool":"Pencil"},{"type":"child","parent":"lk7ulwhvbb","x":4530,"y":780,"tool":"Pencil"}]},"lk7ulwicv1":{"type":"line","id":"lk7ulwicv1","color":"#ff4136","size":25,"tool":"Pencil","time":1584371485601,"_children":[{"type":"child","parent":"lk7ulwicv1","x":3870,"y":550,"tool":"Pencil"},{"type":"child","parent":"lk7ulwicv1","x":3930,"y":580,"tool":"Pencil"},{"type":"child","parent":"lk7ulwicv1","x":4070,"y":590,"tool":"Pencil"},{"type":"child","parent":"lk7ulwicv1","x":4340,"y":570,"tool":"Pencil"},{"type":"child","parent":"lk7ulwicv1","x":4470,"y":570,"tool":"Pencil"},{"type":"child","parent":"lk7ulwicv1","x":4490,"y":560,"tool":"Pencil"}]},"lk7ulwjds6":{"type":"line","id":"lk7ulwjds6","color":"#ff4136","size":25,"tool":"Pencil","time":1584371486939,"_children":[{"type":"child","parent":"lk7ulwjds6","x":4950,"y":820,"tool":"Pencil"},{"type":"child","parent":"lk7ulwjds6","x":4950,"y":810,"tool":"Pencil"},{"type":"child","parent":"lk7ulwjds6","x":4990,"y":590,"tool":"Pencil"},{"type":"child","parent":"lk7ulwjds6","x":5060,"y":400,"tool":"Pencil"},{"type":"child","parent":"lk7ulwjds6","x":5110,"y":280,"tool":"Pencil"},{"type":"child","parent":"lk7ulwjds6","x":5120,"y":250,"tool":"Pencil"},{"type":"child","parent":"lk7ulwjds6","x":5150,"y":300,"tool":"Pencil"},{"type":"child","parent":"lk7ulwjds6","x":5220,"y":450,"tool":"Pencil"},{"type":"child","parent":"lk7ulwjds6","x":5280,"y":600,"tool":"Pencil"},{"type":"child","parent":"lk7ulwjds6","x":5300,"y":720,"tool":"Pencil"},{"type":"child","parent":"lk7ulwjds6","x":5330,"y":810,"tool":"Pencil"},{"type":"child","parent":"lk7ulwjds6","x":5340,"y":830,"tool":"Pencil"}]},"lk7ulwkjis":{"type":"line","id":"lk7ulwkjis","color":"#ff4136","size":25,"tool":"Pencil","time":1584371488430,"_children":[{"type":"child","parent":"lk7ulwkjis","x":4860,"y":510,"tool":"Pencil"},{"type":"child","parent":"lk7ulwkjis","x":4890,"y":530,"tool":"Pencil"},{"type":"child","parent":"lk7ulwkjis","x":5190,"y":580,"tool":"Pencil"},{"type":"child","parent":"lk7ulwkjis","x":5220,"y":580,"tool":"Pencil"},{"type":"child","parent":"lk7ulwkjis","x":5270,"y":580,"tool":"Pencil"},{"type":"child","parent":"lk7ulwkjis","x":5270,"y":580,"tool":"Pencil"}]},"lk7ulwlqhs":{"type":"line","id":"lk7ulwlqhs","color":"#ff4136","size":25,"tool":"Pencil","time":1584371489979,"_children":[{"type":"child","parent":"lk7ulwlqhs","x":5950,"y":450,"tool":"Pencil"},{"type":"child","parent":"lk7ulwlqhs","x":5940,"y":450,"tool":"Pencil"},{"type":"child","parent":"lk7ulwlqhs","x":5700,"y":410,"tool":"Pencil"},{"type":"child","parent":"lk7ulwlqhs","x":5550,"y":410,"tool":"Pencil"},{"type":"child","parent":"lk7ulwlqhs","x":5530,"y":410,"tool":"Pencil"},{"type":"child","parent":"lk7ulwlqhs","x":5580,"y":490,"tool":"Pencil"},{"type":"child","parent":"lk7ulwlqhs","x":5750,"y":590,"tool":"Pencil"},{"type":"child","parent":"lk7ulwlqhs","x":5860,"y":650,"tool":"Pencil"},{"type":"child","parent":"lk7ulwlqhs","x":5890,"y":710,"tool":"Pencil"},{"type":"child","parent":"lk7ulwlqhs","x":5820,"y":770,"tool":"Pencil"},{"type":"child","parent":"lk7ulwlqhs","x":5770,"y":790,"tool":"Pencil"},{"type":"child","parent":"lk7ulwlqhs","x":5770,"y":790,"tool":"Pencil"}]},"lk7ulwmwsb":{"type":"line","id":"lk7ulwmwsb","color":"#ff4136","size":25,"tool":"Pencil","time":1584371491502,"_children":[{"type":"child","parent":"lk7ulwmwsb","x":6120,"y":570,"tool":"Pencil"},{"type":"child","parent":"lk7ulwmwsb","x":6120,"y":580,"tool":"Pencil"},{"type":"child","parent":"lk7ulwmwsb","x":6120,"y":700,"tool":"Pencil"}]},"lk7ulwn9gj":{"type":"line","id":"lk7ulwn9gj","color":"#ff4136","size":25,"tool":"Pencil","time":1584371491959,"_children":[{"type":"child","parent":"lk7ulwn9gj","x":6060,"y":330,"tool":"Pencil"},{"type":"child","parent":"lk7ulwn9gj","x":6060,"y":330,"tool":"Pencil"}]},"lk7ulwnosm":{"type":"line","id":"lk7ulwnosm","color":"#ff4136","size":25,"tool":"Pencil","time":1584371492512,"_children":[{"type":"child","parent":"lk7ulwnosm","x":6360,"y":510,"tool":"Pencil"},{"type":"child","parent":"lk7ulwnosm","x":6320,"y":540,"tool":"Pencil"},{"type":"child","parent":"lk7ulwnosm","x":6290,"y":630,"tool":"Pencil"},{"type":"child","parent":"lk7ulwnosm","x":6290,"y":700,"tool":"Pencil"},{"type":"child","parent":"lk7ulwnosm","x":6290,"y":690,"tool":"Pencil"},{"type":"child","parent":"lk7ulwnosm","x":6310,"y":640,"tool":"Pencil"},{"type":"child","parent":"lk7ulwnosm","x":6350,"y":550,"tool":"Pencil"},{"type":"child","parent":"lk7ulwnosm","x":6370,"y":520,"tool":"Pencil"},{"type":"child","parent":"lk7ulwnosm","x":6380,"y":510,"tool":"Pencil"},{"type":"child","parent":"lk7ulwnosm","x":6430,"y":490,"tool":"Pencil"},{"type":"child","parent":"lk7ulwnosm","x":6470,"y":550,"tool":"Pencil"},{"type":"child","parent":"lk7ulwnosm","x":6500,"y":590,"tool":"Pencil"},{"type":"child","parent":"lk7ulwnosm","x":6520,"y":650,"tool":"Pencil"},{"type":"child","parent":"lk7ulwnosm","x":6550,"y":720,"tool":"Pencil"},{"type":"child","parent":"lk7ulwnosm","x":6560,"y":740,"tool":"Pencil"}]},"lk7ulwp6wd":{"type":"line","id":"lk7ulwp6wd","color":"#ff4136","size":25,"tool":"Pencil","time":1584371494460,"_children":[{"type":"child","parent":"lk7ulwp6wd","x":7110,"y":360,"tool":"Pencil"},{"type":"child","parent":"lk7ulwp6wd","x":7100,"y":380,"tool":"Pencil"},{"type":"child","parent":"lk7ulwp6wd","x":6990,"y":510,"tool":"Pencil"},{"type":"child","parent":"lk7ulwp6wd","x":6940,"y":620,"tool":"Pencil"},{"type":"child","parent":"lk7ulwp6wd","x":6860,"y":690,"tool":"Pencil"},{"type":"child","parent":"lk7ulwp6wd","x":6820,"y":730,"tool":"Pencil"},{"type":"child","parent":"lk7ulwp6wd","x":6810,"y":720,"tool":"Pencil"},{"type":"child","parent":"lk7ulwp6wd","x":6780,"y":680,"tool":"Pencil"},{"type":"child","parent":"lk7ulwp6wd","x":6760,"y":580,"tool":"Pencil"},{"type":"child","parent":"lk7ulwp6wd","x":6770,"y":490,"tool":"Pencil"},{"type":"child","parent":"lk7ulwp6wd","x":6780,"y":420,"tool":"Pencil"},{"type":"child","parent":"lk7ulwp6wd","x":6830,"y":450,"tool":"Pencil"},{"type":"child","parent":"lk7ulwp6wd","x":6940,"y":550,"tool":"Pencil"},{"type":"child","parent":"lk7ulwp6wd","x":7080,"y":680,"tool":"Pencil"},{"type":"child","parent":"lk7ulwp6wd","x":7130,"y":740,"tool":"Pencil"},{"type":"child","parent":"lk7ulwp6wd","x":7140,"y":750,"tool":"Pencil"}]},"lk7ulwqjqk":{"type":"line","id":"lk7ulwqjqk","color":"#ff4136","size":25,"tool":"Pencil","time":1584371496270,"_children":[{"type":"child","parent":"lk7ulwqjqk","x":7300,"y":500,"tool":"Pencil"},{"type":"child","parent":"lk7ulwqjqk","x":7300,"y":490,"tool":"Pencil"},{"type":"child","parent":"lk7ulwqjqk","x":7370,"y":430,"tool":"Pencil"},{"type":"child","parent":"lk7ulwqjqk","x":7470,"y":470,"tool":"Pencil"},{"type":"child","parent":"lk7ulwqjqk","x":7520,"y":530,"tool":"Pencil"},{"type":"child","parent":"lk7ulwqjqk","x":7520,"y":640,"tool":"Pencil"},{"type":"child","parent":"lk7ulwqjqk","x":7450,"y":740,"tool":"Pencil"},{"type":"child","parent":"lk7ulwqjqk","x":7370,"y":790,"tool":"Pencil"},{"type":"child","parent":"lk7ulwqjqk","x":7370,"y":780,"tool":"Pencil"}]},"lk7ulwri5f":{"type":"line","id":"lk7ulwri5f","color":"#ff4136","size":25,"tool":"Pencil","time":1584371497455,"_children":[{"type":"child","parent":"lk7ulwri5f","x":7860,"y":450,"tool":"Pencil"},{"type":"child","parent":"lk7ulwri5f","x":7850,"y":450,"tool":"Pencil"},{"type":"child","parent":"lk7ulwri5f","x":7730,"y":420,"tool":"Pencil"},{"type":"child","parent":"lk7ulwri5f","x":7700,"y":410,"tool":"Pencil"},{"type":"child","parent":"lk7ulwri5f","x":7660,"y":440,"tool":"Pencil"},{"type":"child","parent":"lk7ulwri5f","x":7610,"y":500,"tool":"Pencil"},{"type":"child","parent":"lk7ulwri5f","x":7590,"y":590,"tool":"Pencil"},{"type":"child","parent":"lk7ulwri5f","x":7620,"y":700,"tool":"Pencil"},{"type":"child","parent":"lk7ulwri5f","x":7680,"y":760,"tool":"Pencil"},{"type":"child","parent":"lk7ulwri5f","x":7780,"y":780,"tool":"Pencil"},{"type":"child","parent":"lk7ulwri5f","x":7910,"y":780,"tool":"Pencil"},{"type":"child","parent":"lk7ulwri5f","x":7970,"y":780,"tool":"Pencil"},{"type":"child","parent":"lk7ulwri5f","x":7980,"y":780,"tool":"Pencil"}]},"lk7ulwsvq0":{"type":"line","id":"lk7ulwsvq0","color":"#ff4136","size":25,"tool":"Pencil","time":1584371499242,"_children":[{"type":"child","parent":"lk7ulwsvq0","x":8460,"y":740,"tool":"Pencil"},{"type":"child","parent":"lk7ulwsvq0","x":8470,"y":740,"tool":"Pencil"},{"type":"child","parent":"lk7ulwsvq0","x":8810,"y":680,"tool":"Pencil"},{"type":"child","parent":"lk7ulwsvq0","x":9020,"y":660,"tool":"Pencil"},{"type":"child","parent":"lk7ulwsvq0","x":9080,"y":660,"tool":"Pencil"}]},"lk7ulwtf65":{"type":"line","id":"lk7ulwtf65","color":"#ff4136","size":25,"tool":"Pencil","time":1584371499957,"_children":[{"type":"child","parent":"lk7ulwtf65","x":8730,"y":480,"tool":"Pencil"},{"type":"child","parent":"lk7ulwtf65","x":8730,"y":490,"tool":"Pencil"},{"type":"child","parent":"lk7ulwtf65","x":8760,"y":650,"tool":"Pencil"},{"type":"child","parent":"lk7ulwtf65","x":8780,"y":730,"tool":"Pencil"},{"type":"child","parent":"lk7ulwtf65","x":8790,"y":750,"tool":"Pencil"},{"type":"child","parent":"lk7ulwtf65","x":8790,"y":760,"tool":"Pencil"},{"type":"child","parent":"lk7ulwtf65","x":8810,"y":800,"tool":"Pencil"},{"type":"child","parent":"lk7ulwtf65","x":8820,"y":820,"tool":"Pencil"}]},"lk7ulwug7u":{"type":"line","id":"lk7ulwug7u","color":"#ff4136","size":25,"tool":"Pencil","time":1584371501300,"_children":[{"type":"child","parent":"lk7ulwug7u","x":9380,"y":260,"tool":"Pencil"},{"type":"child","parent":"lk7ulwug7u","x":9370,"y":270,"tool":"Pencil"},{"type":"child","parent":"lk7ulwug7u","x":9380,"y":430,"tool":"Pencil"},{"type":"child","parent":"lk7ulwug7u","x":9410,"y":620,"tool":"Pencil"},{"type":"child","parent":"lk7ulwug7u","x":9440,"y":710,"tool":"Pencil"},{"type":"child","parent":"lk7ulwug7u","x":9440,"y":730,"tool":"Pencil"}]},"lk7ulwv0eb":{"type":"line","id":"lk7ulwv0eb","color":"#ff4136","size":25,"tool":"Pencil","time":1584371502000,"_children":[{"type":"child","parent":"lk7ulwv0eb","x":9080,"y":380,"tool":"Pencil"},{"type":"child","parent":"lk7ulwv0eb","x":9090,"y":380,"tool":"Pencil"},{"type":"child","parent":"lk7ulwv0eb","x":9260,"y":230,"tool":"Pencil"},{"type":"child","parent":"lk7ulwv0eb","x":9420,"y":200,"tool":"Pencil"},{"type":"child","parent":"lk7ulwv0eb","x":9570,"y":230,"tool":"Pencil"},{"type":"child","parent":"lk7ulwv0eb","x":9620,"y":300,"tool":"Pencil"},{"type":"child","parent":"lk7ulwv0eb","x":9560,"y":410,"tool":"Pencil"},{"type":"child","parent":"lk7ulwv0eb","x":9490,"y":480,"tool":"Pencil"},{"type":"child","parent":"lk7ulwv0eb","x":9440,"y":500,"tool":"Pencil"},{"type":"child","parent":"lk7ulwv0eb","x":9430,"y":500,"tool":"Pencil"},{"type":"child","parent":"lk7ulwv0eb","x":9550,"y":480,"tool":"Pencil"},{"type":"child","parent":"lk7ulwv0eb","x":9690,"y":480,"tool":"Pencil"},{"type":"child","parent":"lk7ulwv0eb","x":9750,"y":500,"tool":"Pencil"},{"type":"child","parent":"lk7ulwv0eb","x":9750,"y":570,"tool":"Pencil"},{"type":"child","parent":"lk7ulwv0eb","x":9740,"y":620,"tool":"Pencil"},{"type":"child","parent":"lk7ulwv0eb","x":9630,"y":720,"tool":"Pencil"},{"type":"child","parent":"lk7ulwv0eb","x":9470,"y":770,"tool":"Pencil"},{"type":"child","parent":"lk7ulwv0eb","x":9350,"y":800,"tool":"Pencil"},{"type":"child","parent":"lk7ulwv0eb","x":9310,"y":810,"tool":"Pencil"}]},"lk7ulwwmo7":{"type":"line","id":"lk7ulwwmo7","color":"#ff4136","size":25,"tool":"Pencil","time":1584371504099,"_children":[{"type":"child","parent":"lk7ulwwmo7","x":10350,"y":480,"tool":"Pencil"},{"type":"child","parent":"lk7ulwwmo7","x":10340,"y":480,"tool":"Pencil"},{"type":"child","parent":"lk7ulwwmo7","x":10180,"y":450,"tool":"Pencil"},{"type":"child","parent":"lk7ulwwmo7","x":10110,"y":450,"tool":"Pencil"},{"type":"child","parent":"lk7ulwwmo7","x":10060,"y":510,"tool":"Pencil"},{"type":"child","parent":"lk7ulwwmo7","x":10040,"y":610,"tool":"Pencil"},{"type":"child","parent":"lk7ulwwmo7","x":10080,"y":690,"tool":"Pencil"},{"type":"child","parent":"lk7ulwwmo7","x":10270,"y":780,"tool":"Pencil"},{"type":"child","parent":"lk7ulwwmo7","x":10360,"y":810,"tool":"Pencil"},{"type":"child","parent":"lk7ulwwmo7","x":10420,"y":820,"tool":"Pencil"},{"type":"child","parent":"lk7ulwwmo7","x":10430,"y":820,"tool":"Pencil"}]},"lk7ulwxkzy":{"type":"line","id":"lk7ulwxkzy","color":"#ff4136","size":25,"tool":"Pencil","time":1584371505332,"_children":[{"type":"child","parent":"lk7ulwxkzy","x":10600,"y":530,"tool":"Pencil"},{"type":"child","parent":"lk7ulwxkzy","x":10590,"y":530,"tool":"Pencil"},{"type":"child","parent":"lk7ulwxkzy","x":10480,"y":550,"tool":"Pencil"},{"type":"child","parent":"lk7ulwxkzy","x":10430,"y":580,"tool":"Pencil"},{"type":"child","parent":"lk7ulwxkzy","x":10470,"y":660,"tool":"Pencil"},{"type":"child","parent":"lk7ulwxkzy","x":10560,"y":720,"tool":"Pencil"},{"type":"child","parent":"lk7ulwxkzy","x":10720,"y":690,"tool":"Pencil"},{"type":"child","parent":"lk7ulwxkzy","x":10790,"y":680,"tool":"Pencil"},{"type":"child","parent":"lk7ulwxkzy","x":10790,"y":670,"tool":"Pencil"},{"type":"child","parent":"lk7ulwxkzy","x":10760,"y":640,"tool":"Pencil"},{"type":"child","parent":"lk7ulwxkzy","x":10720,"y":630,"tool":"Pencil"},{"type":"child","parent":"lk7ulwxkzy","x":10690,"y":610,"tool":"Pencil"},{"type":"child","parent":"lk7ulwxkzy","x":10630,"y":590,"tool":"Pencil"},{"type":"child","parent":"lk7ulwxkzy","x":10550,"y":580,"tool":"Pencil"},{"type":"child","parent":"lk7ulwxkzy","x":10510,"y":570,"tool":"Pencil"},{"type":"child","parent":"lk7ulwxkzy","x":10480,"y":570,"tool":"Pencil"}]},"lk7ulwz4ct":{"type":"line","id":"lk7ulwz4ct","color":"#ff4136","size":25,"tool":"Pencil","time":1584371507329,"_children":[{"type":"child","parent":"lk7ulwz4ct","x":11230,"y":410,"tool":"Pencil"},{"type":"child","parent":"lk7ulwz4ct","x":11200,"y":410,"tool":"Pencil"},{"type":"child","parent":"lk7ulwz4ct","x":10940,"y":410,"tool":"Pencil"},{"type":"child","parent":"lk7ulwz4ct","x":10850,"y":420,"tool":"Pencil"},{"type":"child","parent":"lk7ulwz4ct","x":10840,"y":440,"tool":"Pencil"},{"type":"child","parent":"lk7ulwz4ct","x":10870,"y":520,"tool":"Pencil"},{"type":"child","parent":"lk7ulwz4ct","x":10940,"y":590,"tool":"Pencil"},{"type":"child","parent":"lk7ulwz4ct","x":10970,"y":620,"tool":"Pencil"},{"type":"child","parent":"lk7ulwz4ct","x":10930,"y":670,"tool":"Pencil"},{"type":"child","parent":"lk7ulwz4ct","x":10870,"y":710,"tool":"Pencil"},{"type":"child","parent":"lk7ulwz4ct","x":10810,"y":750,"tool":"Pencil"},{"type":"child","parent":"lk7ulwz4ct","x":10790,"y":780,"tool":"Pencil"}]},"lk7ulx0q29":{"type":"line","id":"lk7ulx0q29","color":"#ff4136","size":25,"tool":"Pencil","time":1584371509404,"_children":[{"type":"child","parent":"lk7ulx0q29","x":11610,"y":240,"tool":"Pencil"},{"type":"child","parent":"lk7ulx0q29","x":11610,"y":260,"tool":"Pencil"},{"type":"child","parent":"lk7ulx0q29","x":11570,"y":380,"tool":"Pencil"},{"type":"child","parent":"lk7ulx0q29","x":11520,"y":520,"tool":"Pencil"},{"type":"child","parent":"lk7ulx0q29","x":11470,"y":630,"tool":"Pencil"},{"type":"child","parent":"lk7ulx0q29","x":11400,"y":690,"tool":"Pencil"},{"type":"child","parent":"lk7ulx0q29","x":11320,"y":720,"tool":"Pencil"},{"type":"child","parent":"lk7ulx0q29","x":11300,"y":730,"tool":"Pencil"},{"type":"child","parent":"lk7ulx0q29","x":11270,"y":660,"tool":"Pencil"},{"type":"child","parent":"lk7ulx0q29","x":11250,"y":520,"tool":"Pencil"},{"type":"child","parent":"lk7ulx0q29","x":11280,"y":440,"tool":"Pencil"},{"type":"child","parent":"lk7ulx0q29","x":11390,"y":420,"tool":"Pencil"},{"type":"child","parent":"lk7ulx0q29","x":11500,"y":540,"tool":"Pencil"},{"type":"child","parent":"lk7ulx0q29","x":11570,"y":640,"tool":"Pencil"},{"type":"child","parent":"lk7ulx0q29","x":11600,"y":680,"tool":"Pencil"}]},"lk7ulx1wal":{"type":"line","id":"lk7ulx1wal","color":"#ff4136","size":25,"tool":"Pencil","time":1584371510931,"_children":[{"type":"child","parent":"lk7ulx1wal","x":11850,"y":530,"tool":"Pencil"},{"type":"child","parent":"lk7ulx1wal","x":11850,"y":520,"tool":"Pencil"},{"type":"child","parent":"lk7ulx1wal","x":11880,"y":420,"tool":"Pencil"},{"type":"child","parent":"lk7ulx1wal","x":11960,"y":510,"tool":"Pencil"},{"type":"child","parent":"lk7ulx1wal","x":11970,"y":630,"tool":"Pencil"},{"type":"child","parent":"lk7ulx1wal","x":11930,"y":700,"tool":"Pencil"},{"type":"child","parent":"lk7ulx1wal","x":11930,"y":710,"tool":"Pencil"}]},"lk7ulx2lbz":{"type":"line","id":"lk7ulx2lbz","color":"#ff4136","size":25,"tool":"Pencil","time":1584371511833,"_children":[{"type":"child","parent":"lk7ulx2lbz","x":12230,"y":420,"tool":"Pencil"},{"type":"child","parent":"lk7ulx2lbz","x":12130,"y":450,"tool":"Pencil"},{"type":"child","parent":"lk7ulx2lbz","x":12120,"y":440,"tool":"Pencil"},{"type":"child","parent":"lk7ulx2lbz","x":12040,"y":480,"tool":"Pencil"},{"type":"child","parent":"lk7ulx2lbz","x":12000,"y":520,"tool":"Pencil"},{"type":"child","parent":"lk7ulx2lbz","x":11990,"y":580,"tool":"Pencil"},{"type":"child","parent":"lk7ulx2lbz","x":12060,"y":690,"tool":"Pencil"},{"type":"child","parent":"lk7ulx2lbz","x":12160,"y":760,"tool":"Pencil"},{"type":"child","parent":"lk7ulx2lbz","x":12250,"y":790,"tool":"Pencil"},{"type":"child","parent":"lk7ulx2lbz","x":12280,"y":790,"tool":"Pencil"}]},"lk7ulxnmq4":{"type":"line","id":"lk7ulxnmq4","color":"#ff4136","size":25,"tool":"Pencil","time":1584371539092,"_children":[{"type":"child","parent":"lk7ulxnmq4","x":1700,"y":1580,"tool":"Pencil"},{"type":"child","parent":"lk7ulxnmq4","x":1820,"y":1520,"tool":"Pencil"},{"type":"child","parent":"lk7ulxnmq4","x":2020,"y":1450,"tool":"Pencil"},{"type":"child","parent":"lk7ulxnmq4","x":2090,"y":1520,"tool":"Pencil"},{"type":"child","parent":"lk7ulxnmq4","x":2020,"y":1660,"tool":"Pencil"},{"type":"child","parent":"lk7ulxnmq4","x":1840,"y":1790,"tool":"Pencil"},{"type":"child","parent":"lk7ulxnmq4","x":1830,"y":1770,"tool":"Pencil"}]},"lk7ulxob97":{"type":"line","id":"lk7ulxob97","color":"#ff4136","size":25,"tool":"Pencil","time":1584371539974,"_children":[{"type":"child","parent":"lk7ulxob97","x":2370,"y":1400,"tool":"Pencil"},{"type":"child","parent":"lk7ulxob97","x":2360,"y":1400,"tool":"Pencil"},{"type":"child","parent":"lk7ulxob97","x":2230,"y":1430,"tool":"Pencil"},{"type":"child","parent":"lk7ulxob97","x":2130,"y":1510,"tool":"Pencil"},{"type":"child","parent":"lk7ulxob97","x":2080,"y":1590,"tool":"Pencil"},{"type":"child","parent":"lk7ulxob97","x":2120,"y":1700,"tool":"Pencil"},{"type":"child","parent":"lk7ulxob97","x":2240,"y":1770,"tool":"Pencil"},{"type":"child","parent":"lk7ulxob97","x":2310,"y":1800,"tool":"Pencil"},{"type":"child","parent":"lk7ulxob97","x":2320,"y":1800,"tool":"Pencil"}]},"lk7ulxp1zg":{"type":"line","id":"lk7ulxp1zg","color":"#ff4136","size":25,"tool":"Pencil","time":1584371540935,"_children":[{"type":"child","parent":"lk7ulxp1zg","x":2500,"y":1760,"tool":"Pencil"},{"type":"child","parent":"lk7ulxp1zg","x":2520,"y":1760,"tool":"Pencil"},{"type":"child","parent":"lk7ulxp1zg","x":2730,"y":1750,"tool":"Pencil"},{"type":"child","parent":"lk7ulxp1zg","x":2830,"y":1750,"tool":"Pencil"},{"type":"child","parent":"lk7ulxp1zg","x":2840,"y":1750,"tool":"Pencil"}]},"lk7ulxpgvc":{"type":"line","id":"lk7ulxpgvc","color":"#ff4136","size":25,"tool":"Pencil","time":1584371541471,"_children":[{"type":"child","parent":"lk7ulxpgvc","x":2420,"y":1720,"tool":"Pencil"},{"type":"child","parent":"lk7ulxpgvc","x":2450,"y":1700,"tool":"Pencil"},{"type":"child","parent":"lk7ulxpgvc","x":2650,"y":1670,"tool":"Pencil"},{"type":"child","parent":"lk7ulxpgvc","x":2740,"y":1640,"tool":"Pencil"},{"type":"child","parent":"lk7ulxpgvc","x":2770,"y":1630,"tool":"Pencil"}]},"lk7ulxpzfx":{"type":"line","id":"lk7ulxpzfx","color":"#ff4136","size":25,"tool":"Pencil","time":1584371542140,"_children":[{"type":"child","parent":"lk7ulxpzfx","x":3060,"y":1690,"tool":"Pencil"},{"type":"child","parent":"lk7ulxpzfx","x":3050,"y":1690,"tool":"Pencil"},{"type":"child","parent":"lk7ulxpzfx","x":3000,"y":1610,"tool":"Pencil"},{"type":"child","parent":"lk7ulxpzfx","x":3020,"y":1490,"tool":"Pencil"},{"type":"child","parent":"lk7ulxpzfx","x":3060,"y":1450,"tool":"Pencil"},{"type":"child","parent":"lk7ulxpzfx","x":3130,"y":1470,"tool":"Pencil"},{"type":"child","parent":"lk7ulxpzfx","x":3160,"y":1480,"tool":"Pencil"},{"type":"child","parent":"lk7ulxpzfx","x":3170,"y":1540,"tool":"Pencil"},{"type":"child","parent":"lk7ulxpzfx","x":3150,"y":1660,"tool":"Pencil"},{"type":"child","parent":"lk7ulxpzfx","x":3070,"y":1770,"tool":"Pencil"}]},"lk7uly5bvq":{"type":"line","id":"lk7uly5bvq","color":"#ff4136","size":25,"tool":"Pencil","time":1584371562027,"_children":[{"type":"child","parent":"lk7uly5bvq","x":3610,"y":1590,"tool":"Pencil"},{"type":"child","parent":"lk7uly5bvq","x":3630,"y":1590,"tool":"Pencil"},{"type":"child","parent":"lk7uly5bvq","x":3900,"y":1600,"tool":"Pencil"},{"type":"child","parent":"lk7uly5bvq","x":4070,"y":1600,"tool":"Pencil"}]},"lk7uly5sn4":{"type":"line","id":"lk7uly5sn4","color":"#ff4136","size":25,"tool":"Pencil","time":1584371562633,"_children":[{"type":"child","parent":"lk7uly5sn4","x":3610,"y":1780,"tool":"Pencil"},{"type":"child","parent":"lk7uly5sn4","x":3620,"y":1780,"tool":"Pencil"},{"type":"child","parent":"lk7uly5sn4","x":3880,"y":1790,"tool":"Pencil"},{"type":"child","parent":"lk7uly5sn4","x":4060,"y":1770,"tool":"Pencil"},{"type":"child","parent":"lk7uly5sn4","x":4100,"y":1780,"tool":"Pencil"}]},"lk7uly68cy":{"type":"line","id":"lk7uly68cy","color":"#ff4136","size":25,"tool":"Pencil","time":1584371563198,"_children":[{"type":"child","parent":"lk7uly68cy","x":3880,"y":1440,"tool":"Pencil"},{"type":"child","parent":"lk7uly68cy","x":3890,"y":1440,"tool":"Pencil"},{"type":"child","parent":"lk7uly68cy","x":4090,"y":1500,"tool":"Pencil"},{"type":"child","parent":"lk7uly68cy","x":4300,"y":1570,"tool":"Pencil"},{"type":"child","parent":"lk7uly68cy","x":4360,"y":1590,"tool":"Pencil"},{"type":"child","parent":"lk7uly68cy","x":4340,"y":1620,"tool":"Pencil"},{"type":"child","parent":"lk7uly68cy","x":4220,"y":1750,"tool":"Pencil"},{"type":"child","parent":"lk7uly68cy","x":4180,"y":1820,"tool":"Pencil"}]},"lk7uly705o":{"type":"line","id":"lk7uly705o","color":"#ff4136","size":25,"tool":"Pencil","time":1584371564197,"_children":[{"type":"child","parent":"lk7uly705o","x":4960,"y":1240,"tool":"Pencil"},{"type":"child","parent":"lk7uly705o","x":4950,"y":1260,"tool":"Pencil"},{"type":"child","parent":"lk7uly705o","x":4860,"y":1460,"tool":"Pencil"},{"type":"child","parent":"lk7uly705o","x":4750,"y":1650,"tool":"Pencil"},{"type":"child","parent":"lk7uly705o","x":4710,"y":1700,"tool":"Pencil"}]},"lk7uly7hif":{"type":"line","id":"lk7uly7hif","color":"#ff4136","size":25,"tool":"Pencil","time":1584371564822,"_children":[{"type":"child","parent":"lk7uly7hif","x":4600,"y":1270,"tool":"Pencil"},{"type":"child","parent":"lk7uly7hif","x":4600,"y":1270,"tool":"Pencil"}]},"lk7uly8bxf":{"type":"line","id":"lk7uly8bxf","color":"#ff4136","size":25,"tool":"Pencil","time":1584371565953,"_children":[{"type":"child","parent":"lk7uly8bxf","x":5150,"y":1460,"tool":"Pencil"},{"type":"child","parent":"lk7uly8bxf","x":5140,"y":1460,"tool":"Pencil"},{"type":"child","parent":"lk7uly8bxf","x":4990,"y":1510,"tool":"Pencil"},{"type":"child","parent":"lk7uly8bxf","x":4740,"y":1470,"tool":"Pencil"},{"type":"child","parent":"lk7uly8bxf","x":4570,"y":1420,"tool":"Pencil"},{"type":"child","parent":"lk7uly8bxf","x":4590,"y":1320,"tool":"Pencil"},{"type":"child","parent":"lk7uly8bxf","x":4870,"y":1250,"tool":"Pencil"},{"type":"child","parent":"lk7uly8bxf","x":5120,"y":1290,"tool":"Pencil"},{"type":"child","parent":"lk7uly8bxf","x":5250,"y":1360,"tool":"Pencil"},{"type":"child","parent":"lk7uly8bxf","x":5120,"y":1440,"tool":"Pencil"},{"type":"child","parent":"lk7uly8bxf","x":4820,"y":1500,"tool":"Pencil"},{"type":"child","parent":"lk7uly8bxf","x":4730,"y":1510,"tool":"Pencil"}]},"lk7uly9dgb":{"type":"line","id":"lk7uly9dgb","color":"#ff4136","size":25,"tool":"Pencil","time":1584371567271,"_children":[{"type":"child","parent":"lk7uly9dgb","x":5400,"y":1700,"tool":"Pencil"},{"type":"child","parent":"lk7uly9dgb","x":5410,"y":1700,"tool":"Pencil"},{"type":"child","parent":"lk7uly9dgb","x":5550,"y":1690,"tool":"Pencil"},{"type":"child","parent":"lk7uly9dgb","x":5650,"y":1700,"tool":"Pencil"},{"type":"child","parent":"lk7uly9dgb","x":5680,"y":1710,"tool":"Pencil"}]},"lk7uly9rhg":{"type":"line","id":"lk7uly9rhg","color":"#ff4136","size":25,"tool":"Pencil","time":1584371567785,"_children":[{"type":"child","parent":"lk7uly9rhg","x":5180,"y":1440,"tool":"Pencil"},{"type":"child","parent":"lk7uly9rhg","x":5190,"y":1450,"tool":"Pencil"},{"type":"child","parent":"lk7uly9rhg","x":5540,"y":1500,"tool":"Pencil"},{"type":"child","parent":"lk7uly9rhg","x":5740,"y":1520,"tool":"Pencil"},{"type":"child","parent":"lk7uly9rhg","x":5780,"y":1530,"tool":"Pencil"}]},"lk7ulya5hg":{"type":"line","id":"lk7ulya5hg","color":"#ff4136","size":25,"tool":"Pencil","time":1584371568277,"_children":[{"type":"child","parent":"lk7ulya5hg","x":6160,"y":1680,"tool":"Pencil"},{"type":"child","parent":"lk7ulya5hg","x":6150,"y":1680,"tool":"Pencil"},{"type":"child","parent":"lk7ulya5hg","x":5970,"y":1650,"tool":"Pencil"},{"type":"child","parent":"lk7ulya5hg","x":5890,"y":1580,"tool":"Pencil"},{"type":"child","parent":"lk7ulya5hg","x":5910,"y":1410,"tool":"Pencil"},{"type":"child","parent":"lk7ulya5hg","x":6060,"y":1330,"tool":"Pencil"},{"type":"child","parent":"lk7ulya5hg","x":6170,"y":1370,"tool":"Pencil"},{"type":"child","parent":"lk7ulya5hg","x":6140,"y":1530,"tool":"Pencil"},{"type":"child","parent":"lk7ulya5hg","x":6060,"y":1640,"tool":"Pencil"}]},"lk7ulz4d22":{"type":"line","id":"lk7ulz4d22","color":"#ff4136","size":25,"tool":"Pencil","time":1584371607430,"_children":[{"type":"child","parent":"lk7ulz4d22","x":1780,"y":2280,"tool":"Pencil"},{"type":"child","parent":"lk7ulz4d22","x":1810,"y":2270,"tool":"Pencil"},{"type":"child","parent":"lk7ulz4d22","x":1930,"y":2250,"tool":"Pencil"},{"type":"child","parent":"lk7ulz4d22","x":1970,"y":2320,"tool":"Pencil"},{"type":"child","parent":"lk7ulz4d22","x":1880,"y":2500,"tool":"Pencil"},{"type":"child","parent":"lk7ulz4d22","x":1850,"y":2550,"tool":"Pencil"}]},"lk7ulz51oh":{"type":"line","id":"lk7ulz51oh","color":"#ff4136","size":25,"tool":"Pencil","time":1584371608315,"_children":[{"type":"child","parent":"lk7ulz51oh","x":2120,"y":2120,"tool":"Pencil"},{"type":"child","parent":"lk7ulz51oh","x":2110,"y":2120,"tool":"Pencil"},{"type":"child","parent":"lk7ulz51oh","x":2010,"y":2220,"tool":"Pencil"},{"type":"child","parent":"lk7ulz51oh","x":1970,"y":2300,"tool":"Pencil"},{"type":"child","parent":"lk7ulz51oh","x":2010,"y":2460,"tool":"Pencil"},{"type":"child","parent":"lk7ulz51oh","x":2170,"y":2570,"tool":"Pencil"},{"type":"child","parent":"lk7ulz51oh","x":2270,"y":2590,"tool":"Pencil"}]},"lk7ulz5p2x":{"type":"line","id":"lk7ulz5p2x","color":"#ff4136","size":25,"tool":"Pencil","time":1584371609158,"_children":[{"type":"child","parent":"lk7ulz5p2x","x":2380,"y":2510,"tool":"Pencil"},{"type":"child","parent":"lk7ulz5p2x","x":2390,"y":2510,"tool":"Pencil"},{"type":"child","parent":"lk7ulz5p2x","x":2620,"y":2510,"tool":"Pencil"},{"type":"child","parent":"lk7ulz5p2x","x":2680,"y":2510,"tool":"Pencil"},{"type":"child","parent":"lk7ulz5p2x","x":2690,"y":2510,"tool":"Pencil"}]},"lk7ulz61lx":{"type":"line","id":"lk7ulz61lx","color":"#ff4136","size":25,"tool":"Pencil","time":1584371609609,"_children":[{"type":"child","parent":"lk7ulz61lx","x":2310,"y":2360,"tool":"Pencil"},{"type":"child","parent":"lk7ulz61lx","x":2320,"y":2360,"tool":"Pencil"},{"type":"child","parent":"lk7ulz61lx","x":2620,"y":2340,"tool":"Pencil"},{"type":"child","parent":"lk7ulz61lx","x":2680,"y":2340,"tool":"Pencil"}]},"lk7ulz6g34":{"type":"line","id":"lk7ulz6g34","color":"#ff4136","size":25,"tool":"Pencil","time":1584371610133,"_children":[{"type":"child","parent":"lk7ulz6g34","x":3290,"y":2310,"tool":"Pencil"},{"type":"child","parent":"lk7ulz6g34","x":3280,"y":2300,"tool":"Pencil"},{"type":"child","parent":"lk7ulz6g34","x":3210,"y":2190,"tool":"Pencil"},{"type":"child","parent":"lk7ulz6g34","x":3120,"y":2130,"tool":"Pencil"},{"type":"child","parent":"lk7ulz6g34","x":3020,"y":2170,"tool":"Pencil"},{"type":"child","parent":"lk7ulz6g34","x":2980,"y":2340,"tool":"Pencil"},{"type":"child","parent":"lk7ulz6g34","x":3010,"y":2490,"tool":"Pencil"},{"type":"child","parent":"lk7ulz6g34","x":3140,"y":2520,"tool":"Pencil"},{"type":"child","parent":"lk7ulz6g34","x":3290,"y":2330,"tool":"Pencil"},{"type":"child","parent":"lk7ulz6g34","x":3330,"y":2150,"tool":"Pencil"},{"type":"child","parent":"lk7ulz6g34","x":3340,"y":2120,"tool":"Pencil"},{"type":"child","parent":"lk7ulz6g34","x":3390,"y":2350,"tool":"Pencil"},{"type":"child","parent":"lk7ulz6g34","x":3480,"y":2550,"tool":"Pencil"},{"type":"child","parent":"lk7ulz6g34","x":3500,"y":2600,"tool":"Pencil"}]},"lk7ulz7hyq":{"type":"line","id":"lk7ulz7hyq","color":"#ff4136","size":25,"tool":"Pencil","time":1584371611497,"_children":[{"type":"child","parent":"lk7ulz7hyq","x":3680,"y":2380,"tool":"Pencil"},{"type":"child","parent":"lk7ulz7hyq","x":3690,"y":2380,"tool":"Pencil"},{"type":"child","parent":"lk7ulz7hyq","x":4090,"y":2400,"tool":"Pencil"},{"type":"child","parent":"lk7ulz7hyq","x":4260,"y":2410,"tool":"Pencil"},{"type":"child","parent":"lk7ulz7hyq","x":4290,"y":2410,"tool":"Pencil"}]},"lk7ulz7tbi":{"type":"line","id":"lk7ulz7tbi","color":"#ff4136","size":25,"tool":"Pencil","time":1584371611903,"_children":[{"type":"child","parent":"lk7ulz7tbi","x":3790,"y":2610,"tool":"Pencil"},{"type":"child","parent":"lk7ulz7tbi","x":4150,"y":2580,"tool":"Pencil"},{"type":"child","parent":"lk7ulz7tbi","x":4280,"y":2580,"tool":"Pencil"}]},"lk7ulz84vg":{"type":"line","id":"lk7ulz84vg","color":"#ff4136","size":25,"tool":"Pencil","time":1584371612319,"_children":[{"type":"child","parent":"lk7ulz84vg","x":4000,"y":2320,"tool":"Pencil"},{"type":"child","parent":"lk7ulz84vg","x":4030,"y":2320,"tool":"Pencil"},{"type":"child","parent":"lk7ulz84vg","x":4470,"y":2390,"tool":"Pencil"},{"type":"child","parent":"lk7ulz84vg","x":4550,"y":2420,"tool":"Pencil"},{"type":"child","parent":"lk7ulz84vg","x":4500,"y":2490,"tool":"Pencil"},{"type":"child","parent":"lk7ulz84vg","x":4390,"y":2590,"tool":"Pencil"},{"type":"child","parent":"lk7ulz84vg","x":4360,"y":2640,"tool":"Pencil"}]},"lk7ulz8s02":{"type":"line","id":"lk7ulz8s02","color":"#ff4136","size":25,"tool":"Pencil","time":1584371613160,"_children":[{"type":"child","parent":"lk7ulz8s02","x":5170,"y":2490,"tool":"Pencil"},{"type":"child","parent":"lk7ulz8s02","x":5160,"y":2490,"tool":"Pencil"},{"type":"child","parent":"lk7ulz8s02","x":5010,"y":2380,"tool":"Pencil"},{"type":"child","parent":"lk7ulz8s02","x":5050,"y":2250,"tool":"Pencil"},{"type":"child","parent":"lk7ulz8s02","x":5390,"y":2150,"tool":"Pencil"},{"type":"child","parent":"lk7ulz8s02","x":5530,"y":2230,"tool":"Pencil"},{"type":"child","parent":"lk7ulz8s02","x":5370,"y":2380,"tool":"Pencil"},{"type":"child","parent":"lk7ulz8s02","x":5160,"y":2470,"tool":"Pencil"},{"type":"child","parent":"lk7ulz8s02","x":5120,"y":2490,"tool":"Pencil"}]},"lk7ulz9hhg":{"type":"line","id":"lk7ulz9hhg","color":"#ff4136","size":25,"tool":"Pencil","time":1584371614070,"_children":[{"type":"child","parent":"lk7ulz9hhg","x":5150,"y":1910,"tool":"Pencil"},{"type":"child","parent":"lk7ulz9hhg","x":5150,"y":1920,"tool":"Pencil"},{"type":"child","parent":"lk7ulz9hhg","x":5220,"y":2250,"tool":"Pencil"},{"type":"child","parent":"lk7ulz9hhg","x":5270,"y":2550,"tool":"Pencil"},{"type":"child","parent":"lk7ulz9hhg","x":5300,"y":2640,"tool":"Pencil"}]},"lk7ulz9x7f":{"type":"line","id":"lk7ulz9x7f","color":"#ff4136","size":25,"tool":"Pencil","time":1584371614634,"_children":[{"type":"child","parent":"lk7ulz9x7f","x":5760,"y":2500,"tool":"Pencil"},{"type":"child","parent":"lk7ulz9x7f","x":5770,"y":2500,"tool":"Pencil"},{"type":"child","parent":"lk7ulz9x7f","x":6000,"y":2530,"tool":"Pencil"},{"type":"child","parent":"lk7ulz9x7f","x":6130,"y":2520,"tool":"Pencil"},{"type":"child","parent":"lk7ulz9x7f","x":6160,"y":2520,"tool":"Pencil"}]},"lk7ulzaafn":{"type":"line","id":"lk7ulzaafn","color":"#ff4136","size":25,"tool":"Pencil","time":1584371615111,"_children":[{"type":"child","parent":"lk7ulzaafn","x":5690,"y":2430,"tool":"Pencil"},{"type":"child","parent":"lk7ulzaafn","x":5700,"y":2430,"tool":"Pencil"},{"type":"child","parent":"lk7ulzaafn","x":5990,"y":2410,"tool":"Pencil"},{"type":"child","parent":"lk7ulzaafn","x":6070,"y":2410,"tool":"Pencil"}]},"lk7ulzamxf":{"type":"line","id":"lk7ulzamxf","color":"#ff4136","size":25,"tool":"Pencil","time":1584371615560,"_children":[{"type":"child","parent":"lk7ulzamxf","x":6580,"y":2490,"tool":"Pencil"},{"type":"child","parent":"lk7ulzamxf","x":6570,"y":2480,"tool":"Pencil"},{"type":"child","parent":"lk7ulzamxf","x":6470,"y":2380,"tool":"Pencil"},{"type":"child","parent":"lk7ulzamxf","x":6450,"y":2250,"tool":"Pencil"},{"type":"child","parent":"lk7ulzamxf","x":6550,"y":2220,"tool":"Pencil"},{"type":"child","parent":"lk7ulzamxf","x":6650,"y":2290,"tool":"Pencil"},{"type":"child","parent":"lk7ulzamxf","x":6630,"y":2390,"tool":"Pencil"},{"type":"child","parent":"lk7ulzamxf","x":6510,"y":2460,"tool":"Pencil"}]},"lk7ulzkvrn":{"type":"line","id":"lk7ulzkvrn","color":"#ff4136","size":25,"tool":"Pencil","time":1584371628839,"_children":[{"type":"child","parent":"lk7ulzkvrn","x":6700,"y":1460,"tool":"Pencil"},{"type":"child","parent":"lk7ulzkvrn","x":6810,"y":1480,"tool":"Pencil"},{"type":"child","parent":"lk7ulzkvrn","x":7020,"y":1510,"tool":"Pencil"},{"type":"child","parent":"lk7ulzkvrn","x":7110,"y":1520,"tool":"Pencil"}]},"lk7ulzl8g3":{"type":"line","id":"lk7ulzl8g3","color":"#ff4136","size":25,"tool":"Pencil","time":1584371629298,"_children":[{"type":"child","parent":"lk7ulzl8g3","x":6640,"y":1700,"tool":"Pencil"},{"type":"child","parent":"lk7ulzl8g3","x":6650,"y":1690,"tool":"Pencil"},{"type":"child","parent":"lk7ulzl8g3","x":6880,"y":1660,"tool":"Pencil"},{"type":"child","parent":"lk7ulzl8g3","x":6960,"y":1660,"tool":"Pencil"},{"type":"child","parent":"lk7ulzl8g3","x":6990,"y":1660,"tool":"Pencil"}]},"lk7ulzlmu8":{"type":"line","id":"lk7ulzlmu8","color":"#ff4136","size":25,"tool":"Pencil","time":1584371629880,"_children":[{"type":"child","parent":"lk7ulzlmu8","x":6810,"y":1380,"tool":"Pencil"},{"type":"child","parent":"lk7ulzlmu8","x":6830,"y":1380,"tool":"Pencil"},{"type":"child","parent":"lk7ulzlmu8","x":7090,"y":1440,"tool":"Pencil"},{"type":"child","parent":"lk7ulzlmu8","x":7240,"y":1500,"tool":"Pencil"},{"type":"child","parent":"lk7ulzlmu8","x":7260,"y":1520,"tool":"Pencil"},{"type":"child","parent":"lk7ulzlmu8","x":7130,"y":1660,"tool":"Pencil"},{"type":"child","parent":"lk7ulzlmu8","x":7060,"y":1740,"tool":"Pencil"}]},"lk7ulzr7vu":{"type":"line","id":"lk7ulzr7vu","color":"#ff4136","size":25,"tool":"Pencil","time":1584371637052,"_children":[{"type":"child","parent":"lk7ulzr7vu","x":7640,"y":1810,"tool":"Pencil"},{"type":"child","parent":"lk7ulzr7vu","x":7630,"y":1800,"tool":"Pencil"},{"type":"child","parent":"lk7ulzr7vu","x":7700,"y":1570,"tool":"Pencil"},{"type":"child","parent":"lk7ulzr7vu","x":7800,"y":1340,"tool":"Pencil"},{"type":"child","parent":"lk7ulzr7vu","x":7960,"y":1330,"tool":"Pencil"},{"type":"child","parent":"lk7ulzr7vu","x":8040,"y":1560,"tool":"Pencil"},{"type":"child","parent":"lk7ulzr7vu","x":8070,"y":1740,"tool":"Pencil"}]},"lk7ulztbxk":{"type":"line","id":"lk7ulztbxk","color":"#ff4136","size":25,"tool":"Pencil","time":1584371639814,"_children":[{"type":"child","parent":"lk7ulztbxk","x":7680,"y":1510,"tool":"Pencil"},{"type":"child","parent":"lk7ulztbxk","x":7690,"y":1510,"tool":"Pencil"},{"type":"child","parent":"lk7ulztbxk","x":7830,"y":1530,"tool":"Pencil"},{"type":"child","parent":"lk7ulztbxk","x":7980,"y":1530,"tool":"Pencil"}]},"lk7ulzu1b9":{"type":"line","id":"lk7ulzu1b9","color":"#ff4136","size":25,"tool":"Pencil","time":1584371640707,"_children":[{"type":"child","parent":"lk7ulzu1b9","x":8530,"y":1360,"tool":"Pencil"},{"type":"child","parent":"lk7ulzu1b9","x":8520,"y":1350,"tool":"Pencil"},{"type":"child","parent":"lk7ulzu1b9","x":8320,"y":1350,"tool":"Pencil"},{"type":"child","parent":"lk7ulzu1b9","x":8260,"y":1380,"tool":"Pencil"},{"type":"child","parent":"lk7ulzu1b9","x":8380,"y":1480,"tool":"Pencil"},{"type":"child","parent":"lk7ulzu1b9","x":8460,"y":1570,"tool":"Pencil"},{"type":"child","parent":"lk7ulzu1b9","x":8350,"y":1680,"tool":"Pencil"},{"type":"child","parent":"lk7ulzu1b9","x":8260,"y":1690,"tool":"Pencil"}]},"lk7ulzum6r":{"type":"line","id":"lk7ulzum6r","color":"#ff4136","size":25,"tool":"Pencil","time":1584371641454,"_children":[{"type":"child","parent":"lk7ulzum6r","x":8760,"y":1600,"tool":"Pencil"},{"type":"child","parent":"lk7ulzum6r","x":8750,"y":1610,"tool":"Pencil"},{"type":"child","parent":"lk7ulzum6r","x":8760,"y":1690,"tool":"Pencil"}]},"lk7ulzuum1":{"type":"line","id":"lk7ulzuum1","color":"#ff4136","size":25,"tool":"Pencil","time":1584371641759,"_children":[{"type":"child","parent":"lk7ulzuum1","x":8750,"y":1260,"tool":"Pencil"},{"type":"child","parent":"lk7ulzuum1","x":8750,"y":1260,"tool":"Pencil"}]},"lk7ulzv4g5":{"type":"line","id":"lk7ulzv4g5","color":"#ff4136","size":25,"tool":"Pencil","time":1584371642114,"_children":[{"type":"child","parent":"lk7ulzv4g5","x":8820,"y":1460,"tool":"Pencil"},{"type":"child","parent":"lk7ulzv4g5","x":8830,"y":1500,"tool":"Pencil"},{"type":"child","parent":"lk7ulzv4g5","x":8860,"y":1630,"tool":"Pencil"},{"type":"child","parent":"lk7ulzv4g5","x":8880,"y":1680,"tool":"Pencil"},{"type":"child","parent":"lk7ulzv4g5","x":8990,"y":1550,"tool":"Pencil"},{"type":"child","parent":"lk7ulzv4g5","x":9100,"y":1530,"tool":"Pencil"},{"type":"child","parent":"lk7ulzv4g5","x":9150,"y":1640,"tool":"Pencil"}]},"lk7ulzvqk5":{"type":"line","id":"lk7ulzvqk5","color":"#ff4136","size":25,"tool":"Pencil","time":1584371642909,"_children":[{"type":"child","parent":"lk7ulzvqk5","x":9480,"y":1670,"tool":"Pencil"},{"type":"child","parent":"lk7ulzvqk5","x":9470,"y":1660,"tool":"Pencil"},{"type":"child","parent":"lk7ulzvqk5","x":9360,"y":1560,"tool":"Pencil"},{"type":"child","parent":"lk7ulzvqk5","x":9470,"y":1440,"tool":"Pencil"},{"type":"child","parent":"lk7ulzvqk5","x":9580,"y":1530,"tool":"Pencil"},{"type":"child","parent":"lk7ulzvqk5","x":9460,"y":1630,"tool":"Pencil"}]},"lk7ulzwb7h":{"type":"line","id":"lk7ulzwb7h","color":"#ff4136","size":25,"tool":"Pencil","time":1584371643719,"_children":[{"type":"child","parent":"lk7ulzwb7h","x":9880,"y":1570,"tool":"Pencil"},{"type":"child","parent":"lk7ulzwb7h","x":10020,"y":1580,"tool":"Pencil"},{"type":"child","parent":"lk7ulzwb7h","x":10330,"y":1560,"tool":"Pencil"},{"type":"child","parent":"lk7ulzwb7h","x":10360,"y":1520,"tool":"Pencil"}]},"lk7ulzwlnt":{"type":"line","id":"lk7ulzwlnt","color":"#ff4136","size":25,"tool":"Pencil","time":1584371644058,"_children":[{"type":"child","parent":"lk7ulzwlnt","x":10080,"y":1390,"tool":"Pencil"},{"type":"child","parent":"lk7ulzwlnt","x":10080,"y":1400,"tool":"Pencil"},{"type":"child","parent":"lk7ulzwlnt","x":10190,"y":1640,"tool":"Pencil"},{"type":"child","parent":"lk7ulzwlnt","x":10280,"y":1820,"tool":"Pencil"}]},"lk7ulzwymd":{"type":"line","id":"lk7ulzwymd","color":"#ff4136","size":25,"tool":"Pencil","time":1584371644555,"_children":[{"type":"child","parent":"lk7ulzwymd","x":10580,"y":1280,"tool":"Pencil"},{"type":"child","parent":"lk7ulzwymd","x":10580,"y":1320,"tool":"Pencil"},{"type":"child","parent":"lk7ulzwymd","x":10640,"y":1620,"tool":"Pencil"},{"type":"child","parent":"lk7ulzwymd","x":10640,"y":1720,"tool":"Pencil"}]},"lk7ulzx9es":{"type":"line","id":"lk7ulzx9es","color":"#ff4136","size":25,"tool":"Pencil","time":1584371645089,"_children":[{"type":"child","parent":"lk7ulzx9es","x":10340,"y":1320,"tool":"Pencil"},{"type":"child","parent":"lk7ulzx9es","x":10350,"y":1310,"tool":"Pencil"},{"type":"child","parent":"lk7ulzx9es","x":10640,"y":1290,"tool":"Pencil"},{"type":"child","parent":"lk7ulzx9es","x":10780,"y":1340,"tool":"Pencil"},{"type":"child","parent":"lk7ulzx9es","x":10720,"y":1420,"tool":"Pencil"},{"type":"child","parent":"lk7ulzx9es","x":10710,"y":1460,"tool":"Pencil"},{"type":"child","parent":"lk7ulzx9es","x":10870,"y":1530,"tool":"Pencil"},{"type":"child","parent":"lk7ulzx9es","x":10890,"y":1640,"tool":"Pencil"},{"type":"child","parent":"lk7ulzx9es","x":10770,"y":1690,"tool":"Pencil"},{"type":"child","parent":"lk7ulzx9es","x":10810,"y":1680,"tool":"Pencil"}]},"lk7ulzxy1r":{"type":"line","id":"lk7ulzxy1r","color":"#ff4136","size":25,"tool":"Pencil","time":1584371645769,"_children":[{"type":"child","parent":"lk7ulzxy1r","x":11360,"y":1440,"tool":"Pencil"},{"type":"child","parent":"lk7ulzxy1r","x":11360,"y":1430,"tool":"Pencil"},{"type":"child","parent":"lk7ulzxy1r","x":11250,"y":1320,"tool":"Pencil"},{"type":"child","parent":"lk7ulzxy1r","x":11130,"y":1410,"tool":"Pencil"},{"type":"child","parent":"lk7ulzxy1r","x":11130,"y":1640,"tool":"Pencil"},{"type":"child","parent":"lk7ulzxy1r","x":11290,"y":1720,"tool":"Pencil"}]},"lk7ulzyc5e":{"type":"line","id":"lk7ulzyc5e","color":"#ff4136","size":25,"tool":"Pencil","time":1584371646293,"_children":[{"type":"child","parent":"lk7ulzyc5e","x":11560,"y":1570,"tool":"Pencil"},{"type":"child","parent":"lk7ulzyc5e","x":11560,"y":1560,"tool":"Pencil"},{"type":"child","parent":"lk7ulzyc5e","x":11590,"y":1410,"tool":"Pencil"},{"type":"child","parent":"lk7ulzyc5e","x":11560,"y":1400,"tool":"Pencil"},{"type":"child","parent":"lk7ulzyc5e","x":11560,"y":1470,"tool":"Pencil"},{"type":"child","parent":"lk7ulzyc5e","x":11770,"y":1460,"tool":"Pencil"},{"type":"child","parent":"lk7ulzyc5e","x":11900,"y":1580,"tool":"Pencil"}]},"lk7ulzz3f5":{"type":"line","id":"lk7ulzz3f5","color":"#ff4136","size":25,"tool":"Pencil","time":1584371647260,"_children":[{"type":"child","parent":"lk7ulzz3f5","x":12150,"y":1590,"tool":"Pencil"},{"type":"child","parent":"lk7ulzz3f5","x":12140,"y":1580,"tool":"Pencil"},{"type":"child","parent":"lk7ulzz3f5","x":12150,"y":1390,"tool":"Pencil"},{"type":"child","parent":"lk7ulzz3f5","x":12280,"y":1400,"tool":"Pencil"},{"type":"child","parent":"lk7ulzz3f5","x":12240,"y":1580,"tool":"Pencil"}]},"lk7ulzzqzp":{"type":"line","id":"lk7ulzzqzp","color":"#ff4136","size":25,"tool":"Pencil","time":1584371648117,"_children":[{"type":"child","parent":"lk7ulzzqzp","x":12470,"y":1580,"tool":"Pencil"},{"type":"child","parent":"lk7ulzzqzp","x":12480,"y":1580,"tool":"Pencil"},{"type":"child","parent":"lk7ulzzqzp","x":12680,"y":1570,"tool":"Pencil"},{"type":"child","parent":"lk7ulzzqzp","x":12760,"y":1550,"tool":"Pencil"}]},"lk7um003oy":{"type":"line","id":"lk7um003oy","color":"#ff4136","size":25,"tool":"Pencil","time":1584371648585,"_children":[{"type":"child","parent":"lk7um003oy","x":12460,"y":1460,"tool":"Pencil"},{"type":"child","parent":"lk7um003oy","x":12470,"y":1460,"tool":"Pencil"},{"type":"child","parent":"lk7um003oy","x":12680,"y":1430,"tool":"Pencil"}]},"lk7um01dnz":{"type":"line","id":"lk7um01dnz","color":"#ff4136","size":25,"tool":"Pencil","time":1584371650222,"_children":[{"type":"child","parent":"lk7um01dnz","x":13030,"y":1550,"tool":"Pencil"},{"type":"child","parent":"lk7um01dnz","x":13020,"y":1540,"tool":"Pencil"},{"type":"child","parent":"lk7um01dnz","x":12920,"y":1430,"tool":"Pencil"},{"type":"child","parent":"lk7um01dnz","x":12880,"y":1300,"tool":"Pencil"},{"type":"child","parent":"lk7um01dnz","x":12980,"y":1240,"tool":"Pencil"},{"type":"child","parent":"lk7um01dnz","x":13070,"y":1310,"tool":"Pencil"},{"type":"child","parent":"lk7um01dnz","x":13090,"y":1460,"tool":"Pencil"}]},"lk7um05cpw":{"type":"line","id":"lk7um05cpw","color":"#ff4136","size":25,"tool":"Pencil","time":1584371655393,"_children":[{"type":"child","parent":"lk7um05cpw","x":7520,"y":3000,"tool":"Pencil"},{"type":"child","parent":"lk7um05cpw","x":7520,"y":2990,"tool":"Pencil"},{"type":"child","parent":"lk7um05cpw","x":7550,"y":2790,"tool":"Pencil"},{"type":"child","parent":"lk7um05cpw","x":7690,"y":2470,"tool":"Pencil"},{"type":"child","parent":"lk7um05cpw","x":7930,"y":2510,"tool":"Pencil"},{"type":"child","parent":"lk7um05cpw","x":8000,"y":2820,"tool":"Pencil"},{"type":"child","parent":"lk7um05cpw","x":8010,"y":2940,"tool":"Pencil"}]},"lk7um05ud0":{"type":"line","id":"lk7um05ud0","color":"#ff4136","size":25,"tool":"Pencil","time":1584371656040,"_children":[{"type":"child","parent":"lk7um05ud0","x":7420,"y":2770,"tool":"Pencil"},{"type":"child","parent":"lk7um05ud0","x":7490,"y":2710,"tool":"Pencil"},{"type":"child","parent":"lk7um05ud0","x":8100,"y":2680,"tool":"Pencil"}]},"lk7um06ir4":{"type":"line","id":"lk7um06ir4","color":"#ff4136","size":25,"tool":"Pencil","time":1584371656882,"_children":[{"type":"child","parent":"lk7um06ir4","x":8630,"y":2340,"tool":"Pencil"},{"type":"child","parent":"lk7um06ir4","x":8590,"y":2350,"tool":"Pencil"},{"type":"child","parent":"lk7um06ir4","x":8340,"y":2420,"tool":"Pencil"},{"type":"child","parent":"lk7um06ir4","x":8350,"y":2490,"tool":"Pencil"},{"type":"child","parent":"lk7um06ir4","x":8500,"y":2620,"tool":"Pencil"},{"type":"child","parent":"lk7um06ir4","x":8430,"y":2770,"tool":"Pencil"},{"type":"child","parent":"lk7um06ir4","x":8350,"y":2810,"tool":"Pencil"}]},"lk7um06zqm":{"type":"line","id":"lk7um06zqm","color":"#ff4136","size":25,"tool":"Pencil","time":1584371657502,"_children":[{"type":"child","parent":"lk7um06zqm","x":8790,"y":2730,"tool":"Pencil"},{"type":"child","parent":"lk7um06zqm","x":8790,"y":2730,"tool":"Pencil"}]},"lk7um07646":{"type":"line","id":"lk7um07646","color":"#ff4136","size":25,"tool":"Pencil","time":1584371657743,"_children":[{"type":"child","parent":"lk7um07646","x":8800,"y":2510,"tool":"Pencil"},{"type":"child","parent":"lk7um07646","x":8800,"y":2510,"tool":"Pencil"}]},"lk7um099cc":{"type":"line","id":"lk7um099cc","color":"#ff4136","size":25,"tool":"Pencil","time":1584371660431,"_children":[{"type":"child","parent":"lk7um099cc","x":8690,"y":2480,"tool":"Pencil"},{"type":"child","parent":"lk7um099cc","x":8680,"y":2480,"tool":"Pencil"},{"type":"child","parent":"lk7um099cc","x":8340,"y":2580,"tool":"Pencil"},{"type":"child","parent":"lk7um099cc","x":7720,"y":2770,"tool":"Pencil"},{"type":"child","parent":"lk7um099cc","x":7490,"y":2840,"tool":"Pencil"}]},"lk7um0dgno":{"type":"line","id":"lk7um0dgno","color":"#ff4136","size":25,"tool":"Pencil","time":1584371665880,"_children":[{"type":"child","parent":"lk7um0dgno","x":9100,"y":1340,"tool":"Pencil"},{"type":"child","parent":"lk7um0dgno","x":9000,"y":1400,"tool":"Pencil"},{"type":"child","parent":"lk7um0dgno","x":8560,"y":1630,"tool":"Pencil"},{"type":"child","parent":"lk7um0dgno","x":7990,"y":1950,"tool":"Pencil"},{"type":"child","parent":"lk7um0dgno","x":7630,"y":2140,"tool":"Pencil"},{"type":"child","parent":"lk7um0dgno","x":7560,"y":2180,"tool":"Pencil"}]},"lk7um0dved":{"type":"line","id":"lk7um0dved","color":"#ff4136","size":25,"tool":"Pencil","time":1584371666410,"_children":[{"type":"child","parent":"lk7um0dved","x":7620,"y":1890,"tool":"Pencil"},{"type":"child","parent":"lk7um0dved","x":7500,"y":2040,"tool":"Pencil"},{"type":"child","parent":"lk7um0dved","x":7300,"y":2290,"tool":"Pencil"},{"type":"child","parent":"lk7um0dved","x":7520,"y":2290,"tool":"Pencil"},{"type":"child","parent":"lk7um0dved","x":7710,"y":2270,"tool":"Pencil"}]},"lk7um0ecr6":{"type":"line","id":"lk7um0ecr6","color":"#ff4136","size":25,"tool":"Pencil","time":1584371667034,"_children":[{"type":"child","parent":"lk7um0ecr6","x":6930,"y":2990,"tool":"Pencil"},{"type":"child","parent":"lk7um0ecr6","x":6920,"y":2990,"tool":"Pencil"},{"type":"child","parent":"lk7um0ecr6","x":6820,"y":2900,"tool":"Pencil"},{"type":"child","parent":"lk7um0ecr6","x":6890,"y":2730,"tool":"Pencil"},{"type":"child","parent":"lk7um0ecr6","x":7060,"y":2720,"tool":"Pencil"},{"type":"child","parent":"lk7um0ecr6","x":7080,"y":2880,"tool":"Pencil"}]},"lk7um0gf6t":{"type":"line","id":"lk7um0gf6t","color":"#ff4136","size":25,"tool":"Pencil","time":1584371669715,"_children":[{"type":"child","parent":"lk7um0gf6t","x":12100,"y":1910,"tool":"Pencil"},{"type":"child","parent":"lk7um0gf6t","x":12110,"y":1930,"tool":"Pencil"},{"type":"child","parent":"lk7um0gf6t","x":12140,"y":2100,"tool":"Pencil"},{"type":"child","parent":"lk7um0gf6t","x":11800,"y":2120,"tool":"Pencil"},{"type":"child","parent":"lk7um0gf6t","x":11470,"y":2090,"tool":"Pencil"},{"type":"child","parent":"lk7um0gf6t","x":11430,"y":2160,"tool":"Pencil"},{"type":"child","parent":"lk7um0gf6t","x":11300,"y":2150,"tool":"Pencil"},{"type":"child","parent":"lk7um0gf6t","x":10830,"y":2070,"tool":"Pencil"},{"type":"child","parent":"lk7um0gf6t","x":10540,"y":2080,"tool":"Pencil"}]},"lk7um0h8hs":{"type":"line","id":"lk7um0h8hs","color":"#ff4136","size":25,"tool":"Pencil","time":1584371670768,"_children":[{"type":"child","parent":"lk7um0h8hs","x":10910,"y":2490,"tool":"Pencil"},{"type":"child","parent":"lk7um0h8hs","x":10910,"y":2500,"tool":"Pencil"},{"type":"child","parent":"lk7um0h8hs","x":10940,"y":2720,"tool":"Pencil"},{"type":"child","parent":"lk7um0h8hs","x":10960,"y":2790,"tool":"Pencil"}]},"lk7um0hldd":{"type":"line","id":"lk7um0hldd","color":"#ff4136","size":25,"tool":"Pencil","time":1584371671546,"_children":[{"type":"child","parent":"lk7um0hldd","x":10530,"y":2530,"tool":"Pencil"},{"type":"child","parent":"lk7um0hldd","x":10540,"y":2520,"tool":"Pencil"},{"type":"child","parent":"lk7um0hldd","x":10980,"y":2470,"tool":"Pencil"},{"type":"child","parent":"lk7um0hldd","x":11140,"y":2540,"tool":"Pencil"},{"type":"child","parent":"lk7um0hldd","x":10920,"y":2650,"tool":"Pencil"},{"type":"child","parent":"lk7um0hldd","x":10920,"y":2670,"tool":"Pencil"},{"type":"child","parent":"lk7um0hldd","x":11240,"y":2740,"tool":"Pencil"},{"type":"child","parent":"lk7um0hldd","x":11140,"y":2870,"tool":"Pencil"},{"type":"child","parent":"lk7um0hldd","x":10740,"y":2840,"tool":"Pencil"}]},"lk7um0lfs5":{"type":"line","id":"lk7um0lfs5","color":"#ff4136","size":25,"tool":"Pencil","time":1584371676216,"_children":[{"type":"child","parent":"lk7um0lfs5","x":4140,"y":3580,"tool":"Pencil"},{"type":"child","parent":"lk7um0lfs5","x":4130,"y":3580,"tool":"Pencil"},{"type":"child","parent":"lk7um0lfs5","x":3760,"y":3610,"tool":"Pencil"},{"type":"child","parent":"lk7um0lfs5","x":3540,"y":3720,"tool":"Pencil"},{"type":"child","parent":"lk7um0lfs5","x":3780,"y":3900,"tool":"Pencil"},{"type":"child","parent":"lk7um0lfs5","x":3840,"y":4120,"tool":"Pencil"},{"type":"child","parent":"lk7um0lfs5","x":3480,"y":4280,"tool":"Pencil"}]},"lk7um0lym5":{"type":"line","id":"lk7um0lym5","color":"#ff4136","size":25,"tool":"Pencil","time":1584371676896,"_children":[{"type":"child","parent":"lk7um0lym5","x":4220,"y":4010,"tool":"Pencil"},{"type":"child","parent":"lk7um0lym5","x":4230,"y":4050,"tool":"Pencil"},{"type":"child","parent":"lk7um0lym5","x":4230,"y":4260,"tool":"Pencil"}]},"lk7um0m6kc":{"type":"line","id":"lk7um0m6kc","color":"#ff4136","size":25,"tool":"Pencil","time":1584371677179,"_children":[{"type":"child","parent":"lk7um0m6kc","x":4230,"y":3540,"tool":"Pencil"},{"type":"child","parent":"lk7um0m6kc","x":4230,"y":3540,"tool":"Pencil"}]},"lk7um0mekq":{"type":"line","id":"lk7um0mekq","color":"#ff4136","size":25,"tool":"Pencil","time":1584371677466,"_children":[{"type":"child","parent":"lk7um0mekq","x":4430,"y":4100,"tool":"Pencil"},{"type":"child","parent":"lk7um0mekq","x":4440,"y":4110,"tool":"Pencil"},{"type":"child","parent":"lk7um0mekq","x":4500,"y":4260,"tool":"Pencil"},{"type":"child","parent":"lk7um0mekq","x":4520,"y":4290,"tool":"Pencil"},{"type":"child","parent":"lk7um0mekq","x":4640,"y":4280,"tool":"Pencil"},{"type":"child","parent":"lk7um0mekq","x":4760,"y":4390,"tool":"Pencil"},{"type":"child","parent":"lk7um0mekq","x":4870,"y":4380,"tool":"Pencil"}]},"lk7um0mvfo":{"type":"line","id":"lk7um0mvfo","color":"#ff4136","size":25,"tool":"Pencil","time":1584371678074,"_children":[{"type":"child","parent":"lk7um0mvfo","x":5450,"y":3800,"tool":"Pencil"},{"type":"child","parent":"lk7um0mvfo","x":5450,"y":3820,"tool":"Pencil"},{"type":"child","parent":"lk7um0mvfo","x":5340,"y":4170,"tool":"Pencil"},{"type":"child","parent":"lk7um0mvfo","x":5180,"y":4350,"tool":"Pencil"},{"type":"child","parent":"lk7um0mvfo","x":5020,"y":4250,"tool":"Pencil"},{"type":"child","parent":"lk7um0mvfo","x":5080,"y":4100,"tool":"Pencil"},{"type":"child","parent":"lk7um0mvfo","x":5370,"y":4280,"tool":"Pencil"},{"type":"child","parent":"lk7um0mvfo","x":5590,"y":4380,"tool":"Pencil"}]},"lk7um0nigi":{"type":"line","id":"lk7um0nigi","color":"#ff4136","size":25,"tool":"Pencil","time":1584371678904,"_children":[{"type":"child","parent":"lk7um0nigi","x":5830,"y":4170,"tool":"Pencil"},{"type":"child","parent":"lk7um0nigi","x":5750,"y":4070,"tool":"Pencil"},{"type":"child","parent":"lk7um0nigi","x":6100,"y":3940,"tool":"Pencil"},{"type":"child","parent":"lk7um0nigi","x":6200,"y":4210,"tool":"Pencil"},{"type":"child","parent":"lk7um0nigi","x":6000,"y":4400,"tool":"Pencil"}]},"lk7um0nxd2":{"type":"line","id":"lk7um0nxd2","color":"#ff4136","size":25,"tool":"Pencil","time":1584371679440,"_children":[{"type":"child","parent":"lk7um0nxd2","x":6540,"y":3860,"tool":"Pencil"},{"type":"child","parent":"lk7um0nxd2","x":6520,"y":3860,"tool":"Pencil"},{"type":"child","parent":"lk7um0nxd2","x":6310,"y":3950,"tool":"Pencil"},{"type":"child","parent":"lk7um0nxd2","x":6200,"y":4190,"tool":"Pencil"},{"type":"child","parent":"lk7um0nxd2","x":6460,"y":4300,"tool":"Pencil"}]},"lk7um0tgpk":{"type":"line","id":"lk7um0tgpk","color":"#ff4136","size":25,"tool":"Pencil","time":1584371686618,"_children":[{"type":"child","parent":"lk7um0tgpk","x":6730,"y":4170,"tool":"Pencil"},{"type":"child","parent":"lk7um0tgpk","x":6740,"y":4170,"tool":"Pencil"},{"type":"child","parent":"lk7um0tgpk","x":7010,"y":4150,"tool":"Pencil"},{"type":"child","parent":"lk7um0tgpk","x":7100,"y":4140,"tool":"Pencil"}]},"lk7um0ttu5":{"type":"line","id":"lk7um0ttu5","color":"#ff4136","size":25,"tool":"Pencil","time":1584371687091,"_children":[{"type":"child","parent":"lk7um0ttu5","x":6770,"y":4420,"tool":"Pencil"},{"type":"child","parent":"lk7um0ttu5","x":6780,"y":4420,"tool":"Pencil"},{"type":"child","parent":"lk7um0ttu5","x":6990,"y":4390,"tool":"Pencil"},{"type":"child","parent":"lk7um0ttu5","x":7150,"y":4360,"tool":"Pencil"},{"type":"child","parent":"lk7um0ttu5","x":7240,"y":4350,"tool":"Pencil"}]},"lk7um0udtg":{"type":"line","id":"lk7um0udtg","color":"#ff4136","size":25,"tool":"Pencil","time":1584371687809,"_children":[{"type":"child","parent":"lk7um0udtg","x":6970,"y":3890,"tool":"Pencil"},{"type":"child","parent":"lk7um0udtg","x":6980,"y":3890,"tool":"Pencil"},{"type":"child","parent":"lk7um0udtg","x":7300,"y":4040,"tool":"Pencil"},{"type":"child","parent":"lk7um0udtg","x":7500,"y":4110,"tool":"Pencil"},{"type":"child","parent":"lk7um0udtg","x":7510,"y":4200,"tool":"Pencil"},{"type":"child","parent":"lk7um0udtg","x":7360,"y":4400,"tool":"Pencil"},{"type":"child","parent":"lk7um0udtg","x":7360,"y":4490,"tool":"Pencil"}]},"lk7um0uy4t":{"type":"line","id":"lk7um0uy4t","color":"#ff4136","size":25,"tool":"Pencil","time":1584371688543,"_children":[{"type":"child","parent":"lk7um0uy4t","x":8240,"y":3810,"tool":"Pencil"},{"type":"child","parent":"lk7um0uy4t","x":8170,"y":3800,"tool":"Pencil"},{"type":"child","parent":"lk7um0uy4t","x":7760,"y":3870,"tool":"Pencil"},{"type":"child","parent":"lk7um0uy4t","x":7810,"y":3960,"tool":"Pencil"},{"type":"child","parent":"lk7um0uy4t","x":8110,"y":4140,"tool":"Pencil"},{"type":"child","parent":"lk7um0uy4t","x":8070,"y":4350,"tool":"Pencil"},{"type":"child","parent":"lk7um0uy4t","x":7890,"y":4420,"tool":"Pencil"}]},"lk7um0vfeh":{"type":"line","id":"lk7um0vfeh","color":"#ff4136","size":25,"tool":"Pencil","time":1584371689163,"_children":[{"type":"child","parent":"lk7um0vfeh","x":8360,"y":4190,"tool":"Pencil"},{"type":"child","parent":"lk7um0vfeh","x":8360,"y":4250,"tool":"Pencil"}]},"lk7um0vmnz":{"type":"line","id":"lk7um0vmnz","color":"#ff4136","size":25,"tool":"Pencil","time":1584371689422,"_children":[{"type":"child","parent":"lk7um0vmnz","x":8380,"y":3730,"tool":"Pencil"},{"type":"child","parent":"lk7um0vmnz","x":8420,"y":3790,"tool":"Pencil"}]},"lk7um0vtiv":{"type":"line","id":"lk7um0vtiv","color":"#ff4136","size":25,"tool":"Pencil","time":1584371689670,"_children":[{"type":"child","parent":"lk7um0vtiv","x":8600,"y":4110,"tool":"Pencil"},{"type":"child","parent":"lk7um0vtiv","x":8610,"y":4110,"tool":"Pencil"},{"type":"child","parent":"lk7um0vtiv","x":8760,"y":4090,"tool":"Pencil"},{"type":"child","parent":"lk7um0vtiv","x":8830,"y":4290,"tool":"Pencil"},{"type":"child","parent":"lk7um0vtiv","x":8900,"y":4370,"tool":"Pencil"}]},"lk7um0wel9":{"type":"line","id":"lk7um0wel9","color":"#ff4136","size":25,"tool":"Pencil","time":1584371690431,"_children":[{"type":"child","parent":"lk7um0wel9","x":9580,"y":3700,"tool":"Pencil"},{"type":"child","parent":"lk7um0wel9","x":9510,"y":3970,"tool":"Pencil"},{"type":"child","parent":"lk7um0wel9","x":9310,"y":4360,"tool":"Pencil"},{"type":"child","parent":"lk7um0wel9","x":9220,"y":4350,"tool":"Pencil"},{"type":"child","parent":"lk7um0wel9","x":9110,"y":4150,"tool":"Pencil"},{"type":"child","parent":"lk7um0wel9","x":9220,"y":4000,"tool":"Pencil"},{"type":"child","parent":"lk7um0wel9","x":9520,"y":4180,"tool":"Pencil"},{"type":"child","parent":"lk7um0wel9","x":9650,"y":4300,"tool":"Pencil"}]},"lk7um0x51z":{"type":"line","id":"lk7um0x51z","color":"#ff4136","size":25,"tool":"Pencil","time":1584371691380,"_children":[{"type":"child","parent":"lk7um0x51z","x":8520,"y":4170,"tool":"Pencil"},{"type":"child","parent":"lk7um0x51z","x":8520,"y":4180,"tool":"Pencil"},{"type":"child","parent":"lk7um0x51z","x":8540,"y":4350,"tool":"Pencil"},{"type":"child","parent":"lk7um0x51z","x":8560,"y":4460,"tool":"Pencil"}]},"lk7um0xnvi":{"type":"line","id":"lk7um0xnvi","color":"#ff4136","size":25,"tool":"Pencil","time":1584371692059,"_children":[{"type":"child","parent":"lk7um0xnvi","x":10240,"y":4170,"tool":"Pencil"},{"type":"child","parent":"lk7um0xnvi","x":10240,"y":4150,"tool":"Pencil"},{"type":"child","parent":"lk7um0xnvi","x":10200,"y":3960,"tool":"Pencil"},{"type":"child","parent":"lk7um0xnvi","x":10190,"y":3910,"tool":"Pencil"},{"type":"child","parent":"lk7um0xnvi","x":10020,"y":4080,"tool":"Pencil"},{"type":"child","parent":"lk7um0xnvi","x":9940,"y":4270,"tool":"Pencil"},{"type":"child","parent":"lk7um0xnvi","x":10140,"y":4210,"tool":"Pencil"},{"type":"child","parent":"lk7um0xnvi","x":10300,"y":3960,"tool":"Pencil"},{"type":"child","parent":"lk7um0xnvi","x":10330,"y":3870,"tool":"Pencil"},{"type":"child","parent":"lk7um0xnvi","x":10310,"y":4100,"tool":"Pencil"},{"type":"child","parent":"lk7um0xnvi","x":10360,"y":4260,"tool":"Pencil"},{"type":"child","parent":"lk7um0xnvi","x":10400,"y":4320,"tool":"Pencil"}]},"lk7um0ylt7":{"type":"line","id":"lk7um0ylt7","color":"#ff4136","size":25,"tool":"Pencil","time":1584371693281,"_children":[{"type":"child","parent":"lk7um0ylt7","x":10750,"y":4280,"tool":"Pencil"},{"type":"child","parent":"lk7um0ylt7","x":10760,"y":4280,"tool":"Pencil"},{"type":"child","parent":"lk7um0ylt7","x":11030,"y":4320,"tool":"Pencil"},{"type":"child","parent":"lk7um0ylt7","x":11260,"y":4320,"tool":"Pencil"}]},"lk7um0yxhg":{"type":"line","id":"lk7um0yxhg","color":"#ff4136","size":25,"tool":"Pencil","time":1584371693702,"_children":[{"type":"child","parent":"lk7um0yxhg","x":10720,"y":4140,"tool":"Pencil"},{"type":"child","parent":"lk7um0yxhg","x":10740,"y":4140,"tool":"Pencil"},{"type":"child","parent":"lk7um0yxhg","x":11070,"y":4150,"tool":"Pencil"},{"type":"child","parent":"lk7um0yxhg","x":11170,"y":4140,"tool":"Pencil"}]},"lk7um0zb4a":{"type":"line","id":"lk7um0zb4a","color":"#ff4136","size":25,"tool":"Pencil","time":1584371694192,"_children":[{"type":"child","parent":"lk7um0zb4a","x":11590,"y":4280,"tool":"Pencil"},{"type":"child","parent":"lk7um0zb4a","x":11580,"y":4260,"tool":"Pencil"},{"type":"child","parent":"lk7um0zb4a","x":11610,"y":4060,"tool":"Pencil"},{"type":"child","parent":"lk7um0zb4a","x":11740,"y":4040,"tool":"Pencil"},{"type":"child","parent":"lk7um0zb4a","x":11790,"y":4170,"tool":"Pencil"}]},"lk7um12kcp":{"type":"line","id":"lk7um12kcp","color":"#ff4136","size":25,"tool":"Pencil","time":1584371698442,"_children":[{"type":"child","parent":"lk7um12kcp","x":3390,"y":4990,"tool":"Pencil"},{"type":"child","parent":"lk7um12kcp","x":3390,"y":5000,"tool":"Pencil"},{"type":"child","parent":"lk7um12kcp","x":3230,"y":5280,"tool":"Pencil"},{"type":"child","parent":"lk7um12kcp","x":2980,"y":5500,"tool":"Pencil"},{"type":"child","parent":"lk7um12kcp","x":2760,"y":5480,"tool":"Pencil"},{"type":"child","parent":"lk7um12kcp","x":2710,"y":5380,"tool":"Pencil"},{"type":"child","parent":"lk7um12kcp","x":2860,"y":5340,"tool":"Pencil"},{"type":"child","parent":"lk7um12kcp","x":3180,"y":5440,"tool":"Pencil"},{"type":"child","parent":"lk7um12kcp","x":3420,"y":5590,"tool":"Pencil"}]},"lk7um13aev":{"type":"line","id":"lk7um13aev","color":"#ff4136","size":25,"tool":"Pencil","time":1584371699373,"_children":[{"type":"child","parent":"lk7um13aev","x":4120,"y":5320,"tool":"Pencil"},{"type":"child","parent":"lk7um13aev","x":4110,"y":5310,"tool":"Pencil"},{"type":"child","parent":"lk7um13aev","x":3950,"y":5150,"tool":"Pencil"},{"type":"child","parent":"lk7um13aev","x":3890,"y":5110,"tool":"Pencil"},{"type":"child","parent":"lk7um13aev","x":3710,"y":5290,"tool":"Pencil"},{"type":"child","parent":"lk7um13aev","x":3640,"y":5520,"tool":"Pencil"},{"type":"child","parent":"lk7um13aev","x":3770,"y":5560,"tool":"Pencil"},{"type":"child","parent":"lk7um13aev","x":3900,"y":5400,"tool":"Pencil"},{"type":"child","parent":"lk7um13aev","x":3950,"y":5260,"tool":"Pencil"},{"type":"child","parent":"lk7um13aev","x":3960,"y":5210,"tool":"Pencil"},{"type":"child","parent":"lk7um13aev","x":3980,"y":5350,"tool":"Pencil"},{"type":"child","parent":"lk7um13aev","x":4050,"y":5550,"tool":"Pencil"},{"type":"child","parent":"lk7um13aev","x":4080,"y":5620,"tool":"Pencil"}]},"lk7um14c7r":{"type":"line","id":"lk7um14c7r","color":"#ff4136","size":25,"tool":"Pencil","time":1584371700713,"_children":[{"type":"child","parent":"lk7um14c7r","x":4420,"y":5570,"tool":"Pencil"},{"type":"child","parent":"lk7um14c7r","x":4430,"y":5570,"tool":"Pencil"},{"type":"child","parent":"lk7um14c7r","x":4620,"y":5580,"tool":"Pencil"},{"type":"child","parent":"lk7um14c7r","x":4690,"y":5580,"tool":"Pencil"}]},"lk7um14o19":{"type":"line","id":"lk7um14o19","color":"#ff4136","size":25,"tool":"Pencil","time":1584371701137,"_children":[{"type":"child","parent":"lk7um14o19","x":4300,"y":5450,"tool":"Pencil"},{"type":"child","parent":"lk7um14o19","x":4310,"y":5450,"tool":"Pencil"},{"type":"child","parent":"lk7um14o19","x":4560,"y":5450,"tool":"Pencil"},{"type":"child","parent":"lk7um14o19","x":4630,"y":5450,"tool":"Pencil"}]},"lk7um1a1is":{"type":"line","id":"lk7um1a1is","color":"#ff4136","size":25,"tool":"Pencil","time":1584371708102,"_children":[{"type":"child","parent":"lk7um1a1is","x":4970,"y":5150,"tool":"Pencil"},{"type":"child","parent":"lk7um1a1is","x":4980,"y":5200,"tool":"Pencil"},{"type":"child","parent":"lk7um1a1is","x":4990,"y":5400,"tool":"Pencil"},{"type":"child","parent":"lk7um1a1is","x":5010,"y":5520,"tool":"Pencil"}]},"lk7um1aihp":{"type":"line","id":"lk7um1aihp","color":"#ff4136","size":25,"tool":"Pencil","time":1584371708746,"_children":[{"type":"child","parent":"lk7um1aihp","x":4660,"y":5120,"tool":"Pencil"},{"type":"child","parent":"lk7um1aihp","x":4870,"y":5190,"tool":"Pencil"},{"type":"child","parent":"lk7um1aihp","x":5160,"y":5190,"tool":"Pencil"},{"type":"child","parent":"lk7um1aihp","x":5160,"y":5190,"tool":"Pencil"},{"type":"child","parent":"lk7um1aihp","x":5140,"y":5360,"tool":"Pencil"},{"type":"child","parent":"lk7um1aihp","x":5170,"y":5450,"tool":"Pencil"},{"type":"child","parent":"lk7um1aihp","x":5210,"y":5500,"tool":"Pencil"}]},"lk7um1bd69":{"type":"line","id":"lk7um1bd69","color":"#ff4136","size":25,"tool":"Pencil","time":1584371709818,"_children":[{"type":"child","parent":"lk7um1bd69","x":5490,"y":5510,"tool":"Pencil"},{"type":"child","parent":"lk7um1bd69","x":5480,"y":5520,"tool":"Pencil"}]},"lk7um1c2510":{"type":"line","id":"lk7um1c2510","color":"#ff4136","size":25,"tool":"Pencil","time":1584371710719,"_children":[{"type":"child","parent":"lk7um1c2510","x":5470,"y":5470,"tool":"Pencil"},{"type":"child","parent":"lk7um1c2510","x":5470,"y":5480,"tool":"Pencil"},{"type":"child","parent":"lk7um1c2510","x":5420,"y":5710,"tool":"Pencil"}]},"lk7um1cl7p":{"type":"line","id":"lk7um1cl7p","color":"#ff4136","size":25,"tool":"Pencil","time":1584371711403,"_children":[{"type":"child","parent":"lk7um1cl7p","x":5710,"y":5390,"tool":"Pencil"},{"type":"child","parent":"lk7um1cl7p","x":5690,"y":5360,"tool":"Pencil"},{"type":"child","parent":"lk7um1cl7p","x":5730,"y":5220,"tool":"Pencil"},{"type":"child","parent":"lk7um1cl7p","x":5770,"y":5240,"tool":"Pencil"},{"type":"child","parent":"lk7um1cl7p","x":5800,"y":5410,"tool":"Pencil"},{"type":"child","parent":"lk7um1cl7p","x":5690,"y":5570,"tool":"Pencil"},{"type":"child","parent":"lk7um1cl7p","x":5700,"y":5600,"tool":"Pencil"},{"type":"child","parent":"lk7um1cl7p","x":5980,"y":5600,"tool":"Pencil"},{"type":"child","parent":"lk7um1cl7p","x":6100,"y":5610,"tool":"Pencil"}]},"lk7um1d93a":{"type":"line","id":"lk7um1d93a","color":"#ff4136","size":25,"tool":"Pencil","time":1584371712279,"_children":[{"type":"child","parent":"lk7um1d93a","x":6180,"y":5240,"tool":"Pencil"},{"type":"child","parent":"lk7um1d93a","x":6180,"y":5250,"tool":"Pencil"},{"type":"child","parent":"lk7um1d93a","x":6250,"y":5440,"tool":"Pencil"},{"type":"child","parent":"lk7um1d93a","x":6280,"y":5560,"tool":"Pencil"},{"type":"child","parent":"lk7um1d93a","x":6290,"y":5570,"tool":"Pencil"}]},"lk7um1dlyc":{"type":"line","id":"lk7um1dlyc","color":"#ff4136","size":25,"tool":"Pencil","time":1584371712743,"_children":[{"type":"child","parent":"lk7um1dlyc","x":6020,"y":5240,"tool":"Pencil"},{"type":"child","parent":"lk7um1dlyc","x":6030,"y":5250,"tool":"Pencil"},{"type":"child","parent":"lk7um1dlyc","x":6240,"y":5270,"tool":"Pencil"},{"type":"child","parent":"lk7um1dlyc","x":6340,"y":5270,"tool":"Pencil"},{"type":"child","parent":"lk7um1dlyc","x":6370,"y":5270,"tool":"Pencil"},{"type":"child","parent":"lk7um1dlyc","x":6400,"y":5400,"tool":"Pencil"},{"type":"child","parent":"lk7um1dlyc","x":6530,"y":5560,"tool":"Pencil"},{"type":"child","parent":"lk7um1dlyc","x":6580,"y":5600,"tool":"Pencil"},{"type":"child","parent":"lk7um1dlyc","x":6590,"y":5600,"tool":"Pencil"}]},"lk7um1e9dm":{"type":"line","id":"lk7um1e9dm","color":"#ff4136","size":25,"tool":"Pencil","time":1584371713570,"_children":[{"type":"child","parent":"lk7um1e9dm","x":6870,"y":5500,"tool":"Pencil"},{"type":"child","parent":"lk7um1e9dm","x":6850,"y":5570,"tool":"Pencil"},{"type":"child","parent":"lk7um1e9dm","x":6640,"y":5860,"tool":"Pencil"}]},"lk7um1erex":{"type":"line","id":"lk7um1erex","color":"#ff4136","size":25,"tool":"Pencil","time":1584371714218,"_children":[{"type":"child","parent":"lk7um1erex","x":6940,"y":5260,"tool":"Pencil"},{"type":"child","parent":"lk7um1erex","x":6950,"y":5260,"tool":"Pencil"},{"type":"child","parent":"lk7um1erex","x":7160,"y":5200,"tool":"Pencil"},{"type":"child","parent":"lk7um1erex","x":7230,"y":5220,"tool":"Pencil"},{"type":"child","parent":"lk7um1erex","x":7180,"y":5300,"tool":"Pencil"},{"type":"child","parent":"lk7um1erex","x":7190,"y":5330,"tool":"Pencil"},{"type":"child","parent":"lk7um1erex","x":7330,"y":5390,"tool":"Pencil"},{"type":"child","parent":"lk7um1erex","x":7340,"y":5520,"tool":"Pencil"},{"type":"child","parent":"lk7um1erex","x":7220,"y":5600,"tool":"Pencil"}]},"lk7um1ffn2":{"type":"line","id":"lk7um1ffn2","color":"#ff4136","size":25,"tool":"Pencil","time":1584371715100,"_children":[{"type":"child","parent":"lk7um1ffn2","x":7560,"y":5260,"tool":"Pencil"},{"type":"child","parent":"lk7um1ffn2","x":7550,"y":5290,"tool":"Pencil"},{"type":"child","parent":"lk7um1ffn2","x":7560,"y":5550,"tool":"Pencil"},{"type":"child","parent":"lk7um1ffn2","x":7570,"y":5620,"tool":"Pencil"}]},"lk7um1fqmx":{"type":"line","id":"lk7um1fqmx","color":"#ff4136","size":25,"tool":"Pencil","time":1584371715486,"_children":[{"type":"child","parent":"lk7um1fqmx","x":7470,"y":5250,"tool":"Pencil"},{"type":"child","parent":"lk7um1fqmx","x":7480,"y":5260,"tool":"Pencil"},{"type":"child","parent":"lk7um1fqmx","x":7660,"y":5290,"tool":"Pencil"},{"type":"child","parent":"lk7um1fqmx","x":7750,"y":5290,"tool":"Pencil"},{"type":"child","parent":"lk7um1fqmx","x":7750,"y":5330,"tool":"Pencil"},{"type":"child","parent":"lk7um1fqmx","x":7740,"y":5480,"tool":"Pencil"},{"type":"child","parent":"lk7um1fqmx","x":7900,"y":5630,"tool":"Pencil"},{"type":"child","parent":"lk7um1fqmx","x":7960,"y":5670,"tool":"Pencil"},{"type":"child","parent":"lk7um1fqmx","x":7970,"y":5650,"tool":"Pencil"}]},"lk7um1gddp":{"type":"line","id":"lk7um1gddp","color":"#ff4136","size":25,"tool":"Pencil","time":1584371716305,"_children":[{"type":"child","parent":"lk7um1gddp","x":8220,"y":5660,"tool":"Pencil"},{"type":"child","parent":"lk7um1gddp","x":8160,"y":5730,"tool":"Pencil"}]},"lk7um1gspk":{"type":"line","id":"lk7um1gspk","color":"#ff4136","size":25,"tool":"Pencil","time":1584371716858,"_children":[{"type":"child","parent":"lk7um1gspk","x":8500,"y":5550,"tool":"Pencil"},{"type":"child","parent":"lk7um1gspk","x":8510,"y":5550,"tool":"Pencil"}]},"lk7um1gyyl":{"type":"line","id":"lk7um1gyyl","color":"#ff4136","size":25,"tool":"Pencil","time":1584371717081,"_children":[{"type":"child","parent":"lk7um1gyyl","x":8770,"y":5510,"tool":"Pencil"},{"type":"child","parent":"lk7um1gyyl","x":8840,"y":5530,"tool":"Pencil"}]},"lk7um1h4hg":{"type":"line","id":"lk7um1h4hg","color":"#ff4136","size":25,"tool":"Pencil","time":1584371717280,"_children":[{"type":"child","parent":"lk7um1h4hg","x":9380,"y":5530,"tool":"Pencil"}]},"lk7um28a4r":{"type":"line","id":"lk7um28a4r","color":"#ff4136","size":25,"tool":"Pencil","time":1584371752477,"_children":[{"type":"child","parent":"lk7um28a4r","x":9850,"y":3550,"tool":"Pencil"},{"type":"child","parent":"lk7um28a4r","x":9850,"y":3550,"tool":"Pencil"}]},"tk8hqbt6hj":{"type":"new","id":"tk8hqbt6hj","color":"#2ecc40","size":27,"x":278,"y":394,"tool":"Text","time":1585769686816,"txt":""},"tk8hqf54kv":{"type":"new","id":"tk8hqf54kv","color":"#7fdbff","size":27,"x":605,"y":149.5,"tool":"Text","time":1585769842274,"txt":""},"tk8hqfob0x":{"type":"new","id":"tk8hqfob0x","color":"#7fdbff","size":27,"x":839,"y":561.5,"tool":"Text","time":1585769867471,"txt":""},"tk8hqfpl8p":{"type":"new","id":"tk8hqfpl8p","color":"#7fdbff","size":27,"x":838,"y":565.5,"tool":"Text","time":1585769868773},"tk8hqgv9gl":{"type":"new","id":"tk8hqgv9gl","color":"#7fdbff","size":27,"x":284,"y":183.5,"tool":"Text","time":1585769922804,"txt":""},"tk8hqh64s9":{"type":"new","id":"tk8hqh64s9","color":"#ff3266","size":27,"x":291,"y":183.5,"tool":"Text","time":1585769936878,"txt":"LA  MACCHINA DI GIORGIA E' ROSSA"},"lk8hqhldkd":{"type":"line","id":"lk8hqhldkd","color":"#f012be","size":10,"tool":"Pencil","time":1585769956648,"_children":[{"type":"child","parent":"lk8hqhldkd","x":287,"y":202,"tool":"Pencil"},{"type":"child","parent":"lk8hqhldkd","x":288,"y":202,"tool":"Pencil"},{"type":"child","parent":"lk8hqhldkd","x":318,"y":202,"tool":"Pencil"},{"type":"child","parent":"lk8hqhldkd","x":346,"y":202,"tool":"Pencil"},{"type":"child","parent":"lk8hqhldkd","x":364,"y":202,"tool":"Pencil"},{"type":"child","parent":"lk8hqhldkd","x":377,"y":203,"tool":"Pencil"},{"type":"child","parent":"lk8hqhldkd","x":392,"y":204,"tool":"Pencil"},{"type":"child","parent":"lk8hqhldkd","x":405,"y":205,"tool":"Pencil"},{"type":"child","parent":"lk8hqhldkd","x":423,"y":205,"tool":"Pencil"},{"type":"child","parent":"lk8hqhldkd","x":432,"y":205,"tool":"Pencil"},{"type":"child","parent":"lk8hqhldkd","x":438,"y":204,"tool":"Pencil"},{"type":"child","parent":"lk8hqhldkd","x":441,"y":201,"tool":"Pencil"},{"type":"child","parent":"lk8hqhldkd","x":449,"y":201,"tool":"Pencil"},{"type":"child","parent":"lk8hqhldkd","x":466,"y":201,"tool":"Pencil"},{"type":"child","parent":"lk8hqhldkd","x":479,"y":201,"tool":"Pencil"},{"type":"child","parent":"lk8hqhldkd","x":486,"y":201,"tool":"Pencil"},{"type":"child","parent":"lk8hqhldkd","x":486,"y":201,"tool":"Pencil"}]},"lk8hqhowtk":{"type":"line","id":"lk8hqhowtk","color":"#f012be","size":10,"tool":"Pencil","time":1585769961174,"_children":[{"type":"child","parent":"lk8hqhowtk","x":502,"y":134,"tool":"Pencil"},{"type":"child","parent":"lk8hqhowtk","x":502,"y":135,"tool":"Pencil"},{"type":"child","parent":"lk8hqhowtk","x":502,"y":147,"tool":"Pencil"},{"type":"child","parent":"lk8hqhowtk","x":499,"y":154,"tool":"Pencil"},{"type":"child","parent":"lk8hqhowtk","x":497,"y":160,"tool":"Pencil"},{"type":"child","parent":"lk8hqhowtk","x":495,"y":161,"tool":"Pencil"},{"type":"child","parent":"lk8hqhowtk","x":491,"y":165,"tool":"Pencil"},{"type":"child","parent":"lk8hqhowtk","x":488,"y":169,"tool":"Pencil"},{"type":"child","parent":"lk8hqhowtk","x":485,"y":174,"tool":"Pencil"},{"type":"child","parent":"lk8hqhowtk","x":481,"y":178,"tool":"Pencil"},{"type":"child","parent":"lk8hqhowtk","x":479,"y":184,"tool":"Pencil"},{"type":"child","parent":"lk8hqhowtk","x":478,"y":190,"tool":"Pencil"},{"type":"child","parent":"lk8hqhowtk","x":478,"y":200,"tool":"Pencil"},{"type":"child","parent":"lk8hqhowtk","x":478,"y":205,"tool":"Pencil"}]},"lk8hqhqsqq":{"type":"line","id":"lk8hqhqsqq","color":"#f012be","size":10,"tool":"Pencil","time":1585769963602,"_children":[{"type":"child","parent":"lk8hqhqsqq","x":634,"y":147,"tool":"Pencil"},{"type":"child","parent":"lk8hqhqsqq","x":634,"y":150,"tool":"Pencil"},{"type":"child","parent":"lk8hqhqsqq","x":634,"y":169,"tool":"Pencil"},{"type":"child","parent":"lk8hqhqsqq","x":634,"y":184,"tool":"Pencil"},{"type":"child","parent":"lk8hqhqsqq","x":634,"y":194,"tool":"Pencil"},{"type":"child","parent":"lk8hqhqsqq","x":633,"y":204,"tool":"Pencil"},{"type":"child","parent":"lk8hqhqsqq","x":630,"y":214,"tool":"Pencil"},{"type":"child","parent":"lk8hqhqsqq","x":630,"y":221,"tool":"Pencil"},{"type":"child","parent":"lk8hqhqsqq","x":630,"y":223,"tool":"Pencil"}]},"lk8hqhrvsq":{"type":"line","id":"lk8hqhrvsq","color":"#f012be","size":10,"tool":"Pencil","time":1585769965379,"_children":[{"type":"child","parent":"lk8hqhrvsq","x":651,"y":207,"tool":"Pencil"},{"type":"child","parent":"lk8hqhrvsq","x":652,"y":207,"tool":"Pencil"},{"type":"child","parent":"lk8hqhrvsq","x":676,"y":207,"tool":"Pencil"},{"type":"child","parent":"lk8hqhrvsq","x":689,"y":207,"tool":"Pencil"},{"type":"child","parent":"lk8hqhrvsq","x":695,"y":207,"tool":"Pencil"},{"type":"child","parent":"lk8hqhrvsq","x":693,"y":207,"tool":"Pencil"},{"type":"child","parent":"lk8hqhrvsq","x":701,"y":205,"tool":"Pencil"},{"type":"child","parent":"lk8hqhrvsq","x":757,"y":197,"tool":"Pencil"},{"type":"child","parent":"lk8hqhrvsq","x":778,"y":197,"tool":"Pencil"},{"type":"child","parent":"lk8hqhrvsq","x":789,"y":198,"tool":"Pencil"},{"type":"child","parent":"lk8hqhrvsq","x":792,"y":198,"tool":"Pencil"}]}}