{"tjw0h4rchj":{"type":"new","id":"tjw0h4rchj","color":"#2ecc40","size":21,"x":385,"y":150.5,"tool":"Text","time":1558604928241,"txt":""},"ljw0h6gv3g":{"type":"line","id":"ljw0h6gv3g","color":"#85144b","size":10,"tool":"Pencil","time":1558605008362,"_children":[{"type":"child","parent":"ljw0h6gv3g","x":93,"y":373,"tool":"Pencil"},{"type":"child","parent":"ljw0h6gv3g","x":118,"y":372,"tool":"Pencil"},{"type":"child","parent":"ljw0h6gv3g","x":139,"y":370,"tool":"Pencil"},{"type":"child","parent":"ljw0h6gv3g","x":145,"y":370,"tool":"Pencil"},{"type":"child","parent":"ljw0h6gv3g","x":147,"y":370,"tool":"Pencil"},{"type":"child","parent":"ljw0h6gv3g","x":149,"y":370,"tool":"Pencil"},{"type":"child","parent":"ljw0h6gv3g","x":149,"y":370,"tool":"Pencil"}]},"sjw0h88twg":{"type":"straight","id":"sjw0h88twg","color":"#85144b","size":10,"x":167,"y":119,"tool":"Straight line","time":1558605091266,"x2":176,"y2":277},"tjw0h9nl9f":{"type":"new","id":"tjw0h9nl9f","color":"#85144b","size":27,"x":171,"y":499.5,"tool":"Text","time":1558605157054,"txt":"打断点"},"tjw0h9qu610":{"type":"new","id":"tjw0h9qu610","color":"#85144b","size":27,"x":171,"y":540,"tool":"Text","time":1558605161263,"txt":""},"tjw0h9skh10":{"type":"new","id":"tjw0h9skh10","color":"#85144b","size":27,"x":293,"y":541.5,"tool":"Text","time":1558605163505},"tjw0h9t9l2":{"type":"new","id":"tjw0h9t9l2","color":"#85144b","size":27,"x":293,"y":541.5,"tool":"Text","time":1558605164407},"tjw0h9tzuc":{"type":"new","id":"tjw0h9tzuc","color":"#85144b","size":27,"x":293,"y":541.5,"tool":"Text","time":1558605165429},"tjw0hb1q66":{"type":"new","id":"tjw0hb1q66","color":"#85144b","size":27,"x":717,"y":335.5,"tool":"Text","time":1558605222031},"tjw0hbbdg2":{"type":"new","id":"tjw0hbbdg2","color":"#85144b","size":27,"x":369,"y":61.5,"tool":"Text","time":1558605234532},"tjw0kfhxwa":{"type":"new","id":"tjw0kfhxwa","color":"#85144b","size":27,"x":780,"y":166.5,"tool":"Text","time":1558610469794},"ljw0kfvosg":{"type":"line","id":"ljw0kfvosg","color":"#85144b","size":10,"tool":"Pencil","time":1558610485634,"_children":[{"type":"child","parent":"ljw0kfvosg","x":367,"y":90,"tool":"Pencil"},{"type":"child","parent":"ljw0kfvosg","x":367,"y":90,"tool":"Pencil"},{"type":"child","parent":"ljw0kfvosg","x":394,"y":95,"tool":"Pencil"},{"type":"child","parent":"ljw0kfvosg","x":466,"y":99,"tool":"Pencil"},{"type":"child","parent":"ljw0kfvosg","x":488,"y":99,"tool":"Pencil"},{"type":"child","parent":"ljw0kfvosg","x":484,"y":113,"tool":"Pencil"},{"type":"child","parent":"ljw0kfvosg","x":439,"y":170,"tool":"Pencil"},{"type":"child","parent":"ljw0kfvosg","x":409,"y":198,"tool":"Pencil"},{"type":"child","parent":"ljw0kfvosg","x":407,"y":199,"tool":"Pencil"},{"type":"child","parent":"ljw0kfvosg","x":407,"y":199,"tool":"Pencil"},{"type":"child","parent":"ljw0kfvosg","x":407,"y":199,"tool":"Pencil"},{"type":"child","parent":"ljw0kfvosg","x":409,"y":199,"tool":"Pencil"},{"type":"child","parent":"ljw0kfvosg","x":454,"y":196,"tool":"Pencil"},{"type":"child","parent":"ljw0kfvosg","x":527,"y":190,"tool":"Pencil"},{"type":"child","parent":"ljw0kfvosg","x":544,"y":190,"tool":"Pencil"},{"type":"child","parent":"ljw0kfvosg","x":545,"y":190,"tool":"Pencil"}]},"ljw0kfy9mf":{"type":"line","id":"ljw0kfy9mf","color":"#85144b","size":10,"tool":"Pencil","time":1558610488970,"_children":[{"type":"child","parent":"ljw0kfy9mf","x":697,"y":151,"tool":"Pencil"},{"type":"child","parent":"ljw0kfy9mf","x":697,"y":152,"tool":"Pencil"},{"type":"child","parent":"ljw0kfy9mf","x":697,"y":178,"tool":"Pencil"},{"type":"child","parent":"ljw0kfy9mf","x":697,"y":189,"tool":"Pencil"}]},"ljw0kfz1gi":{"type":"line","id":"ljw0kfz1gi","color":"#85144b","size":10,"tool":"Pencil","time":1558610489978,"_children":[{"type":"child","parent":"ljw0kfz1gi","x":514,"y":337,"tool":"Pencil"},{"type":"child","parent":"ljw0kfz1gi","x":514,"y":336,"tool":"Pencil"},{"type":"child","parent":"ljw0kfz1gi","x":529,"y":328,"tool":"Pencil"},{"type":"child","parent":"ljw0kfz1gi","x":546,"y":326,"tool":"Pencil"},{"type":"child","parent":"ljw0kfz1gi","x":560,"y":331,"tool":"Pencil"},{"type":"child","parent":"ljw0kfz1gi","x":564,"y":341,"tool":"Pencil"},{"type":"child","parent":"ljw0kfz1gi","x":559,"y":369,"tool":"Pencil"},{"type":"child","parent":"ljw0kfz1gi","x":551,"y":390,"tool":"Pencil"},{"type":"child","parent":"ljw0kfz1gi","x":549,"y":394,"tool":"Pencil"},{"type":"child","parent":"ljw0kfz1gi","x":547,"y":399,"tool":"Pencil"},{"type":"child","parent":"ljw0kfz1gi","x":547,"y":399,"tool":"Pencil"}]},"ljw0kg0e36":{"type":"line","id":"ljw0kg0e36","color":"#85144b","size":10,"tool":"Pencil","time":1558610491725,"_children":[{"type":"child","parent":"ljw0kg0e36","x":549,"y":425,"tool":"Pencil"},{"type":"child","parent":"ljw0kg0e36","x":549,"y":425,"tool":"Pencil"},{"type":"child","parent":"ljw0kg0e36","x":549,"y":428,"tool":"Pencil"},{"type":"child","parent":"ljw0kg0e36","x":550,"y":434,"tool":"Pencil"},{"type":"child","parent":"ljw0kg0e36","x":550,"y":434,"tool":"Pencil"}]},"ljw0kg1mb6":{"type":"line","id":"ljw0kg1mb6","color":"#85144b","size":10,"tool":"Pencil","time":1558610493318,"_children":[{"type":"child","parent":"ljw0kg1mb6","x":665,"y":359,"tool":"Pencil"},{"type":"child","parent":"ljw0kg1mb6","x":665,"y":358,"tool":"Pencil"},{"type":"child","parent":"ljw0kg1mb6","x":665,"y":356,"tool":"Pencil"},{"type":"child","parent":"ljw0kg1mb6","x":665,"y":341,"tool":"Pencil"},{"type":"child","parent":"ljw0kg1mb6","x":668,"y":333,"tool":"Pencil"},{"type":"child","parent":"ljw0kg1mb6","x":678,"y":323,"tool":"Pencil"},{"type":"child","parent":"ljw0kg1mb6","x":704,"y":312,"tool":"Pencil"},{"type":"child","parent":"ljw0kg1mb6","x":732,"y":316,"tool":"Pencil"},{"type":"child","parent":"ljw0kg1mb6","x":742,"y":343,"tool":"Pencil"},{"type":"child","parent":"ljw0kg1mb6","x":730,"y":372,"tool":"Pencil"},{"type":"child","parent":"ljw0kg1mb6","x":715,"y":388,"tool":"Pencil"},{"type":"child","parent":"ljw0kg1mb6","x":708,"y":395,"tool":"Pencil"},{"type":"child","parent":"ljw0kg1mb6","x":706,"y":405,"tool":"Pencil"},{"type":"child","parent":"ljw0kg1mb6","x":705,"y":414,"tool":"Pencil"},{"type":"child","parent":"ljw0kg1mb6","x":705,"y":418,"tool":"Pencil"},{"type":"child","parent":"ljw0kg1mb6","x":706,"y":423,"tool":"Pencil"},{"type":"child","parent":"ljw0kg1mb6","x":707,"y":423,"tool":"Pencil"}]},"ljw0kg39d1":{"type":"line","id":"ljw0kg39d1","color":"#85144b","size":10,"tool":"Pencil","time":1558610495444,"_children":[{"type":"child","parent":"ljw0kg39d1","x":706,"y":451,"tool":"Pencil"},{"type":"child","parent":"ljw0kg39d1","x":706,"y":451,"tool":"Pencil"}]},"ljw0kg5yti":{"type":"line","id":"ljw0kg5yti","color":"#85144b","size":10,"tool":"Pencil","time":1558610498949,"_children":[{"type":"child","parent":"ljw0kg5yti","x":797,"y":269,"tool":"Pencil"},{"type":"child","parent":"ljw0kg5yti","x":797,"y":277,"tool":"Pencil"},{"type":"child","parent":"ljw0kg5yti","x":810,"y":312,"tool":"Pencil"},{"type":"child","parent":"ljw0kg5yti","x":816,"y":318,"tool":"Pencil"},{"type":"child","parent":"ljw0kg5yti","x":816,"y":318,"tool":"Pencil"},{"type":"child","parent":"ljw0kg5yti","x":826,"y":318,"tool":"Pencil"},{"type":"child","parent":"ljw0kg5yti","x":831,"y":319,"tool":"Pencil"},{"type":"child","parent":"ljw0kg5yti","x":904,"y":231,"tool":"Pencil"},{"type":"child","parent":"ljw0kg5yti","x":959,"y":155,"tool":"Pencil"},{"type":"child","parent":"ljw0kg5yti","x":968,"y":146,"tool":"Pencil"},{"type":"child","parent":"ljw0kg5yti","x":969,"y":145,"tool":"Pencil"}]},"ljw0kg7hw1":{"type":"line","id":"ljw0kg7hw1","color":"#85144b","size":10,"tool":"Pencil","time":1558610500933,"_children":[{"type":"child","parent":"ljw0kg7hw1","x":908,"y":296,"tool":"Pencil"},{"type":"child","parent":"ljw0kg7hw1","x":912,"y":298,"tool":"Pencil"},{"type":"child","parent":"ljw0kg7hw1","x":942,"y":325,"tool":"Pencil"},{"type":"child","parent":"ljw0kg7hw1","x":949,"y":341,"tool":"Pencil"},{"type":"child","parent":"ljw0kg7hw1","x":949,"y":341,"tool":"Pencil"}]},"ljw0kg89zk":{"type":"line","id":"ljw0kg89zk","color":"#85144b","size":10,"tool":"Pencil","time":1558610501944,"_children":[{"type":"child","parent":"ljw0kg89zk","x":981,"y":292,"tool":"Pencil"},{"type":"child","parent":"ljw0kg89zk","x":980,"y":293,"tool":"Pencil"},{"type":"child","parent":"ljw0kg89zk","x":955,"y":322,"tool":"Pencil"},{"type":"child","parent":"ljw0kg89zk","x":939,"y":330,"tool":"Pencil"},{"type":"child","parent":"ljw0kg89zk","x":937,"y":330,"tool":"Pencil"},{"type":"child","parent":"ljw0kg89zk","x":936,"y":331,"tool":"Pencil"},{"type":"child","parent":"ljw0kg89zk","x":896,"y":355,"tool":"Pencil"},{"type":"child","parent":"ljw0kg89zk","x":885,"y":365,"tool":"Pencil"},{"type":"child","parent":"ljw0kg89zk","x":885,"y":365,"tool":"Pencil"}]},"ljw0kg9on2":{"type":"line","id":"ljw0kg9on2","color":"#85144b","size":10,"tool":"Pencil","time":1558610503772,"_children":[{"type":"child","parent":"ljw0kg9on2","x":945,"y":329,"tool":"Pencil"},{"type":"child","parent":"ljw0kg9on2","x":945,"y":330,"tool":"Pencil"},{"type":"child","parent":"ljw0kg9on2","x":949,"y":336,"tool":"Pencil"},{"type":"child","parent":"ljw0kg9on2","x":953,"y":343,"tool":"Pencil"},{"type":"child","parent":"ljw0kg9on2","x":958,"y":351,"tool":"Pencil"},{"type":"child","parent":"ljw0kg9on2","x":960,"y":356,"tool":"Pencil"},{"type":"child","parent":"ljw0kg9on2","x":961,"y":360,"tool":"Pencil"},{"type":"child","parent":"ljw0kg9on2","x":962,"y":360,"tool":"Pencil"}]},"ljw0kgcroi":{"type":"line","id":"ljw0kgcroi","color":"#85144b","size":10,"tool":"Pencil","time":1558610507767,"_children":[{"type":"child","parent":"ljw0kgcroi","x":810,"y":442,"tool":"Pencil"},{"type":"child","parent":"ljw0kgcroi","x":869,"y":465,"tool":"Pencil"},{"type":"child","parent":"ljw0kgcroi","x":925,"y":499,"tool":"Pencil"},{"type":"child","parent":"ljw0kgcroi","x":935,"y":508,"tool":"Pencil"},{"type":"child","parent":"ljw0kgcroi","x":936,"y":509,"tool":"Pencil"},{"type":"child","parent":"ljw0kgcroi","x":935,"y":510,"tool":"Pencil"},{"type":"child","parent":"ljw0kgcroi","x":935,"y":510,"tool":"Pencil"}]},"ljw0kgdmf7":{"type":"line","id":"ljw0kgdmf7","color":"#85144b","size":10,"tool":"Pencil","time":1558610508873,"_children":[{"type":"child","parent":"ljw0kgdmf7","x":936,"y":406,"tool":"Pencil"},{"type":"child","parent":"ljw0kgdmf7","x":926,"y":418,"tool":"Pencil"},{"type":"child","parent":"ljw0kgdmf7","x":805,"y":563,"tool":"Pencil"},{"type":"child","parent":"ljw0kgdmf7","x":754,"y":621,"tool":"Pencil"},{"type":"child","parent":"ljw0kgdmf7","x":750,"y":623,"tool":"Pencil"},{"type":"child","parent":"ljw0kgdmf7","x":750,"y":623,"tool":"Pencil"},{"type":"child","parent":"ljw0kgdmf7","x":752,"y":620,"tool":"Pencil"},{"type":"child","parent":"ljw0kgdmf7","x":754,"y":617,"tool":"Pencil"}]},"ljw0kgewpx":{"type":"line","id":"ljw0kgewpx","color":"#85144b","size":10,"tool":"Pencil","time":1558610510543,"_children":[{"type":"child","parent":"ljw0kgewpx","x":1072,"y":221,"tool":"Pencil"},{"type":"child","parent":"ljw0kgewpx","x":1089,"y":152,"tool":"Pencil"},{"type":"child","parent":"ljw0kgewpx","x":1128,"y":105,"tool":"Pencil"},{"type":"child","parent":"ljw0kgewpx","x":1165,"y":103,"tool":"Pencil"},{"type":"child","parent":"ljw0kgewpx","x":1185,"y":129,"tool":"Pencil"},{"type":"child","parent":"ljw0kgewpx","x":1141,"y":231,"tool":"Pencil"},{"type":"child","parent":"ljw0kgewpx","x":1128,"y":250,"tool":"Pencil"},{"type":"child","parent":"ljw0kgewpx","x":1127,"y":251,"tool":"Pencil"},{"type":"child","parent":"ljw0kgewpx","x":1127,"y":251,"tool":"Pencil"},{"type":"child","parent":"ljw0kgewpx","x":1127,"y":249,"tool":"Pencil"}]},"ljw0kgg4ln":{"type":"line","id":"ljw0kgg4ln","color":"#85144b","size":10,"tool":"Pencil","time":1558610512118,"_children":[{"type":"child","parent":"ljw0kgg4ln","x":1121,"y":304,"tool":"Pencil"},{"type":"child","parent":"ljw0kgg4ln","x":1125,"y":314,"tool":"Pencil"},{"type":"child","parent":"ljw0kgg4ln","x":1125,"y":315,"tool":"Pencil"},{"type":"child","parent":"ljw0kgg4ln","x":1126,"y":317,"tool":"Pencil"}]}}