{"ljx6g9s3x7":{"type":"line","id":"ljx6g9s3x7","color":"#ff851b","size":10,"tool":"Pencil","time":1561143062034,"_children":[{"type":"child","parent":"ljx6g9s3x7","x":483,"y":249,"tool":"Pencil"},{"type":"child","parent":"ljx6g9s3x7","x":484,"y":248,"tool":"Pencil"},{"type":"child","parent":"ljx6g9s3x7","x":526,"y":178,"tool":"Pencil"},{"type":"child","parent":"ljx6g9s3x7","x":665,"y":153,"tool":"Pencil"},{"type":"child","parent":"ljx6g9s3x7","x":823,"y":318,"tool":"Pencil"},{"type":"child","parent":"ljx6g9s3x7","x":857,"y":478,"tool":"Pencil"},{"type":"child","parent":"ljx6g9s3x7","x":814,"y":517,"tool":"Pencil"},{"type":"child","parent":"ljx6g9s3x7","x":677,"y":585,"tool":"Pencil"},{"type":"child","parent":"ljx6g9s3x7","x":637,"y":674,"tool":"Pencil"},{"type":"child","parent":"ljx6g9s3x7","x":695,"y":735,"tool":"Pencil"},{"type":"child","parent":"ljx6g9s3x7","x":850,"y":771,"tool":"Pencil"},{"type":"child","parent":"ljx6g9s3x7","x":1050,"y":678,"tool":"Pencil"},{"type":"child","parent":"ljx6g9s3x7","x":1128,"y":552,"tool":"Pencil"},{"type":"child","parent":"ljx6g9s3x7","x":1124,"y":447,"tool":"Pencil"},{"type":"child","parent":"ljx6g9s3x7","x":1093,"y":377,"tool":"Pencil"},{"type":"child","parent":"ljx6g9s3x7","x":1054,"y":346,"tool":"Pencil"},{"type":"child","parent":"ljx6g9s3x7","x":1018,"y":325,"tool":"Pencil"},{"type":"child","parent":"ljx6g9s3x7","x":1004,"y":313,"tool":"Pencil"},{"type":"child","parent":"ljx6g9s3x7","x":976,"y":251,"tool":"Pencil"},{"type":"child","parent":"ljx6g9s3x7","x":954,"y":213,"tool":"Pencil"},{"type":"child","parent":"ljx6g9s3x7","x":973,"y":176,"tool":"Pencil"},{"type":"child","parent":"ljx6g9s3x7","x":1088,"y":119,"tool":"Pencil"},{"type":"child","parent":"ljx6g9s3x7","x":1160,"y":119,"tool":"Pencil"},{"type":"child","parent":"ljx6g9s3x7","x":1194,"y":179,"tool":"Pencil"},{"type":"child","parent":"ljx6g9s3x7","x":1207,"y":222,"tool":"Pencil"},{"type":"child","parent":"ljx6g9s3x7","x":1206,"y":223,"tool":"Pencil"},{"type":"child","parent":"ljx6g9s3x7","x":1135,"y":214,"tool":"Pencil"},{"type":"child","parent":"ljx6g9s3x7","x":1101,"y":209,"tool":"Pencil"},{"type":"child","parent":"ljx6g9s3x7","x":1117,"y":156,"tool":"Pencil"},{"type":"child","parent":"ljx6g9s3x7","x":1140,"y":136,"tool":"Pencil"},{"type":"child","parent":"ljx6g9s3x7","x":1142,"y":185,"tool":"Pencil"},{"type":"child","parent":"ljx6g9s3x7","x":1159,"y":187,"tool":"Pencil"},{"type":"child","parent":"ljx6g9s3x7","x":1228,"y":121,"tool":"Pencil"},{"type":"child","parent":"ljx6g9s3x7","x":1234,"y":110,"tool":"Pencil"},{"type":"child","parent":"ljx6g9s3x7","x":1213,"y":147,"tool":"Pencil"},{"type":"child","parent":"ljx6g9s3x7","x":1223,"y":149,"tool":"Pencil"},{"type":"child","parent":"ljx6g9s3x7","x":1286,"y":107,"tool":"Pencil"},{"type":"child","parent":"ljx6g9s3x7","x":1312,"y":104,"tool":"Pencil"},{"type":"child","parent":"ljx6g9s3x7","x":1325,"y":165,"tool":"Pencil"},{"type":"child","parent":"ljx6g9s3x7","x":1322,"y":185,"tool":"Pencil"},{"type":"child","parent":"ljx6g9s3x7","x":1310,"y":210,"tool":"Pencil"},{"type":"child","parent":"ljx6g9s3x7","x":1285,"y":230,"tool":"Pencil"},{"type":"child","parent":"ljx6g9s3x7","x":1275,"y":235,"tool":"Pencil"},{"type":"child","parent":"ljx6g9s3x7","x":1335,"y":258,"tool":"Pencil"},{"type":"child","parent":"ljx6g9s3x7","x":1453,"y":312,"tool":"Pencil"},{"type":"child","parent":"ljx6g9s3x7","x":1399,"y":365,"tool":"Pencil"},{"type":"child","parent":"ljx6g9s3x7","x":1346,"y":387,"tool":"Pencil"},{"type":"child","parent":"ljx6g9s3x7","x":1339,"y":390,"tool":"Pencil"},{"type":"child","parent":"ljx6g9s3x7","x":1354,"y":391,"tool":"Pencil"},{"type":"child","parent":"ljx6g9s3x7","x":1355,"y":424,"tool":"Pencil"},{"type":"child","parent":"ljx6g9s3x7","x":1477,"y":411,"tool":"Pencil"},{"type":"child","parent":"ljx6g9s3x7","x":1517,"y":463,"tool":"Pencil"},{"type":"child","parent":"ljx6g9s3x7","x":1482,"y":534,"tool":"Pencil"},{"type":"child","parent":"ljx6g9s3x7","x":1478,"y":533,"tool":"Pencil"},{"type":"child","parent":"ljx6g9s3x7","x":1443,"y":501,"tool":"Pencil"},{"type":"child","parent":"ljx6g9s3x7","x":1323,"y":624,"tool":"Pencil"},{"type":"child","parent":"ljx6g9s3x7","x":1300,"y":662,"tool":"Pencil"},{"type":"child","parent":"ljx6g9s3x7","x":1339,"y":590,"tool":"Pencil"},{"type":"child","parent":"ljx6g9s3x7","x":1319,"y":598,"tool":"Pencil"},{"type":"child","parent":"ljx6g9s3x7","x":1234,"y":694,"tool":"Pencil"},{"type":"child","parent":"ljx6g9s3x7","x":1232,"y":695,"tool":"Pencil"},{"type":"child","parent":"ljx6g9s3x7","x":1205,"y":508,"tool":"Pencil"},{"type":"child","parent":"ljx6g9s3x7","x":1201,"y":516,"tool":"Pencil"},{"type":"child","parent":"ljx6g9s3x7","x":1122,"y":649,"tool":"Pencil"},{"type":"child","parent":"ljx6g9s3x7","x":1116,"y":663,"tool":"Pencil"},{"type":"child","parent":"ljx6g9s3x7","x":1115,"y":633,"tool":"Pencil"}]},"ljx6g9x3x6":{"type":"line","id":"ljx6g9x3x6","color":"#ff851b","size":10,"tool":"Pencil","time":1561143068513,"_children":[{"type":"child","parent":"ljx6g9x3x6","x":278,"y":429,"tool":"Pencil"},{"type":"child","parent":"ljx6g9x3x6","x":277,"y":429,"tool":"Pencil"},{"type":"child","parent":"ljx6g9x3x6","x":243,"y":394,"tool":"Pencil"},{"type":"child","parent":"ljx6g9x3x6","x":214,"y":307,"tool":"Pencil"},{"type":"child","parent":"ljx6g9x3x6","x":223,"y":270,"tool":"Pencil"},{"type":"child","parent":"ljx6g9x3x6","x":229,"y":269,"tool":"Pencil"},{"type":"child","parent":"ljx6g9x3x6","x":258,"y":296,"tool":"Pencil"},{"type":"child","parent":"ljx6g9x3x6","x":277,"y":334,"tool":"Pencil"},{"type":"child","parent":"ljx6g9x3x6","x":280,"y":346,"tool":"Pencil"}]},"ljx6g9ypt7":{"type":"line","id":"ljx6g9ypt7","color":"#ff851b","size":10,"tool":"Pencil","time":1561143070598,"_children":[{"type":"child","parent":"ljx6g9ypt7","x":249,"y":338,"tool":"Pencil"},{"type":"child","parent":"ljx6g9ypt7","x":249,"y":337,"tool":"Pencil"},{"type":"child","parent":"ljx6g9ypt7","x":334,"y":295,"tool":"Pencil"},{"type":"child","parent":"ljx6g9ypt7","x":401,"y":316,"tool":"Pencil"},{"type":"child","parent":"ljx6g9ypt7","x":424,"y":343,"tool":"Pencil"}]},"ljx6g9zcfq":{"type":"line","id":"ljx6g9zcfq","color":"#ff851b","size":10,"tool":"Pencil","time":1561143071412,"_children":[{"type":"child","parent":"ljx6g9zcfq","x":405,"y":357,"tool":"Pencil"},{"type":"child","parent":"ljx6g9zcfq","x":411,"y":314,"tool":"Pencil"},{"type":"child","parent":"ljx6g9zcfq","x":464,"y":180,"tool":"Pencil"},{"type":"child","parent":"ljx6g9zcfq","x":489,"y":169,"tool":"Pencil"},{"type":"child","parent":"ljx6g9zcfq","x":490,"y":348,"tool":"Pencil"},{"type":"child","parent":"ljx6g9zcfq","x":447,"y":529,"tool":"Pencil"},{"type":"child","parent":"ljx6g9zcfq","x":447,"y":536,"tool":"Pencil"}]},"ljx6ga04fk":{"type":"line","id":"ljx6ga04fk","color":"#ff851b","size":10,"tool":"Pencil","time":1561143072420,"_children":[{"type":"child","parent":"ljx6ga04fk","x":322,"y":355,"tool":"Pencil"},{"type":"child","parent":"ljx6ga04fk","x":322,"y":357,"tool":"Pencil"},{"type":"child","parent":"ljx6ga04fk","x":329,"y":435,"tool":"Pencil"},{"type":"child","parent":"ljx6ga04fk","x":332,"y":457,"tool":"Pencil"},{"type":"child","parent":"ljx6ga04fk","x":332,"y":360,"tool":"Pencil"},{"type":"child","parent":"ljx6ga04fk","x":332,"y":362,"tool":"Pencil"},{"type":"child","parent":"ljx6ga04fk","x":351,"y":433,"tool":"Pencil"},{"type":"child","parent":"ljx6ga04fk","x":357,"y":437,"tool":"Pencil"},{"type":"child","parent":"ljx6ga04fk","x":367,"y":377,"tool":"Pencil"},{"type":"child","parent":"ljx6ga04fk","x":371,"y":410,"tool":"Pencil"},{"type":"child","parent":"ljx6ga04fk","x":383,"y":446,"tool":"Pencil"},{"type":"child","parent":"ljx6ga04fk","x":386,"y":422,"tool":"Pencil"},{"type":"child","parent":"ljx6ga04fk","x":402,"y":386,"tool":"Pencil"},{"type":"child","parent":"ljx6ga04fk","x":418,"y":411,"tool":"Pencil"},{"type":"child","parent":"ljx6ga04fk","x":418,"y":411,"tool":"Pencil"}]},"ljx6ga1lh6":{"type":"line","id":"ljx6ga1lh6","color":"#ff851b","size":10,"tool":"Pencil","time":1561143074330,"_children":[{"type":"child","parent":"ljx6ga1lh6","x":570,"y":360,"tool":"Pencil"},{"type":"child","parent":"ljx6ga1lh6","x":570,"y":358,"tool":"Pencil"},{"type":"child","parent":"ljx6ga1lh6","x":567,"y":327,"tool":"Pencil"},{"type":"child","parent":"ljx6ga1lh6","x":568,"y":323,"tool":"Pencil"},{"type":"child","parent":"ljx6ga1lh6","x":586,"y":328,"tool":"Pencil"},{"type":"child","parent":"ljx6ga1lh6","x":598,"y":340,"tool":"Pencil"},{"type":"child","parent":"ljx6ga1lh6","x":600,"y":352,"tool":"Pencil"},{"type":"child","parent":"ljx6ga1lh6","x":596,"y":357,"tool":"Pencil"},{"type":"child","parent":"ljx6ga1lh6","x":594,"y":358,"tool":"Pencil"},{"type":"child","parent":"ljx6ga1lh6","x":579,"y":347,"tool":"Pencil"},{"type":"child","parent":"ljx6ga1lh6","x":577,"y":345,"tool":"Pencil"}]},"ljx6ga2qtv":{"type":"line","id":"ljx6ga2qtv","color":"#ff851b","size":10,"tool":"Pencil","time":1561143075818,"_children":[{"type":"child","parent":"ljx6ga2qtv","x":693,"y":338,"tool":"Pencil"},{"type":"child","parent":"ljx6ga2qtv","x":693,"y":342,"tool":"Pencil"},{"type":"child","parent":"ljx6ga2qtv","x":678,"y":340,"tool":"Pencil"},{"type":"child","parent":"ljx6ga2qtv","x":671,"y":328,"tool":"Pencil"},{"type":"child","parent":"ljx6ga2qtv","x":672,"y":319,"tool":"Pencil"},{"type":"child","parent":"ljx6ga2qtv","x":699,"y":312,"tool":"Pencil"},{"type":"child","parent":"ljx6ga2qtv","x":716,"y":318,"tool":"Pencil"},{"type":"child","parent":"ljx6ga2qtv","x":723,"y":331,"tool":"Pencil"},{"type":"child","parent":"ljx6ga2qtv","x":719,"y":344,"tool":"Pencil"},{"type":"child","parent":"ljx6ga2qtv","x":712,"y":349,"tool":"Pencil"},{"type":"child","parent":"ljx6ga2qtv","x":707,"y":350,"tool":"Pencil"},{"type":"child","parent":"ljx6ga2qtv","x":700,"y":350,"tool":"Pencil"},{"type":"child","parent":"ljx6ga2qtv","x":688,"y":341,"tool":"Pencil"},{"type":"child","parent":"ljx6ga2qtv","x":685,"y":336,"tool":"Pencil"},{"type":"child","parent":"ljx6ga2qtv","x":684,"y":332,"tool":"Pencil"},{"type":"child","parent":"ljx6ga2qtv","x":684,"y":330,"tool":"Pencil"}]},"ljx6ga4db4":{"type":"line","id":"ljx6ga4db4","color":"#ff851b","size":10,"tool":"Pencil","time":1561143077925,"_children":[{"type":"child","parent":"ljx6ga4db4","x":581,"y":224,"tool":"Pencil"},{"type":"child","parent":"ljx6ga4db4","x":582,"y":224,"tool":"Pencil"},{"type":"child","parent":"ljx6ga4db4","x":621,"y":230,"tool":"Pencil"},{"type":"child","parent":"ljx6ga4db4","x":647,"y":255,"tool":"Pencil"},{"type":"child","parent":"ljx6ga4db4","x":649,"y":269,"tool":"Pencil"},{"type":"child","parent":"ljx6ga4db4","x":647,"y":280,"tool":"Pencil"},{"type":"child","parent":"ljx6ga4db4","x":637,"y":301,"tool":"Pencil"},{"type":"child","parent":"ljx6ga4db4","x":634,"y":302,"tool":"Pencil"},{"type":"child","parent":"ljx6ga4db4","x":623,"y":265,"tool":"Pencil"},{"type":"child","parent":"ljx6ga4db4","x":619,"y":250,"tool":"Pencil"},{"type":"child","parent":"ljx6ga4db4","x":619,"y":250,"tool":"Pencil"}]},"ljx6ga5i7u":{"type":"line","id":"ljx6ga5i7u","color":"#ff851b","size":10,"tool":"Pencil","time":1561143079397,"_children":[{"type":"child","parent":"ljx6ga5i7u","x":662,"y":255,"tool":"Pencil"},{"type":"child","parent":"ljx6ga5i7u","x":663,"y":255,"tool":"Pencil"},{"type":"child","parent":"ljx6ga5i7u","x":689,"y":230,"tool":"Pencil"},{"type":"child","parent":"ljx6ga5i7u","x":701,"y":229,"tool":"Pencil"},{"type":"child","parent":"ljx6ga5i7u","x":706,"y":231,"tool":"Pencil"},{"type":"child","parent":"ljx6ga5i7u","x":711,"y":247,"tool":"Pencil"},{"type":"child","parent":"ljx6ga5i7u","x":712,"y":267,"tool":"Pencil"},{"type":"child","parent":"ljx6ga5i7u","x":702,"y":274,"tool":"Pencil"},{"type":"child","parent":"ljx6ga5i7u","x":698,"y":274,"tool":"Pencil"},{"type":"child","parent":"ljx6ga5i7u","x":682,"y":264,"tool":"Pencil"},{"type":"child","parent":"ljx6ga5i7u","x":673,"y":258,"tool":"Pencil"},{"type":"child","parent":"ljx6ga5i7u","x":670,"y":257,"tool":"Pencil"}]},"ljx6ga7bwo":{"type":"line","id":"ljx6ga7bwo","color":"#ff851b","size":10,"tool":"Pencil","time":1561143081760,"_children":[{"type":"child","parent":"ljx6ga7bwo","x":577,"y":520,"tool":"Pencil"},{"type":"child","parent":"ljx6ga7bwo","x":574,"y":509,"tool":"Pencil"},{"type":"child","parent":"ljx6ga7bwo","x":600,"y":489,"tool":"Pencil"},{"type":"child","parent":"ljx6ga7bwo","x":602,"y":602,"tool":"Pencil"},{"type":"child","parent":"ljx6ga7bwo","x":620,"y":608,"tool":"Pencil"},{"type":"child","parent":"ljx6ga7bwo","x":706,"y":462,"tool":"Pencil"},{"type":"child","parent":"ljx6ga7bwo","x":706,"y":463,"tool":"Pencil"},{"type":"child","parent":"ljx6ga7bwo","x":705,"y":471,"tool":"Pencil"},{"type":"child","parent":"ljx6ga7bwo","x":689,"y":462,"tool":"Pencil"},{"type":"child","parent":"ljx6ga7bwo","x":689,"y":462,"tool":"Pencil"}]},"ljx6ga8bjn":{"type":"line","id":"ljx6ga8bjn","color":"#ff851b","size":10,"tool":"Pencil","time":1561143083046,"_children":[{"type":"child","parent":"ljx6ga8bjn","x":538,"y":437,"tool":"Pencil"},{"type":"child","parent":"ljx6ga8bjn","x":583,"y":432,"tool":"Pencil"},{"type":"child","parent":"ljx6ga8bjn","x":675,"y":427,"tool":"Pencil"}]},"sjx6gaa4v4":{"type":"straight","id":"sjx6gaa4v4","color":"#ff851b","size":10,"x":143,"y":101,"tool":"Straight line","time":1561143085398,"x2":1043,"y2":61},"sjx6gabcuf":{"type":"straight","id":"sjx6gabcuf","color":"#ff851b","size":10,"x":1048,"y":62,"tool":"Straight line","time":1561143086980,"x2":1048,"y2":62},"sjx6gabk07":{"type":"straight","id":"sjx6gabk07","color":"#ff851b","size":10,"x":1046,"y":83,"tool":"Straight line","time":1561143087238,"x2":1384,"y2":489},"sjx6gadbrd":{"type":"straight","id":"sjx6gadbrd","color":"#ff851b","size":10,"x":1177,"y":581,"tool":"Straight line","time":1561143089533,"x2":339,"y2":711},"sjx6gaeyn2":{"type":"straight","id":"sjx6gaeyn2","color":"#ff851b","size":10,"x":331,"y":710,"tool":"Straight line","time":1561143091653,"x2":254,"y2":39},"sjx6gagbcn":{"type":"straight","id":"sjx6gagbcn","color":"#ff851b","size":10,"x":408,"y":140,"tool":"Straight line","time":1561143093406,"x2":1453,"y2":573},"sjx6gagsfg":{"type":"straight","id":"sjx6gagsfg","color":"#ff851b","size":10,"x":1461,"y":577,"tool":"Straight line","time":1561143094021,"x2":1461,"y2":577},"sjx6galuni":{"type":"straight","id":"sjx6galuni","color":"#00ffff","size":10,"x":312,"y":601,"tool":"Straight line","time":1561143100580,"x2":1324,"y2":746},"sjx6gamjx3":{"type":"straight","id":"sjx6gamjx3","color":"#00ffff","size":10,"x":1354,"y":730,"tool":"Straight line","time":1561143101490,"x2":1356,"y2":729},"sjx6gamrrh":{"type":"straight","id":"sjx6gamrrh","color":"#00ffff","size":10,"x":1505,"y":336,"tool":"Straight line","time":1561143101772,"x2":1498,"y2":333},"sjx6gan2vo":{"type":"straight","id":"sjx6gan2vo","color":"#00ffff","size":10,"x":1209,"y":288,"tool":"Straight line","time":1561143102173,"x2":833,"y2":599},"sjx6ganmpq":{"type":"straight","id":"sjx6ganmpq","color":"#00ffff","size":10,"x":828,"y":608,"tool":"Straight line","time":1561143102886,"x2":600,"y2":266},"sjx6gao0do":{"type":"straight","id":"sjx6gao0do","color":"#00ffff","size":10,"x":667,"y":256,"tool":"Straight line","time":1561143103378,"x2":700,"y2":264},"sjx6gao69j":{"type":"straight","id":"sjx6gao69j","color":"#00ffff","size":10,"x":732,"y":267,"tool":"Straight line","time":1561143103591,"x2":733,"y2":267},"sjx6gaoanr":{"type":"straight","id":"sjx6gaoanr","color":"#00ffff","size":10,"x":765,"y":261,"tool":"Straight line","time":1561143103749,"x2":766,"y2":261},"sjx6gaof1c":{"type":"straight","id":"sjx6gaof1c","color":"#00ffff","size":10,"x":855,"y":250,"tool":"Straight line","time":1561143103906,"x2":857,"y2":96},"sjx6gaovzg":{"type":"straight","id":"sjx6gaovzg","color":"#00ffff","size":10,"x":849,"y":93,"tool":"Straight line","time":1561143104517,"x2":848,"y2":93},"sjx6gap0n7":{"type":"straight","id":"sjx6gap0n7","color":"#00ffff","size":10,"x":848,"y":93,"tool":"Straight line","time":1561143104685,"x2":819,"y2":93},"sjx6gap52k":{"type":"straight","id":"sjx6gap52k","color":"#00ffff","size":10,"x":779,"y":96,"tool":"Straight line","time":1561143104842,"x2":713,"y2":115},"sjx6gap9q3":{"type":"straight","id":"sjx6gap9q3","color":"#00ffff","size":10,"x":672,"y":165,"tool":"Straight line","time":1561143105011,"x2":578,"y2":253},"sjx6gapf26":{"type":"straight","id":"sjx6gapf26","color":"#00ffff","size":10,"x":578,"y":295,"tool":"Straight line","time":1561143105203,"x2":853,"y2":179},"sjx6gapx3n":{"type":"straight","id":"sjx6gapx3n","color":"#00ffff","size":10,"x":852,"y":157,"tool":"Straight line","time":1561143105853,"x2":852,"y2":157},"sjx6gaq2ea":{"type":"straight","id":"sjx6gaq2ea","color":"#00ffff","size":10,"x":738,"y":129,"tool":"Straight line","time":1561143106043,"x2":472,"y2":160},"sjx6gaqeep":{"type":"straight","id":"sjx6gaqeep","color":"#00ffff","size":10,"x":431,"y":186,"tool":"Straight line","time":1561143106475,"x2":339,"y2":462},"sjx6gaqqd6":{"type":"straight","id":"sjx6gaqqd6","color":"#00ffff","size":10,"x":685,"y":509,"tool":"Straight line","time":1561143106906,"x2":686,"y2":509},"sjx6gaqvpd":{"type":"straight","id":"sjx6gaqvpd","color":"#00ffff","size":10,"x":827,"y":495,"tool":"Straight line","time":1561143107098,"x2":827,"y2":495},"sjx6gareou":{"type":"straight","id":"sjx6gareou","color":"#00ffff","size":10,"x":900,"y":426,"tool":"Straight line","time":1561143107782,"x2":900,"y2":426},"sjx6garlr8":{"type":"straight","id":"sjx6garlr8","color":"#00ffff","size":10,"x":925,"y":426,"tool":"Straight line","time":1561143108037,"x2":926,"y2":426},"sjx6garqf6":{"type":"straight","id":"sjx6garqf6","color":"#00ffff","size":10,"x":969,"y":424,"tool":"Straight line","time":1561143108205,"x2":970,"y2":424},"sjx6garvjc":{"type":"straight","id":"sjx6garvjc","color":"#00ffff","size":10,"x":983,"y":424,"tool":"Straight line","time":1561143108389,"x2":984,"y2":424},"sjx6gas0fk":{"type":"straight","id":"sjx6gas0fk","color":"#00ffff","size":10,"x":989,"y":434,"tool":"Straight line","time":1561143108565,"x2":997,"y2":450},"sjx6gasb25":{"type":"straight","id":"sjx6gasb25","color":"#00ffff","size":10,"x":998,"y":452,"tool":"Straight line","time":1561143108948,"x2":998,"y2":452},"sjx6gasg7e":{"type":"straight","id":"sjx6gasg7e","color":"#00ffff","size":10,"x":998,"y":452,"tool":"Straight line","time":1561143109133,"x2":998,"y2":453},"sjx6gaslpb":{"type":"straight","id":"sjx6gaslpb","color":"#00ffff","size":10,"x":972,"y":483,"tool":"Straight line","time":1561143109331,"x2":926,"y2":495},"sjx6gaswfv":{"type":"straight","id":"sjx6gaswfv","color":"#00ffff","size":10,"x":910,"y":494,"tool":"Straight line","time":1561143109717,"x2":888,"y2":493},"sjx6gat1r5":{"type":"straight","id":"sjx6gat1r5","color":"#00ffff","size":10,"x":867,"y":492,"tool":"Straight line","time":1561143109908,"x2":829,"y2":501},"sjx6gat6o4":{"type":"straight","id":"sjx6gat6o4","color":"#00ffff","size":10,"x":814,"y":505,"tool":"Straight line","time":1561143110086,"x2":788,"y2":516},"sjx6gav7e5":{"type":"straight","id":"sjx6gav7e5","color":"#00ffff","size":50,"x":475,"y":426,"tool":"Straight line","time":1561143112701,"x2":1358,"y2":390},"sjx6gavtey":{"type":"straight","id":"sjx6gavtey","color":"#00ffff","size":50,"x":1391,"y":387,"tool":"Straight line","time":1561143113493,"x2":1391,"y2":386},"sjx6gaw031":{"type":"straight","id":"sjx6gaw031","color":"#00ffff","size":50,"x":1394,"y":40,"tool":"Straight line","time":1561143113734,"x2":1394,"y2":40},"sjx6gaw804":{"type":"straight","id":"sjx6gaw804","color":"#00ffff","size":50,"x":1346,"y":67,"tool":"Straight line","time":1561143114018,"x2":1185,"y2":567}}