{"ljqi39tm0r":{"type":"line","id":"ljqi39tm0r","color":"#01ff70","size":10,"tool":"Pencil","time":1546609346590,"_children":[{"type":"child","parent":"ljqi39tm0r","x":268,"y":197,"tool":"Pencil"},{"type":"child","parent":"ljqi39tm0r","x":268,"y":183,"tool":"Pencil"},{"type":"child","parent":"ljqi39tm0r","x":334,"y":102,"tool":"Pencil"},{"type":"child","parent":"ljqi39tm0r","x":401,"y":111,"tool":"Pencil"},{"type":"child","parent":"ljqi39tm0r","x":430,"y":206,"tool":"Pencil"},{"type":"child","parent":"ljqi39tm0r","x":408,"y":277,"tool":"Pencil"},{"type":"child","parent":"ljqi39tm0r","x":357,"y":288,"tool":"Pencil"},{"type":"child","parent":"ljqi39tm0r","x":433,"y":293,"tool":"Pencil"},{"type":"child","parent":"ljqi39tm0r","x":535,"y":331,"tool":"Pencil"},{"type":"child","parent":"ljqi39tm0r","x":530,"y":396,"tool":"Pencil"},{"type":"child","parent":"ljqi39tm0r","x":487,"y":444,"tool":"Pencil"},{"type":"child","parent":"ljqi39tm0r","x":426,"y":459,"tool":"Pencil"},{"type":"child","parent":"ljqi39tm0r","x":265,"y":415,"tool":"Pencil"},{"type":"child","parent":"ljqi39tm0r","x":243,"y":370,"tool":"Pencil"},{"type":"child","parent":"ljqi39tm0r","x":252,"y":339,"tool":"Pencil"},{"type":"child","parent":"ljqi39tm0r","x":267,"y":325,"tool":"Pencil"},{"type":"child","parent":"ljqi39tm0r","x":270,"y":324,"tool":"Pencil"},{"type":"child","parent":"ljqi39tm0r","x":285,"y":349,"tool":"Pencil"},{"type":"child","parent":"ljqi39tm0r","x":302,"y":359,"tool":"Pencil"},{"type":"child","parent":"ljqi39tm0r","x":329,"y":374,"tool":"Pencil"},{"type":"child","parent":"ljqi39tm0r","x":416,"y":369,"tool":"Pencil"},{"type":"child","parent":"ljqi39tm0r","x":511,"y":304,"tool":"Pencil"},{"type":"child","parent":"ljqi39tm0r","x":434,"y":302,"tool":"Pencil"},{"type":"child","parent":"ljqi39tm0r","x":367,"y":361,"tool":"Pencil"},{"type":"child","parent":"ljqi39tm0r","x":393,"y":345,"tool":"Pencil"},{"type":"child","parent":"ljqi39tm0r","x":360,"y":311,"tool":"Pencil"},{"type":"child","parent":"ljqi39tm0r","x":293,"y":275,"tool":"Pencil"},{"type":"child","parent":"ljqi39tm0r","x":313,"y":247,"tool":"Pencil"},{"type":"child","parent":"ljqi39tm0r","x":367,"y":215,"tool":"Pencil"},{"type":"child","parent":"ljqi39tm0r","x":368,"y":214,"tool":"Pencil"},{"type":"child","parent":"ljqi39tm0r","x":357,"y":150,"tool":"Pencil"},{"type":"child","parent":"ljqi39tm0r","x":344,"y":142,"tool":"Pencil"},{"type":"child","parent":"ljqi39tm0r","x":348,"y":131,"tool":"Pencil"},{"type":"child","parent":"ljqi39tm0r","x":319,"y":152,"tool":"Pencil"},{"type":"child","parent":"ljqi39tm0r","x":327,"y":196,"tool":"Pencil"},{"type":"child","parent":"ljqi39tm0r","x":320,"y":192,"tool":"Pencil"},{"type":"child","parent":"ljqi39tm0r","x":267,"y":164,"tool":"Pencil"},{"type":"child","parent":"ljqi39tm0r","x":294,"y":147,"tool":"Pencil"},{"type":"child","parent":"ljqi39tm0r","x":321,"y":140,"tool":"Pencil"},{"type":"child","parent":"ljqi39tm0r","x":286,"y":136,"tool":"Pencil"},{"type":"child","parent":"ljqi39tm0r","x":287,"y":126,"tool":"Pencil"}]}}