{"ljp1jostwq":{"type":"line","id":"ljp1jostwq","color":"#1913b0","size":"10","tool":"Pencil","_children":[{"type":"child","parent":"ljp1jostwq","x":145.90476989746094,"y":188.1904754638672,"tool":"Pencil"},{"type":"child","parent":"ljp1jostwq","x":133.71429443359375,"y":163.42857360839844,"tool":"Pencil"},{"type":"child","parent":"ljp1jostwq","x":174.4761962890625,"y":102.47618865966797,"tool":"Pencil"},{"type":"child","parent":"ljp1jostwq","x":204.95237731933594,"y":103.61904907226562,"tool":"Pencil"},{"type":"child","parent":"ljp1jostwq","x":198.4761962890625,"y":156.1904754638672,"tool":"Pencil"},{"type":"child","parent":"ljp1jostwq","x":214.4761962890625,"y":168,"tool":"Pencil"},{"type":"child","parent":"ljp1jostwq","x":248.38095092773438,"y":201.90476989746094,"tool":"Pencil"}]},"ljp1jp2wh4":{"type":"line","id":"ljp1jp2wh4","color":"#1913b0","size":"10","tool":"Pencil","_children":[{"type":"child","parent":"ljp1jp2wh4","x":245.33334350585938,"y":429.71429443359375,"tool":"Pencil"},{"type":"child","parent":"ljp1jp2wh4","x":244.952392578125,"y":429.71429443359375,"tool":"Pencil"}]}}