{"sk82ptsv2x":{"type":"straight","id":"sk82ptsv2x","color":"#ff4136","size":10,"x":285,"y":214,"tool":"Straight line","time":1584861853912,"x2":420,"y2":554},"lk82pu008p":{"type":"line","id":"lk82pu008p","color":"#ff4136","size":50,"tool":"Pencil","time":1584861863102,"_children":[{"type":"child","parent":"lk82pu008p","x":917,"y":419,"tool":"Pencil"},{"type":"child","parent":"lk82pu008p","x":926,"y":453,"tool":"Pencil"},{"type":"child","parent":"lk82pu008p","x":946,"y":647,"tool":"Pencil"},{"type":"child","parent":"lk82pu008p","x":1009,"y":829,"tool":"Pencil"},{"type":"child","parent":"lk82pu008p","x":1168,"y":847,"tool":"Pencil"},{"type":"child","parent":"lk82pu008p","x":1197,"y":830,"tool":"Pencil"}]},"lk82pu2yke":{"type":"line","id":"lk82pu2yke","color":"#ff4136","size":50,"tool":"Pencil","time":1584861866930,"_children":[{"type":"child","parent":"lk82pu2yke","x":1099,"y":2244,"tool":"Pencil"},{"type":"child","parent":"lk82pu2yke","x":1128,"y":2257,"tool":"Pencil"}]},"lk82pu5ewd":{"type":"line","id":"lk82pu5ewd","color":"#ff4136","size":50,"tool":"Pencil","time":1584861870107,"_children":[{"type":"child","parent":"lk82pu5ewd","x":3138,"y":983,"tool":"Pencil"},{"type":"child","parent":"lk82pu5ewd","x":3147,"y":982,"tool":"Pencil"}]}}