{"ljp1lt58ps":{"type":"line","id":"ljp1lt58ps","color":"#1913b0","size":"10","tool":"Pencil","_children":[{"type":"child","parent":"ljp1lt58ps","x":240.72727966308594,"y":61.45454788208008,"tool":"Pencil"}]},"ljp1lt75u3":{"type":"line","id":"ljp1lt75u3","color":"#1913b0","size":"10","tool":"Pencil","_children":[{"type":"child","parent":"ljp1lt75u3","x":167.63636779785156,"y":115.2727279663086,"tool":"Pencil"}]},"ljp1lt7bd2":{"type":"line","id":"ljp1lt7bd2","color":"#1913b0","size":"10","tool":"Pencil","_children":[{"type":"child","parent":"ljp1lt7bd2","x":188.3636474609375,"y":105.09091186523438,"tool":"Pencil"},{"type":"child","parent":"ljp1lt7bd2","x":188.3636474609375,"y":105.09091186523438,"tool":"Pencil"}]},"ljp1lt7o2x":{"type":"line","id":"ljp1lt7o2x","color":"#1913b0","size":"10","tool":"Pencil","_children":[{"type":"child","parent":"ljp1lt7o2x","x":120,"y":408.727294921875,"tool":"Pencil"}]},"ljp1lt7p5y":{"type":"line","id":"ljp1lt7p5y","color":"#1913b0","size":"10","tool":"Pencil","_children":[{"type":"child","parent":"ljp1lt7p5y","x":240,"y":113.45455169677734,"tool":"Pencil"}]},"ljp1lt87za":{"type":"line","id":"ljp1lt87za","color":"#1913b0","size":"10","tool":"Pencil","_children":[{"type":"child","parent":"ljp1lt87za","x":218.18182373046875,"y":111.2727279663086,"tool":"Pencil"},{"type":"child","parent":"ljp1lt87za","x":191.27273559570312,"y":164,"tool":"Pencil"},{"type":"child","parent":"ljp1lt87za","x":185.8181915283203,"y":218.5454559326172,"tool":"Pencil"},{"type":"child","parent":"ljp1lt87za","x":204,"y":223.27273559570312,"tool":"Pencil"},{"type":"child","parent":"ljp1lt87za","x":244.72727966308594,"y":194.9091033935547,"tool":"Pencil"},{"type":"child","parent":"ljp1lt87za","x":257.4545593261719,"y":176.3636474609375,"tool":"Pencil"},{"type":"child","parent":"ljp1lt87za","x":255.63636779785156,"y":174.5454559326172,"tool":"Pencil"},{"type":"child","parent":"ljp1lt87za","x":264.3636474609375,"y":158.18182373046875,"tool":"Pencil"},{"type":"child","parent":"ljp1lt87za","x":273.4545593261719,"y":141.09091186523438,"tool":"Pencil"},{"type":"child","parent":"ljp1lt87za","x":258.9090881347656,"y":157.09091186523438,"tool":"Pencil"},{"type":"child","parent":"ljp1lt87za","x":242.18182373046875,"y":210.9091033935547,"tool":"Pencil"},{"type":"child","parent":"ljp1lt87za","x":242.9091033935547,"y":251.27273559570312,"tool":"Pencil"},{"type":"child","parent":"ljp1lt87za","x":251.63636779785156,"y":259.2727355957031,"tool":"Pencil"}]},"tjp1ltceaq":{"type":"new","id":"tjp1ltceaq","color":"#1913b0","size":27,"x":312.3636474609375,"y":271.31817626953125,"tool":"Text","txt":"Dkd"},"tjp1lte2v9":{"type":"new","id":"tjp1lte2v9","color":"#1913b0","size":27,"x":312.3636474609375,"y":311.81817626953125,"tool":"Text","txt":""},"tjp1ltfgdx":{"type":"new","id":"tjp1ltfgdx","color":"#1913b0","size":27,"x":332,"y":334.227294921875,"tool":"Text"},"tjp1ltg0cu":{"type":"new","id":"tjp1ltg0cu","color":"#1913b0","size":27,"x":282.9090881347656,"y":265.8636474609375,"tool":"Text"},"ljp1ltimsn":{"type":"line","id":"ljp1ltimsn","color":"#1913b0","size":"10","tool":"Pencil","_children":[{"type":"child","parent":"ljp1ltimsn","x":232,"y":363.6363830566406,"tool":"Pencil"},{"type":"child","parent":"ljp1ltimsn","x":228.72727966308594,"y":376.727294921875,"tool":"Pencil"},{"type":"child","parent":"ljp1ltimsn","x":232.72727966308594,"y":398.9090881347656,"tool":"Pencil"},{"type":"child","parent":"ljp1ltimsn","x":244.72727966308594,"y":397.8182067871094,"tool":"Pencil"},{"type":"child","parent":"ljp1ltimsn","x":248,"y":372.727294921875,"tool":"Pencil"},{"type":"child","parent":"ljp1ltimsn","x":256.727294921875,"y":381.0909118652344,"tool":"Pencil"},{"type":"child","parent":"ljp1ltimsn","x":271.6363830566406,"y":400.727294921875,"tool":"Pencil"}]}}