{"tjp1haoxuy":{"type":"new","id":"tjp1haoxuy","color":"#1913b0","size":27,"x":775,"y":367.5,"tool":"Text"},"ljp1haqa90":{"type":"line","id":"ljp1haqa90","color":"#1913b0","size":10,"tool":"Pencil","_children":[{"type":"child","parent":"ljp1haqa90","x":465,"y":272,"tool":"Pencil"},{"type":"child","parent":"ljp1haqa90","x":466,"y":272,"tool":"Pencil"},{"type":"child","parent":"ljp1haqa90","x":486,"y":289,"tool":"Pencil"},{"type":"child","parent":"ljp1haqa90","x":594,"y":390,"tool":"Pencil"},{"type":"child","parent":"ljp1haqa90","x":576,"y":398,"tool":"Pencil"},{"type":"child","parent":"ljp1haqa90","x":576,"y":413,"tool":"Pencil"},{"type":"child","parent":"ljp1haqa90","x":691,"y":495,"tool":"Pencil"},{"type":"child","parent":"ljp1haqa90","x":886,"y":617,"tool":"Pencil"},{"type":"child","parent":"ljp1haqa90","x":924,"y":640,"tool":"Pencil"},{"type":"child","parent":"ljp1haqa90","x":929,"y":644,"tool":"Pencil"},{"type":"child","parent":"ljp1haqa90","x":1087,"y":716,"tool":"Pencil"},{"type":"child","parent":"ljp1haqa90","x":1183,"y":734,"tool":"Pencil"},{"type":"child","parent":"ljp1haqa90","x":1288,"y":715,"tool":"Pencil"},{"type":"child","parent":"ljp1haqa90","x":1318,"y":665,"tool":"Pencil"},{"type":"child","parent":"ljp1haqa90","x":1314,"y":615,"tool":"Pencil"},{"type":"child","parent":"ljp1haqa90","x":1091,"y":464,"tool":"Pencil"},{"type":"child","parent":"ljp1haqa90","x":866,"y":455,"tool":"Pencil"},{"type":"child","parent":"ljp1haqa90","x":725,"y":606,"tool":"Pencil"},{"type":"child","parent":"ljp1haqa90","x":720,"y":692,"tool":"Pencil"},{"type":"child","parent":"ljp1haqa90","x":721,"y":699,"tool":"Pencil"}]},"ljp1hb0ba0":{"type":"line","id":"ljp1hb0ba0","color":"#1913b0","size":10,"tool":"Pencil","_children":[{"type":"child","parent":"ljp1hb0ba0","x":513,"y":674,"tool":"Pencil"},{"type":"child","parent":"ljp1hb0ba0","x":506,"y":727,"tool":"Pencil"},{"type":"child","parent":"ljp1hb0ba0","x":540,"y":917,"tool":"Pencil"},{"type":"child","parent":"ljp1hb0ba0","x":593,"y":1011,"tool":"Pencil"},{"type":"child","parent":"ljp1hb0ba0","x":634,"y":1017,"tool":"Pencil"},{"type":"child","parent":"ljp1hb0ba0","x":689,"y":1007,"tool":"Pencil"},{"type":"child","parent":"ljp1hb0ba0","x":701,"y":992,"tool":"Pencil"},{"type":"child","parent":"ljp1hb0ba0","x":702,"y":988,"tool":"Pencil"},{"type":"child","parent":"ljp1hb0ba0","x":702,"y":987,"tool":"Pencil"},{"type":"child","parent":"ljp1hb0ba0","x":702,"y":987,"tool":"Pencil"},{"type":"child","parent":"ljp1hb0ba0","x":702,"y":987,"tool":"Pencil"},{"type":"child","parent":"ljp1hb0ba0","x":686,"y":983,"tool":"Pencil"},{"type":"child","parent":"ljp1hb0ba0","x":676,"y":991,"tool":"Pencil"},{"type":"child","parent":"ljp1hb0ba0","x":686,"y":1010,"tool":"Pencil"},{"type":"child","parent":"ljp1hb0ba0","x":729,"y":1014,"tool":"Pencil"},{"type":"child","parent":"ljp1hb0ba0","x":783,"y":1002,"tool":"Pencil"},{"type":"child","parent":"ljp1hb0ba0","x":794,"y":909,"tool":"Pencil"},{"type":"child","parent":"ljp1hb0ba0","x":782,"y":885,"tool":"Pencil"},{"type":"child","parent":"ljp1hb0ba0","x":778,"y":885,"tool":"Pencil"},{"type":"child","parent":"ljp1hb0ba0","x":776,"y":885,"tool":"Pencil"},{"type":"child","parent":"ljp1hb0ba0","x":773,"y":885,"tool":"Pencil"},{"type":"child","parent":"ljp1hb0ba0","x":770,"y":888,"tool":"Pencil"},{"type":"child","parent":"ljp1hb0ba0","x":770,"y":892,"tool":"Pencil"},{"type":"child","parent":"ljp1hb0ba0","x":772,"y":898,"tool":"Pencil"},{"type":"child","parent":"ljp1hb0ba0","x":782,"y":908,"tool":"Pencil"},{"type":"child","parent":"ljp1hb0ba0","x":804,"y":912,"tool":"Pencil"},{"type":"child","parent":"ljp1hb0ba0","x":847,"y":896,"tool":"Pencil"},{"type":"child","parent":"ljp1hb0ba0","x":814,"y":824,"tool":"Pencil"},{"type":"child","parent":"ljp1hb0ba0","x":624,"y":762,"tool":"Pencil"},{"type":"child","parent":"ljp1hb0ba0","x":584,"y":780,"tool":"Pencil"},{"type":"child","parent":"ljp1hb0ba0","x":584,"y":786,"tool":"Pencil"},{"type":"child","parent":"ljp1hb0ba0","x":599,"y":791,"tool":"Pencil"},{"type":"child","parent":"ljp1hb0ba0","x":660,"y":780,"tool":"Pencil"},{"type":"child","parent":"ljp1hb0ba0","x":653,"y":729,"tool":"Pencil"},{"type":"child","parent":"ljp1hb0ba0","x":628,"y":720,"tool":"Pencil"},{"type":"child","parent":"ljp1hb0ba0","x":608,"y":734,"tool":"Pencil"},{"type":"child","parent":"ljp1hb0ba0","x":603,"y":743,"tool":"Pencil"},{"type":"child","parent":"ljp1hb0ba0","x":600,"y":750,"tool":"Pencil"},{"type":"child","parent":"ljp1hb0ba0","x":598,"y":755,"tool":"Pencil"},{"type":"child","parent":"ljp1hb0ba0","x":599,"y":756,"tool":"Pencil"},{"type":"child","parent":"ljp1hb0ba0","x":625,"y":751,"tool":"Pencil"},{"type":"child","parent":"ljp1hb0ba0","x":649,"y":736,"tool":"Pencil"},{"type":"child","parent":"ljp1hb0ba0","x":659,"y":727,"tool":"Pencil"},{"type":"child","parent":"ljp1hb0ba0","x":659,"y":727,"tool":"Pencil"}]},"ljp1hb4yf5":{"type":"line","id":"ljp1hb4yf5","color":"#1913b0","size":10,"tool":"Pencil","_children":[{"type":"child","parent":"ljp1hb4yf5","x":199,"y":553,"tool":"Pencil"},{"type":"child","parent":"ljp1hb4yf5","x":199,"y":553,"tool":"Pencil"},{"type":"child","parent":"ljp1hb4yf5","x":198,"y":553,"tool":"Pencil"}]},"ljp1hb5h5j":{"type":"line","id":"ljp1hb5h5j","color":"#1913b0","size":10,"tool":"Pencil","_children":[{"type":"child","parent":"ljp1hb5h5j","x":165,"y":507,"tool":"Pencil"},{"type":"child","parent":"ljp1hb5h5j","x":166,"y":507,"tool":"Pencil"}]},"ljp1hb5qi2":{"type":"line","id":"ljp1hb5qi2","color":"#1913b0","size":10,"tool":"Pencil","_children":[{"type":"child","parent":"ljp1hb5qi2","x":237,"y":488,"tool":"Pencil"},{"type":"child","parent":"ljp1hb5qi2","x":237,"y":488,"tool":"Pencil"}]},"ljp1hb6568":{"type":"line","id":"ljp1hb6568","color":"#1913b0","size":10,"tool":"Pencil","_children":[{"type":"child","parent":"ljp1hb6568","x":277,"y":549,"tool":"Pencil"},{"type":"child","parent":"ljp1hb6568","x":277,"y":549,"tool":"Pencil"}]},"ljp1hb6j9r":{"type":"line","id":"ljp1hb6j9r","color":"#1913b0","size":10,"tool":"Pencil","_children":[{"type":"child","parent":"ljp1hb6j9r","x":272,"y":591,"tool":"Pencil"},{"type":"child","parent":"ljp1hb6j9r","x":272,"y":592,"tool":"Pencil"}]},"ljp1hb74ig":{"type":"line","id":"ljp1hb74ig","color":"#1913b0","size":10,"tool":"Pencil","_children":[{"type":"child","parent":"ljp1hb74ig","x":275,"y":613,"tool":"Pencil"},{"type":"child","parent":"ljp1hb74ig","x":255,"y":709,"tool":"Pencil"},{"type":"child","parent":"ljp1hb74ig","x":250,"y":812,"tool":"Pencil"},{"type":"child","parent":"ljp1hb74ig","x":253,"y":847,"tool":"Pencil"}]},"ljp1hb7ryu":{"type":"line","id":"ljp1hb7ryu","color":"#1913b0","size":10,"tool":"Pencil","_children":[{"type":"child","parent":"ljp1hb7ryu","x":372,"y":678,"tool":"Pencil"},{"type":"child","parent":"ljp1hb7ryu","x":364,"y":690,"tool":"Pencil"},{"type":"child","parent":"ljp1hb7ryu","x":338,"y":866,"tool":"Pencil"},{"type":"child","parent":"ljp1hb7ryu","x":382,"y":1081,"tool":"Pencil"},{"type":"child","parent":"ljp1hb7ryu","x":386,"y":1094,"tool":"Pencil"}]},"ljp1hb8o4b":{"type":"line","id":"ljp1hb8o4b","color":"#1913b0","size":10,"tool":"Pencil","_children":[{"type":"child","parent":"ljp1hb8o4b","x":428,"y":960,"tool":"Pencil"},{"type":"child","parent":"ljp1hb8o4b","x":425,"y":984,"tool":"Pencil"},{"type":"child","parent":"ljp1hb8o4b","x":480,"y":1112,"tool":"Pencil"},{"type":"child","parent":"ljp1hb8o4b","x":666,"y":1306,"tool":"Pencil"},{"type":"child","parent":"ljp1hb8o4b","x":744,"y":1306,"tool":"Pencil"},{"type":"child","parent":"ljp1hb8o4b","x":746,"y":1306,"tool":"Pencil"}]},"ljp1hb9fyl":{"type":"line","id":"ljp1hb9fyl","color":"#1913b0","size":10,"tool":"Pencil","_children":[{"type":"child","parent":"ljp1hb9fyl","x":560,"y":1127,"tool":"Pencil"},{"type":"child","parent":"ljp1hb9fyl","x":593,"y":1154,"tool":"Pencil"},{"type":"child","parent":"ljp1hb9fyl","x":749,"y":1243,"tool":"Pencil"},{"type":"child","parent":"ljp1hb9fyl","x":915,"y":1251,"tool":"Pencil"},{"type":"child","parent":"ljp1hb9fyl","x":1159,"y":1153,"tool":"Pencil"},{"type":"child","parent":"ljp1hb9fyl","x":1183,"y":1123,"tool":"Pencil"}]},"ljp1hbaa9y":{"type":"line","id":"ljp1hbaa9y","color":"#1913b0","size":10,"tool":"Pencil","_children":[{"type":"child","parent":"ljp1hbaa9y","x":694,"y":1071,"tool":"Pencil"},{"type":"child","parent":"ljp1hbaa9y","x":695,"y":1072,"tool":"Pencil"},{"type":"child","parent":"ljp1hbaa9y","x":776,"y":1085,"tool":"Pencil"},{"type":"child","parent":"ljp1hbaa9y","x":941,"y":1083,"tool":"Pencil"},{"type":"child","parent":"ljp1hbaa9y","x":1115,"y":1017,"tool":"Pencil"},{"type":"child","parent":"ljp1hbaa9y","x":1226,"y":958,"tool":"Pencil"},{"type":"child","parent":"ljp1hbaa9y","x":1238,"y":943,"tool":"Pencil"}]},"ljp1hbbaiw":{"type":"line","id":"ljp1hbbaiw","color":"#1913b0","size":10,"tool":"Pencil","_children":[{"type":"child","parent":"ljp1hbbaiw","x":829,"y":956,"tool":"Pencil"},{"type":"child","parent":"ljp1hbbaiw","x":832,"y":956,"tool":"Pencil"},{"type":"child","parent":"ljp1hbbaiw","x":879,"y":965,"tool":"Pencil"},{"type":"child","parent":"ljp1hbbaiw","x":1065,"y":941,"tool":"Pencil"},{"type":"child","parent":"ljp1hbbaiw","x":1234,"y":828,"tool":"Pencil"},{"type":"child","parent":"ljp1hbbaiw","x":1253,"y":761,"tool":"Pencil"},{"type":"child","parent":"ljp1hbbaiw","x":1252,"y":736,"tool":"Pencil"},{"type":"child","parent":"ljp1hbbaiw","x":1251,"y":733,"tool":"Pencil"}]},"ljp1hbcu4l":{"type":"line","id":"ljp1hbcu4l","color":"#1913b0","size":10,"tool":"Pencil","_children":[{"type":"child","parent":"ljp1hbcu4l","x":847,"y":856,"tool":"Pencil"},{"type":"child","parent":"ljp1hbcu4l","x":847,"y":856,"tool":"Pencil"},{"type":"child","parent":"ljp1hbcu4l","x":856,"y":854,"tool":"Pencil"},{"type":"child","parent":"ljp1hbcu4l","x":909,"y":849,"tool":"Pencil"},{"type":"child","parent":"ljp1hbcu4l","x":939,"y":847,"tool":"Pencil"},{"type":"child","parent":"ljp1hbcu4l","x":950,"y":845,"tool":"Pencil"},{"type":"child","parent":"ljp1hbcu4l","x":951,"y":844,"tool":"Pencil"},{"type":"child","parent":"ljp1hbcu4l","x":937,"y":823,"tool":"Pencil"},{"type":"child","parent":"ljp1hbcu4l","x":874,"y":779,"tool":"Pencil"}]},"ljp1hbdjr4":{"type":"line","id":"ljp1hbdjr4","color":"#1913b0","size":10,"tool":"Pencil","_children":[{"type":"child","parent":"ljp1hbdjr4","x":851,"y":770,"tool":"Pencil"},{"type":"child","parent":"ljp1hbdjr4","x":851,"y":770,"tool":"Pencil"}]},"ljp1hbedgq":{"type":"line","id":"ljp1hbedgq","color":"#1913b0","size":10,"tool":"Pencil","_children":[{"type":"child","parent":"ljp1hbedgq","x":794,"y":801,"tool":"Pencil"},{"type":"child","parent":"ljp1hbedgq","x":795,"y":799,"tool":"Pencil"},{"type":"child","parent":"ljp1hbedgq","x":821,"y":779,"tool":"Pencil"},{"type":"child","parent":"ljp1hbedgq","x":941,"y":693,"tool":"Pencil"},{"type":"child","parent":"ljp1hbedgq","x":1013,"y":649,"tool":"Pencil"},{"type":"child","parent":"ljp1hbedgq","x":1016,"y":647,"tool":"Pencil"}]},"ljp1hbfaln":{"type":"line","id":"ljp1hbfaln","color":"#1913b0","size":10,"tool":"Pencil","_children":[{"type":"child","parent":"ljp1hbfaln","x":731,"y":734,"tool":"Pencil"},{"type":"child","parent":"ljp1hbfaln","x":731,"y":734,"tool":"Pencil"}]},"ljp1hbfo0g":{"type":"line","id":"ljp1hbfo0g","color":"#1913b0","size":10,"tool":"Pencil","_children":[{"type":"child","parent":"ljp1hbfo0g","x":704,"y":747,"tool":"Pencil"},{"type":"child","parent":"ljp1hbfo0g","x":759,"y":737,"tool":"Pencil"},{"type":"child","parent":"ljp1hbfo0g","x":1016,"y":666,"tool":"Pencil"},{"type":"child","parent":"ljp1hbfo0g","x":1129,"y":620,"tool":"Pencil"},{"type":"child","parent":"ljp1hbfo0g","x":1131,"y":619,"tool":"Pencil"}]},"ljp1hbgexk":{"type":"line","id":"ljp1hbgexk","color":"#1913b0","size":10,"tool":"Pencil","_children":[{"type":"child","parent":"ljp1hbgexk","x":815,"y":671,"tool":"Pencil"},{"type":"child","parent":"ljp1hbgexk","x":815,"y":671,"tool":"Pencil"}]},"ljp1hbgsbj":{"type":"line","id":"ljp1hbgsbj","color":"#1913b0","size":10,"tool":"Pencil","_children":[{"type":"child","parent":"ljp1hbgsbj","x":754,"y":669,"tool":"Pencil"},{"type":"child","parent":"ljp1hbgsbj","x":758,"y":671,"tool":"Pencil"},{"type":"child","parent":"ljp1hbgsbj","x":844,"y":718,"tool":"Pencil"},{"type":"child","parent":"ljp1hbgsbj","x":1148,"y":812,"tool":"Pencil"}]},"ljp1hbhmd3":{"type":"line","id":"ljp1hbhmd3","color":"#1913b0","size":10,"tool":"Pencil","_children":[{"type":"child","parent":"ljp1hbhmd3","x":799,"y":580,"tool":"Pencil"},{"type":"child","parent":"ljp1hbhmd3","x":799,"y":580,"tool":"Pencil"}]},"ljp1hbhwn7":{"type":"line","id":"ljp1hbhwn7","color":"#1913b0","size":10,"tool":"Pencil","_children":[{"type":"child","parent":"ljp1hbhwn7","x":829,"y":605,"tool":"Pencil"},{"type":"child","parent":"ljp1hbhwn7","x":846,"y":631,"tool":"Pencil"},{"type":"child","parent":"ljp1hbhwn7","x":964,"y":854,"tool":"Pencil"},{"type":"child","parent":"ljp1hbhwn7","x":1069,"y":1088,"tool":"Pencil"}]},"ljp1hbimlw":{"type":"line","id":"ljp1hbimlw","color":"#1913b0","size":10,"tool":"Pencil","_children":[{"type":"child","parent":"ljp1hbimlw","x":908,"y":536,"tool":"Pencil"},{"type":"child","parent":"ljp1hbimlw","x":908,"y":536,"tool":"Pencil"}]},"ljp1hbivys":{"type":"line","id":"ljp1hbivys","color":"#1913b0","size":10,"tool":"Pencil","_children":[{"type":"child","parent":"ljp1hbivys","x":920,"y":527,"tool":"Pencil"},{"type":"child","parent":"ljp1hbivys","x":921,"y":531,"tool":"Pencil"},{"type":"child","parent":"ljp1hbivys","x":929,"y":730,"tool":"Pencil"},{"type":"child","parent":"ljp1hbivys","x":915,"y":1023,"tool":"Pencil"}]},"ljp1hbjxr4":{"type":"line","id":"ljp1hbjxr4","color":"#1913b0","size":10,"tool":"Pencil","_children":[{"type":"child","parent":"ljp1hbjxr4","x":1011,"y":532,"tool":"Pencil"},{"type":"child","parent":"ljp1hbjxr4","x":1011,"y":532,"tool":"Pencil"}]},"ljp1hbk8p7":{"type":"line","id":"ljp1hbk8p7","color":"#1913b0","size":10,"tool":"Pencil","_children":[{"type":"child","parent":"ljp1hbk8p7","x":1039,"y":510,"tool":"Pencil"},{"type":"child","parent":"ljp1hbk8p7","x":1034,"y":536,"tool":"Pencil"},{"type":"child","parent":"ljp1hbk8p7","x":996,"y":799,"tool":"Pencil"},{"type":"child","parent":"ljp1hbk8p7","x":960,"y":967,"tool":"Pencil"}]},"ljp1hblovz":{"type":"line","id":"ljp1hblovz","color":"#1913b0","size":10,"tool":"Pencil","_children":[{"type":"child","parent":"ljp1hblovz","x":1127,"y":599,"tool":"Pencil"},{"type":"child","parent":"ljp1hblovz","x":1127,"y":599,"tool":"Pencil"}]},"ljp1hbn5sj":{"type":"line","id":"ljp1hbn5sj","color":"#1913b0","size":10,"tool":"Pencil","_children":[{"type":"child","parent":"ljp1hbn5sj","x":1140,"y":789,"tool":"Pencil"},{"type":"child","parent":"ljp1hbn5sj","x":1140,"y":789,"tool":"Pencil"}]},"ljp1hbnmw4":{"type":"line","id":"ljp1hbnmw4","color":"#1913b0","size":10,"tool":"Pencil","_children":[{"type":"child","parent":"ljp1hbnmw4","x":1143,"y":701,"tool":"Pencil"}]},"ljp1hbojqp":{"type":"line","id":"ljp1hbojqp","color":"#1913b0","size":10,"tool":"Pencil","_children":[{"type":"child","parent":"ljp1hbojqp","x":1134,"y":690,"tool":"Pencil"}]},"ljp1hbozz2":{"type":"line","id":"ljp1hbozz2","color":"#1913b0","size":10,"tool":"Pencil","_children":[{"type":"child","parent":"ljp1hbozz2","x":1142,"y":694,"tool":"Pencil"},{"type":"child","parent":"ljp1hbozz2","x":1142,"y":694,"tool":"Pencil"}]},"ljp1hbpsp8":{"type":"line","id":"ljp1hbpsp8","color":"#1913b0","size":10,"tool":"Pencil","_children":[{"type":"child","parent":"ljp1hbpsp8","x":1151,"y":706,"tool":"Pencil"},{"type":"child","parent":"ljp1hbpsp8","x":1150,"y":706,"tool":"Pencil"},{"type":"child","parent":"ljp1hbpsp8","x":1092,"y":702,"tool":"Pencil"},{"type":"child","parent":"ljp1hbpsp8","x":722,"y":644,"tool":"Pencil"},{"type":"child","parent":"ljp1hbpsp8","x":449,"y":586,"tool":"Pencil"}]},"ljp1hi0t0n":{"type":"line","id":"ljp1hi0t0n","color":"#1913b0","size":10,"tool":"Pencil","_children":[{"type":"child","parent":"ljp1hi0t0n","x":1004,"y":472,"tool":"Pencil"},{"type":"child","parent":"ljp1hi0t0n","x":1005,"y":486,"tool":"Pencil"}]},"tjp1hivxat":{"type":"new","id":"tjp1hivxat","color":"#1913b0","size":27,"x":677,"y":97.5,"tool":"Text","txt":"</text><script>alert('hi');</script><text>"},"tjp1hizf03":{"type":"new","id":"tjp1hizf03","color":"#1913b0","size":27,"x":677,"y":138,"tool":"Text"},"tjp1hjqulz":{"type":"new","id":"tjp1hjqulz","color":"#1913b0","size":27,"x":677,"y":138,"tool":"Text","txt":""}}