{"ljpa85phev":{"type":"line","id":"ljpa85phev","color":"#2ecc40","size":10,"tool":"Pencil","time":1543957042104,"_children":[{"type":"child","parent":"ljpa85phev","x":131,"y":230,"tool":"Pencil"},{"type":"child","parent":"ljpa85phev","x":163,"y":200,"tool":"Pencil"},{"type":"child","parent":"ljpa85phev","x":199,"y":167,"tool":"Pencil"},{"type":"child","parent":"ljpa85phev","x":228,"y":148,"tool":"Pencil"},{"type":"child","parent":"ljpa85phev","x":252,"y":140,"tool":"Pencil"},{"type":"child","parent":"ljpa85phev","x":256,"y":152,"tool":"Pencil"},{"type":"child","parent":"ljpa85phev","x":206,"y":240,"tool":"Pencil"},{"type":"child","parent":"ljpa85phev","x":186,"y":321,"tool":"Pencil"},{"type":"child","parent":"ljpa85phev","x":202,"y":348,"tool":"Pencil"},{"type":"child","parent":"ljpa85phev","x":241,"y":318,"tool":"Pencil"},{"type":"child","parent":"ljpa85phev","x":269,"y":285,"tool":"Pencil"},{"type":"child","parent":"ljpa85phev","x":283,"y":278,"tool":"Pencil"},{"type":"child","parent":"ljpa85phev","x":239,"y":381,"tool":"Pencil"},{"type":"child","parent":"ljpa85phev","x":226,"y":416,"tool":"Pencil"},{"type":"child","parent":"ljpa85phev","x":190,"y":409,"tool":"Pencil"},{"type":"child","parent":"ljpa85phev","x":148,"y":391,"tool":"Pencil"},{"type":"child","parent":"ljpa85phev","x":139,"y":415,"tool":"Pencil"},{"type":"child","parent":"ljpa85phev","x":177,"y":469,"tool":"Pencil"},{"type":"child","parent":"ljpa85phev","x":207,"y":452,"tool":"Pencil"},{"type":"child","parent":"ljpa85phev","x":245,"y":429,"tool":"Pencil"},{"type":"child","parent":"ljpa85phev","x":264,"y":459,"tool":"Pencil"},{"type":"child","parent":"ljpa85phev","x":259,"y":488,"tool":"Pencil"},{"type":"child","parent":"ljpa85phev","x":228,"y":504,"tool":"Pencil"},{"type":"child","parent":"ljpa85phev","x":235,"y":516,"tool":"Pencil"},{"type":"child","parent":"ljpa85phev","x":269,"y":501,"tool":"Pencil"},{"type":"child","parent":"ljpa85phev","x":294,"y":478,"tool":"Pencil"}]},"ljpa85t5ww":{"type":"line","id":"ljpa85t5ww","color":"#2ecc40","size":10,"tool":"Pencil","time":1543957046869,"_children":[{"type":"child","parent":"ljpa85t5ww","x":280,"y":99,"tool":"Pencil"},{"type":"child","parent":"ljpa85t5ww","x":246,"y":101,"tool":"Pencil"},{"type":"child","parent":"ljpa85t5ww","x":179,"y":147,"tool":"Pencil"},{"type":"child","parent":"ljpa85t5ww","x":121,"y":210,"tool":"Pencil"},{"type":"child","parent":"ljpa85t5ww","x":84,"y":260,"tool":"Pencil"},{"type":"child","parent":"ljpa85t5ww","x":69,"y":286,"tool":"Pencil"},{"type":"child","parent":"ljpa85t5ww","x":62,"y":302,"tool":"Pencil"},{"type":"child","parent":"ljpa85t5ww","x":60,"y":308,"tool":"Pencil"}]},"ljpa85u0e2":{"type":"line","id":"ljpa85u0e2","color":"#2ecc40","size":10,"tool":"Pencil","time":1543957047969,"_children":[{"type":"child","parent":"ljpa85u0e2","x":194,"y":337,"tool":"Pencil"}]},"ljpa85u153":{"type":"line","id":"ljpa85u153","color":"#2ecc40","size":10,"tool":"Pencil","time":1543957047979,"_children":[{"type":"child","parent":"ljpa85u153","x":161,"y":168,"tool":"Pencil"}]},"lk89zxd5sk":{"type":"line","id":"lk89zxd5sk","color":"#aaaaaa","size":10,"tool":"Pencil","time":1585302080079,"_children":[{"type":"child","parent":"lk89zxd5sk","x":122.7,"y":275.3,"tool":"Pencil"},{"type":"child","parent":"lk89zxd5sk","x":169.4,"y":287.8,"tool":"Pencil"},{"type":"child","parent":"lk89zxd5sk","x":241.2,"y":362.7,"tool":"Pencil"},{"type":"child","parent":"lk89zxd5sk","x":283.1,"y":392.2,"tool":"Pencil"},{"type":"child","parent":"lk89zxd5sk","x":301.6,"y":349.4,"tool":"Pencil"},{"type":"child","parent":"lk89zxd5sk","x":230.2,"y":247.5,"tool":"Pencil"},{"type":"child","parent":"lk89zxd5sk","x":216.1,"y":228.2,"tool":"Pencil"},{"type":"child","parent":"lk89zxd5sk","x":202.4,"y":205.9,"tool":"Pencil"},{"type":"child","parent":"lk89zxd5sk","x":213.3,"y":259.2,"tool":"Pencil"},{"type":"child","parent":"lk89zxd5sk","x":253.7,"y":351,"tool":"Pencil"},{"type":"child","parent":"lk89zxd5sk","x":299.2,"y":383.9,"tool":"Pencil"},{"type":"child","parent":"lk89zxd5sk","x":320.8,"y":399.6,"tool":"Pencil"},{"type":"child","parent":"lk89zxd5sk","x":326.7,"y":411.4,"tool":"Pencil"},{"type":"child","parent":"lk89zxd5sk","x":329.8,"y":365.5,"tool":"Pencil"},{"type":"child","parent":"lk89zxd5sk","x":317.6,"y":319.2,"tool":"Pencil"},{"type":"child","parent":"lk89zxd5sk","x":285.5,"y":280.8,"tool":"Pencil"},{"type":"child","parent":"lk89zxd5sk","x":238.4,"y":252.9,"tool":"Pencil"},{"type":"child","parent":"lk89zxd5sk","x":217.6,"y":260.8,"tool":"Pencil"}]},"tk89zxg0vn":{"type":"new","id":"tk89zxg0vn","color":"#aaaaaa","size":27,"x":160.4,"y":575.5,"tool":"Text","time":1585302083799,"txt":"Xkjdj"},"tk89zxiari":{"type":"new","id":"tk89zxiari","color":"#aaaaaa","size":27,"x":160.4,"y":616,"tool":"Text","time":1585302086739,"txt":""}}