{"ljp1k1qx4n":{"type":"line","id":"ljp1k1qx4n","color":"#1913b0","size":10,"tool":"Pencil","_children":[{"type":"child","parent":"ljp1k1qx4n","x":710.7,"y":313.3,"tool":"Pencil"},{"type":"child","parent":"ljp1k1qx4n","x":718,"y":314,"tool":"Pencil"},{"type":"child","parent":"ljp1k1qx4n","x":730.7,"y":326.7,"tool":"Pencil"},{"type":"child","parent":"ljp1k1qx4n","x":740,"y":343.3,"tool":"Pencil"},{"type":"child","parent":"ljp1k1qx4n","x":742.7,"y":348.7,"tool":"Pencil"},{"type":"child","parent":"ljp1k1qx4n","x":742.7,"y":351.3,"tool":"Pencil"},{"type":"child","parent":"ljp1k1qx4n","x":742.7,"y":354,"tool":"Pencil"},{"type":"child","parent":"ljp1k1qx4n","x":742.7,"y":358,"tool":"Pencil"}]},"ljp1k1snoo":{"type":"line","id":"ljp1k1snoo","color":"#1913b0","size":10,"tool":"Pencil","_children":[{"type":"child","parent":"ljp1k1snoo","x":624,"y":182,"tool":"Pencil"},{"type":"child","parent":"ljp1k1snoo","x":617.3,"y":176.7,"tool":"Pencil"},{"type":"child","parent":"ljp1k1snoo","x":596.7,"y":178.7,"tool":"Pencil"},{"type":"child","parent":"ljp1k1snoo","x":592.7,"y":186,"tool":"Pencil"},{"type":"child","parent":"ljp1k1snoo","x":608,"y":179.3,"tool":"Pencil"},{"type":"child","parent":"ljp1k1snoo","x":606.7,"y":175.3,"tool":"Pencil"}]},"ljp1k1tmk1":{"type":"line","id":"ljp1k1tmk1","color":"#1913b0","size":10,"tool":"Pencil","_children":[{"type":"child","parent":"ljp1k1tmk1","x":818.7,"y":185.3,"tool":"Pencil"},{"type":"child","parent":"ljp1k1tmk1","x":818,"y":184,"tool":"Pencil"},{"type":"child","parent":"ljp1k1tmk1","x":804.7,"y":180.7,"tool":"Pencil"},{"type":"child","parent":"ljp1k1tmk1","x":808,"y":187.3,"tool":"Pencil"},{"type":"child","parent":"ljp1k1tmk1","x":820.7,"y":191.3,"tool":"Pencil"},{"type":"child","parent":"ljp1k1tmk1","x":822.7,"y":188,"tool":"Pencil"}]},"ljp1k1v8ro":{"type":"line","id":"ljp1k1v8ro","color":"#1913b0","size":10,"tool":"Pencil","_children":[{"type":"child","parent":"ljp1k1v8ro","x":659.3,"y":236.7,"tool":"Pencil"},{"type":"child","parent":"ljp1k1v8ro","x":664,"y":249.3,"tool":"Pencil"},{"type":"child","parent":"ljp1k1v8ro","x":692,"y":258,"tool":"Pencil"},{"type":"child","parent":"ljp1k1v8ro","x":712,"y":243.3,"tool":"Pencil"},{"type":"child","parent":"ljp1k1v8ro","x":714,"y":241.3,"tool":"Pencil"}]},"ljp1k22tsw":{"type":"line","id":"ljp1k22tsw","color":"#1913b0","size":10,"tool":"Pencil","_children":[{"type":"child","parent":"ljp1k22tsw","x":825.3,"y":57.3,"tool":"Pencil"}]},"ljp1k590ac":{"type":"line","id":"ljp1k590ac","color":"#ee4242","size":25,"tool":"Pencil","_children":[{"type":"child","parent":"ljp1k590ac","x":722.7,"y":320.7,"tool":"Pencil"},{"type":"child","parent":"ljp1k590ac","x":723.3,"y":321.3,"tool":"Pencil"},{"type":"child","parent":"ljp1k590ac","x":734,"y":343.3,"tool":"Pencil"},{"type":"child","parent":"ljp1k590ac","x":742,"y":357.3,"tool":"Pencil"},{"type":"child","parent":"ljp1k590ac","x":742.7,"y":359.3,"tool":"Pencil"},{"type":"child","parent":"ljp1k590ac","x":739.3,"y":341.3,"tool":"Pencil"},{"type":"child","parent":"ljp1k590ac","x":734,"y":331.3,"tool":"Pencil"},{"type":"child","parent":"ljp1k590ac","x":737.3,"y":348,"tool":"Pencil"},{"type":"child","parent":"ljp1k590ac","x":739.3,"y":364.7,"tool":"Pencil"},{"type":"child","parent":"ljp1k590ac","x":738.7,"y":365.3,"tool":"Pencil"},{"type":"child","parent":"ljp1k590ac","x":740,"y":344,"tool":"Pencil"},{"type":"child","parent":"ljp1k590ac","x":740,"y":340.7,"tool":"Pencil"},{"type":"child","parent":"ljp1k590ac","x":742,"y":350.7,"tool":"Pencil"},{"type":"child","parent":"ljp1k590ac","x":742,"y":344.7,"tool":"Pencil"},{"type":"child","parent":"ljp1k590ac","x":737.3,"y":328,"tool":"Pencil"},{"type":"child","parent":"ljp1k590ac","x":738.7,"y":322.7,"tool":"Pencil"},{"type":"child","parent":"ljp1k590ac","x":747.3,"y":332,"tool":"Pencil"},{"type":"child","parent":"ljp1k590ac","x":752.7,"y":350,"tool":"Pencil"},{"type":"child","parent":"ljp1k590ac","x":752,"y":360,"tool":"Pencil"},{"type":"child","parent":"ljp1k590ac","x":746,"y":369.3,"tool":"Pencil"},{"type":"child","parent":"ljp1k590ac","x":744.7,"y":370.7,"tool":"Pencil"},{"type":"child","parent":"ljp1k590ac","x":746,"y":364,"tool":"Pencil"},{"type":"child","parent":"ljp1k590ac","x":743.3,"y":366.7,"tool":"Pencil"},{"type":"child","parent":"ljp1k590ac","x":740,"y":371.3,"tool":"Pencil"},{"type":"child","parent":"ljp1k590ac","x":740.7,"y":371.3,"tool":"Pencil"},{"type":"child","parent":"ljp1k590ac","x":744.7,"y":362,"tool":"Pencil"},{"type":"child","parent":"ljp1k590ac","x":742,"y":349.3,"tool":"Pencil"},{"type":"child","parent":"ljp1k590ac","x":740,"y":346.7,"tool":"Pencil"},{"type":"child","parent":"ljp1k590ac","x":736,"y":366.7,"tool":"Pencil"},{"type":"child","parent":"ljp1k590ac","x":734,"y":373.3,"tool":"Pencil"},{"type":"child","parent":"ljp1k590ac","x":736.7,"y":359.3,"tool":"Pencil"}]},"ljp1kbbmz1":{"type":"line","id":"ljp1kbbmz1","color":"#e5de1e","size":25,"tool":"Pencil","_children":[{"type":"child","parent":"ljp1kbbmz1","x":774.7,"y":78,"tool":"Pencil"},{"type":"child","parent":"ljp1kbbmz1","x":776.7,"y":88,"tool":"Pencil"}]},"ljp1kryn9w":{"type":"line","id":"ljp1kryn9w","color":"#000000","size":25,"tool":"Pencil","_children":[{"type":"child","parent":"ljp1kryn9w","x":1180.7,"y":628,"tool":"Pencil"},{"type":"child","parent":"ljp1kryn9w","x":1180,"y":627.3,"tool":"Pencil"}]},"rjp1lepdzu":{"type":"rect","id":"rjp1lepdzu","color":"#ed2ccb","size":10,"x":454,"y":631,"x2":458,"y2":632,"tool":"Rectangle"},"tjs1vrdefz":{"type":"new","id":"tjs1vrdefz","color":"#0074d9","size":27,"x":1166,"y":118.5,"tool":"Text","time":1549982758780},"tjs1vrenx6":{"type":"new","id":"tjs1vrenx6","color":"#0074d9","size":27,"x":1093,"y":255.5,"tool":"Text","time":1549982760418},"tjs1vrg0pv":{"type":"new","id":"tjs1vrg0pv","color":"#0074d9","size":27,"x":1176,"y":236.5,"tool":"Text","time":1549982762176,"txt":"aaaa"},"tjs1vrhonz":{"type":"new","id":"tjs1vrhonz","color":"#0074d9","size":27,"x":1163,"y":283.5,"tool":"Text","time":1549982764332,"txt":""},"rjs1vrj9bq":{"type":"rect","id":"rjs1vrj9bq","color":"#0074d9","size":10,"x":1080,"y":152,"x2":1337,"y2":347,"tool":"Rectangle","time":1549982766372},"rjs1vrk8ac":{"type":"rect","id":"rjs1vrk8ac","color":"#0074d9","size":10,"x":1174,"y":281,"x2":1174,"y2":281,"tool":"Rectangle","time":1549982767631},"rjs1vrkdzq":{"type":"rect","id":"rjs1vrkdzq","color":"#0074d9","size":10,"x":1174,"y":281,"x2":1174,"y2":281,"tool":"Rectangle","time":1549982767836}}