{"ljp1il326h":{"type":"line","id":"ljp1il326h","color":"#1913b0","size":"10","tool":"Pencil","_children":[{"type":"child","parent":"ljp1il326h","x":232,"y":197,"tool":"Pencil"},{"type":"child","parent":"ljp1il326h","x":216,"y":204,"tool":"Pencil"},{"type":"child","parent":"ljp1il326h","x":164,"y":281,"tool":"Pencil"},{"type":"child","parent":"ljp1il326h","x":171,"y":332,"tool":"Pencil"},{"type":"child","parent":"ljp1il326h","x":209,"y":342,"tool":"Pencil"},{"type":"child","parent":"ljp1il326h","x":242,"y":326,"tool":"Pencil"},{"type":"child","parent":"ljp1il326h","x":260,"y":306,"tool":"Pencil"},{"type":"child","parent":"ljp1il326h","x":263,"y":301,"tool":"Pencil"},{"type":"child","parent":"ljp1il326h","x":247,"y":285,"tool":"Pencil"},{"type":"child","parent":"ljp1il326h","x":232,"y":291,"tool":"Pencil"},{"type":"child","parent":"ljp1il326h","x":228,"y":291,"tool":"Pencil"},{"type":"child","parent":"ljp1il326h","x":283,"y":255,"tool":"Pencil"},{"type":"child","parent":"ljp1il326h","x":324,"y":225,"tool":"Pencil"},{"type":"child","parent":"ljp1il326h","x":322,"y":224,"tool":"Pencil"},{"type":"child","parent":"ljp1il326h","x":302,"y":220,"tool":"Pencil"},{"type":"child","parent":"ljp1il326h","x":253,"y":200,"tool":"Pencil"},{"type":"child","parent":"ljp1il326h","x":231,"y":196,"tool":"Pencil"}]},"ljp1il5fln":{"type":"line","id":"ljp1il5fln","color":"#1913b0","size":"10","tool":"Pencil","_children":[{"type":"child","parent":"ljp1il5fln","x":304,"y":125,"tool":"Pencil"},{"type":"child","parent":"ljp1il5fln","x":291,"y":123,"tool":"Pencil"},{"type":"child","parent":"ljp1il5fln","x":199,"y":162,"tool":"Pencil"},{"type":"child","parent":"ljp1il5fln","x":189,"y":168,"tool":"Pencil"},{"type":"child","parent":"ljp1il5fln","x":188,"y":168,"tool":"Pencil"},{"type":"child","parent":"ljp1il5fln","x":182,"y":148,"tool":"Pencil"},{"type":"child","parent":"ljp1il5fln","x":191,"y":109,"tool":"Pencil"},{"type":"child","parent":"ljp1il5fln","x":194,"y":97,"tool":"Pencil"},{"type":"child","parent":"ljp1il5fln","x":248,"y":90,"tool":"Pencil"},{"type":"child","parent":"ljp1il5fln","x":305,"y":90,"tool":"Pencil"},{"type":"child","parent":"ljp1il5fln","x":312,"y":87,"tool":"Pencil"},{"type":"child","parent":"ljp1il5fln","x":313,"y":88,"tool":"Pencil"},{"type":"child","parent":"ljp1il5fln","x":308,"y":110,"tool":"Pencil"}]},"sjp1ilghps":{"type":"straight","id":"sjp1ilghps","color":"#1913b0","size":"10","x":154,"y":105,"tool":"Straight line","x2":257,"y2":119},"sjp1ilhucb":{"type":"straight","id":"sjp1ilhucb","color":"#1913b0","size":"10","x":220,"y":220,"tool":"Straight line","x2":220,"y2":220},"sjp1iligbw":{"type":"straight","id":"sjp1iligbw","color":"#1913b0","size":"10","x":289,"y":197,"tool":"Straight line","x2":289,"y2":197},"sjp1ilizqk":{"type":"straight","id":"sjp1ilizqk","color":"#1913b0","size":"10","x":357,"y":147,"tool":"Straight line","x2":182,"y2":258},"sjp1ill22u":{"type":"straight","id":"sjp1ill22u","color":"#1913b0","size":"10","x":395,"y":146,"tool":"Straight line","x2":296,"y2":339},"sjp1illmpp":{"type":"straight","id":"sjp1illmpp","color":"#1913b0","size":"10","x":425,"y":191,"tool":"Straight line","x2":338,"y2":395},"sjp1ilmdem":{"type":"straight","id":"sjp1ilmdem","color":"#1913b0","size":"10","x":319,"y":444,"tool":"Straight line","x2":200,"y2":343},"rjp1iloiuy":{"type":"rect","id":"rjp1iloiuy","color":"#1913b0","size":"10","x":155,"y":181,"x2":386,"y2":480,"tool":"Rectangle"}}