{"rjp3uid162":{"type":"rect","id":"rjp3uid162","color":"#1913b0","size":10,"x":375,"y":198,"x2":625,"y2":411,"tool":"Rectangle"},"rjp3uie8o9":{"type":"rect","id":"rjp3uie8o9","color":"#1913b0","size":10,"x":522,"y":301,"x2":749,"y2":98,"tool":"Rectangle"},"rjp3uihm9j":{"type":"rect","id":"rjp3uihm9j","color":"#1913b0","size":10,"x":378,"y":91,"x2":626,"y2":309,"tool":"Rectangle"},"rjp3uilkfw":{"type":"rect","id":"rjp3uilkfw","color":"#1913b0","size":10,"x":744,"y":402,"x2":375,"y2":90,"tool":"Rectangle"},"rjp3uiqadb":{"type":"rect","id":"rjp3uiqadb","color":"#1913b0","size":10,"x":652,"y":54,"x2":836,"y2":302,"tool":"Rectangle"},"rjp3uitsnp":{"type":"rect","id":"rjp3uitsnp","color":"#1913b0","size":10,"x":868,"y":428,"x2":624,"y2":299,"tool":"Rectangle"},"rjp3uj1yem":{"type":"rect","id":"rjp3uj1yem","color":"#1913b0","size":10,"x":349,"y":507,"x2":574,"y2":309,"tool":"Rectangle"},"rjp3uj5n8e":{"type":"rect","id":"rjp3uj5n8e","color":"#1913b0","size":10,"x":748,"y":507,"x2":575,"y2":397,"tool":"Rectangle"},"rjp3ujay7n":{"type":"rect","id":"rjp3ujay7n","color":"#1913b0","size":10,"x":865,"y":549,"x2":747,"y2":301,"tool":"Rectangle"},"rjp3ujh3y8":{"type":"rect","id":"rjp3ujh3y8","color":"#1913b0","size":10,"x":743,"y":86,"x2":1004,"y2":300,"tool":"Rectangle"},"rjp3ujj1r2":{"type":"rect","id":"rjp3ujj1r2","color":"#1913b0","size":10,"x":1086,"y":407,"x2":868,"y2":224,"tool":"Rectangle"},"rjp3ujm59p":{"type":"rect","id":"rjp3ujm59p","color":"#1913b0","size":10,"x":888,"y":45,"x2":1058,"y2":214,"tool":"Rectangle"},"rjp3ujo1010":{"type":"rect","id":"rjp3ujo1010","color":"#1913b0","size":10,"x":1134,"y":211,"x2":1002,"y2":118,"tool":"Rectangle"},"rjp3uju3fo":{"type":"rect","id":"rjp3uju3fo","color":"#1913b0","size":10,"x":278,"y":42,"x2":524,"y2":201,"tool":"Rectangle"},"rjp3ujwy5p":{"type":"rect","id":"rjp3ujwy5p","color":"#1913b0","size":10,"x":229,"y":79,"x2":384,"y2":201,"tool":"Rectangle"},"rjp3uk08sh":{"type":"rect","id":"rjp3uk08sh","color":"#1913b0","size":10,"x":284,"y":382,"x2":376,"y2":198,"tool":"Rectangle"},"rjp3uk40y6":{"type":"rect","id":"rjp3uk40y6","color":"#1913b0","size":10,"x":1183,"y":533,"x2":869,"y2":303,"tool":"Rectangle"},"rjp3uk6e7o":{"type":"rect","id":"rjp3uk6e7o","color":"#1913b0","size":10,"x":1158,"y":263,"x2":1007,"y2":478,"tool":"Rectangle"},"rjp3uk8ort":{"type":"rect","id":"rjp3uk8ort","color":"#1913b0","size":10,"x":942,"y":575,"x2":1093,"y2":429,"tool":"Rectangle"},"rjp3ukh4z1":{"type":"rect","id":"rjp3ukh4z1","color":"#1913b0","size":10,"x":754,"y":20,"x2":964,"y2":154,"tool":"Rectangle"},"rjp3ukjepi":{"type":"rect","id":"rjp3ukjepi","color":"#1913b0","size":10,"x":1218,"y":65,"x2":1105,"y2":207,"tool":"Rectangle"},"rjp3ukltex":{"type":"rect","id":"rjp3ukltex","color":"#1913b0","size":10,"x":1229,"y":287,"x2":1363,"y2":183,"tool":"Rectangle"},"rjp3ukn8oq":{"type":"rect","id":"rjp3ukn8oq","color":"#1913b0","size":10,"x":1350,"y":414,"x2":1132,"y2":193,"tool":"Rectangle"},"rjp3ukq7wb":{"type":"rect","id":"rjp3ukq7wb","color":"#1913b0","size":10,"x":1226,"y":478,"x2":1356,"y2":330,"tool":"Rectangle"},"rjp3ukrqwd":{"type":"rect","id":"rjp3ukrqwd","color":"#1913b0","size":10,"x":1299,"y":558,"x2":1095,"y2":313,"tool":"Rectangle"},"rjp3ukw8w6":{"type":"rect","id":"rjp3ukw8w6","color":"#1913b0","size":10,"x":206,"y":342,"x2":466,"y2":570,"tool":"Rectangle"},"rjp3ukyo99":{"type":"rect","id":"rjp3ukyo99","color":"#1913b0","size":10,"x":271,"y":401,"x2":450,"y2":523,"tool":"Rectangle"}}