{"lk7egjtsij":{"type":"line","id":"lk7egjtsij","color":"#85144b","size":10,"tool":"Pencil","time":1583395228648,"_children":[{"type":"child","parent":"lk7egjtsij","x":593,"y":173,"tool":"Pencil"},{"type":"child","parent":"lk7egjtsij","x":585,"y":182,"tool":"Pencil"},{"type":"child","parent":"lk7egjtsij","x":584,"y":211,"tool":"Pencil"},{"type":"child","parent":"lk7egjtsij","x":650,"y":190,"tool":"Pencil"},{"type":"child","parent":"lk7egjtsij","x":497,"y":244,"tool":"Pencil"},{"type":"child","parent":"lk7egjtsij","x":566,"y":372,"tool":"Pencil"},{"type":"child","parent":"lk7egjtsij","x":614,"y":351,"tool":"Pencil"},{"type":"child","parent":"lk7egjtsij","x":632,"y":444,"tool":"Pencil"},{"type":"child","parent":"lk7egjtsij","x":700,"y":448,"tool":"Pencil"},{"type":"child","parent":"lk7egjtsij","x":702,"y":471,"tool":"Pencil"},{"type":"child","parent":"lk7egjtsij","x":749,"y":478,"tool":"Pencil"}]},"tk7egk5nnb":{"type":"new","id":"tk7egk5nnb","color":"#01ff70","size":27,"x":366,"y":541.5,"tool":"Text","time":1583395244014},"tk7egk6pb4":{"type":"new","id":"tk7egk6pb4","color":"#01ff70","size":27,"x":388,"y":547.5,"tool":"Text","time":1583395245370,"txt":"Ciao"},"tk7egk8106":{"type":"new","id":"tk7egk8106","color":"#01ff70","size":27,"x":388,"y":588,"tool":"Text","time":1583395247086,"txt":""},"rk7egkcf0k":{"type":"rect","id":"rk7egkcf0k","color":"#01ff70","size":10,"x":801,"y":235,"x2":1250,"y2":422,"tool":"Rectangle","time":1583395252776},"lk7egkes6g":{"type":"line","id":"lk7egkes6g","color":"#01ff70","size":10,"tool":"Pencil","time":1583395255843,"_children":[{"type":"child","parent":"lk7egkes6g","x":696,"y":575,"tool":"Pencil"},{"type":"child","parent":"lk7egkes6g","x":651,"y":597,"tool":"Pencil"},{"type":"child","parent":"lk7egkes6g","x":678,"y":635,"tool":"Pencil"},{"type":"child","parent":"lk7egkes6g","x":809,"y":589,"tool":"Pencil"},{"type":"child","parent":"lk7egkes6g","x":753,"y":632,"tool":"Pencil"},{"type":"child","parent":"lk7egkes6g","x":824,"y":639,"tool":"Pencil"},{"type":"child","parent":"lk7egkes6g","x":835,"y":645,"tool":"Pencil"}]},"lk7egkfioa":{"type":"line","id":"lk7egkfioa","color":"#01ff70","size":10,"tool":"Pencil","time":1583395256795,"_children":[{"type":"child","parent":"lk7egkfioa","x":703,"y":702,"tool":"Pencil"},{"type":"child","parent":"lk7egkfioa","x":725,"y":707,"tool":"Pencil"},{"type":"child","parent":"lk7egkfioa","x":1077,"y":689,"tool":"Pencil"},{"type":"child","parent":"lk7egkfioa","x":1185,"y":689,"tool":"Pencil"}]},"lk7egkfxw4":{"type":"line","id":"lk7egkfxw4","color":"#01ff70","size":10,"tool":"Pencil","time":1583395257342,"_children":[{"type":"child","parent":"lk7egkfxw4","x":799,"y":780,"tool":"Pencil"},{"type":"child","parent":"lk7egkfxw4","x":1007,"y":757,"tool":"Pencil"},{"type":"child","parent":"lk7egkfxw4","x":1094,"y":743,"tool":"Pencil"}]},"lk7egkga3f":{"type":"line","id":"lk7egkga3f","color":"#01ff70","size":10,"tool":"Pencil","time":1583395257781,"_children":[{"type":"child","parent":"lk7egkga3f","x":723,"y":793,"tool":"Pencil"},{"type":"child","parent":"lk7egkga3f","x":937,"y":783,"tool":"Pencil"},{"type":"child","parent":"lk7egkga3f","x":1050,"y":775,"tool":"Pencil"}]},"lk7egkh0si":{"type":"line","id":"lk7egkh0si","color":"#01ff70","size":10,"tool":"Pencil","time":1583395258742,"_children":[{"type":"child","parent":"lk7egkh0si","x":1316,"y":212,"tool":"Pencil"},{"type":"child","parent":"lk7egkh0si","x":1326,"y":278,"tool":"Pencil"},{"type":"child","parent":"lk7egkh0si","x":1339,"y":432,"tool":"Pencil"},{"type":"child","parent":"lk7egkh0si","x":1340,"y":391,"tool":"Pencil"}]},"lk7egkhgii":{"type":"line","id":"lk7egkhgii","color":"#01ff70","size":10,"tool":"Pencil","time":1583395259309,"_children":[{"type":"child","parent":"lk7egkhgii","x":1318,"y":213,"tool":"Pencil"},{"type":"child","parent":"lk7egkhgii","x":1353,"y":203,"tool":"Pencil"},{"type":"child","parent":"lk7egkhgii","x":1538,"y":182,"tool":"Pencil"},{"type":"child","parent":"lk7egkhgii","x":1567,"y":276,"tool":"Pencil"},{"type":"child","parent":"lk7egkhgii","x":1562,"y":436,"tool":"Pencil"},{"type":"child","parent":"lk7egkhgii","x":1548,"y":436,"tool":"Pencil"},{"type":"child","parent":"lk7egkhgii","x":1341,"y":452,"tool":"Pencil"},{"type":"child","parent":"lk7egkhgii","x":1341,"y":452,"tool":"Pencil"}]}}