{"lk807fkgs8":{"type":"line","id":"lk807fkgs8","color":"#12f042","size":10,"tool":"Pencil","time":1584710024362,"_children":[{"type":"child","parent":"lk807fkgs8","x":314,"y":771,"tool":"Pencil"},{"type":"child","parent":"lk807fkgs8","x":314,"y":770,"tool":"Pencil"},{"type":"child","parent":"lk807fkgs8","x":314,"y":768,"tool":"Pencil"},{"type":"child","parent":"lk807fkgs8","x":320,"y":757,"tool":"Pencil"},{"type":"child","parent":"lk807fkgs8","x":334,"y":726,"tool":"Pencil"},{"type":"child","parent":"lk807fkgs8","x":350,"y":693,"tool":"Pencil"},{"type":"child","parent":"lk807fkgs8","x":367,"y":658,"tool":"Pencil"},{"type":"child","parent":"lk807fkgs8","x":385,"y":643,"tool":"Pencil"},{"type":"child","parent":"lk807fkgs8","x":397,"y":634,"tool":"Pencil"},{"type":"child","parent":"lk807fkgs8","x":429,"y":630,"tool":"Pencil"},{"type":"child","parent":"lk807fkgs8","x":519,"y":648,"tool":"Pencil"},{"type":"child","parent":"lk807fkgs8","x":601,"y":678,"tool":"Pencil"},{"type":"child","parent":"lk807fkgs8","x":656,"y":693,"tool":"Pencil"},{"type":"child","parent":"lk807fkgs8","x":661,"y":700,"tool":"Pencil"},{"type":"child","parent":"lk807fkgs8","x":678,"y":739,"tool":"Pencil"},{"type":"child","parent":"lk807fkgs8","x":678,"y":781,"tool":"Pencil"},{"type":"child","parent":"lk807fkgs8","x":669,"y":813,"tool":"Pencil"},{"type":"child","parent":"lk807fkgs8","x":646,"y":847,"tool":"Pencil"},{"type":"child","parent":"lk807fkgs8","x":612,"y":873,"tool":"Pencil"},{"type":"child","parent":"lk807fkgs8","x":591,"y":884,"tool":"Pencil"},{"type":"child","parent":"lk807fkgs8","x":571,"y":891,"tool":"Pencil"},{"type":"child","parent":"lk807fkgs8","x":555,"y":892,"tool":"Pencil"},{"type":"child","parent":"lk807fkgs8","x":512,"y":893,"tool":"Pencil"},{"type":"child","parent":"lk807fkgs8","x":419,"y":887,"tool":"Pencil"},{"type":"child","parent":"lk807fkgs8","x":410,"y":884,"tool":"Pencil"},{"type":"child","parent":"lk807fkgs8","x":373,"y":864,"tool":"Pencil"},{"type":"child","parent":"lk807fkgs8","x":352,"y":848,"tool":"Pencil"},{"type":"child","parent":"lk807fkgs8","x":342,"y":835,"tool":"Pencil"},{"type":"child","parent":"lk807fkgs8","x":334,"y":826,"tool":"Pencil"},{"type":"child","parent":"lk807fkgs8","x":323,"y":806,"tool":"Pencil"},{"type":"child","parent":"lk807fkgs8","x":317,"y":796,"tool":"Pencil"},{"type":"child","parent":"lk807fkgs8","x":315,"y":789,"tool":"Pencil"},{"type":"child","parent":"lk807fkgs8","x":314,"y":784,"tool":"Pencil"},{"type":"child","parent":"lk807fkgs8","x":314,"y":783,"tool":"Pencil"},{"type":"child","parent":"lk807fkgs8","x":314,"y":780,"tool":"Pencil"},{"type":"child","parent":"lk807fkgs8","x":314,"y":779,"tool":"Pencil"},{"type":"child","parent":"lk807fkgs8","x":314,"y":779,"tool":"Pencil"},{"type":"child","parent":"lk807fkgs8","x":314,"y":774,"tool":"Pencil"},{"type":"child","parent":"lk807fkgs8","x":314,"y":771,"tool":"Pencil"},{"type":"child","parent":"lk807fkgs8","x":314,"y":771,"tool":"Pencil"}]}}