{"ljp1o6eyex":{"type":"line","id":"ljp1o6eyex","color":"#1913B0","size":"10","tool":"Pencil","_children":[{"type":"child","parent":"ljp1o6eyex","x":311,"y":284,"tool":"Pencil"},{"type":"child","parent":"ljp1o6eyex","x":379,"y":219,"tool":"Pencil"},{"type":"child","parent":"ljp1o6eyex","x":333,"y":308,"tool":"Pencil"},{"type":"child","parent":"ljp1o6eyex","x":338,"y":335,"tool":"Pencil"},{"type":"child","parent":"ljp1o6eyex","x":419,"y":329,"tool":"Pencil"},{"type":"child","parent":"ljp1o6eyex","x":409,"y":442,"tool":"Pencil"},{"type":"child","parent":"ljp1o6eyex","x":442,"y":432,"tool":"Pencil"},{"type":"child","parent":"ljp1o6eyex","x":482,"y":482,"tool":"Pencil"},{"type":"child","parent":"ljp1o6eyex","x":460,"y":575,"tool":"Pencil"},{"type":"child","parent":"ljp1o6eyex","x":460,"y":583,"tool":"Pencil"}]},"ljp1o6g4jz":{"type":"line","id":"ljp1o6g4jz","color":"#1913B0","size":"10","tool":"Pencil","_children":[{"type":"child","parent":"ljp1o6g4jz","x":217,"y":494,"tool":"Pencil"},{"type":"child","parent":"ljp1o6g4jz","x":224,"y":603,"tool":"Pencil"},{"type":"child","parent":"ljp1o6g4jz","x":245,"y":599,"tool":"Pencil"},{"type":"child","parent":"ljp1o6g4jz","x":272,"y":584,"tool":"Pencil"},{"type":"child","parent":"ljp1o6g4jz","x":306,"y":635,"tool":"Pencil"},{"type":"child","parent":"ljp1o6g4jz","x":337,"y":587,"tool":"Pencil"},{"type":"child","parent":"ljp1o6g4jz","x":338,"y":587,"tool":"Pencil"},{"type":"child","parent":"ljp1o6g4jz","x":366,"y":618,"tool":"Pencil"}]},"ljp1o6gqz3":{"type":"line","id":"ljp1o6gqz3","color":"#1913B0","size":"10","tool":"Pencil","_children":[{"type":"child","parent":"ljp1o6gqz3","x":375,"y":477,"tool":"Pencil"},{"type":"child","parent":"ljp1o6gqz3","x":397,"y":607,"tool":"Pencil"}]},"ljp1o6gznw":{"type":"line","id":"ljp1o6gznw","color":"#1913B0","size":"10","tool":"Pencil","_children":[{"type":"child","parent":"ljp1o6gznw","x":404,"y":460,"tool":"Pencil"}]},"ljp1o6h6j7":{"type":"line","id":"ljp1o6h6j7","color":"#1913B0","size":"10","tool":"Pencil","_children":[{"type":"child","parent":"ljp1o6h6j7","x":461,"y":587,"tool":"Pencil"},{"type":"child","parent":"ljp1o6h6j7","x":491,"y":608,"tool":"Pencil"},{"type":"child","parent":"ljp1o6h6j7","x":492,"y":555,"tool":"Pencil"},{"type":"child","parent":"ljp1o6h6j7","x":461,"y":594,"tool":"Pencil"}]},"ljp1o6hjmy":{"type":"line","id":"ljp1o6hjmy","color":"#1913B0","size":"10","tool":"Pencil","_children":[{"type":"child","parent":"ljp1o6hjmy","x":552,"y":605,"tool":"Pencil"}]},"ljp1o6hwz6":{"type":"line","id":"ljp1o6hwz6","color":"#1913B0","size":"10","tool":"Pencil","_children":[{"type":"child","parent":"ljp1o6hwz6","x":458,"y":621,"tool":"Pencil"},{"type":"child","parent":"ljp1o6hwz6","x":443,"y":501,"tool":"Pencil"},{"type":"child","parent":"ljp1o6hwz6","x":432,"y":450,"tool":"Pencil"}]}}