{"tk7yv8jho7":{"type":"new","id":"tk7yv8jho7","color":"#7fdbff","size":27,"x":588,"y":341.5,"tool":"Text","time":1584629075068,"txt":"Erste Eindrücke zu Figuren und Handlungen des Dramas Wilhelm Tell"},"tk7yv8x3ik":{"type":"new","id":"tk7yv8x3ik","color":"#7fdbff","size":27,"x":588,"y":382,"tool":"Text","time":1584629092702},"tk7yv91v38":{"type":"new","id":"tk7yv91v38","color":"#7fdbff","size":27,"x":588,"y":382,"tool":"Text","time":1584629098879},"tk7yv949o8":{"type":"new","id":"tk7yv949o8","color":"#7fdbff","size":27,"x":721,"y":312.5,"tool":"Text","time":1584629101997,"txt":""},"tk7yv95d0a":{"type":"new","id":"tk7yv95d0a","color":"#7fdbff","size":27,"x":560,"y":423.5,"tool":"Text","time":1584629103426},"tk7yvbksr5":{"type":"new","id":"tk7yvbksr5","color":"#3d9970","size":27,"x":193,"y":565.5,"tool":"Text","time":1584629216732,"txt":"wichtig ist es immer"},"lk7yvc657r":{"type":"line","id":"lk7yvc657r","color":"#3d9970","size":10,"opacity":0.4,"tool":"Pencil","time":1584629244399,"_children":[{"type":"child","parent":"lk7yvc657r","x":365,"y":123,"tool":"Pencil"},{"type":"child","parent":"lk7yvc657r","x":366,"y":125,"tool":"Pencil"}]}}