{"ljp1rghr47":{"type":"line","id":"ljp1rghr47","color":"#1913b0","size":"10","tool":"Pencil","_children":[{"type":"child","parent":"ljp1rghr47","x":678,"y":264,"tool":"Pencil"},{"type":"child","parent":"ljp1rghr47","x":693,"y":269,"tool":"Pencil"},{"type":"child","parent":"ljp1rghr47","x":764,"y":272,"tool":"Pencil"},{"type":"child","parent":"ljp1rghr47","x":835,"y":277,"tool":"Pencil"},{"type":"child","parent":"ljp1rghr47","x":917,"y":371,"tool":"Pencil"},{"type":"child","parent":"ljp1rghr47","x":990,"y":451,"tool":"Pencil"},{"type":"child","parent":"ljp1rghr47","x":1079,"y":369,"tool":"Pencil"},{"type":"child","parent":"ljp1rghr47","x":1131,"y":379,"tool":"Pencil"},{"type":"child","parent":"ljp1rghr47","x":1168,"y":429,"tool":"Pencil"},{"type":"child","parent":"ljp1rghr47","x":1184,"y":423,"tool":"Pencil"},{"type":"child","parent":"ljp1rghr47","x":1184,"y":423,"tool":"Pencil"}]},"ljp1rgobqo":{"type":"line","id":"ljp1rgobqo","color":"#1913b0","size":"10","tool":"Pencil","_children":[{"type":"child","parent":"ljp1rgobqo","x":1135,"y":146,"tool":"Pencil"},{"type":"child","parent":"ljp1rgobqo","x":1138,"y":146,"tool":"Pencil"},{"type":"child","parent":"ljp1rgobqo","x":1170,"y":146,"tool":"Pencil"},{"type":"child","parent":"ljp1rgobqo","x":1188,"y":151,"tool":"Pencil"},{"type":"child","parent":"ljp1rgobqo","x":1220,"y":190,"tool":"Pencil"},{"type":"child","parent":"ljp1rgobqo","x":1231,"y":214,"tool":"Pencil"},{"type":"child","parent":"ljp1rgobqo","x":1231,"y":224,"tool":"Pencil"},{"type":"child","parent":"ljp1rgobqo","x":1219,"y":234,"tool":"Pencil"},{"type":"child","parent":"ljp1rgobqo","x":1167,"y":248,"tool":"Pencil"},{"type":"child","parent":"ljp1rgobqo","x":1141,"y":250,"tool":"Pencil"},{"type":"child","parent":"ljp1rgobqo","x":1134,"y":250,"tool":"Pencil"},{"type":"child","parent":"ljp1rgobqo","x":1107,"y":209,"tool":"Pencil"},{"type":"child","parent":"ljp1rgobqo","x":1093,"y":176,"tool":"Pencil"},{"type":"child","parent":"ljp1rgobqo","x":1087,"y":164,"tool":"Pencil"},{"type":"child","parent":"ljp1rgobqo","x":1085,"y":157,"tool":"Pencil"},{"type":"child","parent":"ljp1rgobqo","x":1085,"y":147,"tool":"Pencil"},{"type":"child","parent":"ljp1rgobqo","x":1089,"y":138,"tool":"Pencil"},{"type":"child","parent":"ljp1rgobqo","x":1098,"y":133,"tool":"Pencil"},{"type":"child","parent":"ljp1rgobqo","x":1117,"y":127,"tool":"Pencil"},{"type":"child","parent":"ljp1rgobqo","x":1124,"y":126,"tool":"Pencil"}]},"tjp1rgv01k":{"type":"new","id":"tjp1rgv01k","color":"#1913b0","size":27,"x":497,"y":742.5,"tool":"Text"},"sjp1rh2pav":{"type":"straight","id":"sjp1rh2pav","color":"#1913b0","size":"10","x":575,"y":269,"tool":"Straight line","x2":461,"y2":537},"sjp1rh3ymr":{"type":"straight","id":"sjp1rh3ymr","color":"#1913b0","size":"10","x":485,"y":562,"tool":"Straight line","x2":612,"y2":633},"sjp1rh4sec":{"type":"straight","id":"sjp1rh4sec","color":"#1913b0","size":"10","x":627,"y":421,"tool":"Straight line","x2":571,"y2":527},"sjp1rh5z9p":{"type":"straight","id":"sjp1rh5z9p","color":"#1913b0","size":"10","x":571,"y":527,"tool":"Straight line","x2":875,"y2":647},"sjp1rh7tjf":{"type":"straight","id":"sjp1rh7tjf","color":"#1913b0","size":"10","x":878,"y":639,"tool":"Straight line","x2":726,"y2":409},"sjp1rha7ac":{"type":"straight","id":"sjp1rha7ac","color":"#1913b0","size":"10","x":704,"y":458,"tool":"Straight line","x2":779,"y2":420},"sjp1rhbu7x":{"type":"straight","id":"sjp1rhbu7x","color":"#1913b0","size":"10","x":718,"y":408,"tool":"Straight line","x2":696,"y2":460},"sjp1rhdmda":{"type":"straight","id":"sjp1rhdmda","color":"#1913b0","size":"10","x":720,"y":410,"tool":"Straight line","x2":785,"y2":413},"rjp1rhf7io":{"type":"rect","id":"rjp1rhf7io","color":"#1913b0","size":"10","x":409,"y":221,"x2":462,"y2":357,"tool":"Rectangle"}}