{"ljp5h4yn8p":{"type":"line","id":"ljp5h4yn8p","color":"#b10dc9","size":10,"tool":"Pencil","time":1543669792983,"_children":[{"type":"child","parent":"ljp5h4yn8p","x":126,"y":97,"tool":"Pencil"},{"type":"child","parent":"ljp5h4yn8p","x":125,"y":90,"tool":"Pencil"},{"type":"child","parent":"ljp5h4yn8p","x":167,"y":41,"tool":"Pencil"},{"type":"child","parent":"ljp5h4yn8p","x":227,"y":56,"tool":"Pencil"},{"type":"child","parent":"ljp5h4yn8p","x":230,"y":126,"tool":"Pencil"},{"type":"child","parent":"ljp5h4yn8p","x":169,"y":257,"tool":"Pencil"},{"type":"child","parent":"ljp5h4yn8p","x":174,"y":333,"tool":"Pencil"},{"type":"child","parent":"ljp5h4yn8p","x":223,"y":349,"tool":"Pencil"},{"type":"child","parent":"ljp5h4yn8p","x":272,"y":268,"tool":"Pencil"},{"type":"child","parent":"ljp5h4yn8p","x":287,"y":208,"tool":"Pencil"}]},"tjp5h51094":{"type":"new","id":"tjp5h51094","color":"#b10dc9","size":27,"x":60,"y":115,"tool":"Text","time":1543669796051},"sjp5h589yx":{"type":"straight","id":"sjp5h589yx","color":"#b10dc9","size":10,"x":163,"y":145,"tool":"Straight line","time":1543669805470,"x2":163.72608947753906,"y2":146.3246307373047},"sjp5h58zjd":{"type":"straight","id":"sjp5h58zjd","color":"#b10dc9","size":10,"x":121,"y":217,"tool":"Straight line","time":1543669806379,"x2":102.18366241455078,"y2":253.21786499023438},"sjp5h59h3x":{"type":"straight","id":"sjp5h59h3x","color":"#b10dc9","size":10,"x":128,"y":338,"tool":"Straight line","time":1543669807018,"x2":370.9963684082031,"y2":161.42910766601562},"sjp5h5alrg":{"type":"straight","id":"sjp5h5alrg","color":"#b10dc9","size":10,"x":366,"y":174,"tool":"Straight line","time":1543669808475,"x2":312.9374694824219,"y2":471.65185546875},"rjp5h5eygn":{"type":"rect","id":"rjp5h5eygn","color":"#b10dc9","size":10,"x":321.0657043457031,"y":58.60247802734375,"x2":321.0657043457031,"y2":58.60247802734375,"tool":"Rectangle","time":1543669814130},"rjp5h5febb":{"type":"rect","id":"rjp5h5febb","color":"#b10dc9","size":10,"x":288.552734375,"y":80.09730529785156,"x2":92.31365203857422,"y2":437.3763122558594,"tool":"Rectangle","time":1543669814689},"rjp5h5ia2e":{"type":"rect","id":"rjp5h5ia2e","color":"#b10dc9","size":50,"x":325.12982177734375,"y":67.89752960205078,"x2":75.47657012939453,"y2":324.0927429199219,"tool":"Rectangle","time":1543669818434}}