{"ljp5qf868p":{"type":"line","id":"ljp5qf868p","color":"#001f3f","size":10,"tool":"Pencil","time":1543685387695,"_children":[{"type":"child","parent":"ljp5qf868p","x":222,"y":133,"tool":"Pencil"},{"type":"child","parent":"ljp5qf868p","x":187,"y":190,"tool":"Pencil"},{"type":"child","parent":"ljp5qf868p","x":176,"y":300,"tool":"Pencil"},{"type":"child","parent":"ljp5qf868p","x":252,"y":349,"tool":"Pencil"},{"type":"child","parent":"ljp5qf868p","x":313,"y":300,"tool":"Pencil"},{"type":"child","parent":"ljp5qf868p","x":325,"y":250,"tool":"Pencil"},{"type":"child","parent":"ljp5qf868p","x":304,"y":299,"tool":"Pencil"},{"type":"child","parent":"ljp5qf868p","x":310,"y":343,"tool":"Pencil"},{"type":"child","parent":"ljp5qf868p","x":324,"y":342,"tool":"Pencil"},{"type":"child","parent":"ljp5qf868p","x":292,"y":438,"tool":"Pencil"},{"type":"child","parent":"ljp5qf868p","x":269,"y":460,"tool":"Pencil"},{"type":"child","parent":"ljp5qf868p","x":198,"y":462,"tool":"Pencil"},{"type":"child","parent":"ljp5qf868p","x":177,"y":463,"tool":"Pencil"},{"type":"child","parent":"ljp5qf868p","x":172,"y":417,"tool":"Pencil"},{"type":"child","parent":"ljp5qf868p","x":146,"y":437,"tool":"Pencil"},{"type":"child","parent":"ljp5qf868p","x":139,"y":372,"tool":"Pencil"},{"type":"child","parent":"ljp5qf868p","x":124,"y":387,"tool":"Pencil"}]}}