{"lk33xgkb69":{"type":"line","id":"lk33xgkb69","color":"#001f3f","size":10,"tool":"Pencil","time":1574051227922,"_children":[{"type":"child","parent":"lk33xgkb69","x":527,"y":174,"tool":"Pencil"},{"type":"child","parent":"lk33xgkb69","x":556,"y":197,"tool":"Pencil"},{"type":"child","parent":"lk33xgkb69","x":620,"y":250,"tool":"Pencil"},{"type":"child","parent":"lk33xgkb69","x":639,"y":305,"tool":"Pencil"},{"type":"child","parent":"lk33xgkb69","x":603,"y":332,"tool":"Pencil"},{"type":"child","parent":"lk33xgkb69","x":558,"y":334,"tool":"Pencil"},{"type":"child","parent":"lk33xgkb69","x":494,"y":326,"tool":"Pencil"},{"type":"child","parent":"lk33xgkb69","x":435,"y":284,"tool":"Pencil"},{"type":"child","parent":"lk33xgkb69","x":414,"y":247,"tool":"Pencil"},{"type":"child","parent":"lk33xgkb69","x":408,"y":206,"tool":"Pencil"},{"type":"child","parent":"lk33xgkb69","x":410,"y":177,"tool":"Pencil"},{"type":"child","parent":"lk33xgkb69","x":429,"y":150,"tool":"Pencil"},{"type":"child","parent":"lk33xgkb69","x":476,"y":126,"tool":"Pencil"},{"type":"child","parent":"lk33xgkb69","x":522,"y":116,"tool":"Pencil"},{"type":"child","parent":"lk33xgkb69","x":578,"y":115,"tool":"Pencil"},{"type":"child","parent":"lk33xgkb69","x":600,"y":115,"tool":"Pencil"},{"type":"child","parent":"lk33xgkb69","x":602,"y":115,"tool":"Pencil"}]},"lk33xglrlk":{"type":"line","id":"lk33xglrlk","color":"#001f3f","size":10,"tool":"Pencil","time":1574051229821,"_children":[{"type":"child","parent":"lk33xglrlk","x":700,"y":138,"tool":"Pencil"},{"type":"child","parent":"lk33xglrlk","x":704,"y":155,"tool":"Pencil"},{"type":"child","parent":"lk33xglrlk","x":708,"y":264,"tool":"Pencil"},{"type":"child","parent":"lk33xglrlk","x":710,"y":322,"tool":"Pencil"},{"type":"child","parent":"lk33xglrlk","x":710,"y":322,"tool":"Pencil"}]},"lk33xgm69s":{"type":"line","id":"lk33xgm69s","color":"#001f3f","size":10,"tool":"Pencil","time":1574051230335,"_children":[{"type":"child","parent":"lk33xgm69s","x":703,"y":242,"tool":"Pencil"},{"type":"child","parent":"lk33xgm69s","x":712,"y":235,"tool":"Pencil"},{"type":"child","parent":"lk33xgm69s","x":738,"y":231,"tool":"Pencil"}]},"lk33xgmhl2":{"type":"line","id":"lk33xgmhl2","color":"#001f3f","size":10,"tool":"Pencil","time":1574051230743,"_children":[{"type":"child","parent":"lk33xgmhl2","x":732,"y":146,"tool":"Pencil"},{"type":"child","parent":"lk33xgmhl2","x":745,"y":206,"tool":"Pencil"},{"type":"child","parent":"lk33xgmhl2","x":768,"y":326,"tool":"Pencil"},{"type":"child","parent":"lk33xgmhl2","x":768,"y":332,"tool":"Pencil"}]},"lk33xgn3ew":{"type":"line","id":"lk33xgn3ew","color":"#001f3f","size":10,"tool":"Pencil","time":1574051231527,"_children":[{"type":"child","parent":"lk33xgn3ew","x":936,"y":230,"tool":"Pencil"},{"type":"child","parent":"lk33xgn3ew","x":861,"y":235,"tool":"Pencil"},{"type":"child","parent":"lk33xgn3ew","x":840,"y":319,"tool":"Pencil"},{"type":"child","parent":"lk33xgn3ew","x":871,"y":341,"tool":"Pencil"},{"type":"child","parent":"lk33xgn3ew","x":925,"y":299,"tool":"Pencil"},{"type":"child","parent":"lk33xgn3ew","x":912,"y":251,"tool":"Pencil"}]},"lk33xgnr6l":{"type":"line","id":"lk33xgnr6l","color":"#001f3f","size":10,"tool":"Pencil","time":1574051232384,"_children":[{"type":"child","parent":"lk33xgnr6l","x":980,"y":157,"tool":"Pencil"},{"type":"child","parent":"lk33xgnr6l","x":984,"y":259,"tool":"Pencil"},{"type":"child","parent":"lk33xgnr6l","x":970,"y":353,"tool":"Pencil"},{"type":"child","parent":"lk33xgnr6l","x":994,"y":351,"tool":"Pencil"},{"type":"child","parent":"lk33xgnr6l","x":1074,"y":348,"tool":"Pencil"}]},"lk33xgo957":{"type":"line","id":"lk33xgo957","color":"#001f3f","size":10,"tool":"Pencil","time":1574051233031,"_children":[{"type":"child","parent":"lk33xgo957","x":1146,"y":269,"tool":"Pencil"},{"type":"child","parent":"lk33xgo957","x":1100,"y":274,"tool":"Pencil"},{"type":"child","parent":"lk33xgo957","x":1122,"y":340,"tool":"Pencil"},{"type":"child","parent":"lk33xgo957","x":1173,"y":341,"tool":"Pencil"},{"type":"child","parent":"lk33xgo957","x":1162,"y":295,"tool":"Pencil"},{"type":"child","parent":"lk33xgo957","x":1155,"y":282,"tool":"Pencil"},{"type":"child","parent":"lk33xgo957","x":1206,"y":327,"tool":"Pencil"},{"type":"child","parent":"lk33xgo957","x":1213,"y":330,"tool":"Pencil"}]},"lk33xgpm2h":{"type":"line","id":"lk33xgpm2h","color":"#001f3f","size":10,"tool":"Pencil","time":1574051234802,"_children":[{"type":"child","parent":"lk33xgpm2h","x":552,"y":465,"tool":"Pencil"},{"type":"child","parent":"lk33xgpm2h","x":560,"y":502,"tool":"Pencil"},{"type":"child","parent":"lk33xgpm2h","x":566,"y":526,"tool":"Pencil"}]},"lk33xgpw1b":{"type":"line","id":"lk33xgpw1b","color":"#001f3f","size":10,"tool":"Pencil","time":1574051235151,"_children":[{"type":"child","parent":"lk33xgpw1b","x":586,"y":436,"tool":"Pencil"},{"type":"child","parent":"lk33xgpw1b","x":597,"y":462,"tool":"Pencil"},{"type":"child","parent":"lk33xgpw1b","x":612,"y":525,"tool":"Pencil"}]},"lk33xgq8a4":{"type":"line","id":"lk33xgq8a4","color":"#001f3f","size":10,"tool":"Pencil","time":1574051235593,"_children":[{"type":"child","parent":"lk33xgq8a4","x":504,"y":584,"tool":"Pencil"},{"type":"child","parent":"lk33xgq8a4","x":538,"y":596,"tool":"Pencil"},{"type":"child","parent":"lk33xgq8a4","x":635,"y":565,"tool":"Pencil"},{"type":"child","parent":"lk33xgq8a4","x":659,"y":527,"tool":"Pencil"}]},"lk33xgql51":{"type":"line","id":"lk33xgql51","color":"#001f3f","size":10,"tool":"Pencil","time":1574051236055,"_children":[{"type":"child","parent":"lk33xgql51","x":659,"y":530,"tool":"Pencil"},{"type":"child","parent":"lk33xgql51","x":668,"y":553,"tool":"Pencil"},{"type":"child","parent":"lk33xgql51","x":668,"y":625,"tool":"Pencil"},{"type":"child","parent":"lk33xgql51","x":628,"y":650,"tool":"Pencil"},{"type":"child","parent":"lk33xgql51","x":558,"y":648,"tool":"Pencil"},{"type":"child","parent":"lk33xgql51","x":501,"y":607,"tool":"Pencil"},{"type":"child","parent":"lk33xgql51","x":485,"y":578,"tool":"Pencil"},{"type":"child","parent":"lk33xgql51","x":485,"y":574,"tool":"Pencil"}]}}