{"tk85sboqs3":{"type":"new","id":"tk85sboqs3","color":"#7fdbff","size":27,"x":221,"y":109.5,"tool":"Text","time":1585047446387,"txt":"Traduction de \"Deutschland schuldet seinen Nachbarn Dankbarkeit\"."},"tk85scr2j10":{"type":"new","id":"tk85scr2j10","color":"#7fdbff","size":27,"x":221,"y":150,"tool":"Text","time":1585047496058,"txt":""},"sk85scznf3":{"type":"straight","id":"sk85scznf3","color":"#7fdbff","size":10,"x":252,"y":125,"tool":"Straight line","time":1585047507177,"x2":1029,"y2":120},"tk85sdfh2k":{"type":"new","id":"tk85sdfh2k","color":"#7fdbff","size":27,"x":239,"y":229,"tool":"Text","time":1585047527689,"txt":""},"tk85srvpqj":{"type":"new","id":"tk85srvpqj","color":"#7fdbff","size":27,"x":238,"y":200.5,"tool":"Text","time":1585048201924,"txt":"Première partie du texte!"},"tk85ss5msr":{"type":"new","id":"tk85ss5msr","color":"#7fdbff","size":27,"x":238,"y":241,"tool":"Text","time":1585048214781,"txt":""},"lk85t37312":{"type":"line","id":"lk85t37312","color":"#f012be","size":10,"tool":"Pencil","time":1585048727784,"_children":[{"type":"child","parent":"lk85t37312","x":254,"y":188,"tool":"Pencil"},{"type":"child","parent":"lk85t37312","x":254,"y":188,"tool":"Pencil"}]},"lk85t38tqj":{"type":"line","id":"lk85t38tqj","color":"#f012be","size":10,"tool":"Pencil","time":1585048730041,"_children":[{"type":"child","parent":"lk85t38tqj","x":280,"y":182,"tool":"Pencil"},{"type":"child","parent":"lk85t38tqj","x":280,"y":182,"tool":"Pencil"}]},"tk85t55tv0":{"type":"new","id":"tk85t55tv0","color":"#7fdbff","size":27,"x":576,"y":210.5,"tool":"Text","time":1585048821564},"tk85tdcw2a":{"type":"new","id":"tk85tdcw2a","color":"#7fdbff","size":27,"x":535,"y":212.5,"tool":"Text","time":1585049203962},"tk85tdod2k":{"type":"new","id":"tk85tdod2k","color":"#f012be","size":27,"x":275,"y":254.5,"tool":"Text","time":1585049216741,"txt":"L'Allemagne doit être reconnaissante envers ses voisins. "},"tk85tgxwnm":{"type":"new","id":"tk85tgxwnm","color":"#f012be","size":27,"x":275,"y":295,"tool":"Text","time":1585049369070,"txt":"La commémoration de la chute du Mur suscite/ éveille de vifs souvenirs et non seulement parmi de nombreux Allemands"},"tk85tlwk3i":{"type":"new","id":"tk85tlwk3i","color":"#7fdbff","size":27,"x":885,"y":263.5,"tool":"Text","time":1585049602704},"lk85tmluod":{"type":"line","id":"lk85tmluod","color":"#f012be","size":10,"tool":"Pencil","time":1585049633384,"_children":[{"type":"child","parent":"lk85tmluod","x":123,"y":140,"tool":"Pencil"},{"type":"child","parent":"lk85tmluod","x":123,"y":140,"tool":"Pencil"}]},"lk85tmmto7":{"type":"line","id":"lk85tmmto7","color":"#f012be","size":10,"tool":"Pencil","time":1585049634646,"_children":[{"type":"child","parent":"lk85tmmto7","x":139,"y":135,"tool":"Pencil"},{"type":"child","parent":"lk85tmmto7","x":139,"y":135,"tool":"Pencil"}]},"lk85tmoa13":{"type":"line","id":"lk85tmoa13","color":"#f012be","size":10,"tool":"Pencil","time":1585049636528,"_children":[{"type":"child","parent":"lk85tmoa13","x":114,"y":169,"tool":"Pencil"},{"type":"child","parent":"lk85tmoa13","x":115,"y":169,"tool":"Pencil"},{"type":"child","parent":"lk85tmoa13","x":121,"y":174,"tool":"Pencil"},{"type":"child","parent":"lk85tmoa13","x":125,"y":177,"tool":"Pencil"},{"type":"child","parent":"lk85tmoa13","x":128,"y":177,"tool":"Pencil"},{"type":"child","parent":"lk85tmoa13","x":132,"y":176,"tool":"Pencil"},{"type":"child","parent":"lk85tmoa13","x":138,"y":173,"tool":"Pencil"},{"type":"child","parent":"lk85tmoa13","x":144,"y":170,"tool":"Pencil"},{"type":"child","parent":"lk85tmoa13","x":149,"y":166,"tool":"Pencil"},{"type":"child","parent":"lk85tmoa13","x":152,"y":163,"tool":"Pencil"},{"type":"child","parent":"lk85tmoa13","x":154,"y":159,"tool":"Pencil"},{"type":"child","parent":"lk85tmoa13","x":156,"y":153,"tool":"Pencil"},{"type":"child","parent":"lk85tmoa13","x":156,"y":148,"tool":"Pencil"},{"type":"child","parent":"lk85tmoa13","x":157,"y":145,"tool":"Pencil"},{"type":"child","parent":"lk85tmoa13","x":157,"y":143,"tool":"Pencil"},{"type":"child","parent":"lk85tmoa13","x":157,"y":142,"tool":"Pencil"},{"type":"child","parent":"lk85tmoa13","x":157,"y":143,"tool":"Pencil"}]},"tk85tvm4aw":{"type":"new","id":"tk85tvm4aw","color":"#7fdbff","size":27,"x":589,"y":281.5,"tool":"Text","time":1585050055734},"tk85tzjpr2":{"type":"new","id":"tk85tzjpr2","color":"#001f3f","size":27,"x":316,"y":386.5,"tool":"Text","time":1585050238930,"txt":"Le 10 septembre 1989, la Hongrie était le premier pays à ouvrir ses frontières et à permettre / pour permettre à des milliers de citoyens de quitter la R.D.A. pour se rendre en République fédérale d'Allemagne."},"tk85tzkik5":{"type":"new","id":"tk85tzkik5","color":"#7fdbff","size":27,"x":254,"y":367.5,"tool":"Text","time":1585050240281,"txt":""},"tk85u06mse":{"type":"new","id":"tk85u06mse","color":"#7fdbff","size":27,"x":268,"y":395.5,"tool":"Text","time":1585050268966},"tk85u1lkam":{"type":"new","id":"tk85u1lkam","color":"#001f3f","size":27,"x":316,"y":427,"tool":"Text","time":1585050334950,"txt":""},"tk85u1m7lm":{"type":"new","id":"tk85u1m7lm","color":"#001f3f","size":27,"x":316,"y":467.5,"tool":"Text","time":1585050335790},"tk85u302zg":{"type":"new","id":"tk85u302zg","color":"#7fdbff","size":27,"x":314,"y":426.5,"tool":"Text","time":1585050400422},"tk85u30irb":{"type":"new","id":"tk85u30irb","color":"#7fdbff","size":27,"x":311,"y":443.5,"tool":"Text","time":1585050400991},"tk85u3yytr":{"type":"new","id":"tk85u3yytr","color":"#001f3f","size":27,"x":316,"y":427,"tool":"Text","time":1585050445634},"tk85u4617n":{"type":"new","id":"tk85u4617n","color":"#001f3f","size":27,"x":316,"y":427,"tool":"Text","time":1585050454793,"txt":""},"tk85u497e2":{"type":"new","id":"tk85u497e2","color":"#7fdbff","size":27,"x":417,"y":365.5,"tool":"Text","time":1585050458905},"tk85u787dh":{"type":"new","id":"tk85u787dh","color":"#001f3f","size":27,"x":316,"y":427,"tool":"Text","time":1585050597575,"txt":""},"tk85u9z5d4":{"type":"new","id":"tk85u9z5d4","color":"#001f3f","size":27,"x":316,"y":427,"tool":"Text","time":1585050725807},"tk85ucr637":{"type":"new","id":"tk85ucr637","color":"#f012be","size":27,"x":275,"y":335.5,"tool":"Text","time":1585050855436,"txt":""},"tk85ud7teq":{"type":"new","id":"tk85ud7teq","color":"#7fdbff","size":27,"x":311,"y":436.5,"tool":"Text","time":1585050877010},"tk85ud8qqs":{"type":"new","id":"tk85ud8qqs","color":"#7fdbff","size":27,"x":317,"y":448.5,"tool":"Text","time":1585050878211},"tk85uefsqz":{"type":"new","id":"tk85uefsqz","color":"#7fdbff","size":27,"x":307,"y":415.5,"tool":"Text","time":1585050934014,"txt":"Le 30 septembre 1989, près de 4000 réfugiés originaires de RDA se sont pris dans les bras à Prague après que HD G, ministre des Affaires étrangères, a déclaré du haut du balcon de l'ambassade de RFA: « Nous sommes venus vous voir pour vous communiquer/informer  qu'aujourd'hui vot"},"tk85ugwlmk":{"type":"new","id":"tk85ugwlmk","color":"#7fdbff","size":27,"x":307,"y":456,"tool":"Text","time":1585051049101},"tk85uhi3uc":{"type":"new","id":"tk85uhi3uc","color":"#7fdbff","size":27,"x":307,"y":456,"tool":"Text","time":1585051076972},"tk85uo6z610":{"type":"new","id":"tk85uo6z610","color":"#7fdbff","size":27,"x":307,"y":456,"tool":"Text","time":1585051389143,"txt":""},"tk85uqqwsx":{"type":"new","id":"tk85uqqwsx","color":"#7fdbff","size":27,"x":307,"y":456,"tool":"Text","time":1585051508290,"txt":"de sortie du territoire  a été .... »"},"tk85ur2sk3":{"type":"new","id":"tk85ur2sk3","color":"#7fdbff","size":27,"x":307,"y":496.5,"tool":"Text","time":1585051523694},"tk85uriec2":{"type":"new","id":"tk85uriec2","color":"#7fdbff","size":27,"x":307,"y":456,"tool":"Text","time":1585051543921},"tk85uz1mnf":{"type":"new","id":"tk85uz1mnf","color":"#f012be","size":27,"x":708,"y":483.5,"tool":"Text","time":1585051893392,"txt":""},"tk85uz25yu":{"type":"new","id":"tk85uz25yu","color":"#f012be","size":27,"x":707,"y":483.5,"tool":"Text","time":1585051894041},"tk85x3p38w":{"type":"new","id":"tk85x3p38w","color":"#7fdbff","size":27,"x":747,"y":542.5,"tool":"Text","time":1585055471721,"txt":""}}