{"ljpdwgdlgv":{"type":"line","id":"ljpdwgdlgv","color":"#3d9970","size":10,"tool":"Pencil","time":1544179248361,"_children":[{"type":"child","parent":"ljpdwgdlgv","x":736,"y":260,"tool":"Pencil"},{"type":"child","parent":"ljpdwgdlgv","x":614,"y":298,"tool":"Pencil"},{"type":"child","parent":"ljpdwgdlgv","x":613,"y":330,"tool":"Pencil"},{"type":"child","parent":"ljpdwgdlgv","x":1154,"y":519,"tool":"Pencil"},{"type":"child","parent":"ljpdwgdlgv","x":1138,"y":273,"tool":"Pencil"}]},"ljpdwggv8w":{"type":"line","id":"ljpdwggv8w","color":"#3d9970","size":10,"tool":"Pencil","time":1544179252639,"_children":[{"type":"child","parent":"ljpdwggv8w","x":430,"y":247,"tool":"Pencil"}]},"ljpdwgmls1":{"type":"line","id":"ljpdwgmls1","color":"#3d9970","size":10,"tool":"Pencil","time":1544179260009,"_children":[{"type":"child","parent":"ljpdwgmls1","x":886,"y":194,"tool":"Pencil"},{"type":"child","parent":"ljpdwgmls1","x":926,"y":240,"tool":"Pencil"},{"type":"child","parent":"ljpdwgmls1","x":1064,"y":219,"tool":"Pencil"},{"type":"child","parent":"ljpdwgmls1","x":912,"y":172,"tool":"Pencil"},{"type":"child","parent":"ljpdwgmls1","x":889,"y":305,"tool":"Pencil"},{"type":"child","parent":"ljpdwgmls1","x":1053,"y":246,"tool":"Pencil"},{"type":"child","parent":"ljpdwgmls1","x":592,"y":82,"tool":"Pencil"},{"type":"child","parent":"ljpdwgmls1","x":523,"y":346,"tool":"Pencil"},{"type":"child","parent":"ljpdwgmls1","x":960,"y":426,"tool":"Pencil"},{"type":"child","parent":"ljpdwgmls1","x":858,"y":269,"tool":"Pencil"},{"type":"child","parent":"ljpdwgmls1","x":781,"y":398,"tool":"Pencil"},{"type":"child","parent":"ljpdwgmls1","x":1003,"y":489,"tool":"Pencil"},{"type":"child","parent":"ljpdwgmls1","x":994,"y":394,"tool":"Pencil"}]}}