{"tk2ot3cjyq":{"type":"new","id":"tk2ot3cjyq","color":"#2ecc40","size":45,"x":188,"y":146.5,"tool":"Text","time":1573136572376,"txt":"p7d, p1d, centrum, freemail, caspz, s24, trend"},"tk2ot4k2mo":{"type":"new","id":"tk2ot4k2mo","color":"#000000","size":45,"x":334,"y":239.5,"tool":"Text","time":1573136628786,"txt":""},"rk2ot4p8v10":{"type":"rect","id":"rk2ot4p8v10","color":"#000000","size":22,"x":152,"y":78,"x2":1147,"y2":197,"tool":"Rectangle","time":1573136635484},"rk2ot4qe0d":{"type":"rect","id":"rk2ot4qe0d","color":"#000000","size":22,"x":755,"y":342,"x2":755,"y2":342,"tool":"Rectangle","time":1573136636961},"tk2ot4u269":{"type":"new","id":"tk2ot4u269","color":"#000000","size":45,"x":176,"y":313.5,"tool":"Text","time":1573136641718,"txt":"cov, rev, adreq cpt, cpt, adreq"},"tk2ot5fr94":{"type":"new","id":"tk2ot5fr94","color":"#000000","size":45,"x":660,"y":319.5,"tool":"Text","time":1573136669866,"txt":""},"tk2ot5gmtu":{"type":"new","id":"tk2ot5gmtu","color":"#000000","size":45,"x":652,"y":328.5,"tool":"Text","time":1573136670982},"tk2ot5i9pg":{"type":"new","id":"tk2ot5i9pg","color":"#000000","size":45,"x":640,"y":328.5,"tool":"Text","time":1573136673093},"tk2ot5j25h":{"type":"new","id":"tk2ot5j25h","color":"#000000","size":45,"x":657,"y":329.5,"tool":"Text","time":1573136674117},"tk2ot5ucuz":{"type":"new","id":"tk2ot5ucuz","color":"#000000","size":45,"x":513,"y":441.5,"tool":"Text","time":1573136688768,"txt":""},"rk2ot61utq":{"type":"rect","id":"rk2ot61utq","color":"#008080","size":22,"x":135,"y":256,"x2":1021,"y2":367,"tool":"Rectangle","time":1573136698498},"rk2ot63jyy":{"type":"rect","id":"rk2ot63jyy","color":"#008080","size":22,"x":1100,"y":438,"x2":1100,"y2":438,"tool":"Rectangle","time":1573136700686},"tk2ot6jwc5":{"type":"new","id":"tk2ot6jwc5","color":"#008080","size":45,"x":248,"y":463.5,"tool":"Text","time":1573136721864,"txt":""},"tk2ot6xf0v":{"type":"new","id":"tk2ot6xf0v","color":"#008080","size":45,"x":215,"y":476.5,"tool":"Text","time":1573136739406},"tk2ot7ke5f":{"type":"new","id":"tk2ot7ke5f","color":"#008080","size":45,"x":164,"y":452.5,"tool":"Text","time":1573136769158},"tk2ot7mc4t":{"type":"new","id":"tk2ot7mc4t","color":"#008080","size":45,"x":146,"y":449.5,"tool":"Text","time":1573136771686,"txt":"devicec, "},"tk2ot7u1oa":{"type":"new","id":"tk2ot7u1oa","color":"#008080","size":45,"x":347,"y":456.5,"tool":"Text","time":1573136781678,"txt":"pozicie"},"rk2ot82tgt":{"type":"rect","id":"rk2ot82tgt","color":"#008080","size":22,"x":114,"y":403,"x2":556,"y2":493,"tool":"Rectangle","time":1573136793038},"lk2yvydddc":{"type":"line","id":"lk2yvydddc","color":"#c72812","size":26,"tool":"Pencil","time":1573746031192,"_children":[{"type":"child","parent":"lk2yvydddc","x":191,"y":243,"tool":"Pencil"},{"type":"child","parent":"lk2yvydddc","x":192,"y":243,"tool":"Pencil"},{"type":"child","parent":"lk2yvydddc","x":199,"y":247,"tool":"Pencil"},{"type":"child","parent":"lk2yvydddc","x":200,"y":249,"tool":"Pencil"},{"type":"child","parent":"lk2yvydddc","x":204,"y":257,"tool":"Pencil"},{"type":"child","parent":"lk2yvydddc","x":204,"y":258,"tool":"Pencil"},{"type":"child","parent":"lk2yvydddc","x":205,"y":258,"tool":"Pencil"},{"type":"child","parent":"lk2yvydddc","x":219,"y":250,"tool":"Pencil"},{"type":"child","parent":"lk2yvydddc","x":227,"y":238,"tool":"Pencil"},{"type":"child","parent":"lk2yvydddc","x":232,"y":230,"tool":"Pencil"},{"type":"child","parent":"lk2yvydddc","x":232,"y":227,"tool":"Pencil"}]},"lk2yvyfrl9":{"type":"line","id":"lk2yvyfrl9","color":"#c72812","size":26,"tool":"Pencil","time":1573746034295,"_children":[{"type":"child","parent":"lk2yvyfrl9","x":403,"y":234,"tool":"Pencil"},{"type":"child","parent":"lk2yvyfrl9","x":408,"y":234,"tool":"Pencil"},{"type":"child","parent":"lk2yvyfrl9","x":426,"y":246,"tool":"Pencil"},{"type":"child","parent":"lk2yvyfrl9","x":440,"y":261,"tool":"Pencil"},{"type":"child","parent":"lk2yvyfrl9","x":450,"y":268,"tool":"Pencil"},{"type":"child","parent":"lk2yvyfrl9","x":455,"y":270,"tool":"Pencil"},{"type":"child","parent":"lk2yvyfrl9","x":472,"y":246,"tool":"Pencil"},{"type":"child","parent":"lk2yvyfrl9","x":477,"y":240,"tool":"Pencil"},{"type":"child","parent":"lk2yvyfrl9","x":478,"y":238,"tool":"Pencil"}]},"lk2yvygv5o":{"type":"line","id":"lk2yvygv5o","color":"#c72812","size":26,"tool":"Pencil","time":1573746035725,"_children":[{"type":"child","parent":"lk2yvygv5o","x":579,"y":247,"tool":"Pencil"},{"type":"child","parent":"lk2yvygv5o","x":580,"y":247,"tool":"Pencil"},{"type":"child","parent":"lk2yvygv5o","x":586,"y":254,"tool":"Pencil"},{"type":"child","parent":"lk2yvygv5o","x":588,"y":262,"tool":"Pencil"},{"type":"child","parent":"lk2yvygv5o","x":594,"y":269,"tool":"Pencil"},{"type":"child","parent":"lk2yvygv5o","x":597,"y":270,"tool":"Pencil"},{"type":"child","parent":"lk2yvygv5o","x":608,"y":256,"tool":"Pencil"},{"type":"child","parent":"lk2yvygv5o","x":612,"y":250,"tool":"Pencil"},{"type":"child","parent":"lk2yvygv5o","x":615,"y":245,"tool":"Pencil"},{"type":"child","parent":"lk2yvygv5o","x":615,"y":245,"tool":"Pencil"}]},"lk2yvylsx2":{"type":"line","id":"lk2yvylsx2","color":"#76ca0f","size":26,"tool":"Pencil","time":1573746042119,"_children":[{"type":"child","parent":"lk2yvylsx2","x":640,"y":318,"tool":"Pencil"},{"type":"child","parent":"lk2yvylsx2","x":641,"y":319,"tool":"Pencil"}]},"lk2yvylxd7":{"type":"line","id":"lk2yvylxd7","color":"#76ca0f","size":26,"tool":"Pencil","time":1573746042300,"_children":[{"type":"child","parent":"lk2yvylxd7","x":643,"y":321,"tool":"Pencil"},{"type":"child","parent":"lk2yvylxd7","x":645,"y":321,"tool":"Pencil"},{"type":"child","parent":"lk2yvylxd7","x":656,"y":321,"tool":"Pencil"},{"type":"child","parent":"lk2yvylxd7","x":667,"y":321,"tool":"Pencil"},{"type":"child","parent":"lk2yvylxd7","x":673,"y":320,"tool":"Pencil"},{"type":"child","parent":"lk2yvylxd7","x":684,"y":320,"tool":"Pencil"},{"type":"child","parent":"lk2yvylxd7","x":705,"y":321,"tool":"Pencil"},{"type":"child","parent":"lk2yvylxd7","x":727,"y":323,"tool":"Pencil"},{"type":"child","parent":"lk2yvylxd7","x":764,"y":322,"tool":"Pencil"},{"type":"child","parent":"lk2yvylxd7","x":772,"y":318,"tool":"Pencil"},{"type":"child","parent":"lk2yvylxd7","x":776,"y":311,"tool":"Pencil"},{"type":"child","parent":"lk2yvylxd7","x":776,"y":310,"tool":"Pencil"}]},"lk2yvyntsx":{"type":"line","id":"lk2yvyntsx","color":"#76ca0f","size":26,"tool":"Pencil","time":1573746044747,"_children":[{"type":"child","parent":"lk2yvyntsx","x":264,"y":328,"tool":"Pencil"},{"type":"child","parent":"lk2yvyntsx","x":269,"y":328,"tool":"Pencil"},{"type":"child","parent":"lk2yvyntsx","x":290,"y":328,"tool":"Pencil"},{"type":"child","parent":"lk2yvyntsx","x":296,"y":328,"tool":"Pencil"},{"type":"child","parent":"lk2yvyntsx","x":304,"y":329,"tool":"Pencil"},{"type":"child","parent":"lk2yvyntsx","x":313,"y":329,"tool":"Pencil"},{"type":"child","parent":"lk2yvyntsx","x":323,"y":330,"tool":"Pencil"},{"type":"child","parent":"lk2yvyntsx","x":326,"y":330,"tool":"Pencil"}]},"lk2yw7x2ec":{"type":"line","id":"lk2yw7x2ec","color":"#76ca0f","size":26,"tool":"Pencil","time":1573746476632,"_children":[{"type":"child","parent":"lk2yw7x2ec","x":3680,"y":3210,"tool":"Pencil"},{"type":"child","parent":"lk2yw7x2ec","x":3680,"y":3210,"tool":"Pencil"}]},"sk2yw8wf0a":{"type":"straight","id":"sk2yw8wf0a","color":"#000000","size":5,"x":379.1,"y":588.8,"tool":"Straight line","time":1573746522437,"x2":386.558930220635,"y2":1284.0348961204813},"sk2yw8ydvf":{"type":"straight","id":"sk2yw8ydvf","color":"#000000","size":5,"x":469,"y":1282.5,"tool":"Straight line","time":1573746524991,"x2":468.96490371728197,"y2":1282.5366056932694},"sk2yw8yyc0":{"type":"straight","id":"sk2yw8yyc0","color":"#000000","size":5,"x":388.1,"y":1281,"tool":"Straight line","time":1573746525771,"x2":1432.3656484144458,"y2":1269.0519918483635},"sk2yw91j2x":{"type":"straight","id":"sk2yw91j2x","color":"#000000","size":5,"x":1634.6,"y":1194.1,"tool":"Straight line","time":1573746529071,"x2":1634.634856088034,"y2":1194.1374704877755},"rk2ywa43zu":{"type":"rect","id":"rk2ywa43zu","color":"#000000","size":13,"x":428.5,"y":617.3,"x2":482.44951756218785,"y2":1267.5537014211518,"tool":"Rectangle","time":1573746579080},"sk85p89jfs":{"type":"straight","id":"sk85p89jfs","color":"#008080","size":10,"x":725,"y":481,"tool":"Straight line","time":1585041739384,"x2":932,"y2":540},"sk85p8a4ay":{"type":"straight","id":"sk85p8a4ay","color":"#008080","size":10,"x":998,"y":511,"tool":"Straight line","time":1585041740121,"x2":1152,"y2":514},"sk85p8b2a5":{"type":"straight","id":"sk85p8b2a5","color":"#008080","size":10,"x":1152,"y":576,"tool":"Straight line","time":1585041741363,"x2":1152,"y2":577},"lk85p8cdmt":{"type":"line","id":"lk85p8cdmt","color":"#008080","size":10,"tool":"Pencil","time":1585041743063,"_children":[{"type":"child","parent":"lk85p8cdmt","x":665,"y":544,"tool":"Pencil"},{"type":"child","parent":"lk85p8cdmt","x":664,"y":544,"tool":"Pencil"},{"type":"child","parent":"lk85p8cdmt","x":613,"y":506,"tool":"Pencil"},{"type":"child","parent":"lk85p8cdmt","x":598,"y":431,"tool":"Pencil"},{"type":"child","parent":"lk85p8cdmt","x":772,"y":450,"tool":"Pencil"},{"type":"child","parent":"lk85p8cdmt","x":778,"y":508,"tool":"Pencil"},{"type":"child","parent":"lk85p8cdmt","x":742,"y":514,"tool":"Pencil"},{"type":"child","parent":"lk85p8cdmt","x":741,"y":481,"tool":"Pencil"},{"type":"child","parent":"lk85p8cdmt","x":660,"y":444,"tool":"Pencil"},{"type":"child","parent":"lk85p8cdmt","x":639,"y":466,"tool":"Pencil"},{"type":"child","parent":"lk85p8cdmt","x":789,"y":552,"tool":"Pencil"},{"type":"child","parent":"lk85p8cdmt","x":821,"y":564,"tool":"Pencil"},{"type":"child","parent":"lk85p8cdmt","x":867,"y":648,"tool":"Pencil"},{"type":"child","parent":"lk85p8cdmt","x":768,"y":665,"tool":"Pencil"},{"type":"child","parent":"lk85p8cdmt","x":648,"y":617,"tool":"Pencil"},{"type":"child","parent":"lk85p8cdmt","x":610,"y":572,"tool":"Pencil"},{"type":"child","parent":"lk85p8cdmt","x":656,"y":540,"tool":"Pencil"},{"type":"child","parent":"lk85p8cdmt","x":712,"y":581,"tool":"Pencil"},{"type":"child","parent":"lk85p8cdmt","x":730,"y":602,"tool":"Pencil"},{"type":"child","parent":"lk85p8cdmt","x":723,"y":586,"tool":"Pencil"},{"type":"child","parent":"lk85p8cdmt","x":667,"y":528,"tool":"Pencil"}]}}