{"ljp1jheklk":{"type":"line","id":"ljp1jheklk","color":"#1913b0","size":10,"tool":"Pencil","_children":[{"type":"child","parent":"ljp1jheklk","x":605,"y":397,"tool":"Pencil"}]},"tjp1ji54v8":{"type":"new","id":"tjp1ji54v8","color":"#1913b0","size":27,"x":754,"y":605,"tool":"Text","txt":""},"tjp1ji81gt":{"type":"new","id":"tjp1ji81gt","color":"#1913b0","size":27,"x":754,"y":605,"tool":"Text"},"tjp1jia4rk":{"type":"new","id":"tjp1jia4rk","color":"#1913b0","size":27,"x":564,"y":547,"tool":"Text"},"tjp1jieddr":{"type":"new","id":"tjp1jieddr","color":"#b013a1","size":43,"x":554,"y":560,"tool":"Text","txt":"Pinchelimouroux"},"tjp1jihfpy":{"type":"new","id":"tjp1jihfpy","color":"#b013a1","size":43,"x":554,"y":625,"tool":"Text","txt":""},"ljp1jivtkm":{"type":"line","id":"ljp1jivtkm","color":"#ff0043","size":21,"tool":"Pencil","_children":[{"type":"child","parent":"ljp1jivtkm","x":703,"y":477,"tool":"Pencil"},{"type":"child","parent":"ljp1jivtkm","x":701,"y":464,"tool":"Pencil"},{"type":"child","parent":"ljp1jivtkm","x":693,"y":442,"tool":"Pencil"},{"type":"child","parent":"ljp1jivtkm","x":672,"y":390,"tool":"Pencil"},{"type":"child","parent":"ljp1jivtkm","x":649,"y":343,"tool":"Pencil"},{"type":"child","parent":"ljp1jivtkm","x":604,"y":310,"tool":"Pencil"},{"type":"child","parent":"ljp1jivtkm","x":539,"y":302,"tool":"Pencil"},{"type":"child","parent":"ljp1jivtkm","x":481,"y":319,"tool":"Pencil"},{"type":"child","parent":"ljp1jivtkm","x":454,"y":339,"tool":"Pencil"},{"type":"child","parent":"ljp1jivtkm","x":435,"y":375,"tool":"Pencil"},{"type":"child","parent":"ljp1jivtkm","x":432,"y":403,"tool":"Pencil"},{"type":"child","parent":"ljp1jivtkm","x":432,"y":432,"tool":"Pencil"},{"type":"child","parent":"ljp1jivtkm","x":432,"y":483,"tool":"Pencil"},{"type":"child","parent":"ljp1jivtkm","x":441,"y":544,"tool":"Pencil"},{"type":"child","parent":"ljp1jivtkm","x":462,"y":586,"tool":"Pencil"},{"type":"child","parent":"ljp1jivtkm","x":494,"y":630,"tool":"Pencil"},{"type":"child","parent":"ljp1jivtkm","x":547,"y":686,"tool":"Pencil"},{"type":"child","parent":"ljp1jivtkm","x":595,"y":736,"tool":"Pencil"},{"type":"child","parent":"ljp1jivtkm","x":638,"y":773,"tool":"Pencil"},{"type":"child","parent":"ljp1jivtkm","x":659,"y":793,"tool":"Pencil"},{"type":"child","parent":"ljp1jivtkm","x":686,"y":818,"tool":"Pencil"},{"type":"child","parent":"ljp1jivtkm","x":708,"y":840,"tool":"Pencil"},{"type":"child","parent":"ljp1jivtkm","x":711,"y":842,"tool":"Pencil"},{"type":"child","parent":"ljp1jivtkm","x":711,"y":842,"tool":"Pencil"}]},"ljp1jiyti9":{"type":"line","id":"ljp1jiyti9","color":"#ff0043","size":21,"tool":"Pencil","_children":[{"type":"child","parent":"ljp1jiyti9","x":703,"y":467,"tool":"Pencil"},{"type":"child","parent":"ljp1jiyti9","x":703,"y":465,"tool":"Pencil"},{"type":"child","parent":"ljp1jiyti9","x":703,"y":462,"tool":"Pencil"},{"type":"child","parent":"ljp1jiyti9","x":711,"y":450,"tool":"Pencil"},{"type":"child","parent":"ljp1jiyti9","x":728,"y":417,"tool":"Pencil"},{"type":"child","parent":"ljp1jiyti9","x":754,"y":377,"tool":"Pencil"},{"type":"child","parent":"ljp1jiyti9","x":795,"y":335,"tool":"Pencil"},{"type":"child","parent":"ljp1jiyti9","x":843,"y":303,"tool":"Pencil"},{"type":"child","parent":"ljp1jiyti9","x":904,"y":283,"tool":"Pencil"},{"type":"child","parent":"ljp1jiyti9","x":974,"y":281,"tool":"Pencil"},{"type":"child","parent":"ljp1jiyti9","x":1020,"y":302,"tool":"Pencil"},{"type":"child","parent":"ljp1jiyti9","x":1041,"y":330,"tool":"Pencil"},{"type":"child","parent":"ljp1jiyti9","x":1047,"y":377,"tool":"Pencil"},{"type":"child","parent":"ljp1jiyti9","x":1047,"y":420,"tool":"Pencil"},{"type":"child","parent":"ljp1jiyti9","x":1045,"y":479,"tool":"Pencil"},{"type":"child","parent":"ljp1jiyti9","x":1028,"y":532,"tool":"Pencil"},{"type":"child","parent":"ljp1jiyti9","x":1011,"y":583,"tool":"Pencil"},{"type":"child","parent":"ljp1jiyti9","x":986,"y":625,"tool":"Pencil"},{"type":"child","parent":"ljp1jiyti9","x":962,"y":656,"tool":"Pencil"},{"type":"child","parent":"ljp1jiyti9","x":910,"y":708,"tool":"Pencil"},{"type":"child","parent":"ljp1jiyti9","x":866,"y":751,"tool":"Pencil"},{"type":"child","parent":"ljp1jiyti9","x":836,"y":779,"tool":"Pencil"},{"type":"child","parent":"ljp1jiyti9","x":810,"y":800,"tool":"Pencil"},{"type":"child","parent":"ljp1jiyti9","x":784,"y":824,"tool":"Pencil"},{"type":"child","parent":"ljp1jiyti9","x":766,"y":831,"tool":"Pencil"},{"type":"child","parent":"ljp1jiyti9","x":753,"y":834,"tool":"Pencil"},{"type":"child","parent":"ljp1jiyti9","x":746,"y":837,"tool":"Pencil"},{"type":"child","parent":"ljp1jiyti9","x":738,"y":838,"tool":"Pencil"},{"type":"child","parent":"ljp1jiyti9","x":733,"y":840,"tool":"Pencil"},{"type":"child","parent":"ljp1jiyti9","x":727,"y":843,"tool":"Pencil"},{"type":"child","parent":"ljp1jiyti9","x":723,"y":846,"tool":"Pencil"},{"type":"child","parent":"ljp1jiyti9","x":721,"y":847,"tool":"Pencil"},{"type":"child","parent":"ljp1jiyti9","x":720,"y":847,"tool":"Pencil"},{"type":"child","parent":"ljp1jiyti9","x":719,"y":847,"tool":"Pencil"},{"type":"child","parent":"ljp1jiyti9","x":719,"y":847,"tool":"Pencil"}]},"rjp1jja5qs":{"type":"rect","id":"rjp1jja5qs","color":"#ff0043","size":21,"x":557,"y":585,"x2":925,"y2":686,"tool":"Rectangle"},"ljp1jjw0sq":{"type":"line","id":"ljp1jjw0sq","color":"#160005","size":1,"tool":"Pencil","_children":[{"type":"child","parent":"ljp1jjw0sq","x":719,"y":602,"tool":"Pencil"},{"type":"child","parent":"ljp1jjw0sq","x":712,"y":602,"tool":"Pencil"},{"type":"child","parent":"ljp1jjw0sq","x":706,"y":602,"tool":"Pencil"},{"type":"child","parent":"ljp1jjw0sq","x":700,"y":606,"tool":"Pencil"},{"type":"child","parent":"ljp1jjw0sq","x":699,"y":616,"tool":"Pencil"},{"type":"child","parent":"ljp1jjw0sq","x":697,"y":626,"tool":"Pencil"},{"type":"child","parent":"ljp1jjw0sq","x":697,"y":637,"tool":"Pencil"},{"type":"child","parent":"ljp1jjw0sq","x":697,"y":648,"tool":"Pencil"},{"type":"child","parent":"ljp1jjw0sq","x":698,"y":650,"tool":"Pencil"},{"type":"child","parent":"ljp1jjw0sq","x":710,"y":652,"tool":"Pencil"},{"type":"child","parent":"ljp1jjw0sq","x":726,"y":654,"tool":"Pencil"},{"type":"child","parent":"ljp1jjw0sq","x":752,"y":658,"tool":"Pencil"},{"type":"child","parent":"ljp1jjw0sq","x":767,"y":658,"tool":"Pencil"},{"type":"child","parent":"ljp1jjw0sq","x":780,"y":652,"tool":"Pencil"},{"type":"child","parent":"ljp1jjw0sq","x":794,"y":630,"tool":"Pencil"},{"type":"child","parent":"ljp1jjw0sq","x":795,"y":613,"tool":"Pencil"},{"type":"child","parent":"ljp1jjw0sq","x":794,"y":603,"tool":"Pencil"},{"type":"child","parent":"ljp1jjw0sq","x":791,"y":602,"tool":"Pencil"},{"type":"child","parent":"ljp1jjw0sq","x":782,"y":600,"tool":"Pencil"},{"type":"child","parent":"ljp1jjw0sq","x":771,"y":599,"tool":"Pencil"},{"type":"child","parent":"ljp1jjw0sq","x":762,"y":599,"tool":"Pencil"},{"type":"child","parent":"ljp1jjw0sq","x":751,"y":598,"tool":"Pencil"},{"type":"child","parent":"ljp1jjw0sq","x":742,"y":598,"tool":"Pencil"},{"type":"child","parent":"ljp1jjw0sq","x":735,"y":598,"tool":"Pencil"},{"type":"child","parent":"ljp1jjw0sq","x":730,"y":598,"tool":"Pencil"},{"type":"child","parent":"ljp1jjw0sq","x":727,"y":598,"tool":"Pencil"},{"type":"child","parent":"ljp1jjw0sq","x":723,"y":598,"tool":"Pencil"},{"type":"child","parent":"ljp1jjw0sq","x":721,"y":598,"tool":"Pencil"},{"type":"child","parent":"ljp1jjw0sq","x":720,"y":598,"tool":"Pencil"},{"type":"child","parent":"ljp1jjw0sq","x":718,"y":598,"tool":"Pencil"},{"type":"child","parent":"ljp1jjw0sq","x":717,"y":599,"tool":"Pencil"},{"type":"child","parent":"ljp1jjw0sq","x":717,"y":601,"tool":"Pencil"},{"type":"child","parent":"ljp1jjw0sq","x":717,"y":603,"tool":"Pencil"},{"type":"child","parent":"ljp1jjw0sq","x":716,"y":608,"tool":"Pencil"}]},"ljp1jjyz01":{"type":"line","id":"ljp1jjyz01","color":"#160005","size":1,"tool":"Pencil","_children":[{"type":"child","parent":"ljp1jjyz01","x":740,"y":614,"tool":"Pencil"},{"type":"child","parent":"ljp1jjyz01","x":735,"y":615,"tool":"Pencil"},{"type":"child","parent":"ljp1jjyz01","x":727,"y":613,"tool":"Pencil"},{"type":"child","parent":"ljp1jjyz01","x":725,"y":614,"tool":"Pencil"},{"type":"child","parent":"ljp1jjyz01","x":729,"y":615,"tool":"Pencil"},{"type":"child","parent":"ljp1jjyz01","x":732,"y":616,"tool":"Pencil"},{"type":"child","parent":"ljp1jjyz01","x":732,"y":616,"tool":"Pencil"},{"type":"child","parent":"ljp1jjyz01","x":733,"y":619,"tool":"Pencil"},{"type":"child","parent":"ljp1jjyz01","x":734,"y":622,"tool":"Pencil"},{"type":"child","parent":"ljp1jjyz01","x":734,"y":623,"tool":"Pencil"},{"type":"child","parent":"ljp1jjyz01","x":737,"y":624,"tool":"Pencil"},{"type":"child","parent":"ljp1jjyz01","x":739,"y":624,"tool":"Pencil"},{"type":"child","parent":"ljp1jjyz01","x":742,"y":624,"tool":"Pencil"},{"type":"child","parent":"ljp1jjyz01","x":743,"y":620,"tool":"Pencil"},{"type":"child","parent":"ljp1jjyz01","x":744,"y":617,"tool":"Pencil"},{"type":"child","parent":"ljp1jjyz01","x":744,"y":615,"tool":"Pencil"},{"type":"child","parent":"ljp1jjyz01","x":743,"y":615,"tool":"Pencil"},{"type":"child","parent":"ljp1jjyz01","x":741,"y":614,"tool":"Pencil"}]},"ljp1jk2noo":{"type":"line","id":"ljp1jk2noo","color":"#160005","size":1,"tool":"Pencil","_children":[{"type":"child","parent":"ljp1jk2noo","x":768,"y":615,"tool":"Pencil"},{"type":"child","parent":"ljp1jk2noo","x":767,"y":615,"tool":"Pencil"},{"type":"child","parent":"ljp1jk2noo","x":756,"y":613,"tool":"Pencil"},{"type":"child","parent":"ljp1jk2noo","x":751,"y":612,"tool":"Pencil"},{"type":"child","parent":"ljp1jk2noo","x":749,"y":615,"tool":"Pencil"},{"type":"child","parent":"ljp1jk2noo","x":748,"y":620,"tool":"Pencil"},{"type":"child","parent":"ljp1jk2noo","x":749,"y":624,"tool":"Pencil"},{"type":"child","parent":"ljp1jk2noo","x":756,"y":626,"tool":"Pencil"},{"type":"child","parent":"ljp1jk2noo","x":760,"y":627,"tool":"Pencil"},{"type":"child","parent":"ljp1jk2noo","x":763,"y":627,"tool":"Pencil"},{"type":"child","parent":"ljp1jk2noo","x":766,"y":623,"tool":"Pencil"},{"type":"child","parent":"ljp1jk2noo","x":767,"y":615,"tool":"Pencil"},{"type":"child","parent":"ljp1jk2noo","x":769,"y":609,"tool":"Pencil"}]},"ljp1jk491d":{"type":"line","id":"ljp1jk491d","color":"#160005","size":1,"tool":"Pencil","_children":[{"type":"child","parent":"ljp1jk491d","x":714,"y":628,"tool":"Pencil"},{"type":"child","parent":"ljp1jk491d","x":719,"y":629,"tool":"Pencil"},{"type":"child","parent":"ljp1jk491d","x":723,"y":632,"tool":"Pencil"},{"type":"child","parent":"ljp1jk491d","x":728,"y":634,"tool":"Pencil"},{"type":"child","parent":"ljp1jk491d","x":735,"y":634,"tool":"Pencil"},{"type":"child","parent":"ljp1jk491d","x":746,"y":634,"tool":"Pencil"},{"type":"child","parent":"ljp1jk491d","x":753,"y":634,"tool":"Pencil"},{"type":"child","parent":"ljp1jk491d","x":767,"y":633,"tool":"Pencil"},{"type":"child","parent":"ljp1jk491d","x":778,"y":633,"tool":"Pencil"},{"type":"child","parent":"ljp1jk491d","x":781,"y":630,"tool":"Pencil"},{"type":"child","parent":"ljp1jk491d","x":781,"y":630,"tool":"Pencil"},{"type":"child","parent":"ljp1jk491d","x":781,"y":632,"tool":"Pencil"},{"type":"child","parent":"ljp1jk491d","x":781,"y":641,"tool":"Pencil"},{"type":"child","parent":"ljp1jk491d","x":781,"y":644,"tool":"Pencil"},{"type":"child","parent":"ljp1jk491d","x":778,"y":647,"tool":"Pencil"},{"type":"child","parent":"ljp1jk491d","x":772,"y":650,"tool":"Pencil"},{"type":"child","parent":"ljp1jk491d","x":767,"y":651,"tool":"Pencil"},{"type":"child","parent":"ljp1jk491d","x":764,"y":652,"tool":"Pencil"},{"type":"child","parent":"ljp1jk491d","x":759,"y":652,"tool":"Pencil"},{"type":"child","parent":"ljp1jk491d","x":752,"y":653,"tool":"Pencil"},{"type":"child","parent":"ljp1jk491d","x":748,"y":653,"tool":"Pencil"},{"type":"child","parent":"ljp1jk491d","x":740,"y":653,"tool":"Pencil"},{"type":"child","parent":"ljp1jk491d","x":730,"y":654,"tool":"Pencil"},{"type":"child","parent":"ljp1jk491d","x":721,"y":651,"tool":"Pencil"},{"type":"child","parent":"ljp1jk491d","x":716,"y":645,"tool":"Pencil"},{"type":"child","parent":"ljp1jk491d","x":714,"y":643,"tool":"Pencil"},{"type":"child","parent":"ljp1jk491d","x":714,"y":641,"tool":"Pencil"},{"type":"child","parent":"ljp1jk491d","x":714,"y":638,"tool":"Pencil"},{"type":"child","parent":"ljp1jk491d","x":713,"y":634,"tool":"Pencil"},{"type":"child","parent":"ljp1jk491d","x":713,"y":630,"tool":"Pencil"},{"type":"child","parent":"ljp1jk491d","x":713,"y":629,"tool":"Pencil"},{"type":"child","parent":"ljp1jk491d","x":713,"y":627,"tool":"Pencil"},{"type":"child","parent":"ljp1jk491d","x":713,"y":625,"tool":"Pencil"},{"type":"child","parent":"ljp1jk491d","x":713,"y":625,"tool":"Pencil"}]},"ljp1jk7omn":{"type":"line","id":"ljp1jk7omn","color":"#160005","size":1,"tool":"Pencil","_children":[{"type":"child","parent":"ljp1jk7omn","x":737,"y":621,"tool":"Pencil"},{"type":"child","parent":"ljp1jk7omn","x":737,"y":620,"tool":"Pencil"},{"type":"child","parent":"ljp1jk7omn","x":737,"y":619,"tool":"Pencil"},{"type":"child","parent":"ljp1jk7omn","x":737,"y":619,"tool":"Pencil"},{"type":"child","parent":"ljp1jk7omn","x":735,"y":617,"tool":"Pencil"}]},"ljp1jk99r8":{"type":"line","id":"ljp1jk99r8","color":"#160005","size":1,"tool":"Pencil","_children":[{"type":"child","parent":"ljp1jk99r8","x":753,"y":616,"tool":"Pencil"},{"type":"child","parent":"ljp1jk99r8","x":754,"y":617,"tool":"Pencil"},{"type":"child","parent":"ljp1jk99r8","x":755,"y":618,"tool":"Pencil"},{"type":"child","parent":"ljp1jk99r8","x":758,"y":619,"tool":"Pencil"},{"type":"child","parent":"ljp1jk99r8","x":759,"y":619,"tool":"Pencil"}]},"ljp1jkckm3":{"type":"line","id":"ljp1jkckm3","color":"#160005","size":1,"tool":"Pencil","_children":[{"type":"child","parent":"ljp1jkckm3","x":726,"y":650,"tool":"Pencil"},{"type":"child","parent":"ljp1jkckm3","x":731,"y":648,"tool":"Pencil"},{"type":"child","parent":"ljp1jkckm3","x":735,"y":648,"tool":"Pencil"},{"type":"child","parent":"ljp1jkckm3","x":740,"y":647,"tool":"Pencil"},{"type":"child","parent":"ljp1jkckm3","x":741,"y":647,"tool":"Pencil"},{"type":"child","parent":"ljp1jkckm3","x":745,"y":647,"tool":"Pencil"},{"type":"child","parent":"ljp1jkckm3","x":747,"y":647,"tool":"Pencil"},{"type":"child","parent":"ljp1jkckm3","x":750,"y":647,"tool":"Pencil"},{"type":"child","parent":"ljp1jkckm3","x":751,"y":647,"tool":"Pencil"},{"type":"child","parent":"ljp1jkckm3","x":753,"y":648,"tool":"Pencil"},{"type":"child","parent":"ljp1jkckm3","x":755,"y":650,"tool":"Pencil"},{"type":"child","parent":"ljp1jkckm3","x":757,"y":651,"tool":"Pencil"},{"type":"child","parent":"ljp1jkckm3","x":758,"y":651,"tool":"Pencil"},{"type":"child","parent":"ljp1jkckm3","x":759,"y":652,"tool":"Pencil"}]},"ljp1jkfwl1":{"type":"line","id":"ljp1jkfwl1","color":"#160005","size":1,"tool":"Pencil","_children":[{"type":"child","parent":"ljp1jkfwl1","x":714,"y":615,"tool":"Pencil"},{"type":"child","parent":"ljp1jkfwl1","x":724,"y":614,"tool":"Pencil"},{"type":"child","parent":"ljp1jkfwl1","x":729,"y":610,"tool":"Pencil"},{"type":"child","parent":"ljp1jkfwl1","x":731,"y":609,"tool":"Pencil"},{"type":"child","parent":"ljp1jkfwl1","x":731,"y":609,"tool":"Pencil"}]},"ljp1jkgxjh":{"type":"line","id":"ljp1jkgxjh","color":"#160005","size":1,"tool":"Pencil","_children":[{"type":"child","parent":"ljp1jkgxjh","x":765,"y":603,"tool":"Pencil"},{"type":"child","parent":"ljp1jkgxjh","x":766,"y":604,"tool":"Pencil"},{"type":"child","parent":"ljp1jkgxjh","x":770,"y":607,"tool":"Pencil"},{"type":"child","parent":"ljp1jkgxjh","x":771,"y":608,"tool":"Pencil"},{"type":"child","parent":"ljp1jkgxjh","x":773,"y":612,"tool":"Pencil"},{"type":"child","parent":"ljp1jkgxjh","x":774,"y":613,"tool":"Pencil"},{"type":"child","parent":"ljp1jkgxjh","x":776,"y":615,"tool":"Pencil"},{"type":"child","parent":"ljp1jkgxjh","x":776,"y":616,"tool":"Pencil"}]},"ljp1jkpf43":{"type":"line","id":"ljp1jkpf43","color":"#160005","size":1,"tool":"Pencil","_children":[{"type":"child","parent":"ljp1jkpf43","x":736,"y":659,"tool":"Pencil"},{"type":"child","parent":"ljp1jkpf43","x":735,"y":659,"tool":"Pencil"},{"type":"child","parent":"ljp1jkpf43","x":735,"y":660,"tool":"Pencil"},{"type":"child","parent":"ljp1jkpf43","x":735,"y":661,"tool":"Pencil"},{"type":"child","parent":"ljp1jkpf43","x":734,"y":665,"tool":"Pencil"},{"type":"child","parent":"ljp1jkpf43","x":734,"y":666,"tool":"Pencil"},{"type":"child","parent":"ljp1jkpf43","x":734,"y":668,"tool":"Pencil"},{"type":"child","parent":"ljp1jkpf43","x":734,"y":669,"tool":"Pencil"},{"type":"child","parent":"ljp1jkpf43","x":734,"y":671,"tool":"Pencil"},{"type":"child","parent":"ljp1jkpf43","x":733,"y":673,"tool":"Pencil"},{"type":"child","parent":"ljp1jkpf43","x":733,"y":673,"tool":"Pencil"}]},"ljp1jkqk2n":{"type":"line","id":"ljp1jkqk2n","color":"#160005","size":1,"tool":"Pencil","_children":[{"type":"child","parent":"ljp1jkqk2n","x":733,"y":673,"tool":"Pencil"},{"type":"child","parent":"ljp1jkqk2n","x":732,"y":673,"tool":"Pencil"},{"type":"child","parent":"ljp1jkqk2n","x":723,"y":671,"tool":"Pencil"},{"type":"child","parent":"ljp1jkqk2n","x":703,"y":666,"tool":"Pencil"},{"type":"child","parent":"ljp1jkqk2n","x":682,"y":662,"tool":"Pencil"},{"type":"child","parent":"ljp1jkqk2n","x":660,"y":657,"tool":"Pencil"},{"type":"child","parent":"ljp1jkqk2n","x":648,"y":651,"tool":"Pencil"},{"type":"child","parent":"ljp1jkqk2n","x":636,"y":640,"tool":"Pencil"},{"type":"child","parent":"ljp1jkqk2n","x":634,"y":634,"tool":"Pencil"}]},"ljp1jkskbd":{"type":"line","id":"ljp1jkskbd","color":"#160005","size":1,"tool":"Pencil","_children":[{"type":"child","parent":"ljp1jkskbd","x":730,"y":669,"tool":"Pencil"},{"type":"child","parent":"ljp1jkskbd","x":731,"y":669,"tool":"Pencil"},{"type":"child","parent":"ljp1jkskbd","x":740,"y":669,"tool":"Pencil"},{"type":"child","parent":"ljp1jkskbd","x":760,"y":671,"tool":"Pencil"},{"type":"child","parent":"ljp1jkskbd","x":779,"y":671,"tool":"Pencil"},{"type":"child","parent":"ljp1jkskbd","x":809,"y":670,"tool":"Pencil"},{"type":"child","parent":"ljp1jkskbd","x":832,"y":658,"tool":"Pencil"},{"type":"child","parent":"ljp1jkskbd","x":849,"y":645,"tool":"Pencil"},{"type":"child","parent":"ljp1jkskbd","x":859,"y":634,"tool":"Pencil"},{"type":"child","parent":"ljp1jkskbd","x":861,"y":629,"tool":"Pencil"}]}}