{"ljp1md8rk6":{"type":"line","id":"ljp1md8rk6","color":"#1913b0","size":"10","tool":"Pencil","_children":[{"type":"child","parent":"ljp1md8rk6","x":450,"y":267,"tool":"Pencil"},{"type":"child","parent":"ljp1md8rk6","x":407,"y":278,"tool":"Pencil"},{"type":"child","parent":"ljp1md8rk6","x":404,"y":278,"tool":"Pencil"},{"type":"child","parent":"ljp1md8rk6","x":601,"y":55,"tool":"Pencil"},{"type":"child","parent":"ljp1md8rk6","x":579,"y":128,"tool":"Pencil"},{"type":"child","parent":"ljp1md8rk6","x":526,"y":283,"tool":"Pencil"},{"type":"child","parent":"ljp1md8rk6","x":624,"y":246,"tool":"Pencil"},{"type":"child","parent":"ljp1md8rk6","x":631,"y":303,"tool":"Pencil"},{"type":"child","parent":"ljp1md8rk6","x":696,"y":316,"tool":"Pencil"},{"type":"child","parent":"ljp1md8rk6","x":712,"y":413,"tool":"Pencil"},{"type":"child","parent":"ljp1md8rk6","x":726,"y":467,"tool":"Pencil"},{"type":"child","parent":"ljp1md8rk6","x":851,"y":315,"tool":"Pencil"},{"type":"child","parent":"ljp1md8rk6","x":874,"y":386,"tool":"Pencil"},{"type":"child","parent":"ljp1md8rk6","x":912,"y":401,"tool":"Pencil"},{"type":"child","parent":"ljp1md8rk6","x":930,"y":406,"tool":"Pencil"},{"type":"child","parent":"ljp1md8rk6","x":953,"y":405,"tool":"Pencil"},{"type":"child","parent":"ljp1md8rk6","x":962,"y":396,"tool":"Pencil"}]},"ljp1mdaoiw":{"type":"line","id":"ljp1mdaoiw","color":"#1913b0","size":"10","tool":"Pencil","_children":[{"type":"child","parent":"ljp1mdaoiw","x":346,"y":109,"tool":"Pencil"},{"type":"child","parent":"ljp1mdaoiw","x":346,"y":108,"tool":"Pencil"},{"type":"child","parent":"ljp1mdaoiw","x":346,"y":114,"tool":"Pencil"},{"type":"child","parent":"ljp1mdaoiw","x":355,"y":236,"tool":"Pencil"},{"type":"child","parent":"ljp1mdaoiw","x":365,"y":348,"tool":"Pencil"},{"type":"child","parent":"ljp1mdaoiw","x":376,"y":452,"tool":"Pencil"},{"type":"child","parent":"ljp1mdaoiw","x":376,"y":456,"tool":"Pencil"},{"type":"child","parent":"ljp1mdaoiw","x":376,"y":458,"tool":"Pencil"},{"type":"child","parent":"ljp1mdaoiw","x":376,"y":458,"tool":"Pencil"}]},"ljp1mdc7tz":{"type":"line","id":"ljp1mdc7tz","color":"#1913b0","size":"10","tool":"Pencil","_children":[{"type":"child","parent":"ljp1mdc7tz","x":350,"y":107,"tool":"Pencil"},{"type":"child","parent":"ljp1mdc7tz","x":352,"y":106,"tool":"Pencil"},{"type":"child","parent":"ljp1mdc7tz","x":388,"y":103,"tool":"Pencil"},{"type":"child","parent":"ljp1mdc7tz","x":457,"y":94,"tool":"Pencil"},{"type":"child","parent":"ljp1mdc7tz","x":537,"y":91,"tool":"Pencil"},{"type":"child","parent":"ljp1mdc7tz","x":603,"y":97,"tool":"Pencil"},{"type":"child","parent":"ljp1mdc7tz","x":629,"y":104,"tool":"Pencil"},{"type":"child","parent":"ljp1mdc7tz","x":642,"y":106,"tool":"Pencil"},{"type":"child","parent":"ljp1mdc7tz","x":642,"y":106,"tool":"Pencil"}]},"ljp1mdd8ij":{"type":"line","id":"ljp1mdd8ij","color":"#1913b0","size":"10","tool":"Pencil","_children":[{"type":"child","parent":"ljp1mdd8ij","x":642,"y":108,"tool":"Pencil"},{"type":"child","parent":"ljp1mdd8ij","x":642,"y":108,"tool":"Pencil"},{"type":"child","parent":"ljp1mdd8ij","x":642,"y":118,"tool":"Pencil"},{"type":"child","parent":"ljp1mdd8ij","x":642,"y":187,"tool":"Pencil"},{"type":"child","parent":"ljp1mdd8ij","x":619,"y":374,"tool":"Pencil"},{"type":"child","parent":"ljp1mdd8ij","x":614,"y":493,"tool":"Pencil"},{"type":"child","parent":"ljp1mdd8ij","x":614,"y":506,"tool":"Pencil"}]},"ljp1mde34p":{"type":"line","id":"ljp1mde34p","color":"#1913b0","size":"10","tool":"Pencil","_children":[{"type":"child","parent":"ljp1mde34p","x":607,"y":506,"tool":"Pencil"},{"type":"child","parent":"ljp1mde34p","x":607,"y":506,"tool":"Pencil"},{"type":"child","parent":"ljp1mde34p","x":566,"y":506,"tool":"Pencil"},{"type":"child","parent":"ljp1mde34p","x":427,"y":493,"tool":"Pencil"},{"type":"child","parent":"ljp1mde34p","x":385,"y":491,"tool":"Pencil"},{"type":"child","parent":"ljp1mde34p","x":384,"y":491,"tool":"Pencil"},{"type":"child","parent":"ljp1mde34p","x":384,"y":490,"tool":"Pencil"},{"type":"child","parent":"ljp1mde34p","x":384,"y":490,"tool":"Pencil"},{"type":"child","parent":"ljp1mde34p","x":384,"y":490,"tool":"Pencil"}]},"ljp1mdfcbz":{"type":"line","id":"ljp1mdfcbz","color":"#1913b0","size":"10","tool":"Pencil","_children":[{"type":"child","parent":"ljp1mdfcbz","x":375,"y":468,"tool":"Pencil"},{"type":"child","parent":"ljp1mdfcbz","x":375,"y":469,"tool":"Pencil"},{"type":"child","parent":"ljp1mdfcbz","x":375,"y":482,"tool":"Pencil"},{"type":"child","parent":"ljp1mdfcbz","x":377,"y":489,"tool":"Pencil"},{"type":"child","parent":"ljp1mdfcbz","x":379,"y":497,"tool":"Pencil"},{"type":"child","parent":"ljp1mdfcbz","x":379,"y":497,"tool":"Pencil"},{"type":"child","parent":"ljp1mdfcbz","x":379,"y":497,"tool":"Pencil"}]},"tjp1mdj9ny":{"type":"new","id":"tjp1mdj9ny","color":"#1913b0","size":27,"x":301,"y":206.5,"tool":"Text"},"tjp1mdk7dc":{"type":"new","id":"tjp1mdk7dc","color":"#1913b0","size":27,"x":381,"y":209.5,"tool":"Text","txt":"hello"},"tjp1mdokgi":{"type":"new","id":"tjp1mdokgi","color":"#1913b0","size":27,"x":381,"y":279.5,"tool":"Text","txt":"world"},"tjp1mdrug2":{"type":"new","id":"tjp1mdrug2","color":"#1913b0","size":27,"x":381,"y":320,"tool":"Text","txt":""},"sjp1mdw2vg":{"type":"straight","id":"sjp1mdw2vg","color":"#1913b0","size":"10","x":417,"y":434,"tool":"Straight line","x2":785,"y2":224},"sjp1mdz8hc":{"type":"straight","id":"sjp1mdz8hc","color":"#1913b0","size":"10","x":813,"y":203,"tool":"Straight line","x2":765,"y2":565},"sjp1me0gov":{"type":"straight","id":"sjp1me0gov","color":"#1913b0","size":"10","x":764,"y":565,"tool":"Straight line","x2":416,"y2":439}}