{"tjp2n4zdpz":{"type":"new","id":"tjp2n4zdpz","color":"#1913b0","size":27,"x":295,"y":149,"tool":"Text"},"sjp2n52haf":{"type":"straight","id":"sjp2n52haf","color":"#1913b0","size":10,"x":342,"y":206,"tool":"Straight line","x2":628,"y2":437},"sjp2n534jk":{"type":"straight","id":"sjp2n534jk","color":"#1913b0","size":10,"x":678,"y":442,"tool":"Straight line","x2":918,"y2":221},"sjp2n53ifr":{"type":"straight","id":"sjp2n53ifr","color":"#1913b0","size":10,"x":1018,"y":172,"tool":"Straight line","x2":1110,"y2":126},"sjp2n53vtm":{"type":"straight","id":"sjp2n53vtm","color":"#1913b0","size":10,"x":1137,"y":197,"tool":"Straight line","x2":1048,"y2":400},"sjp2n5450g":{"type":"straight","id":"sjp2n5450g","color":"#1913b0","size":10,"x":926,"y":519,"tool":"Straight line","x2":679,"y2":300},"sjp2n54hqt":{"type":"straight","id":"sjp2n54hqt","color":"#1913b0","size":10,"x":587,"y":210,"tool":"Straight line","x2":1004,"y2":185},"sjp2n54uql":{"type":"straight","id":"sjp2n54uql","color":"#1913b0","size":10,"x":992,"y":208,"tool":"Straight line","x2":669,"y2":539},"sjp2n556tv":{"type":"straight","id":"sjp2n556tv","color":"#1913b0","size":10,"x":633,"y":556,"tool":"Straight line","x2":445,"y2":253},"sjp2n55gwo":{"type":"straight","id":"sjp2n55gwo","color":"#1913b0","size":10,"x":468,"y":211,"tool":"Straight line","x2":789,"y2":124},"sjp2n55qiv":{"type":"straight","id":"sjp2n55qiv","color":"#1913b0","size":10,"x":789,"y":124,"tool":"Straight line","x2":494,"y2":517},"rjp2n572st":{"type":"rect","id":"rjp2n572st","color":"#1913b0","size":10,"x":302,"y":240,"x2":559,"y2":416,"tool":"Rectangle"},"rjp2n59nt9":{"type":"rect","id":"rjp2n59nt9","color":"#1913b0","size":9,"x":228,"y":337,"x2":379,"y2":509,"tool":"Rectangle"},"rjp2n5a1x6":{"type":"rect","id":"rjp2n5a1x6","color":"#1913b0","size":9,"x":377,"y":518,"x2":168,"y2":386,"tool":"Rectangle"},"rjp2n5ayyp":{"type":"rect","id":"rjp2n5ayyp","color":"#1913b0","size":27,"x":272,"y":187,"x2":401,"y2":337,"tool":"Rectangle"},"ljp2n5cvbr":{"type":"line","id":"ljp2n5cvbr","color":"#1913b0","size":9,"tool":"Pencil","_children":[{"type":"child","parent":"ljp2n5cvbr","x":235,"y":93,"tool":"Pencil"},{"type":"child","parent":"ljp2n5cvbr","x":348,"y":113,"tool":"Pencil"},{"type":"child","parent":"ljp2n5cvbr","x":618,"y":217,"tool":"Pencil"},{"type":"child","parent":"ljp2n5cvbr","x":945,"y":200,"tool":"Pencil"},{"type":"child","parent":"ljp2n5cvbr","x":956,"y":105,"tool":"Pencil"},{"type":"child","parent":"ljp2n5cvbr","x":807,"y":124,"tool":"Pencil"},{"type":"child","parent":"ljp2n5cvbr","x":789,"y":235,"tool":"Pencil"},{"type":"child","parent":"ljp2n5cvbr","x":756,"y":412,"tool":"Pencil"},{"type":"child","parent":"ljp2n5cvbr","x":661,"y":430,"tool":"Pencil"}]}}