{"ljqyssetkh":{"type":"line","id":"ljqyssetkh","color":"#2ecc40","size":10,"tool":"Pencil","time":1547619661631,"_children":[{"type":"child","parent":"ljqyssetkh","x":689,"y":83,"tool":"Pencil"},{"type":"child","parent":"ljqyssetkh","x":689,"y":87,"tool":"Pencil"},{"type":"child","parent":"ljqyssetkh","x":689,"y":179,"tool":"Pencil"},{"type":"child","parent":"ljqyssetkh","x":687,"y":202,"tool":"Pencil"},{"type":"child","parent":"ljqyssetkh","x":619,"y":229,"tool":"Pencil"},{"type":"child","parent":"ljqyssetkh","x":556,"y":244,"tool":"Pencil"},{"type":"child","parent":"ljqyssetkh","x":525,"y":250,"tool":"Pencil"},{"type":"child","parent":"ljqyssetkh","x":493,"y":261,"tool":"Pencil"},{"type":"child","parent":"ljqyssetkh","x":516,"y":322,"tool":"Pencil"},{"type":"child","parent":"ljqyssetkh","x":630,"y":398,"tool":"Pencil"},{"type":"child","parent":"ljqyssetkh","x":868,"y":375,"tool":"Pencil"},{"type":"child","parent":"ljqyssetkh","x":894,"y":342,"tool":"Pencil"},{"type":"child","parent":"ljqyssetkh","x":836,"y":281,"tool":"Pencil"},{"type":"child","parent":"ljqyssetkh","x":566,"y":272,"tool":"Pencil"},{"type":"child","parent":"ljqyssetkh","x":524,"y":339,"tool":"Pencil"},{"type":"child","parent":"ljqyssetkh","x":533,"y":361,"tool":"Pencil"}]},"rjqyssl50i":{"type":"rect","id":"rjqyssl50i","color":"#2ecc40","size":10,"x":340,"y":114,"x2":497,"y2":316,"tool":"Rectangle","time":1547619669831}}