{"ljp6ex53e9":{"type":"line","id":"ljp6ex53e9","color":"#001f3f","size":10,"tool":"Pencil","time":1543726534777,"_children":[{"type":"child","parent":"ljp6ex53e9","x":98,"y":334,"tool":"Pencil"},{"type":"child","parent":"ljp6ex53e9","x":101,"y":328,"tool":"Pencil"},{"type":"child","parent":"ljp6ex53e9","x":105,"y":291,"tool":"Pencil"},{"type":"child","parent":"ljp6ex53e9","x":76,"y":246,"tool":"Pencil"},{"type":"child","parent":"ljp6ex53e9","x":67,"y":238,"tool":"Pencil"},{"type":"child","parent":"ljp6ex53e9","x":72,"y":268,"tool":"Pencil"},{"type":"child","parent":"ljp6ex53e9","x":88,"y":299,"tool":"Pencil"},{"type":"child","parent":"ljp6ex53e9","x":137,"y":337,"tool":"Pencil"},{"type":"child","parent":"ljp6ex53e9","x":190,"y":373,"tool":"Pencil"},{"type":"child","parent":"ljp6ex53e9","x":220,"y":404,"tool":"Pencil"},{"type":"child","parent":"ljp6ex53e9","x":236,"y":430,"tool":"Pencil"},{"type":"child","parent":"ljp6ex53e9","x":238,"y":453,"tool":"Pencil"},{"type":"child","parent":"ljp6ex53e9","x":222,"y":465,"tool":"Pencil"},{"type":"child","parent":"ljp6ex53e9","x":162,"y":458,"tool":"Pencil"},{"type":"child","parent":"ljp6ex53e9","x":103,"y":424,"tool":"Pencil"},{"type":"child","parent":"ljp6ex53e9","x":93,"y":385,"tool":"Pencil"},{"type":"child","parent":"ljp6ex53e9","x":133,"y":369,"tool":"Pencil"},{"type":"child","parent":"ljp6ex53e9","x":188,"y":368,"tool":"Pencil"},{"type":"child","parent":"ljp6ex53e9","x":217,"y":366,"tool":"Pencil"},{"type":"child","parent":"ljp6ex53e9","x":230,"y":368,"tool":"Pencil"}]},"ljp6ex738y":{"type":"line","id":"ljp6ex738y","color":"#001f3f","size":10,"tool":"Pencil","time":1543726537408,"_children":[{"type":"child","parent":"ljp6ex738y","x":128,"y":298,"tool":"Pencil"},{"type":"child","parent":"ljp6ex738y","x":128,"y":297,"tool":"Pencil"},{"type":"child","parent":"ljp6ex738y","x":140,"y":297,"tool":"Pencil"},{"type":"child","parent":"ljp6ex738y","x":167,"y":340,"tool":"Pencil"},{"type":"child","parent":"ljp6ex738y","x":175,"y":336,"tool":"Pencil"},{"type":"child","parent":"ljp6ex738y","x":166,"y":300,"tool":"Pencil"},{"type":"child","parent":"ljp6ex738y","x":154,"y":272,"tool":"Pencil"},{"type":"child","parent":"ljp6ex738y","x":144,"y":266,"tool":"Pencil"}]},"ljp6ex88dq":{"type":"line","id":"ljp6ex88dq","color":"#001f3f","size":10,"tool":"Pencil","time":1543726538856,"_children":[{"type":"child","parent":"ljp6ex88dq","x":177,"y":337,"tool":"Pencil"},{"type":"child","parent":"ljp6ex88dq","x":177,"y":326,"tool":"Pencil"},{"type":"child","parent":"ljp6ex88dq","x":177,"y":298,"tool":"Pencil"},{"type":"child","parent":"ljp6ex88dq","x":184,"y":296,"tool":"Pencil"},{"type":"child","parent":"ljp6ex88dq","x":202,"y":308,"tool":"Pencil"},{"type":"child","parent":"ljp6ex88dq","x":215,"y":316,"tool":"Pencil"},{"type":"child","parent":"ljp6ex88dq","x":226,"y":324,"tool":"Pencil"}]},"ljp6ex8ybk":{"type":"line","id":"ljp6ex8ybk","color":"#001f3f","size":10,"tool":"Pencil","time":1543726539786,"_children":[{"type":"child","parent":"ljp6ex8ybk","x":205,"y":272,"tool":"Pencil"},{"type":"child","parent":"ljp6ex8ybk","x":211,"y":280,"tool":"Pencil"},{"type":"child","parent":"ljp6ex8ybk","x":241,"y":334,"tool":"Pencil"}]},"ljp6ex98q5":{"type":"line","id":"ljp6ex98q5","color":"#001f3f","size":10,"tool":"Pencil","time":1543726540161,"_children":[{"type":"child","parent":"ljp6ex98q5","x":238,"y":328,"tool":"Pencil"},{"type":"child","parent":"ljp6ex98q5","x":240,"y":322,"tool":"Pencil"},{"type":"child","parent":"ljp6ex98q5","x":193,"y":302,"tool":"Pencil"}]},"ljp6exa0p6":{"type":"line","id":"ljp6exa0p6","color":"#001f3f","size":10,"tool":"Pencil","time":1543726541165,"_children":[{"type":"child","parent":"ljp6exa0p6","x":90,"y":492,"tool":"Pencil"},{"type":"child","parent":"ljp6exa0p6","x":127,"y":495,"tool":"Pencil"},{"type":"child","parent":"ljp6exa0p6","x":207,"y":442,"tool":"Pencil"}]}}