{"lk8273km6m":{"type":"line","id":"lk8273km6m","color":"#ffdc00","size":10,"tool":"Pencil","time":1584830397041,"_children":[{"type":"child","parent":"lk8273km6m","x":172,"y":421,"tool":"Pencil"},{"type":"child","parent":"lk8273km6m","x":177,"y":407,"tool":"Pencil"},{"type":"child","parent":"lk8273km6m","x":185,"y":317,"tool":"Pencil"},{"type":"child","parent":"lk8273km6m","x":234,"y":237,"tool":"Pencil"},{"type":"child","parent":"lk8273km6m","x":316,"y":257,"tool":"Pencil"},{"type":"child","parent":"lk8273km6m","x":365,"y":338,"tool":"Pencil"},{"type":"child","parent":"lk8273km6m","x":387,"y":408,"tool":"Pencil"},{"type":"child","parent":"lk8273km6m","x":398,"y":458,"tool":"Pencil"},{"type":"child","parent":"lk8273km6m","x":395,"y":485,"tool":"Pencil"},{"type":"child","parent":"lk8273km6m","x":374,"y":513,"tool":"Pencil"},{"type":"child","parent":"lk8273km6m","x":345,"y":543,"tool":"Pencil"},{"type":"child","parent":"lk8273km6m","x":316,"y":531,"tool":"Pencil"},{"type":"child","parent":"lk8273km6m","x":300,"y":487,"tool":"Pencil"},{"type":"child","parent":"lk8273km6m","x":283,"y":401,"tool":"Pencil"},{"type":"child","parent":"lk8273km6m","x":273,"y":334,"tool":"Pencil"},{"type":"child","parent":"lk8273km6m","x":257,"y":298,"tool":"Pencil"},{"type":"child","parent":"lk8273km6m","x":246,"y":306,"tool":"Pencil"},{"type":"child","parent":"lk8273km6m","x":236,"y":353,"tool":"Pencil"},{"type":"child","parent":"lk8273km6m","x":236,"y":403,"tool":"Pencil"},{"type":"child","parent":"lk8273km6m","x":239,"y":443,"tool":"Pencil"}]},"lk8274gtvs":{"type":"line","id":"lk8274gtvs","color":"#ffdc00","size":10,"tool":"Pencil","time":1584830438793,"_children":[{"type":"child","parent":"lk8274gtvs","x":304,"y":183,"tool":"Pencil"}]},"lk8274jlkq":{"type":"line","id":"lk8274jlkq","color":"#ffdc00","size":10,"tool":"Pencil","time":1584830442389,"_children":[{"type":"child","parent":"lk8274jlkq","x":5,"y":384,"tool":"Pencil"},{"type":"child","parent":"lk8274jlkq","x":28,"y":395,"tool":"Pencil"}]}}