{"tjp1oneqpv":{"type":"new","id":"tjp1oneqpv","color":"#1913b0","size":27,"x":233,"y":129,"tool":"Text"},"tjp1onfaap":{"type":"new","id":"tjp1onfaap","color":"#1913b0","size":27,"x":503,"y":183,"tool":"Text"},"tjp1onfmnj":{"type":"new","id":"tjp1onfmnj","color":"#1913b0","size":27,"x":342,"y":404,"tool":"Text"},"tjp1onhebi":{"type":"new","id":"tjp1onhebi","color":"#1913b0","size":27,"x":387,"y":74,"tool":"Text","txt":""},"tjp1onhzqy":{"type":"new","id":"tjp1onhzqy","color":"#1913b0","size":27,"x":308,"y":405,"tool":"Text"},"ljp1qlt1iq":{"type":"line","id":"ljp1qlt1iq","color":"#1913b0","size":10,"tool":"Pencil","_children":[{"type":"child","parent":"ljp1qlt1iq","x":506,"y":189,"tool":"Pencil"},{"type":"child","parent":"ljp1qlt1iq","x":505,"y":188,"tool":"Pencil"},{"type":"child","parent":"ljp1qlt1iq","x":520,"y":132,"tool":"Pencil"},{"type":"child","parent":"ljp1qlt1iq","x":674,"y":118,"tool":"Pencil"},{"type":"child","parent":"ljp1qlt1iq","x":707,"y":195,"tool":"Pencil"},{"type":"child","parent":"ljp1qlt1iq","x":737,"y":136,"tool":"Pencil"},{"type":"child","parent":"ljp1qlt1iq","x":914,"y":155,"tool":"Pencil"},{"type":"child","parent":"ljp1qlt1iq","x":914,"y":170,"tool":"Pencil"},{"type":"child","parent":"ljp1qlt1iq","x":1057,"y":132,"tool":"Pencil"},{"type":"child","parent":"ljp1qlt1iq","x":1108,"y":229,"tool":"Pencil"},{"type":"child","parent":"ljp1qlt1iq","x":1156,"y":145,"tool":"Pencil"},{"type":"child","parent":"ljp1qlt1iq","x":1353,"y":167,"tool":"Pencil"},{"type":"child","parent":"ljp1qlt1iq","x":1363,"y":212,"tool":"Pencil"}]},"tjp1qlvnjm":{"type":"new","id":"tjp1qlvnjm","color":"#1913b0","size":27,"x":309,"y":357,"tool":"Text","txt":"ghfhgfhg"},"sjp1qm3av4":{"type":"straight","id":"sjp1qm3av4","color":"#1913b0","size":10,"x":569,"y":324,"tool":"Straight line","x2":907,"y2":430},"sjp1qm48fx":{"type":"straight","id":"sjp1qm48fx","color":"#1913b0","size":10,"x":1023,"y":409,"tool":"Straight line","x2":1356,"y2":263},"sjp1qm4py8":{"type":"straight","id":"sjp1qm4py8","color":"#1913b0","size":10,"x":1378,"y":370,"tool":"Straight line","x2":1274,"y2":514},"sjp1qm55iy":{"type":"straight","id":"sjp1qm55iy","color":"#1913b0","size":10,"x":951,"y":539,"tool":"Straight line","x2":680,"y2":612},"rjp1qmbgvv":{"type":"rect","id":"rjp1qmbgvv","color":"#7f7a7e","size":10,"x":850,"y":356,"x2":1096,"y2":489,"tool":"Rectangle"},"rjp1qmlzzu":{"type":"rect","id":"rjp1qmlzzu","color":"#e0da2a","size":4,"x":364,"y":419,"x2":545,"y2":314,"tool":"Rectangle"},"ljp1qmp7qj":{"type":"line","id":"ljp1qmp7qj","color":"#e0da2a","size":4,"tool":"Pencil","_children":[{"type":"child","parent":"ljp1qmp7qj","x":230,"y":165,"tool":"Pencil"},{"type":"child","parent":"ljp1qmp7qj","x":229,"y":166,"tool":"Pencil"},{"type":"child","parent":"ljp1qmp7qj","x":223,"y":231,"tool":"Pencil"},{"type":"child","parent":"ljp1qmp7qj","x":224,"y":242,"tool":"Pencil"},{"type":"child","parent":"ljp1qmp7qj","x":225,"y":246,"tool":"Pencil"},{"type":"child","parent":"ljp1qmp7qj","x":215,"y":297,"tool":"Pencil"},{"type":"child","parent":"ljp1qmp7qj","x":216,"y":299,"tool":"Pencil"},{"type":"child","parent":"ljp1qmp7qj","x":235,"y":330,"tool":"Pencil"},{"type":"child","parent":"ljp1qmp7qj","x":238,"y":328,"tool":"Pencil"},{"type":"child","parent":"ljp1qmp7qj","x":253,"y":328,"tool":"Pencil"},{"type":"child","parent":"ljp1qmp7qj","x":299,"y":286,"tool":"Pencil"},{"type":"child","parent":"ljp1qmp7qj","x":301,"y":284,"tool":"Pencil"},{"type":"child","parent":"ljp1qmp7qj","x":343,"y":248,"tool":"Pencil"},{"type":"child","parent":"ljp1qmp7qj","x":350,"y":254,"tool":"Pencil"},{"type":"child","parent":"ljp1qmp7qj","x":412,"y":240,"tool":"Pencil"},{"type":"child","parent":"ljp1qmp7qj","x":437,"y":263,"tool":"Pencil"},{"type":"child","parent":"ljp1qmp7qj","x":485,"y":291,"tool":"Pencil"},{"type":"child","parent":"ljp1qmp7qj","x":525,"y":268,"tool":"Pencil"},{"type":"child","parent":"ljp1qmp7qj","x":537,"y":275,"tool":"Pencil"},{"type":"child","parent":"ljp1qmp7qj","x":554,"y":276,"tool":"Pencil"},{"type":"child","parent":"ljp1qmp7qj","x":603,"y":292,"tool":"Pencil"},{"type":"child","parent":"ljp1qmp7qj","x":612,"y":290,"tool":"Pencil"},{"type":"child","parent":"ljp1qmp7qj","x":666,"y":283,"tool":"Pencil"},{"type":"child","parent":"ljp1qmp7qj","x":679,"y":285,"tool":"Pencil"},{"type":"child","parent":"ljp1qmp7qj","x":722,"y":268,"tool":"Pencil"},{"type":"child","parent":"ljp1qmp7qj","x":731,"y":275,"tool":"Pencil"},{"type":"child","parent":"ljp1qmp7qj","x":759,"y":268,"tool":"Pencil"},{"type":"child","parent":"ljp1qmp7qj","x":777,"y":275,"tool":"Pencil"},{"type":"child","parent":"ljp1qmp7qj","x":806,"y":265,"tool":"Pencil"},{"type":"child","parent":"ljp1qmp7qj","x":832,"y":265,"tool":"Pencil"},{"type":"child","parent":"ljp1qmp7qj","x":835,"y":274,"tool":"Pencil"},{"type":"child","parent":"ljp1qmp7qj","x":869,"y":253,"tool":"Pencil"},{"type":"child","parent":"ljp1qmp7qj","x":896,"y":259,"tool":"Pencil"},{"type":"child","parent":"ljp1qmp7qj","x":903,"y":272,"tool":"Pencil"},{"type":"child","parent":"ljp1qmp7qj","x":925,"y":256,"tool":"Pencil"},{"type":"child","parent":"ljp1qmp7qj","x":944,"y":266,"tool":"Pencil"},{"type":"child","parent":"ljp1qmp7qj","x":955,"y":284,"tool":"Pencil"},{"type":"child","parent":"ljp1qmp7qj","x":1001,"y":252,"tool":"Pencil"},{"type":"child","parent":"ljp1qmp7qj","x":1017,"y":276,"tool":"Pencil"},{"type":"child","parent":"ljp1qmp7qj","x":1045,"y":258,"tool":"Pencil"},{"type":"child","parent":"ljp1qmp7qj","x":1074,"y":259,"tool":"Pencil"},{"type":"child","parent":"ljp1qmp7qj","x":1079,"y":266,"tool":"Pencil"},{"type":"child","parent":"ljp1qmp7qj","x":1134,"y":236,"tool":"Pencil"},{"type":"child","parent":"ljp1qmp7qj","x":1155,"y":298,"tool":"Pencil"},{"type":"child","parent":"ljp1qmp7qj","x":1175,"y":284,"tool":"Pencil"},{"type":"child","parent":"ljp1qmp7qj","x":1213,"y":235,"tool":"Pencil"},{"type":"child","parent":"ljp1qmp7qj","x":1233,"y":310,"tool":"Pencil"},{"type":"child","parent":"ljp1qmp7qj","x":1251,"y":255,"tool":"Pencil"},{"type":"child","parent":"ljp1qmp7qj","x":1262,"y":313,"tool":"Pencil"},{"type":"child","parent":"ljp1qmp7qj","x":1284,"y":316,"tool":"Pencil"},{"type":"child","parent":"ljp1qmp7qj","x":1325,"y":272,"tool":"Pencil"},{"type":"child","parent":"ljp1qmp7qj","x":1351,"y":363,"tool":"Pencil"},{"type":"child","parent":"ljp1qmp7qj","x":1383,"y":317,"tool":"Pencil"},{"type":"child","parent":"ljp1qmp7qj","x":1402,"y":356,"tool":"Pencil"},{"type":"child","parent":"ljp1qmp7qj","x":1414,"y":396,"tool":"Pencil"},{"type":"child","parent":"ljp1qmp7qj","x":1430,"y":346,"tool":"Pencil"},{"type":"child","parent":"ljp1qmp7qj","x":1447,"y":447,"tool":"Pencil"},{"type":"child","parent":"ljp1qmp7qj","x":1448,"y":488,"tool":"Pencil"},{"type":"child","parent":"ljp1qmp7qj","x":1449,"y":489,"tool":"Pencil"},{"type":"child","parent":"ljp1qmp7qj","x":1391,"y":547,"tool":"Pencil"},{"type":"child","parent":"ljp1qmp7qj","x":1183,"y":557,"tool":"Pencil"},{"type":"child","parent":"ljp1qmp7qj","x":1212,"y":593,"tool":"Pencil"},{"type":"child","parent":"ljp1qmp7qj","x":1177,"y":631,"tool":"Pencil"},{"type":"child","parent":"ljp1qmp7qj","x":1141,"y":608,"tool":"Pencil"},{"type":"child","parent":"ljp1qmp7qj","x":1343,"y":745,"tool":"Pencil"},{"type":"child","parent":"ljp1qmp7qj","x":1113,"y":668,"tool":"Pencil"},{"type":"child","parent":"ljp1qmp7qj","x":1178,"y":603,"tool":"Pencil"},{"type":"child","parent":"ljp1qmp7qj","x":1249,"y":750,"tool":"Pencil"},{"type":"child","parent":"ljp1qmp7qj","x":1125,"y":626,"tool":"Pencil"},{"type":"child","parent":"ljp1qmp7qj","x":1269,"y":701,"tool":"Pencil"},{"type":"child","parent":"ljp1qmp7qj","x":1092,"y":675,"tool":"Pencil"},{"type":"child","parent":"ljp1qmp7qj","x":1068,"y":594,"tool":"Pencil"},{"type":"child","parent":"ljp1qmp7qj","x":1151,"y":695,"tool":"Pencil"},{"type":"child","parent":"ljp1qmp7qj","x":1068,"y":661,"tool":"Pencil"},{"type":"child","parent":"ljp1qmp7qj","x":1160,"y":665,"tool":"Pencil"},{"type":"child","parent":"ljp1qmp7qj","x":1086,"y":729,"tool":"Pencil"},{"type":"child","parent":"ljp1qmp7qj","x":1021,"y":617,"tool":"Pencil"},{"type":"child","parent":"ljp1qmp7qj","x":1107,"y":747,"tool":"Pencil"},{"type":"child","parent":"ljp1qmp7qj","x":910,"y":721,"tool":"Pencil"},{"type":"child","parent":"ljp1qmp7qj","x":972,"y":670,"tool":"Pencil"},{"type":"child","parent":"ljp1qmp7qj","x":965,"y":715,"tool":"Pencil"},{"type":"child","parent":"ljp1qmp7qj","x":900,"y":667,"tool":"Pencil"}]},"ljp71mfxcq":{"type":"line","id":"ljp71mfxcq","color":"#ff4136","size":10,"tool":"Pencil","time":1543764657007,"_children":[{"type":"child","parent":"ljp71mfxcq","x":396,"y":90,"tool":"Pencil"},{"type":"child","parent":"ljp71mfxcq","x":384,"y":132,"tool":"Pencil"},{"type":"child","parent":"ljp71mfxcq","x":391,"y":142,"tool":"Pencil"},{"type":"child","parent":"ljp71mfxcq","x":468,"y":115,"tool":"Pencil"},{"type":"child","parent":"ljp71mfxcq","x":468,"y":83,"tool":"Pencil"},{"type":"child","parent":"ljp71mfxcq","x":448,"y":79,"tool":"Pencil"},{"type":"child","parent":"ljp71mfxcq","x":424,"y":82,"tool":"Pencil"},{"type":"child","parent":"ljp71mfxcq","x":414,"y":89,"tool":"Pencil"},{"type":"child","parent":"ljp71mfxcq","x":396,"y":123,"tool":"Pencil"},{"type":"child","parent":"ljp71mfxcq","x":398,"y":126,"tool":"Pencil"},{"type":"child","parent":"ljp71mfxcq","x":398,"y":126,"tool":"Pencil"}]},"tjp71mksns":{"type":"new","id":"tjp71mksns","color":"#ff4136","size":27,"x":352,"y":220,"tool":"Text","time":1543764663313,"txt":"e"},"tjp71mnmii":{"type":"new","id":"tjp71mnmii","color":"#ff4136","size":27,"x":240,"y":465,"tool":"Text","time":1543764666980,"txt":""},"ljp71ms25k":{"type":"line","id":"ljp71ms25k","color":"#ff4136","size":10,"tool":"Pencil","time":1543764672728,"_children":[{"type":"child","parent":"ljp71ms25k","x":198,"y":510,"tool":"Pencil"},{"type":"child","parent":"ljp71ms25k","x":198,"y":510,"tool":"Pencil"}]},"tjp71my7ph":{"type":"new","id":"tjp71my7ph","color":"#ff4136","size":27,"x":220,"y":524,"tool":"Text","time":1543764680706},"tjp71myym5":{"type":"new","id":"tjp71myym5","color":"#ff4136","size":27,"x":219,"y":518,"tool":"Text","time":1543764681673},"tjp71mzs6q":{"type":"new","id":"tjp71mzs6q","color":"#ff4136","size":27,"x":218,"y":547,"tool":"Text","time":1543764682737},"tjp71n464l":{"type":"new","id":"tjp71n464l","color":"#ff4136","size":27,"x":900,"y":412,"tool":"Text","time":1543764688440},"tjp71n4zt2":{"type":"new","id":"tjp71n4zt2","color":"#ff4136","size":27,"x":903,"y":436,"tool":"Text","time":1543764689495},"tjp71n5qf4":{"type":"new","id":"tjp71n5qf4","color":"#ff4136","size":27,"x":286,"y":175,"tool":"Text","time":1543764690449},"tjp71nnoee":{"type":"new","id":"tjp71nnoee","color":"#ff4136","size":27,"x":299,"y":569,"tool":"Text","time":1543764713821},"tjp71nod2g":{"type":"new","id":"tjp71nod2g","color":"#ff4136","size":27,"x":280,"y":594,"tool":"Text","time":1543764714597},"tk1qnbc7br":{"type":"new","id":"tk1qnbc7br","color":"#001f3f","size":27,"x":408,"y":522.5,"tool":"Text","time":1571071340188},"tk1qnbfk6v":{"type":"new","id":"tk1qnbfk6v","color":"#001f3f","size":27,"x":341,"y":414.5,"tool":"Text","time":1571071344539,"txt":"ds"},"tk1qnbi3mi":{"type":"new","id":"tk1qnbi3mi","color":"#001f3f","size":27,"x":341,"y":455,"tool":"Text","time":1571071347836,"txt":""},"tk1qnbiwq5":{"type":"new","id":"tk1qnbiwq5","color":"#001f3f","size":27,"x":437,"y":537.5,"tool":"Text","time":1571071348894}}