{"ljp2rkue8f":{"type":"line","id":"ljp2rkue8f","color":"#1913b0","size":10,"tool":"Pencil","_children":[{"type":"child","parent":"ljp2rkue8f","x":410,"y":199,"tool":"Pencil"},{"type":"child","parent":"ljp2rkue8f","x":410,"y":214,"tool":"Pencil"},{"type":"child","parent":"ljp2rkue8f","x":448,"y":270,"tool":"Pencil"},{"type":"child","parent":"ljp2rkue8f","x":493,"y":294,"tool":"Pencil"},{"type":"child","parent":"ljp2rkue8f","x":517,"y":295,"tool":"Pencil"}]},"ljp2rkv29u":{"type":"line","id":"ljp2rkv29u","color":"#1913b0","size":10,"tool":"Pencil","_children":[{"type":"child","parent":"ljp2rkv29u","x":497,"y":222,"tool":"Pencil"},{"type":"child","parent":"ljp2rkv29u","x":581,"y":238,"tool":"Pencil"},{"type":"child","parent":"ljp2rkv29u","x":635,"y":284,"tool":"Pencil"},{"type":"child","parent":"ljp2rkv29u","x":622,"y":322,"tool":"Pencil"},{"type":"child","parent":"ljp2rkv29u","x":632,"y":327,"tool":"Pencil"}]},"ljp2rkvsau":{"type":"line","id":"ljp2rkvsau","color":"#1913b0","size":10,"tool":"Pencil","_children":[{"type":"child","parent":"ljp2rkvsau","x":725,"y":233,"tool":"Pencil"},{"type":"child","parent":"ljp2rkvsau","x":756,"y":283,"tool":"Pencil"},{"type":"child","parent":"ljp2rkvsau","x":769,"y":310,"tool":"Pencil"},{"type":"child","parent":"ljp2rkvsau","x":750,"y":333,"tool":"Pencil"},{"type":"child","parent":"ljp2rkvsau","x":778,"y":380,"tool":"Pencil"},{"type":"child","parent":"ljp2rkvsau","x":764,"y":440,"tool":"Pencil"},{"type":"child","parent":"ljp2rkvsau","x":772,"y":483,"tool":"Pencil"},{"type":"child","parent":"ljp2rkvsau","x":767,"y":514,"tool":"Pencil"}]},"ljp2rkwe8s":{"type":"line","id":"ljp2rkwe8s","color":"#1913b0","size":10,"tool":"Pencil","_children":[{"type":"child","parent":"ljp2rkwe8s","x":595,"y":529,"tool":"Pencil"},{"type":"child","parent":"ljp2rkwe8s","x":594,"y":548,"tool":"Pencil"}]},"ljp2rkwpas":{"type":"line","id":"ljp2rkwpas","color":"#1913b0","size":10,"tool":"Pencil","_children":[{"type":"child","parent":"ljp2rkwpas","x":537,"y":433,"tool":"Pencil"},{"type":"child","parent":"ljp2rkwpas","x":537,"y":475,"tool":"Pencil"},{"type":"child","parent":"ljp2rkwpas","x":623,"y":494,"tool":"Pencil"},{"type":"child","parent":"ljp2rkwpas","x":631,"y":510,"tool":"Pencil"}]},"ljp2rkx3r7":{"type":"line","id":"ljp2rkx3r7","color":"#1913b0","size":10,"tool":"Pencil","_children":[{"type":"child","parent":"ljp2rkx3r7","x":492,"y":394,"tool":"Pencil"},{"type":"child","parent":"ljp2rkx3r7","x":451,"y":426,"tool":"Pencil"},{"type":"child","parent":"ljp2rkx3r7","x":495,"y":426,"tool":"Pencil"}]},"ljp2rkxi75":{"type":"line","id":"ljp2rkxi75","color":"#1913b0","size":10,"tool":"Pencil","_children":[{"type":"child","parent":"ljp2rkxi75","x":359,"y":443,"tool":"Pencil"},{"type":"child","parent":"ljp2rkxi75","x":382,"y":461,"tool":"Pencil"}]},"ljp2rkxndb":{"type":"line","id":"ljp2rkxndb","color":"#1913b0","size":10,"tool":"Pencil","_children":[{"type":"child","parent":"ljp2rkxndb","x":386,"y":472,"tool":"Pencil"},{"type":"child","parent":"ljp2rkxndb","x":406,"y":488,"tool":"Pencil"},{"type":"child","parent":"ljp2rkxndb","x":421,"y":493,"tool":"Pencil"}]},"ljp2rkxx4v":{"type":"line","id":"ljp2rkxx4v","color":"#1913b0","size":10,"tool":"Pencil","_children":[{"type":"child","parent":"ljp2rkxx4v","x":426,"y":496,"tool":"Pencil"},{"type":"child","parent":"ljp2rkxx4v","x":426,"y":496,"tool":"Pencil"}]},"ljp2rky88p":{"type":"line","id":"ljp2rky88p","color":"#1913b0","size":10,"tool":"Pencil","_children":[{"type":"child","parent":"ljp2rky88p","x":670,"y":299,"tool":"Pencil"},{"type":"child","parent":"ljp2rky88p","x":616,"y":346,"tool":"Pencil"},{"type":"child","parent":"ljp2rky88p","x":630,"y":358,"tool":"Pencil"},{"type":"child","parent":"ljp2rky88p","x":632,"y":369,"tool":"Pencil"},{"type":"child","parent":"ljp2rky88p","x":638,"y":384,"tool":"Pencil"}]},"ljp2rkykgc":{"type":"line","id":"ljp2rkykgc","color":"#1913b0","size":10,"tool":"Pencil","_children":[{"type":"child","parent":"ljp2rkykgc","x":665,"y":395,"tool":"Pencil"},{"type":"child","parent":"ljp2rkykgc","x":685,"y":420,"tool":"Pencil"}]},"ljp2rkyqfw":{"type":"line","id":"ljp2rkyqfw","color":"#1913b0","size":10,"tool":"Pencil","_children":[{"type":"child","parent":"ljp2rkyqfw","x":715,"y":427,"tool":"Pencil"},{"type":"child","parent":"ljp2rkyqfw","x":711,"y":438,"tool":"Pencil"}]},"ljp2rkyv3j":{"type":"line","id":"ljp2rkyv3j","color":"#1913b0","size":10,"tool":"Pencil","_children":[{"type":"child","parent":"ljp2rkyv3j","x":710,"y":450,"tool":"Pencil"},{"type":"child","parent":"ljp2rkyv3j","x":711,"y":494,"tool":"Pencil"}]},"ljp2rkz13r":{"type":"line","id":"ljp2rkz13r","color":"#1913b0","size":10,"tool":"Pencil","_children":[{"type":"child","parent":"ljp2rkz13r","x":717,"y":498,"tool":"Pencil"},{"type":"child","parent":"ljp2rkz13r","x":718,"y":504,"tool":"Pencil"}]},"ljp2rkzly2":{"type":"line","id":"ljp2rkzly2","color":"#1913b0","size":10,"tool":"Pencil","_children":[{"type":"child","parent":"ljp2rkzly2","x":741,"y":467,"tool":"Pencil"},{"type":"child","parent":"ljp2rkzly2","x":754,"y":486,"tool":"Pencil"},{"type":"child","parent":"ljp2rkzly2","x":770,"y":491,"tool":"Pencil"}]},"ljp2rl0bjq":{"type":"line","id":"ljp2rl0bjq","color":"#1913b0","size":10,"tool":"Pencil","_children":[{"type":"child","parent":"ljp2rl0bjq","x":684,"y":342,"tool":"Pencil"},{"type":"child","parent":"ljp2rl0bjq","x":690,"y":344,"tool":"Pencil"},{"type":"child","parent":"ljp2rl0bjq","x":725,"y":375,"tool":"Pencil"},{"type":"child","parent":"ljp2rl0bjq","x":733,"y":387,"tool":"Pencil"},{"type":"child","parent":"ljp2rl0bjq","x":722,"y":406,"tool":"Pencil"},{"type":"child","parent":"ljp2rl0bjq","x":729,"y":407,"tool":"Pencil"}]},"ljp2rl181v":{"type":"line","id":"ljp2rl181v","color":"#1913b0","size":10,"tool":"Pencil","_children":[{"type":"child","parent":"ljp2rl181v","x":576,"y":329,"tool":"Pencil"},{"type":"child","parent":"ljp2rl181v","x":597,"y":340,"tool":"Pencil"},{"type":"child","parent":"ljp2rl181v","x":566,"y":390,"tool":"Pencil"},{"type":"child","parent":"ljp2rl181v","x":600,"y":425,"tool":"Pencil"},{"type":"child","parent":"ljp2rl181v","x":605,"y":447,"tool":"Pencil"},{"type":"child","parent":"ljp2rl181v","x":616,"y":456,"tool":"Pencil"},{"type":"child","parent":"ljp2rl181v","x":637,"y":474,"tool":"Pencil"}]}}