{"lk82thfb5d":{"type":"line","id":"lk82thfb5d","color":"#3d9970","size":10,"tool":"Pencil","time":1584867994998,"_children":[{"type":"child","parent":"lk82thfb5d","x":509,"y":200,"tool":"Pencil"},{"type":"child","parent":"lk82thfb5d","x":509,"y":200,"tool":"Pencil"},{"type":"child","parent":"lk82thfb5d","x":397,"y":170,"tool":"Pencil"},{"type":"child","parent":"lk82thfb5d","x":355,"y":313,"tool":"Pencil"},{"type":"child","parent":"lk82thfb5d","x":450,"y":349,"tool":"Pencil"},{"type":"child","parent":"lk82thfb5d","x":676,"y":325,"tool":"Pencil"},{"type":"child","parent":"lk82thfb5d","x":720,"y":337,"tool":"Pencil"},{"type":"child","parent":"lk82thfb5d","x":731,"y":332,"tool":"Pencil"},{"type":"child","parent":"lk82thfb5d","x":612,"y":166,"tool":"Pencil"},{"type":"child","parent":"lk82thfb5d","x":630,"y":238,"tool":"Pencil"},{"type":"child","parent":"lk82thfb5d","x":828,"y":321,"tool":"Pencil"},{"type":"child","parent":"lk82thfb5d","x":864,"y":240,"tool":"Pencil"},{"type":"child","parent":"lk82thfb5d","x":799,"y":102,"tool":"Pencil"},{"type":"child","parent":"lk82thfb5d","x":1083,"y":242,"tool":"Pencil"},{"type":"child","parent":"lk82thfb5d","x":1173,"y":292,"tool":"Pencil"},{"type":"child","parent":"lk82thfb5d","x":1283,"y":249,"tool":"Pencil"},{"type":"child","parent":"lk82thfb5d","x":1308,"y":218,"tool":"Pencil"},{"type":"child","parent":"lk82thfb5d","x":1233,"y":277,"tool":"Pencil"},{"type":"child","parent":"lk82thfb5d","x":1049,"y":392,"tool":"Pencil"},{"type":"child","parent":"lk82thfb5d","x":880,"y":423,"tool":"Pencil"},{"type":"child","parent":"lk82thfb5d","x":825,"y":416,"tool":"Pencil"},{"type":"child","parent":"lk82thfb5d","x":644,"y":304,"tool":"Pencil"},{"type":"child","parent":"lk82thfb5d","x":515,"y":420,"tool":"Pencil"},{"type":"child","parent":"lk82thfb5d","x":472,"y":486,"tool":"Pencil"},{"type":"child","parent":"lk82thfb5d","x":330,"y":337,"tool":"Pencil"},{"type":"child","parent":"lk82thfb5d","x":310,"y":317,"tool":"Pencil"}]},"rk82ti8476":{"type":"rect","id":"rk82ti8476","color":"#3d9970","size":10,"x":42.4,"y":17.5,"x2":119,"y2":44.5,"tool":"Rectangle","time":1584868032333},"rk82ti90uq":{"type":"rect","id":"rk82ti90uq","color":"#3d9970","size":10,"x":55.3,"y":24.9,"x2":109,"y2":37.8,"tool":"Rectangle","time":1584868033516},"rk82ti9yhd":{"type":"rect","id":"rk82ti9yhd","color":"#3d9970","size":10,"x":71.5,"y":31.1,"x2":82,"y2":31.2,"tool":"Rectangle","time":1584868034720},"rk82tiaqri":{"type":"rect","id":"rk82tiaqri","color":"#3d9970","size":10,"x":60,"y":6.5,"x2":132.6,"y2":43,"tool":"Rectangle","time":1584868035739},"sk82tifxo9":{"type":"straight","id":"sk82tifxo9","color":"#3d9970","size":10,"x":48.5,"y":26.7,"tool":"Straight line","time":1584868042580,"x2":49.1,"y2":39.6},"sk82tignpu":{"type":"straight","id":"sk82tignpu","color":"#3d9970","size":10,"x":73.1,"y":31.5,"tool":"Straight line","time":1584868043403,"x2":73.1,"y2":31.5},"sk82tigy4t":{"type":"straight","id":"sk82tigy4t","color":"#3d9970","size":10,"x":73.1,"y":31.5,"tool":"Straight line","time":1584868043778,"x2":73.1,"y2":31.5},"sk82tih3o2":{"type":"straight","id":"sk82tih3o2","color":"#3d9970","size":10,"x":73.1,"y":31.5,"tool":"Straight line","time":1584868043977,"x2":73.1,"y2":31.5},"sk82tih9ej":{"type":"straight","id":"sk82tih9ej","color":"#3d9970","size":10,"x":73.1,"y":31.5,"tool":"Straight line","time":1584868044185,"x2":116.8,"y2":32.7},"sk82tiizsg":{"type":"straight","id":"sk82tiizsg","color":"#3d9970","size":10,"x":62.9,"y":30.5,"tool":"Straight line","time":1584868046442,"x2":79.5,"y2":31.2},"sk82tik18t":{"type":"straight","id":"sk82tik18t","color":"#3d9970","size":10,"x":73.2,"y":12.2,"tool":"Straight line","time":1584868047787,"x2":126.3,"y2":14.3},"sk82tilwwl":{"type":"straight","id":"sk82tilwwl","color":"#3d9970","size":10,"x":126.3,"y":14.3,"tool":"Straight line","time":1584868050214,"x2":127.2,"y2":36.9},"sk82tin2lw":{"type":"straight","id":"sk82tin2lw","color":"#3d9970","size":10,"x":55.7,"y":11,"tool":"Straight line","time":1584868051715,"x2":83.9,"y2":10.9},"sk82tiobz1":{"type":"straight","id":"sk82tiobz1","color":"#3d9970","size":10,"x":123.8,"y":49.1,"tool":"Straight line","time":1584868053350,"x2":140.7,"y2":47.1},"sk82tiow6a":{"type":"straight","id":"sk82tiow6a","color":"#3d9970","size":10,"x":140.7,"y":47.1,"tool":"Straight line","time":1584868054076,"x2":26.9,"y2":62.9},"sk82tiq414":{"type":"straight","id":"sk82tiq414","color":"#3d9970","size":10,"x":23.8,"y":49.2,"tool":"Straight line","time":1584868055655,"x2":24.9,"y2":25},"sk82tiqs9o":{"type":"straight","id":"sk82tiqs9o","color":"#3d9970","size":10,"x":17.8,"y":43.2,"tool":"Straight line","time":1584868056531,"x2":14.8,"y2":54}}