{"rjp34h84p4":{"type":"rect","id":"rjp34h84p4","color":"#1913b0","size":10,"x":386,"y":136,"x2":684,"y2":269,"tool":"Rectangle"},"rjp34h9jrf":{"type":"rect","id":"rjp34h9jrf","color":"#1913b0","size":10,"x":738,"y":143,"x2":1065,"y2":278,"tool":"Rectangle"},"rjp34hbu8g":{"type":"rect","id":"rjp34hbu8g","color":"#1913b0","size":10,"x":1116,"y":131,"x2":1425,"y2":275,"tool":"Rectangle"},"tjp34hfebn":{"type":"new","id":"tjp34hfebn","color":"#1913b0","size":27,"x":462,"y":208,"tool":"Text"},"tjp34hg1do":{"type":"new","id":"tjp34hg1do","color":"#1913b0","size":27,"x":462,"y":208,"tool":"Text"},"tjp34hh4p5":{"type":"new","id":"tjp34hh4p5","color":"#1913b0","size":27,"x":464,"y":414,"tool":"Text"},"tjp34hhlwz":{"type":"new","id":"tjp34hhlwz","color":"#1913b0","size":27,"x":467,"y":211,"tool":"Text"},"tjp34hi1o8":{"type":"new","id":"tjp34hi1o8","color":"#1913b0","size":27,"x":467,"y":211,"tool":"Text","txt":"test"},"tjp34hjpry":{"type":"new","id":"tjp34hjpry","color":"#1913b0","size":27,"x":467,"y":252,"tool":"Text","txt":""},"tjp34hkyi5":{"type":"new","id":"tjp34hkyi5","color":"#1913b0","size":27,"x":573,"y":239,"tool":"Text"},"tjp34hni0f":{"type":"new","id":"tjp34hni0f","color":"#1913b0","size":27,"x":799,"y":206,"tool":"Text","txt":"test2"},"tjp34hqgd10":{"type":"new","id":"tjp34hqgd10","color":"#1913b0","size":27,"x":1330,"y":227,"tool":"Text","txt":"test3"},"tjp34hsqdw":{"type":"new","id":"tjp34hsqdw","color":"#1913b0","size":27,"x":1156,"y":455,"tool":"Text","txt":""},"tjp34ijqof":{"type":"new","id":"tjp34ijqof","color":"#1913b0","size":27,"x":820,"y":159,"tool":"Text"},"tjp34ikgch":{"type":"new","id":"tjp34ikgch","color":"#1913b0","size":27,"x":798,"y":146,"tool":"Text"},"tjp34ilm6s":{"type":"new","id":"tjp34ilm6s","color":"#1913b0","size":27,"x":502,"y":377,"tool":"Text","txt":""},"ljp34ipu2h":{"type":"line","id":"ljp34ipu2h","color":"#1913b0","size":10,"tool":"Pencil","_children":[{"type":"child","parent":"ljp34ipu2h","x":465,"y":295,"tool":"Pencil"},{"type":"child","parent":"ljp34ipu2h","x":465,"y":296,"tool":"Pencil"},{"type":"child","parent":"ljp34ipu2h","x":465,"y":336,"tool":"Pencil"},{"type":"child","parent":"ljp34ipu2h","x":468,"y":378,"tool":"Pencil"},{"type":"child","parent":"ljp34ipu2h","x":470,"y":398,"tool":"Pencil"},{"type":"child","parent":"ljp34ipu2h","x":470,"y":400,"tool":"Pencil"},{"type":"child","parent":"ljp34ipu2h","x":479,"y":396,"tool":"Pencil"},{"type":"child","parent":"ljp34ipu2h","x":500,"y":372,"tool":"Pencil"},{"type":"child","parent":"ljp34ipu2h","x":509,"y":356,"tool":"Pencil"},{"type":"child","parent":"ljp34ipu2h","x":511,"y":347,"tool":"Pencil"},{"type":"child","parent":"ljp34ipu2h","x":511,"y":335,"tool":"Pencil"},{"type":"child","parent":"ljp34ipu2h","x":511,"y":329,"tool":"Pencil"},{"type":"child","parent":"ljp34ipu2h","x":511,"y":321,"tool":"Pencil"},{"type":"child","parent":"ljp34ipu2h","x":511,"y":321,"tool":"Pencil"},{"type":"child","parent":"ljp34ipu2h","x":511,"y":310,"tool":"Pencil"},{"type":"child","parent":"ljp34ipu2h","x":511,"y":304,"tool":"Pencil"},{"type":"child","parent":"ljp34ipu2h","x":514,"y":319,"tool":"Pencil"},{"type":"child","parent":"ljp34ipu2h","x":526,"y":350,"tool":"Pencil"},{"type":"child","parent":"ljp34ipu2h","x":537,"y":365,"tool":"Pencil"},{"type":"child","parent":"ljp34ipu2h","x":561,"y":367,"tool":"Pencil"},{"type":"child","parent":"ljp34ipu2h","x":578,"y":349,"tool":"Pencil"},{"type":"child","parent":"ljp34ipu2h","x":586,"y":319,"tool":"Pencil"},{"type":"child","parent":"ljp34ipu2h","x":590,"y":305,"tool":"Pencil"},{"type":"child","parent":"ljp34ipu2h","x":590,"y":304,"tool":"Pencil"}]},"ljp34isu810":{"type":"line","id":"ljp34isu810","color":"#1913b0","size":10,"tool":"Pencil","_children":[{"type":"child","parent":"ljp34isu810","x":840,"y":325,"tool":"Pencil"},{"type":"child","parent":"ljp34isu810","x":840,"y":376,"tool":"Pencil"},{"type":"child","parent":"ljp34isu810","x":842,"y":417,"tool":"Pencil"},{"type":"child","parent":"ljp34isu810","x":842,"y":390,"tool":"Pencil"},{"type":"child","parent":"ljp34isu810","x":828,"y":322,"tool":"Pencil"},{"type":"child","parent":"ljp34isu810","x":837,"y":306,"tool":"Pencil"},{"type":"child","parent":"ljp34isu810","x":858,"y":308,"tool":"Pencil"},{"type":"child","parent":"ljp34isu810","x":850,"y":311,"tool":"Pencil"},{"type":"child","parent":"ljp34isu810","x":858,"y":332,"tool":"Pencil"},{"type":"child","parent":"ljp34isu810","x":871,"y":347,"tool":"Pencil"},{"type":"child","parent":"ljp34isu810","x":871,"y":350,"tool":"Pencil"},{"type":"child","parent":"ljp34isu810","x":863,"y":354,"tool":"Pencil"},{"type":"child","parent":"ljp34isu810","x":856,"y":354,"tool":"Pencil"},{"type":"child","parent":"ljp34isu810","x":851,"y":354,"tool":"Pencil"},{"type":"child","parent":"ljp34isu810","x":851,"y":354,"tool":"Pencil"},{"type":"child","parent":"ljp34isu810","x":886,"y":377,"tool":"Pencil"},{"type":"child","parent":"ljp34isu810","x":926,"y":417,"tool":"Pencil"},{"type":"child","parent":"ljp34isu810","x":928,"y":422,"tool":"Pencil"}]},"ljp34ivhng":{"type":"line","id":"ljp34ivhng","color":"#1913b0","size":10,"tool":"Pencil","_children":[{"type":"child","parent":"ljp34ivhng","x":1268,"y":318,"tool":"Pencil"},{"type":"child","parent":"ljp34ivhng","x":1268,"y":318,"tool":"Pencil"}]},"ljp34ivnbg":{"type":"line","id":"ljp34ivnbg","color":"#1913b0","size":10,"tool":"Pencil","_children":[{"type":"child","parent":"ljp34ivnbg","x":1268,"y":318,"tool":"Pencil"},{"type":"child","parent":"ljp34ivnbg","x":1267,"y":318,"tool":"Pencil"},{"type":"child","parent":"ljp34ivnbg","x":1228,"y":318,"tool":"Pencil"},{"type":"child","parent":"ljp34ivnbg","x":1219,"y":335,"tool":"Pencil"},{"type":"child","parent":"ljp34ivnbg","x":1251,"y":372,"tool":"Pencil"},{"type":"child","parent":"ljp34ivnbg","x":1305,"y":397,"tool":"Pencil"},{"type":"child","parent":"ljp34ivnbg","x":1305,"y":403,"tool":"Pencil"},{"type":"child","parent":"ljp34ivnbg","x":1226,"y":420,"tool":"Pencil"},{"type":"child","parent":"ljp34ivnbg","x":1157,"y":426,"tool":"Pencil"}]},"ljp34muf2o":{"type":"line","id":"ljp34muf2o","color":"#54ab00","size":10,"tool":"Pencil","_children":[{"type":"child","parent":"ljp34muf2o","x":605,"y":446,"tool":"Pencil"}]},"ljp34muytp":{"type":"line","id":"ljp34muytp","color":"#54ab00","size":10,"tool":"Pencil","_children":[{"type":"child","parent":"ljp34muytp","x":685,"y":462,"tool":"Pencil"},{"type":"child","parent":"ljp34muytp","x":663,"y":461,"tool":"Pencil"},{"type":"child","parent":"ljp34muytp","x":619,"y":526,"tool":"Pencil"},{"type":"child","parent":"ljp34muytp","x":717,"y":580,"tool":"Pencil"},{"type":"child","parent":"ljp34muytp","x":729,"y":454,"tool":"Pencil"},{"type":"child","parent":"ljp34muytp","x":667,"y":457,"tool":"Pencil"}]},"ljp34vbji9":{"type":"line","id":"ljp34vbji9","color":"#1913B0","size":10,"tool":"Pencil","_children":[{"type":"child","parent":"ljp34vbji9","x":320,"y":461,"tool":"Pencil"},{"type":"child","parent":"ljp34vbji9","x":320,"y":464,"tool":"Pencil"}]},"ljp34vcm1y":{"type":"line","id":"ljp34vcm1y","color":"#1913B0","size":10,"tool":"Pencil","_children":[{"type":"child","parent":"ljp34vcm1y","x":324,"y":468,"tool":"Pencil"},{"type":"child","parent":"ljp34vcm1y","x":327,"y":474,"tool":"Pencil"}]},"ljp34vdrx3":{"type":"line","id":"ljp34vdrx3","color":"#1913B0","size":10,"tool":"Pencil","_children":[{"type":"child","parent":"ljp34vdrx3","x":327,"y":480,"tool":"Pencil"},{"type":"child","parent":"ljp34vdrx3","x":332,"y":484,"tool":"Pencil"},{"type":"child","parent":"ljp34vdrx3","x":332,"y":490,"tool":"Pencil"}]},"ljp34vfh06":{"type":"line","id":"ljp34vfh06","color":"#54ab00","size":10,"tool":"Pencil","_children":[{"type":"child","parent":"ljp34vfh06","x":906,"y":515,"tool":"Pencil"},{"type":"child","parent":"ljp34vfh06","x":864,"y":522,"tool":"Pencil"},{"type":"child","parent":"ljp34vfh06","x":865,"y":576,"tool":"Pencil"},{"type":"child","parent":"ljp34vfh06","x":1004,"y":631,"tool":"Pencil"},{"type":"child","parent":"ljp34vfh06","x":1025,"y":588,"tool":"Pencil"},{"type":"child","parent":"ljp34vfh06","x":980,"y":547,"tool":"Pencil"},{"type":"child","parent":"ljp34vfh06","x":956,"y":546,"tool":"Pencil"},{"type":"child","parent":"ljp34vfh06","x":938,"y":544,"tool":"Pencil"},{"type":"child","parent":"ljp34vfh06","x":934,"y":542,"tool":"Pencil"}]},"ljp34vn9sr":{"type":"line","id":"ljp34vn9sr","color":"#000000","size":10,"tool":"Pencil","_children":[{"type":"child","parent":"ljp34vn9sr","x":364,"y":593,"tool":"Pencil"},{"type":"child","parent":"ljp34vn9sr","x":369,"y":609,"tool":"Pencil"},{"type":"child","parent":"ljp34vn9sr","x":389,"y":642,"tool":"Pencil"},{"type":"child","parent":"ljp34vn9sr","x":356,"y":645,"tool":"Pencil"},{"type":"child","parent":"ljp34vn9sr","x":268,"y":600,"tool":"Pencil"},{"type":"child","parent":"ljp34vn9sr","x":268,"y":595,"tool":"Pencil"}]},"ljp34vo425":{"type":"line","id":"ljp34vo425","color":"#000000","size":10,"tool":"Pencil","_children":[{"type":"child","parent":"ljp34vo425","x":318,"y":549,"tool":"Pencil"},{"type":"child","parent":"ljp34vo425","x":327,"y":551,"tool":"Pencil"},{"type":"child","parent":"ljp34vo425","x":385,"y":566,"tool":"Pencil"},{"type":"child","parent":"ljp34vo425","x":395,"y":568,"tool":"Pencil"}]},"ljp34vov0d":{"type":"line","id":"ljp34vov0d","color":"#000000","size":10,"tool":"Pencil","_children":[{"type":"child","parent":"ljp34vov0d","x":427,"y":613,"tool":"Pencil"},{"type":"child","parent":"ljp34vov0d","x":427,"y":615,"tool":"Pencil"},{"type":"child","parent":"ljp34vov0d","x":438,"y":641,"tool":"Pencil"},{"type":"child","parent":"ljp34vov0d","x":449,"y":639,"tool":"Pencil"},{"type":"child","parent":"ljp34vov0d","x":454,"y":624,"tool":"Pencil"},{"type":"child","parent":"ljp34vov0d","x":454,"y":612,"tool":"Pencil"},{"type":"child","parent":"ljp34vov0d","x":454,"y":612,"tool":"Pencil"}]},"ljp34vpu2p":{"type":"line","id":"ljp34vpu2p","color":"#000000","size":10,"tool":"Pencil","_children":[{"type":"child","parent":"ljp34vpu2p","x":489,"y":600,"tool":"Pencil"},{"type":"child","parent":"ljp34vpu2p","x":507,"y":592,"tool":"Pencil"},{"type":"child","parent":"ljp34vpu2p","x":514,"y":575,"tool":"Pencil"},{"type":"child","parent":"ljp34vpu2p","x":509,"y":551,"tool":"Pencil"},{"type":"child","parent":"ljp34vpu2p","x":492,"y":542,"tool":"Pencil"},{"type":"child","parent":"ljp34vpu2p","x":485,"y":565,"tool":"Pencil"},{"type":"child","parent":"ljp34vpu2p","x":485,"y":613,"tool":"Pencil"},{"type":"child","parent":"ljp34vpu2p","x":489,"y":629,"tool":"Pencil"},{"type":"child","parent":"ljp34vpu2p","x":489,"y":632,"tool":"Pencil"},{"type":"child","parent":"ljp34vpu2p","x":491,"y":639,"tool":"Pencil"},{"type":"child","parent":"ljp34vpu2p","x":495,"y":642,"tool":"Pencil"},{"type":"child","parent":"ljp34vpu2p","x":513,"y":644,"tool":"Pencil"},{"type":"child","parent":"ljp34vpu2p","x":515,"y":644,"tool":"Pencil"},{"type":"child","parent":"ljp34vpu2p","x":517,"y":642,"tool":"Pencil"},{"type":"child","parent":"ljp34vpu2p","x":517,"y":641,"tool":"Pencil"}]},"ljp34vr63a":{"type":"line","id":"ljp34vr63a","color":"#000000","size":10,"tool":"Pencil","_children":[{"type":"child","parent":"ljp34vr63a","x":540,"y":613,"tool":"Pencil"},{"type":"child","parent":"ljp34vr63a","x":541,"y":613,"tool":"Pencil"},{"type":"child","parent":"ljp34vr63a","x":541,"y":627,"tool":"Pencil"},{"type":"child","parent":"ljp34vr63a","x":541,"y":635,"tool":"Pencil"},{"type":"child","parent":"ljp34vr63a","x":542,"y":636,"tool":"Pencil"},{"type":"child","parent":"ljp34vr63a","x":549,"y":638,"tool":"Pencil"},{"type":"child","parent":"ljp34vr63a","x":556,"y":638,"tool":"Pencil"},{"type":"child","parent":"ljp34vr63a","x":557,"y":639,"tool":"Pencil"}]},"ljp34vs60d":{"type":"line","id":"ljp34vs60d","color":"#000000","size":10,"tool":"Pencil","_children":[{"type":"child","parent":"ljp34vs60d","x":545,"y":588,"tool":"Pencil"},{"type":"child","parent":"ljp34vs60d","x":545,"y":588,"tool":"Pencil"}]},"ljp34vsxer":{"type":"line","id":"ljp34vsxer","color":"#000000","size":10,"tool":"Pencil","_children":[{"type":"child","parent":"ljp34vsxer","x":591,"y":623,"tool":"Pencil"},{"type":"child","parent":"ljp34vsxer","x":592,"y":623,"tool":"Pencil"},{"type":"child","parent":"ljp34vsxer","x":613,"y":623,"tool":"Pencil"},{"type":"child","parent":"ljp34vsxer","x":617,"y":618,"tool":"Pencil"},{"type":"child","parent":"ljp34vsxer","x":609,"y":604,"tool":"Pencil"},{"type":"child","parent":"ljp34vsxer","x":594,"y":602,"tool":"Pencil"},{"type":"child","parent":"ljp34vsxer","x":590,"y":604,"tool":"Pencil"},{"type":"child","parent":"ljp34vsxer","x":590,"y":620,"tool":"Pencil"},{"type":"child","parent":"ljp34vsxer","x":600,"y":638,"tool":"Pencil"},{"type":"child","parent":"ljp34vsxer","x":602,"y":639,"tool":"Pencil"},{"type":"child","parent":"ljp34vsxer","x":607,"y":642,"tool":"Pencil"},{"type":"child","parent":"ljp34vsxer","x":612,"y":647,"tool":"Pencil"},{"type":"child","parent":"ljp34vsxer","x":615,"y":649,"tool":"Pencil"},{"type":"child","parent":"ljp34vsxer","x":617,"y":649,"tool":"Pencil"},{"type":"child","parent":"ljp34vsxer","x":621,"y":649,"tool":"Pencil"},{"type":"child","parent":"ljp34vsxer","x":627,"y":646,"tool":"Pencil"}]},"ljp34vsc20":{"type":"line","id":"ljp34vsc20","color":"#1913b0","size":10,"tool":"Pencil","_children":[{"type":"child","parent":"ljp34vsc20","x":1164,"y":515,"tool":"Pencil"},{"type":"child","parent":"ljp34vsc20","x":1164,"y":525,"tool":"Pencil"},{"type":"child","parent":"ljp34vsc20","x":1164,"y":536,"tool":"Pencil"},{"type":"child","parent":"ljp34vsc20","x":1164,"y":556,"tool":"Pencil"},{"type":"child","parent":"ljp34vsc20","x":1165,"y":568,"tool":"Pencil"},{"type":"child","parent":"ljp34vsc20","x":1165,"y":574,"tool":"Pencil"},{"type":"child","parent":"ljp34vsc20","x":1166,"y":575,"tool":"Pencil"}]},"ljp34vsyq8":{"type":"line","id":"ljp34vsyq8","color":"#1913b0","size":10,"tool":"Pencil","_children":[{"type":"child","parent":"ljp34vsyq8","x":1166,"y":553,"tool":"Pencil"},{"type":"child","parent":"ljp34vsyq8","x":1166,"y":544,"tool":"Pencil"}]},"ljp34vuf8c":{"type":"line","id":"ljp34vuf8c","color":"#000000","size":10,"tool":"Pencil","_children":[{"type":"child","parent":"ljp34vuf8c","x":648,"y":650,"tool":"Pencil"},{"type":"child","parent":"ljp34vuf8c","x":648,"y":650,"tool":"Pencil"},{"type":"child","parent":"ljp34vuf8c","x":648,"y":631,"tool":"Pencil"},{"type":"child","parent":"ljp34vuf8c","x":650,"y":625,"tool":"Pencil"},{"type":"child","parent":"ljp34vuf8c","x":662,"y":622,"tool":"Pencil"},{"type":"child","parent":"ljp34vuf8c","x":682,"y":628,"tool":"Pencil"},{"type":"child","parent":"ljp34vuf8c","x":697,"y":650,"tool":"Pencil"},{"type":"child","parent":"ljp34vuf8c","x":698,"y":655,"tool":"Pencil"},{"type":"child","parent":"ljp34vuf8c","x":696,"y":650,"tool":"Pencil"},{"type":"child","parent":"ljp34vuf8c","x":694,"y":640,"tool":"Pencil"},{"type":"child","parent":"ljp34vuf8c","x":701,"y":632,"tool":"Pencil"},{"type":"child","parent":"ljp34vuf8c","x":714,"y":631,"tool":"Pencil"},{"type":"child","parent":"ljp34vuf8c","x":735,"y":642,"tool":"Pencil"},{"type":"child","parent":"ljp34vuf8c","x":740,"y":649,"tool":"Pencil"},{"type":"child","parent":"ljp34vuf8c","x":740,"y":649,"tool":"Pencil"}]},"ljp34vtc9j":{"type":"line","id":"ljp34vtc9j","color":"#1913b0","size":10,"tool":"Pencil","_children":[{"type":"child","parent":"ljp34vtc9j","x":1165,"y":513,"tool":"Pencil"},{"type":"child","parent":"ljp34vtc9j","x":1165,"y":515,"tool":"Pencil"},{"type":"child","parent":"ljp34vtc9j","x":1168,"y":531,"tool":"Pencil"},{"type":"child","parent":"ljp34vtc9j","x":1175,"y":549,"tool":"Pencil"},{"type":"child","parent":"ljp34vtc9j","x":1182,"y":562,"tool":"Pencil"},{"type":"child","parent":"ljp34vtc9j","x":1188,"y":567,"tool":"Pencil"},{"type":"child","parent":"ljp34vtc9j","x":1192,"y":567,"tool":"Pencil"},{"type":"child","parent":"ljp34vtc9j","x":1200,"y":513,"tool":"Pencil"},{"type":"child","parent":"ljp34vtc9j","x":1200,"y":484,"tool":"Pencil"},{"type":"child","parent":"ljp34vtc9j","x":1200,"y":485,"tool":"Pencil"}]},"ljp34vu73v":{"type":"line","id":"ljp34vu73v","color":"#1913b0","size":10,"tool":"Pencil","_children":[{"type":"child","parent":"ljp34vu73v","x":1217,"y":527,"tool":"Pencil"},{"type":"child","parent":"ljp34vu73v","x":1216,"y":534,"tool":"Pencil"},{"type":"child","parent":"ljp34vu73v","x":1216,"y":547,"tool":"Pencil"},{"type":"child","parent":"ljp34vu73v","x":1226,"y":562,"tool":"Pencil"},{"type":"child","parent":"ljp34vu73v","x":1239,"y":564,"tool":"Pencil"},{"type":"child","parent":"ljp34vu73v","x":1242,"y":547,"tool":"Pencil"},{"type":"child","parent":"ljp34vu73v","x":1238,"y":533,"tool":"Pencil"},{"type":"child","parent":"ljp34vu73v","x":1227,"y":531,"tool":"Pencil"},{"type":"child","parent":"ljp34vu73v","x":1218,"y":531,"tool":"Pencil"}]},"ljp34vv4md":{"type":"line","id":"ljp34vv4md","color":"#1913b0","size":10,"tool":"Pencil","_children":[{"type":"child","parent":"ljp34vv4md","x":1291,"y":483,"tool":"Pencil"},{"type":"child","parent":"ljp34vv4md","x":1291,"y":510,"tool":"Pencil"},{"type":"child","parent":"ljp34vv4md","x":1291,"y":538,"tool":"Pencil"},{"type":"child","parent":"ljp34vv4md","x":1291,"y":543,"tool":"Pencil"}]},"ljp34vvko5":{"type":"line","id":"ljp34vvko5","color":"#1913b0","size":10,"tool":"Pencil","_children":[{"type":"child","parent":"ljp34vvko5","x":1285,"y":583,"tool":"Pencil"},{"type":"child","parent":"ljp34vvko5","x":1285,"y":583,"tool":"Pencil"}]},"ljp34vz1ao":{"type":"line","id":"ljp34vz1ao","color":"#000000","size":10,"tool":"Pencil","_children":[{"type":"child","parent":"ljp34vz1ao","x":1292,"y":634,"tool":"Pencil"},{"type":"child","parent":"ljp34vz1ao","x":1290,"y":639,"tool":"Pencil"},{"type":"child","parent":"ljp34vz1ao","x":1236,"y":715,"tool":"Pencil"},{"type":"child","parent":"ljp34vz1ao","x":1212,"y":744,"tool":"Pencil"},{"type":"child","parent":"ljp34vz1ao","x":1212,"y":744,"tool":"Pencil"},{"type":"child","parent":"ljp34vz1ao","x":1212,"y":742,"tool":"Pencil"}]},"ljp34vzupz":{"type":"line","id":"ljp34vzupz","color":"#000000","size":10,"tool":"Pencil","_children":[{"type":"child","parent":"ljp34vzupz","x":1199,"y":633,"tool":"Pencil"},{"type":"child","parent":"ljp34vzupz","x":1232,"y":653,"tool":"Pencil"},{"type":"child","parent":"ljp34vzupz","x":1247,"y":662,"tool":"Pencil"},{"type":"child","parent":"ljp34vzupz","x":1255,"y":666,"tool":"Pencil"},{"type":"child","parent":"ljp34vzupz","x":1257,"y":667,"tool":"Pencil"},{"type":"child","parent":"ljp34vzupz","x":1257,"y":667,"tool":"Pencil"},{"type":"child","parent":"ljp34vzupz","x":1260,"y":669,"tool":"Pencil"},{"type":"child","parent":"ljp34vzupz","x":1264,"y":670,"tool":"Pencil"}]},"ljp34w6d04":{"type":"line","id":"ljp34w6d04","color":"#1913b0","size":10,"tool":"Pencil","_children":[{"type":"child","parent":"ljp34w6d04","x":1349,"y":519,"tool":"Pencil"},{"type":"child","parent":"ljp34w6d04","x":1349,"y":527,"tool":"Pencil"},{"type":"child","parent":"ljp34w6d04","x":1349,"y":545,"tool":"Pencil"},{"type":"child","parent":"ljp34w6d04","x":1349,"y":551,"tool":"Pencil"},{"type":"child","parent":"ljp34w6d04","x":1349,"y":555,"tool":"Pencil"}]},"ljp34w6yve":{"type":"line","id":"ljp34w6yve","color":"#1913b0","size":10,"tool":"Pencil","_children":[{"type":"child","parent":"ljp34w6yve","x":1326,"y":522,"tool":"Pencil"},{"type":"child","parent":"ljp34w6yve","x":1333,"y":521,"tool":"Pencil"},{"type":"child","parent":"ljp34w6yve","x":1373,"y":521,"tool":"Pencil"},{"type":"child","parent":"ljp34w6yve","x":1376,"y":521,"tool":"Pencil"}]},"ljp34w7ehd":{"type":"line","id":"ljp34w7ehd","color":"#1913b0","size":10,"tool":"Pencil","_children":[{"type":"child","parent":"ljp34w7ehd","x":1332,"y":555,"tool":"Pencil"},{"type":"child","parent":"ljp34w7ehd","x":1358,"y":554,"tool":"Pencil"},{"type":"child","parent":"ljp34w7ehd","x":1360,"y":554,"tool":"Pencil"}]},"ljp34w7tbm":{"type":"line","id":"ljp34w7tbm","color":"#1913b0","size":10,"tool":"Pencil","_children":[{"type":"child","parent":"ljp34w7tbm","x":1364,"y":539,"tool":"Pencil"},{"type":"child","parent":"ljp34w7tbm","x":1366,"y":546,"tool":"Pencil"},{"type":"child","parent":"ljp34w7tbm","x":1371,"y":564,"tool":"Pencil"}]},"ljp34w8erk":{"type":"line","id":"ljp34w8erk","color":"#1913b0","size":10,"tool":"Pencil","_children":[{"type":"child","parent":"ljp34w8erk","x":1363,"y":546,"tool":"Pencil"},{"type":"child","parent":"ljp34w8erk","x":1363,"y":544,"tool":"Pencil"},{"type":"child","parent":"ljp34w8erk","x":1382,"y":542,"tool":"Pencil"},{"type":"child","parent":"ljp34w8erk","x":1390,"y":541,"tool":"Pencil"}]},"ljp34w8y47":{"type":"line","id":"ljp34w8y47","color":"#1913b0","size":10,"tool":"Pencil","_children":[{"type":"child","parent":"ljp34w8y47","x":1411,"y":511,"tool":"Pencil"},{"type":"child","parent":"ljp34w8y47","x":1416,"y":518,"tool":"Pencil"},{"type":"child","parent":"ljp34w8y47","x":1416,"y":525,"tool":"Pencil"}]},"ljp34w9e61":{"type":"line","id":"ljp34w9e61","color":"#1913b0","size":10,"tool":"Pencil","_children":[{"type":"child","parent":"ljp34w9e61","x":1450,"y":534,"tool":"Pencil"},{"type":"child","parent":"ljp34w9e61","x":1432,"y":543,"tool":"Pencil"},{"type":"child","parent":"ljp34w9e61","x":1416,"y":547,"tool":"Pencil"},{"type":"child","parent":"ljp34w9e61","x":1422,"y":549,"tool":"Pencil"},{"type":"child","parent":"ljp34w9e61","x":1423,"y":552,"tool":"Pencil"},{"type":"child","parent":"ljp34w9e61","x":1420,"y":560,"tool":"Pencil"},{"type":"child","parent":"ljp34w9e61","x":1418,"y":563,"tool":"Pencil"}]},"ljp34wa9eu":{"type":"line","id":"ljp34wa9eu","color":"#1913b0","size":10,"tool":"Pencil","_children":[{"type":"child","parent":"ljp34wa9eu","x":1361,"y":598,"tool":"Pencil"},{"type":"child","parent":"ljp34wa9eu","x":1360,"y":598,"tool":"Pencil"},{"type":"child","parent":"ljp34wa9eu","x":1312,"y":609,"tool":"Pencil"},{"type":"child","parent":"ljp34wa9eu","x":1308,"y":621,"tool":"Pencil"},{"type":"child","parent":"ljp34wa9eu","x":1328,"y":635,"tool":"Pencil"}]},"ljp34wax7t":{"type":"line","id":"ljp34wax7t","color":"#1913b0","size":10,"tool":"Pencil","_children":[{"type":"child","parent":"ljp34wax7t","x":1372,"y":618,"tool":"Pencil"},{"type":"child","parent":"ljp34wax7t","x":1365,"y":619,"tool":"Pencil"},{"type":"child","parent":"ljp34wax7t","x":1355,"y":626,"tool":"Pencil"},{"type":"child","parent":"ljp34wax7t","x":1367,"y":632,"tool":"Pencil"},{"type":"child","parent":"ljp34wax7t","x":1380,"y":633,"tool":"Pencil"},{"type":"child","parent":"ljp34wax7t","x":1378,"y":619,"tool":"Pencil"}]},"ljp34wbnuy":{"type":"line","id":"ljp34wbnuy","color":"#1913b0","size":10,"tool":"Pencil","_children":[{"type":"child","parent":"ljp34wbnuy","x":1408,"y":624,"tool":"Pencil"},{"type":"child","parent":"ljp34wbnuy","x":1402,"y":624,"tool":"Pencil"},{"type":"child","parent":"ljp34wbnuy","x":1396,"y":627,"tool":"Pencil"},{"type":"child","parent":"ljp34wbnuy","x":1412,"y":636,"tool":"Pencil"},{"type":"child","parent":"ljp34wbnuy","x":1420,"y":632,"tool":"Pencil"},{"type":"child","parent":"ljp34wbnuy","x":1411,"y":623,"tool":"Pencil"}]},"ljp34wcj3g":{"type":"line","id":"ljp34wcj3g","color":"#1913b0","size":10,"tool":"Pencil","_children":[{"type":"child","parent":"ljp34wcj3g","x":1450,"y":599,"tool":"Pencil"},{"type":"child","parent":"ljp34wcj3g","x":1450,"y":603,"tool":"Pencil"},{"type":"child","parent":"ljp34wcj3g","x":1450,"y":622,"tool":"Pencil"},{"type":"child","parent":"ljp34wcj3g","x":1450,"y":631,"tool":"Pencil"},{"type":"child","parent":"ljp34wcj3g","x":1450,"y":635,"tool":"Pencil"}]},"ljp34wd3bf":{"type":"line","id":"ljp34wd3bf","color":"#1913b0","size":10,"tool":"Pencil","_children":[{"type":"child","parent":"ljp34wd3bf","x":1388,"y":661,"tool":"Pencil"},{"type":"child","parent":"ljp34wd3bf","x":1432,"y":659,"tool":"Pencil"},{"type":"child","parent":"ljp34wd3bf","x":1440,"y":659,"tool":"Pencil"},{"type":"child","parent":"ljp34wd3bf","x":1412,"y":676,"tool":"Pencil"},{"type":"child","parent":"ljp34wd3bf","x":1404,"y":681,"tool":"Pencil"},{"type":"child","parent":"ljp34wd3bf","x":1440,"y":691,"tool":"Pencil"},{"type":"child","parent":"ljp34wd3bf","x":1420,"y":695,"tool":"Pencil"}]},"ljp34wfcu5":{"type":"line","id":"ljp34wfcu5","color":"#000000","size":10,"tool":"Pencil","_children":[{"type":"child","parent":"ljp34wfcu5","x":675,"y":88,"tool":"Pencil"},{"type":"child","parent":"ljp34wfcu5","x":675,"y":88,"tool":"Pencil"}]},"tjp34whhx6":{"type":"new","id":"tjp34whhx6","color":"#000000","size":27,"x":439,"y":46,"tool":"Text","txt":"We can't move the rectangle though ;-)"},"tjp34wnp5a":{"type":"new","id":"tjp34wnp5a","color":"#000000","size":27,"x":439,"y":87,"tool":"Text","txt":""},"ljp34wvxpl":{"type":"line","id":"ljp34wvxpl","color":"#1913b0","size":10,"tool":"Pencil","_children":[{"type":"child","parent":"ljp34wvxpl","x":1000,"y":39,"tool":"Pencil"},{"type":"child","parent":"ljp34wvxpl","x":1000,"y":54,"tool":"Pencil"},{"type":"child","parent":"ljp34wvxpl","x":1009,"y":65,"tool":"Pencil"},{"type":"child","parent":"ljp34wvxpl","x":1046,"y":74,"tool":"Pencil"},{"type":"child","parent":"ljp34wvxpl","x":1056,"y":65,"tool":"Pencil"},{"type":"child","parent":"ljp34wvxpl","x":1052,"y":50,"tool":"Pencil"},{"type":"child","parent":"ljp34wvxpl","x":1047,"y":45,"tool":"Pencil"},{"type":"child","parent":"ljp34wvxpl","x":1037,"y":45,"tool":"Pencil"},{"type":"child","parent":"ljp34wvxpl","x":1016,"y":43,"tool":"Pencil"}]},"ljp34wyq92":{"type":"line","id":"ljp34wyq92","color":"#1913b0","size":10,"tool":"Pencil","_children":[{"type":"child","parent":"ljp34wyq92","x":1021,"y":63,"tool":"Pencil"},{"type":"child","parent":"ljp34wyq92","x":1021,"y":63,"tool":"Pencil"},{"type":"child","parent":"ljp34wyq92","x":1022,"y":61,"tool":"Pencil"},{"type":"child","parent":"ljp34wyq92","x":1028,"y":59,"tool":"Pencil"},{"type":"child","parent":"ljp34wyq92","x":1032,"y":59,"tool":"Pencil"},{"type":"child","parent":"ljp34wyq92","x":1035,"y":59,"tool":"Pencil"},{"type":"child","parent":"ljp34wyq92","x":1040,"y":59,"tool":"Pencil"},{"type":"child","parent":"ljp34wyq92","x":1044,"y":59,"tool":"Pencil"},{"type":"child","parent":"ljp34wyq92","x":1044,"y":63,"tool":"Pencil"},{"type":"child","parent":"ljp34wyq92","x":1045,"y":67,"tool":"Pencil"}]},"tjp34x1l8m":{"type":"new","id":"tjp34x1l8m","color":"#000000","size":27,"x":481,"y":772,"tool":"Text","txt":"at least it works"},"ljp34x0qz4":{"type":"line","id":"ljp34x0qz4","color":"#1913b0","size":10,"tool":"Pencil","_children":[{"type":"child","parent":"ljp34x0qz4","x":1012,"y":51,"tool":"Pencil"}]},"ljp34x15z1":{"type":"line","id":"ljp34x15z1","color":"#1913b0","size":10,"tool":"Pencil","_children":[{"type":"child","parent":"ljp34x15z1","x":1038,"y":51,"tool":"Pencil"},{"type":"child","parent":"ljp34x15z1","x":1038,"y":51,"tool":"Pencil"}]},"tjp34x6vgd":{"type":"new","id":"tjp34x6vgd","color":"#000000","size":27,"x":481,"y":813,"tool":"Text","txt":""}}