{"sjp48z59yq":{"type":"straight","id":"sjp48z59yq","color":"#1913b0","size":10,"x":481,"y":240,"tool":"Straight line","x2":1132,"y2":426},"sjp48z5yxh":{"type":"straight","id":"sjp48z5yxh","color":"#1913b0","size":10,"x":885,"y":172,"tool":"Straight line","x2":676,"y2":533},"rjp48z7bgg":{"type":"rect","id":"rjp48z7bgg","color":"#1913b0","size":10,"x":479,"y":201,"x2":1160,"y2":645,"tool":"Rectangle"},"rjp48z9yoe":{"type":"rect","id":"rjp48z9yoe","color":"#1913b0","size":44,"x":512,"y":515,"x2":701,"y2":608,"tool":"Rectangle"},"ljp48zc53t":{"type":"line","id":"ljp48zc53t","color":"#1913b0","size":44,"tool":"Pencil","_children":[{"type":"child","parent":"ljp48zc53t","x":563,"y":194,"tool":"Pencil"},{"type":"child","parent":"ljp48zc53t","x":602,"y":300,"tool":"Pencil"},{"type":"child","parent":"ljp48zc53t","x":493,"y":279,"tool":"Pencil"},{"type":"child","parent":"ljp48zc53t","x":409,"y":161,"tool":"Pencil"},{"type":"child","parent":"ljp48zc53t","x":503,"y":174,"tool":"Pencil"},{"type":"child","parent":"ljp48zc53t","x":608,"y":296,"tool":"Pencil"},{"type":"child","parent":"ljp48zc53t","x":520,"y":333,"tool":"Pencil"},{"type":"child","parent":"ljp48zc53t","x":435,"y":305,"tool":"Pencil"},{"type":"child","parent":"ljp48zc53t","x":436,"y":213,"tool":"Pencil"},{"type":"child","parent":"ljp48zc53t","x":570,"y":205,"tool":"Pencil"},{"type":"child","parent":"ljp48zc53t","x":721,"y":277,"tool":"Pencil"},{"type":"child","parent":"ljp48zc53t","x":843,"y":320,"tool":"Pencil"},{"type":"child","parent":"ljp48zc53t","x":1006,"y":360,"tool":"Pencil"},{"type":"child","parent":"ljp48zc53t","x":1184,"y":328,"tool":"Pencil"},{"type":"child","parent":"ljp48zc53t","x":1239,"y":204,"tool":"Pencil"},{"type":"child","parent":"ljp48zc53t","x":1069,"y":188,"tool":"Pencil"},{"type":"child","parent":"ljp48zc53t","x":978,"y":308,"tool":"Pencil"},{"type":"child","parent":"ljp48zc53t","x":1154,"y":499,"tool":"Pencil"},{"type":"child","parent":"ljp48zc53t","x":1256,"y":677,"tool":"Pencil"},{"type":"child","parent":"ljp48zc53t","x":1105,"y":708,"tool":"Pencil"},{"type":"child","parent":"ljp48zc53t","x":869,"y":657,"tool":"Pencil"},{"type":"child","parent":"ljp48zc53t","x":712,"y":508,"tool":"Pencil"},{"type":"child","parent":"ljp48zc53t","x":732,"y":376,"tool":"Pencil"},{"type":"child","parent":"ljp48zc53t","x":891,"y":363,"tool":"Pencil"},{"type":"child","parent":"ljp48zc53t","x":1157,"y":367,"tool":"Pencil"},{"type":"child","parent":"ljp48zc53t","x":1246,"y":230,"tool":"Pencil"},{"type":"child","parent":"ljp48zc53t","x":1140,"y":120,"tool":"Pencil"},{"type":"child","parent":"ljp48zc53t","x":871,"y":107,"tool":"Pencil"},{"type":"child","parent":"ljp48zc53t","x":874,"y":225,"tool":"Pencil"},{"type":"child","parent":"ljp48zc53t","x":1099,"y":478,"tool":"Pencil"},{"type":"child","parent":"ljp48zc53t","x":1179,"y":673,"tool":"Pencil"},{"type":"child","parent":"ljp48zc53t","x":980,"y":739,"tool":"Pencil"},{"type":"child","parent":"ljp48zc53t","x":643,"y":677,"tool":"Pencil"},{"type":"child","parent":"ljp48zc53t","x":437,"y":495,"tool":"Pencil"},{"type":"child","parent":"ljp48zc53t","x":451,"y":319,"tool":"Pencil"},{"type":"child","parent":"ljp48zc53t","x":660,"y":283,"tool":"Pencil"},{"type":"child","parent":"ljp48zc53t","x":923,"y":374,"tool":"Pencil"}]},"ljp48zqy49":{"type":"line","id":"ljp48zqy49","color":"#1913b0","size":44,"tool":"Pencil","_children":[{"type":"child","parent":"ljp48zqy49","x":2010,"y":610,"tool":"Pencil"},{"type":"child","parent":"ljp48zqy49","x":2603,"y":940,"tool":"Pencil"},{"type":"child","parent":"ljp48zqy49","x":2727,"y":1190,"tool":"Pencil"},{"type":"child","parent":"ljp48zqy49","x":2380,"y":1353,"tool":"Pencil"},{"type":"child","parent":"ljp48zqy49","x":1817,"y":1100,"tool":"Pencil"},{"type":"child","parent":"ljp48zqy49","x":1803,"y":820,"tool":"Pencil"},{"type":"child","parent":"ljp48zqy49","x":2220,"y":737,"tool":"Pencil"},{"type":"child","parent":"ljp48zqy49","x":2880,"y":767,"tool":"Pencil"},{"type":"child","parent":"ljp48zqy49","x":3497,"y":810,"tool":"Pencil"},{"type":"child","parent":"ljp48zqy49","x":3777,"y":643,"tool":"Pencil"},{"type":"child","parent":"ljp48zqy49","x":3423,"y":377,"tool":"Pencil"},{"type":"child","parent":"ljp48zqy49","x":2523,"y":467,"tool":"Pencil"},{"type":"child","parent":"ljp48zqy49","x":2537,"y":983,"tool":"Pencil"},{"type":"child","parent":"ljp48zqy49","x":2710,"y":1617,"tool":"Pencil"},{"type":"child","parent":"ljp48zqy49","x":2537,"y":2030,"tool":"Pencil"},{"type":"child","parent":"ljp48zqy49","x":2307,"y":2050,"tool":"Pencil"}]}}