{"rjpr05q1ni":{"type":"rect","id":"rjpr05q1ni","color":"#85144b","size":10,"x":634,"y":177,"x2":1101,"y2":370,"tool":"Rectangle","time":1544971530891},"rjpr05r8fp":{"type":"rect","id":"rjpr05r8fp","color":"#85144b","size":10,"x":642,"y":503,"x2":1096,"y2":786,"tool":"Rectangle","time":1544971532427},"rjpr05sqtb":{"type":"rect","id":"rjpr05sqtb","color":"#85144b","size":10,"x":1348,"y":271,"x2":1783,"y2":596,"tool":"Rectangle","time":1544971534385},"tjpr05v5v6":{"type":"new","id":"tjpr05v5v6","color":"#85144b","size":27,"x":759,"y":247,"tool":"Text","time":1544971537519},"tjpr05vp4e":{"type":"new","id":"tjpr05vp4e","color":"#85144b","size":27,"x":892,"y":275,"tool":"Text","time":1544971538215},"tjpr05vta9":{"type":"new","id":"tjpr05vta9","color":"#85144b","size":27,"x":892,"y":275,"tool":"Text","time":1544971538361,"txt":"aligaitor"},"tjpr060g3n":{"type":"new","id":"tjpr060g3n","color":"#85144b","size":27,"x":892,"y":316,"tool":"Text","time":1544971544366,"txt":""},"tjpr0618f6":{"type":"new","id":"tjpr0618f6","color":"#85144b","size":27,"x":810,"y":659,"tool":"Text","time":1544971545390,"txt":"analyzer"},"tjpr0641v7":{"type":"new","id":"tjpr0641v7","color":"#85144b","size":27,"x":810,"y":700,"tool":"Text","time":1544971549042,"txt":""},"tjpr064qyh":{"type":"new","id":"tjpr064qyh","color":"#85144b","size":27,"x":1424,"y":403,"tool":"Text","time":1544971549943,"txt":"data queue"},"tjpr067fvd":{"type":"new","id":"tjpr067fvd","color":"#85144b","size":27,"x":1424,"y":444,"tool":"Text","time":1544971553433,"txt":""},"ljpr06b8pr":{"type":"line","id":"ljpr06b8pr","color":"#85144b","size":10,"tool":"Pencil","time":1544971558358,"_children":[{"type":"child","parent":"ljpr06b8pr","x":1107,"y":263,"tool":"Pencil"},{"type":"child","parent":"ljpr06b8pr","x":1125,"y":271,"tool":"Pencil"},{"type":"child","parent":"ljpr06b8pr","x":1305,"y":336,"tool":"Pencil"},{"type":"child","parent":"ljpr06b8pr","x":1348,"y":358,"tool":"Pencil"},{"type":"child","parent":"ljpr06b8pr","x":1349,"y":358,"tool":"Pencil"}]},"ljpr06by9u":{"type":"line","id":"ljpr06by9u","color":"#85144b","size":10,"tool":"Pencil","time":1544971559277,"_children":[{"type":"child","parent":"ljpr06by9u","x":1318,"y":306,"tool":"Pencil"},{"type":"child","parent":"ljpr06by9u","x":1325,"y":318,"tool":"Pencil"},{"type":"child","parent":"ljpr06by9u","x":1347,"y":349,"tool":"Pencil"},{"type":"child","parent":"ljpr06by9u","x":1377,"y":395,"tool":"Pencil"},{"type":"child","parent":"ljpr06by9u","x":1379,"y":396,"tool":"Pencil"},{"type":"child","parent":"ljpr06by9u","x":1319,"y":373,"tool":"Pencil"},{"type":"child","parent":"ljpr06by9u","x":1285,"y":363,"tool":"Pencil"}]},"ljpr06cxyt":{"type":"line","id":"ljpr06cxyt","color":"#85144b","size":10,"tool":"Pencil","time":1544971560567,"_children":[{"type":"child","parent":"ljpr06cxyt","x":1343,"y":508,"tool":"Pencil"},{"type":"child","parent":"ljpr06cxyt","x":1344,"y":508,"tool":"Pencil"},{"type":"child","parent":"ljpr06cxyt","x":1344,"y":507,"tool":"Pencil"},{"type":"child","parent":"ljpr06cxyt","x":1340,"y":509,"tool":"Pencil"},{"type":"child","parent":"ljpr06cxyt","x":1340,"y":510,"tool":"Pencil"}]},"ljpr06dsfv":{"type":"line","id":"ljpr06dsfv","color":"#85144b","size":10,"tool":"Pencil","time":1544971561661,"_children":[{"type":"child","parent":"ljpr06dsfv","x":1103,"y":640,"tool":"Pencil"},{"type":"child","parent":"ljpr06dsfv","x":1125,"y":625,"tool":"Pencil"},{"type":"child","parent":"ljpr06dsfv","x":1262,"y":549,"tool":"Pencil"},{"type":"child","parent":"ljpr06dsfv","x":1280,"y":537,"tool":"Pencil"},{"type":"child","parent":"ljpr06dsfv","x":1282,"y":536,"tool":"Pencil"}]},"ljpr06eao8":{"type":"line","id":"ljpr06eao8","color":"#85144b","size":10,"tool":"Pencil","time":1544971562317,"_children":[{"type":"child","parent":"ljpr06eao8","x":1242,"y":532,"tool":"Pencil"},{"type":"child","parent":"ljpr06eao8","x":1262,"y":531,"tool":"Pencil"},{"type":"child","parent":"ljpr06eao8","x":1363,"y":521,"tool":"Pencil"},{"type":"child","parent":"ljpr06eao8","x":1356,"y":530,"tool":"Pencil"},{"type":"child","parent":"ljpr06eao8","x":1329,"y":545,"tool":"Pencil"},{"type":"child","parent":"ljpr06eao8","x":1301,"y":567,"tool":"Pencil"},{"type":"child","parent":"ljpr06eao8","x":1271,"y":580,"tool":"Pencil"},{"type":"child","parent":"ljpr06eao8","x":1268,"y":581,"tool":"Pencil"}]},"ljpr06jiuj":{"type":"line","id":"ljpr06jiuj","color":"#85144b","size":10,"tool":"Pencil","time":1544971569089,"_children":[{"type":"child","parent":"ljpr06jiuj","x":1168,"y":367,"tool":"Pencil"},{"type":"child","parent":"ljpr06jiuj","x":1222,"y":366,"tool":"Pencil"},{"type":"child","parent":"ljpr06jiuj","x":1163,"y":445,"tool":"Pencil"},{"type":"child","parent":"ljpr06jiuj","x":1195,"y":461,"tool":"Pencil"}]},"ljpr06jwq6":{"type":"line","id":"ljpr06jwq6","color":"#85144b","size":10,"tool":"Pencil","time":1544971569591,"_children":[{"type":"child","parent":"ljpr06jwq6","x":1172,"y":511,"tool":"Pencil"},{"type":"child","parent":"ljpr06jwq6","x":1169,"y":511,"tool":"Pencil"}]},"ljpr072lc1":{"type":"line","id":"ljpr072lc1","color":"#85144b","size":10,"tool":"Pencil","time":1544971593803,"_children":[{"type":"child","parent":"ljpr072lc1","x":1043,"y":550,"tool":"Pencil"},{"type":"child","parent":"ljpr072lc1","x":1043,"y":553,"tool":"Pencil"}]},"ljpr072qjr":{"type":"line","id":"ljpr072qjr","color":"#85144b","size":10,"tool":"Pencil","time":1544971593991,"_children":[{"type":"child","parent":"ljpr072qjr","x":1041,"y":554,"tool":"Pencil"},{"type":"child","parent":"ljpr072qjr","x":1040,"y":555,"tool":"Pencil"}]},"ljpr072uj5":{"type":"line","id":"ljpr072uj5","color":"#85144b","size":10,"tool":"Pencil","time":1544971594137,"_children":[{"type":"child","parent":"ljpr072uj5","x":1036,"y":558,"tool":"Pencil"},{"type":"child","parent":"ljpr072uj5","x":1033,"y":561,"tool":"Pencil"}]},"ljpr072zak":{"type":"line","id":"ljpr072zak","color":"#85144b","size":10,"tool":"Pencil","time":1544971594305,"_children":[{"type":"child","parent":"ljpr072zak","x":1033,"y":559,"tool":"Pencil"},{"type":"child","parent":"ljpr072zak","x":1034,"y":559,"tool":"Pencil"}]},"ljpr0734cm":{"type":"line","id":"ljpr0734cm","color":"#85144b","size":10,"tool":"Pencil","time":1544971594489,"_children":[{"type":"child","parent":"ljpr0734cm","x":1046,"y":568,"tool":"Pencil"},{"type":"child","parent":"ljpr0734cm","x":1054,"y":579,"tool":"Pencil"}]},"ljpr0739mc":{"type":"line","id":"ljpr0739mc","color":"#85144b","size":10,"tool":"Pencil","time":1544971594685,"_children":[{"type":"child","parent":"ljpr0739mc","x":1013,"y":549,"tool":"Pencil"},{"type":"child","parent":"ljpr0739mc","x":1046,"y":549,"tool":"Pencil"},{"type":"child","parent":"ljpr0739mc","x":1031,"y":564,"tool":"Pencil"},{"type":"child","parent":"ljpr0739mc","x":1014,"y":557,"tool":"Pencil"},{"type":"child","parent":"ljpr0739mc","x":1028,"y":560,"tool":"Pencil"},{"type":"child","parent":"ljpr0739mc","x":1024,"y":577,"tool":"Pencil"}]}}