{"ljvtd4p2z8":{"type":"line","id":"ljvtd4p2z8","color":"#0074d9","size":10,"tool":"Pencil","time":1558174943608,"_children":[{"type":"child","parent":"ljvtd4p2z8","x":314,"y":96,"tool":"Pencil"},{"type":"child","parent":"ljvtd4p2z8","x":315,"y":96,"tool":"Pencil"},{"type":"child","parent":"ljvtd4p2z8","x":417,"y":122,"tool":"Pencil"},{"type":"child","parent":"ljvtd4p2z8","x":423,"y":135,"tool":"Pencil"}]},"ljvtd55z04":{"type":"line","id":"ljvtd55z04","color":"#ff851b","size":10,"tool":"Pencil","time":1558174965493,"_children":[{"type":"child","parent":"ljvtd55z04","x":639,"y":227,"tool":"Pencil"},{"type":"child","parent":"ljvtd55z04","x":640,"y":227,"tool":"Pencil"},{"type":"child","parent":"ljvtd55z04","x":702,"y":254,"tool":"Pencil"},{"type":"child","parent":"ljvtd55z04","x":706,"y":254,"tool":"Pencil"},{"type":"child","parent":"ljvtd55z04","x":700,"y":256,"tool":"Pencil"},{"type":"child","parent":"ljvtd55z04","x":665,"y":299,"tool":"Pencil"},{"type":"child","parent":"ljvtd55z04","x":611,"y":360,"tool":"Pencil"},{"type":"child","parent":"ljvtd55z04","x":603,"y":372,"tool":"Pencil"},{"type":"child","parent":"ljvtd55z04","x":661,"y":367,"tool":"Pencil"},{"type":"child","parent":"ljvtd55z04","x":696,"y":353,"tool":"Pencil"},{"type":"child","parent":"ljvtd55z04","x":710,"y":342,"tool":"Pencil"}]},"ljvtd5jdxa":{"type":"line","id":"ljvtd5jdxa","color":"#ff851b","size":10,"tool":"Pencil","time":1558174982877,"_children":[{"type":"child","parent":"ljvtd5jdxa","x":502,"y":234,"tool":"Pencil"},{"type":"child","parent":"ljvtd5jdxa","x":502,"y":236,"tool":"Pencil"},{"type":"child","parent":"ljvtd5jdxa","x":498,"y":279,"tool":"Pencil"},{"type":"child","parent":"ljvtd5jdxa","x":467,"y":320,"tool":"Pencil"},{"type":"child","parent":"ljvtd5jdxa","x":503,"y":340,"tool":"Pencil"},{"type":"child","parent":"ljvtd5jdxa","x":573,"y":341,"tool":"Pencil"},{"type":"child","parent":"ljvtd5jdxa","x":588,"y":336,"tool":"Pencil"},{"type":"child","parent":"ljvtd5jdxa","x":465,"y":320,"tool":"Pencil"}]},"ljvtd5kdpl":{"type":"line","id":"ljvtd5kdpl","color":"#ff851b","size":10,"tool":"Pencil","time":1558174984165,"_children":[{"type":"child","parent":"ljvtd5kdpl","x":473,"y":406,"tool":"Pencil"},{"type":"child","parent":"ljvtd5kdpl","x":472,"y":407,"tool":"Pencil"},{"type":"child","parent":"ljvtd5kdpl","x":472,"y":500,"tool":"Pencil"},{"type":"child","parent":"ljvtd5kdpl","x":473,"y":529,"tool":"Pencil"},{"type":"child","parent":"ljvtd5kdpl","x":685,"y":479,"tool":"Pencil"},{"type":"child","parent":"ljvtd5kdpl","x":989,"y":419,"tool":"Pencil"},{"type":"child","parent":"ljvtd5kdpl","x":1096,"y":374,"tool":"Pencil"},{"type":"child","parent":"ljvtd5kdpl","x":1139,"y":321,"tool":"Pencil"},{"type":"child","parent":"ljvtd5kdpl","x":1161,"y":285,"tool":"Pencil"},{"type":"child","parent":"ljvtd5kdpl","x":1163,"y":278,"tool":"Pencil"},{"type":"child","parent":"ljvtd5kdpl","x":1151,"y":258,"tool":"Pencil"},{"type":"child","parent":"ljvtd5kdpl","x":1005,"y":216,"tool":"Pencil"},{"type":"child","parent":"ljvtd5kdpl","x":786,"y":203,"tool":"Pencil"},{"type":"child","parent":"ljvtd5kdpl","x":734,"y":197,"tool":"Pencil"},{"type":"child","parent":"ljvtd5kdpl","x":700,"y":210,"tool":"Pencil"},{"type":"child","parent":"ljvtd5kdpl","x":790,"y":375,"tool":"Pencil"},{"type":"child","parent":"ljvtd5kdpl","x":988,"y":524,"tool":"Pencil"},{"type":"child","parent":"ljvtd5kdpl","x":1158,"y":569,"tool":"Pencil"},{"type":"child","parent":"ljvtd5kdpl","x":1218,"y":563,"tool":"Pencil"},{"type":"child","parent":"ljvtd5kdpl","x":1224,"y":556,"tool":"Pencil"},{"type":"child","parent":"ljvtd5kdpl","x":1201,"y":490,"tool":"Pencil"},{"type":"child","parent":"ljvtd5kdpl","x":1008,"y":243,"tool":"Pencil"},{"type":"child","parent":"ljvtd5kdpl","x":928,"y":212,"tool":"Pencil"},{"type":"child","parent":"ljvtd5kdpl","x":867,"y":260,"tool":"Pencil"}]}}