{"ljp1xizimb":{"type":"line","id":"ljp1xizimb","color":"#1913b0","size":"10","tool":"Pencil","_children":[{"type":"child","parent":"ljp1xizimb","x":470,"y":181,"tool":"Pencil"},{"type":"child","parent":"ljp1xizimb","x":470,"y":183,"tool":"Pencil"},{"type":"child","parent":"ljp1xizimb","x":478,"y":226,"tool":"Pencil"},{"type":"child","parent":"ljp1xizimb","x":470,"y":263,"tool":"Pencil"},{"type":"child","parent":"ljp1xizimb","x":469,"y":263,"tool":"Pencil"}]},"ljp1xj1snq":{"type":"line","id":"ljp1xj1snq","color":"#1913b0","size":"10","tool":"Pencil","_children":[{"type":"child","parent":"ljp1xj1snq","x":442,"y":185,"tool":"Pencil"},{"type":"child","parent":"ljp1xj1snq","x":452,"y":183,"tool":"Pencil"},{"type":"child","parent":"ljp1xj1snq","x":509,"y":166,"tool":"Pencil"},{"type":"child","parent":"ljp1xj1snq","x":510,"y":166,"tool":"Pencil"}]},"ljp1xj2o3s":{"type":"line","id":"ljp1xj2o3s","color":"#1913b0","size":"10","tool":"Pencil","_children":[{"type":"child","parent":"ljp1xj2o3s","x":528,"y":203,"tool":"Pencil"},{"type":"child","parent":"ljp1xj2o3s","x":528,"y":209,"tool":"Pencil"},{"type":"child","parent":"ljp1xj2o3s","x":530,"y":223,"tool":"Pencil"},{"type":"child","parent":"ljp1xj2o3s","x":532,"y":227,"tool":"Pencil"}]},"ljp1xj34jm":{"type":"line","id":"ljp1xj34jm","color":"#1913b0","size":"10","tool":"Pencil","_children":[{"type":"child","parent":"ljp1xj34jm","x":534,"y":215,"tool":"Pencil"},{"type":"child","parent":"ljp1xj34jm","x":555,"y":201,"tool":"Pencil"},{"type":"child","parent":"ljp1xj34jm","x":562,"y":197,"tool":"Pencil"}]},"ljp1xj3g8o":{"type":"line","id":"ljp1xj3g8o","color":"#1913b0","size":"10","tool":"Pencil","_children":[{"type":"child","parent":"ljp1xj3g8o","x":560,"y":178,"tool":"Pencil"},{"type":"child","parent":"ljp1xj3g8o","x":564,"y":191,"tool":"Pencil"},{"type":"child","parent":"ljp1xj3g8o","x":570,"y":217,"tool":"Pencil"},{"type":"child","parent":"ljp1xj3g8o","x":573,"y":225,"tool":"Pencil"}]},"ljp1xj4fsr":{"type":"line","id":"ljp1xj4fsr","color":"#1913b0","size":"10","tool":"Pencil","_children":[{"type":"child","parent":"ljp1xj4fsr","x":608,"y":170,"tool":"Pencil"},{"type":"child","parent":"ljp1xj4fsr","x":596,"y":169,"tool":"Pencil"},{"type":"child","parent":"ljp1xj4fsr","x":595,"y":170,"tool":"Pencil"},{"type":"child","parent":"ljp1xj4fsr","x":594,"y":176,"tool":"Pencil"},{"type":"child","parent":"ljp1xj4fsr","x":593,"y":185,"tool":"Pencil"},{"type":"child","parent":"ljp1xj4fsr","x":595,"y":187,"tool":"Pencil"},{"type":"child","parent":"ljp1xj4fsr","x":600,"y":191,"tool":"Pencil"},{"type":"child","parent":"ljp1xj4fsr","x":606,"y":194,"tool":"Pencil"},{"type":"child","parent":"ljp1xj4fsr","x":609,"y":195,"tool":"Pencil"},{"type":"child","parent":"ljp1xj4fsr","x":604,"y":201,"tool":"Pencil"},{"type":"child","parent":"ljp1xj4fsr","x":604,"y":203,"tool":"Pencil"},{"type":"child","parent":"ljp1xj4fsr","x":603,"y":208,"tool":"Pencil"},{"type":"child","parent":"ljp1xj4fsr","x":605,"y":211,"tool":"Pencil"},{"type":"child","parent":"ljp1xj4fsr","x":610,"y":215,"tool":"Pencil"},{"type":"child","parent":"ljp1xj4fsr","x":623,"y":219,"tool":"Pencil"},{"type":"child","parent":"ljp1xj4fsr","x":630,"y":222,"tool":"Pencil"},{"type":"child","parent":"ljp1xj4fsr","x":636,"y":227,"tool":"Pencil"},{"type":"child","parent":"ljp1xj4fsr","x":637,"y":237,"tool":"Pencil"},{"type":"child","parent":"ljp1xj4fsr","x":638,"y":240,"tool":"Pencil"},{"type":"child","parent":"ljp1xj4fsr","x":637,"y":240,"tool":"Pencil"}]},"ljp1xj8hx6":{"type":"line","id":"ljp1xj8hx6","color":"#1913b0","size":"10","tool":"Pencil","_children":[{"type":"child","parent":"ljp1xj8hx6","x":690,"y":105,"tool":"Pencil"},{"type":"child","parent":"ljp1xj8hx6","x":690,"y":109,"tool":"Pencil"},{"type":"child","parent":"ljp1xj8hx6","x":684,"y":211,"tool":"Pencil"},{"type":"child","parent":"ljp1xj8hx6","x":682,"y":240,"tool":"Pencil"},{"type":"child","parent":"ljp1xj8hx6","x":681,"y":239,"tool":"Pencil"}]},"ljp1xja3lx":{"type":"line","id":"ljp1xja3lx","color":"#1913b0","size":"10","tool":"Pencil","_children":[{"type":"child","parent":"ljp1xja3lx","x":667,"y":220,"tool":"Pencil"},{"type":"child","parent":"ljp1xja3lx","x":668,"y":220,"tool":"Pencil"},{"type":"child","parent":"ljp1xja3lx","x":674,"y":215,"tool":"Pencil"},{"type":"child","parent":"ljp1xja3lx","x":685,"y":200,"tool":"Pencil"},{"type":"child","parent":"ljp1xja3lx","x":691,"y":194,"tool":"Pencil"},{"type":"child","parent":"ljp1xja3lx","x":698,"y":188,"tool":"Pencil"},{"type":"child","parent":"ljp1xja3lx","x":699,"y":187,"tool":"Pencil"},{"type":"child","parent":"ljp1xja3lx","x":701,"y":185,"tool":"Pencil"},{"type":"child","parent":"ljp1xja3lx","x":703,"y":183,"tool":"Pencil"},{"type":"child","parent":"ljp1xja3lx","x":705,"y":179,"tool":"Pencil"},{"type":"child","parent":"ljp1xja3lx","x":706,"y":174,"tool":"Pencil"},{"type":"child","parent":"ljp1xja3lx","x":707,"y":169,"tool":"Pencil"},{"type":"child","parent":"ljp1xja3lx","x":701,"y":160,"tool":"Pencil"},{"type":"child","parent":"ljp1xja3lx","x":692,"y":151,"tool":"Pencil"},{"type":"child","parent":"ljp1xja3lx","x":687,"y":146,"tool":"Pencil"},{"type":"child","parent":"ljp1xja3lx","x":686,"y":146,"tool":"Pencil"},{"type":"child","parent":"ljp1xja3lx","x":686,"y":146,"tool":"Pencil"}]},"sjp1xjgn8w":{"type":"straight","id":"sjp1xjgn8w","color":"#1913b0","size":"10","x":310,"y":158,"tool":"Straight line","x2":354,"y2":297},"sjp1xji6nv":{"type":"straight","id":"sjp1xji6nv","color":"#1913b0","size":"34","x":198,"y":341,"tool":"Straight line","x2":279,"y2":386},"sjp1xjj0se":{"type":"straight","id":"sjp1xjj0se","color":"#1913b0","size":"34","x":269,"y":334,"tool":"Straight line","x2":278,"y2":238}}