{"ljr1qsslwg":{"type":"line","id":"ljr1qsslwg","color":"#ff4136","size":10,"tool":"Pencil","time":1547797723077,"_children":[{"type":"child","parent":"ljr1qsslwg","x":540,"y":74,"tool":"Pencil"},{"type":"child","parent":"ljr1qsslwg","x":538,"y":84,"tool":"Pencil"}]},"ljr1qsu81o":{"type":"line","id":"ljr1qsu81o","color":"#ff4136","size":10,"tool":"Pencil","time":1547797725105,"_children":[{"type":"child","parent":"ljr1qsu81o","x":807,"y":57,"tool":"Pencil"},{"type":"child","parent":"ljr1qsu81o","x":820,"y":59,"tool":"Pencil"},{"type":"child","parent":"ljr1qsu81o","x":832,"y":58,"tool":"Pencil"}]},"ljr1qsuh73":{"type":"line","id":"ljr1qsuh73","color":"#ff4136","size":10,"tool":"Pencil","time":1547797725444,"_children":[{"type":"child","parent":"ljr1qsuh73","x":818,"y":66,"tool":"Pencil"},{"type":"child","parent":"ljr1qsuh73","x":810,"y":114,"tool":"Pencil"},{"type":"child","parent":"ljr1qsuh73","x":801,"y":115,"tool":"Pencil"}]},"rjr1qt05dy":{"type":"rect","id":"rjr1qt05dy","color":"#ff4136","size":10,"x":399,"y":58,"x2":515,"y2":170,"tool":"Rectangle","time":1547797732790},"rjr1qt0s34":{"type":"rect","id":"rjr1qt0s34","color":"#ff4136","size":10,"x":259,"y":46,"x2":372,"y2":163,"tool":"Rectangle","time":1547797733629},"tjr1qtaqms":{"type":"new","id":"tjr1qtaqms","color":"#ff4136","size":27,"x":635,"y":279.5,"tool":"Text","time":1547797746505},"tjr1qtbfvx":{"type":"new","id":"tjr1qtbfvx","color":"#ff4136","size":27,"x":447,"y":138.5,"tool":"Text","time":1547797747433},"tjr1qtbmvb":{"type":"new","id":"tjr1qtbmvb","color":"#ff4136","size":27,"x":393,"y":99.5,"tool":"Text","time":1547797747677},"tjr1qtbtoh":{"type":"new","id":"tjr1qtbtoh","color":"#ff4136","size":27,"x":404,"y":83.5,"tool":"Text","time":1547797747920},"ljr1qtcsnp":{"type":"line","id":"ljr1qtcsnp","color":"#ff4136","size":10,"tool":"Pencil","time":1547797749251,"_children":[{"type":"child","parent":"ljr1qtcsnp","x":428,"y":217,"tool":"Pencil"},{"type":"child","parent":"ljr1qtcsnp","x":431,"y":232,"tool":"Pencil"},{"type":"child","parent":"ljr1qtcsnp","x":439,"y":276,"tool":"Pencil"},{"type":"child","parent":"ljr1qtcsnp","x":462,"y":310,"tool":"Pencil"},{"type":"child","parent":"ljr1qtcsnp","x":501,"y":329,"tool":"Pencil"},{"type":"child","parent":"ljr1qtcsnp","x":565,"y":313,"tool":"Pencil"},{"type":"child","parent":"ljr1qtcsnp","x":618,"y":276,"tool":"Pencil"},{"type":"child","parent":"ljr1qtcsnp","x":577,"y":239,"tool":"Pencil"},{"type":"child","parent":"ljr1qtcsnp","x":472,"y":278,"tool":"Pencil"},{"type":"child","parent":"ljr1qtcsnp","x":520,"y":314,"tool":"Pencil"},{"type":"child","parent":"ljr1qtcsnp","x":622,"y":310,"tool":"Pencil"},{"type":"child","parent":"ljr1qtcsnp","x":623,"y":309,"tool":"Pencil"}]},"ljr1qte2rf":{"type":"line","id":"ljr1qte2rf","color":"#ff4136","size":10,"tool":"Pencil","time":1547797750868,"_children":[{"type":"child","parent":"ljr1qte2rf","x":555,"y":447,"tool":"Pencil"},{"type":"child","parent":"ljr1qte2rf","x":562,"y":442,"tool":"Pencil"},{"type":"child","parent":"ljr1qte2rf","x":637,"y":406,"tool":"Pencil"},{"type":"child","parent":"ljr1qte2rf","x":828,"y":339,"tool":"Pencil"},{"type":"child","parent":"ljr1qte2rf","x":919,"y":315,"tool":"Pencil"},{"type":"child","parent":"ljr1qte2rf","x":919,"y":315,"tool":"Pencil"}]},"ljr1qtezyh":{"type":"line","id":"ljr1qtezyh","color":"#ff4136","size":10,"tool":"Pencil","time":1547797752063,"_children":[{"type":"child","parent":"ljr1qtezyh","x":602,"y":482,"tool":"Pencil"},{"type":"child","parent":"ljr1qtezyh","x":607,"y":482,"tool":"Pencil"},{"type":"child","parent":"ljr1qtezyh","x":828,"y":392,"tool":"Pencil"},{"type":"child","parent":"ljr1qtezyh","x":974,"y":376,"tool":"Pencil"},{"type":"child","parent":"ljr1qtezyh","x":991,"y":370,"tool":"Pencil"},{"type":"child","parent":"ljr1qtezyh","x":991,"y":370,"tool":"Pencil"}]},"tjr1qtheg9":{"type":"new","id":"tjr1qtheg9","color":"#01ff70","size":27,"x":511,"y":495.5,"tool":"Text","time":1547797752560,"txt":"单立刚是笨蛋"},"ljr1qtfkce":{"type":"line","id":"ljr1qtfkce","color":"#ff4136","size":10,"tool":"Pencil","time":1547797752817,"_children":[{"type":"child","parent":"ljr1qtfkce","x":699,"y":299,"tool":"Pencil"},{"type":"child","parent":"ljr1qtfkce","x":719,"y":344,"tool":"Pencil"},{"type":"child","parent":"ljr1qtfkce","x":781,"y":463,"tool":"Pencil"}]},"ljr1qtfvnk":{"type":"line","id":"ljr1qtfvnk","color":"#ff4136","size":10,"tool":"Pencil","time":1547797753248,"_children":[{"type":"child","parent":"ljr1qtfvnk","x":781,"y":275,"tool":"Pencil"},{"type":"child","parent":"ljr1qtfvnk","x":863,"y":461,"tool":"Pencil"},{"type":"child","parent":"ljr1qtfvnk","x":916,"y":526,"tool":"Pencil"}]},"ljr1qtggvy":{"type":"line","id":"ljr1qtggvy","color":"#ff4136","size":10,"tool":"Pencil","time":1547797754031,"_children":[{"type":"child","parent":"ljr1qtggvy","x":691,"y":402,"tool":"Pencil"},{"type":"child","parent":"ljr1qtggvy","x":688,"y":391,"tool":"Pencil"},{"type":"child","parent":"ljr1qtggvy","x":700,"y":416,"tool":"Pencil"},{"type":"child","parent":"ljr1qtggvy","x":754,"y":490,"tool":"Pencil"},{"type":"child","parent":"ljr1qtggvy","x":754,"y":490,"tool":"Pencil"}]},"ljr1qtgrz5":{"type":"line","id":"ljr1qtgrz5","color":"#ff4136","size":10,"tool":"Pencil","time":1547797754415,"_children":[{"type":"child","parent":"ljr1qtgrz5","x":805,"y":478,"tool":"Pencil"},{"type":"child","parent":"ljr1qtgrz5","x":828,"y":457,"tool":"Pencil"},{"type":"child","parent":"ljr1qtgrz5","x":1047,"y":264,"tool":"Pencil"},{"type":"child","parent":"ljr1qtgrz5","x":1051,"y":255,"tool":"Pencil"}]},"tjr1qttszn":{"type":"new","id":"tjr1qttszn","color":"#01ff70","size":27,"x":511,"y":536,"tool":"Text","time":1547797768636},"tjr1qu77u7":{"type":"new","id":"tjr1qu77u7","color":"#01ff70","size":27,"x":656,"y":168.5,"tool":"Text","time":1547797785987}}