{"ljp22t4ces":{"type":"line","id":"ljp22t4ces","color":"#1913b0","size":"10","tool":"Pencil","_children":[{"type":"child","parent":"ljp22t4ces","x":536,"y":247,"tool":"Pencil"},{"type":"child","parent":"ljp22t4ces","x":617,"y":312,"tool":"Pencil"},{"type":"child","parent":"ljp22t4ces","x":895,"y":403,"tool":"Pencil"},{"type":"child","parent":"ljp22t4ces","x":1050,"y":403,"tool":"Pencil"},{"type":"child","parent":"ljp22t4ces","x":1061,"y":331,"tool":"Pencil"},{"type":"child","parent":"ljp22t4ces","x":905,"y":243,"tool":"Pencil"},{"type":"child","parent":"ljp22t4ces","x":737,"y":261,"tool":"Pencil"},{"type":"child","parent":"ljp22t4ces","x":714,"y":385,"tool":"Pencil"},{"type":"child","parent":"ljp22t4ces","x":749,"y":499,"tool":"Pencil"},{"type":"child","parent":"ljp22t4ces","x":695,"y":512,"tool":"Pencil"},{"type":"child","parent":"ljp22t4ces","x":506,"y":426,"tool":"Pencil"},{"type":"child","parent":"ljp22t4ces","x":507,"y":368,"tool":"Pencil"}]},"tjp22t631b":{"type":"new","id":"tjp22t631b","color":"#1913b0","size":27,"x":1187,"y":270.5,"tool":"Text"},"tjp22t6n5c":{"type":"new","id":"tjp22t6n5c","color":"#1913b0","size":27,"x":1174,"y":343.5,"tool":"Text","txt":"adfdfsdf"},"tjp22t7ub5":{"type":"new","id":"tjp22t7ub5","color":"#1913b0","size":27,"x":1339,"y":422.5,"tool":"Text","txt":"dfsdf"},"tjp22t8wcd":{"type":"new","id":"tjp22t8wcd","color":"#1913b0","size":27,"x":1339,"y":463,"tool":"Text","txt":"dfdfd"},"tjp22t9mum":{"type":"new","id":"tjp22t9mum","color":"#1913b0","size":27,"x":1339,"y":503.5,"tool":"Text","txt":"dsfsdfd"}}