{"ljvf2qt10w":{"type":"line","id":"ljvf2qt10w","color":"#ffdc00","size":10,"tool":"Pencil","time":1557310981329,"_children":[{"type":"child","parent":"ljvf2qt10w","x":193,"y":170,"tool":"Pencil"},{"type":"child","parent":"ljvf2qt10w","x":208,"y":141,"tool":"Pencil"},{"type":"child","parent":"ljvf2qt10w","x":223,"y":139,"tool":"Pencil"},{"type":"child","parent":"ljvf2qt10w","x":238,"y":148,"tool":"Pencil"},{"type":"child","parent":"ljvf2qt10w","x":241,"y":165,"tool":"Pencil"},{"type":"child","parent":"ljvf2qt10w","x":236,"y":189,"tool":"Pencil"},{"type":"child","parent":"ljvf2qt10w","x":204,"y":208,"tool":"Pencil"},{"type":"child","parent":"ljvf2qt10w","x":187,"y":219,"tool":"Pencil"},{"type":"child","parent":"ljvf2qt10w","x":184,"y":231,"tool":"Pencil"},{"type":"child","parent":"ljvf2qt10w","x":187,"y":249,"tool":"Pencil"},{"type":"child","parent":"ljvf2qt10w","x":220,"y":262,"tool":"Pencil"},{"type":"child","parent":"ljvf2qt10w","x":257,"y":242,"tool":"Pencil"},{"type":"child","parent":"ljvf2qt10w","x":279,"y":209,"tool":"Pencil"},{"type":"child","parent":"ljvf2qt10w","x":282,"y":191,"tool":"Pencil"},{"type":"child","parent":"ljvf2qt10w","x":274,"y":185,"tool":"Pencil"},{"type":"child","parent":"ljvf2qt10w","x":263,"y":183,"tool":"Pencil"},{"type":"child","parent":"ljvf2qt10w","x":231,"y":197,"tool":"Pencil"},{"type":"child","parent":"ljvf2qt10w","x":207,"y":219,"tool":"Pencil"},{"type":"child","parent":"ljvf2qt10w","x":205,"y":246,"tool":"Pencil"},{"type":"child","parent":"ljvf2qt10w","x":214,"y":278,"tool":"Pencil"},{"type":"child","parent":"ljvf2qt10w","x":247,"y":318,"tool":"Pencil"},{"type":"child","parent":"ljvf2qt10w","x":342,"y":342,"tool":"Pencil"},{"type":"child","parent":"ljvf2qt10w","x":394,"y":333,"tool":"Pencil"},{"type":"child","parent":"ljvf2qt10w","x":396,"y":328,"tool":"Pencil"}]}}