{"lju7yyp3ou":{"type":"line","id":"lju7yyp3ou","color":"#ff851b","size":10,"tool":"Pencil","time":1554704577011,"_children":[{"type":"child","parent":"lju7yyp3ou","x":199,"y":107,"tool":"Pencil"},{"type":"child","parent":"lju7yyp3ou","x":204,"y":90,"tool":"Pencil"},{"type":"child","parent":"lju7yyp3ou","x":237,"y":33,"tool":"Pencil"},{"type":"child","parent":"lju7yyp3ou","x":251,"y":22,"tool":"Pencil"},{"type":"child","parent":"lju7yyp3ou","x":222,"y":97,"tool":"Pencil"},{"type":"child","parent":"lju7yyp3ou","x":213,"y":127,"tool":"Pencil"},{"type":"child","parent":"lju7yyp3ou","x":232,"y":106,"tool":"Pencil"},{"type":"child","parent":"lju7yyp3ou","x":273,"y":67,"tool":"Pencil"},{"type":"child","parent":"lju7yyp3ou","x":281,"y":67,"tool":"Pencil"},{"type":"child","parent":"lju7yyp3ou","x":266,"y":120,"tool":"Pencil"},{"type":"child","parent":"lju7yyp3ou","x":270,"y":121,"tool":"Pencil"},{"type":"child","parent":"lju7yyp3ou","x":313,"y":82,"tool":"Pencil"},{"type":"child","parent":"lju7yyp3ou","x":316,"y":89,"tool":"Pencil"},{"type":"child","parent":"lju7yyp3ou","x":299,"y":146,"tool":"Pencil"}]}}