{"sjp1futy66":{"type":"straight","id":"sjp1futy66","color":"#1913B0","size":"10","x":383,"y":319,"tool":"Straight line","x2":1096,"y2":321},"sjp1fuuqlp":{"type":"straight","id":"sjp1fuuqlp","color":"#1913B0","size":"10","x":1096,"y":321,"tool":"Straight line","x2":1099,"y2":670},"sjp1fuvnpb":{"type":"straight","id":"sjp1fuvnpb","color":"#1913B0","size":"10","x":1099,"y":670,"tool":"Straight line","x2":383,"y2":319},"ljp1fvev82":{"type":"line","id":"ljp1fvev82","color":"#d40","size":"10","tool":"Pencil","_children":[{"type":"child","parent":"ljp1fvev82","x":1023,"y":343,"tool":"Pencil"},{"type":"child","parent":"ljp1fvev82","x":1029,"y":357,"tool":"Pencil"},{"type":"child","parent":"ljp1fvev82","x":1038,"y":374,"tool":"Pencil"},{"type":"child","parent":"ljp1fvev82","x":1051,"y":382,"tool":"Pencil"},{"type":"child","parent":"ljp1fvev82","x":1059,"y":384,"tool":"Pencil"},{"type":"child","parent":"ljp1fvev82","x":1064,"y":386,"tool":"Pencil"},{"type":"child","parent":"ljp1fvev82","x":1066,"y":387,"tool":"Pencil"},{"type":"child","parent":"ljp1fvev82","x":1069,"y":388,"tool":"Pencil"}]},"ljp1fvfz0o":{"type":"line","id":"ljp1fvfz0o","color":"#d40","size":"10","tool":"Pencil","_children":[{"type":"child","parent":"ljp1fvfz0o","x":562,"y":337,"tool":"Pencil"},{"type":"child","parent":"ljp1fvfz0o","x":563,"y":350,"tool":"Pencil"},{"type":"child","parent":"ljp1fvfz0o","x":562,"y":371,"tool":"Pencil"},{"type":"child","parent":"ljp1fvfz0o","x":558,"y":377,"tool":"Pencil"},{"type":"child","parent":"ljp1fvfz0o","x":556,"y":380,"tool":"Pencil"},{"type":"child","parent":"ljp1fvfz0o","x":552,"y":384,"tool":"Pencil"},{"type":"child","parent":"ljp1fvfz0o","x":552,"y":384,"tool":"Pencil"}]},"ljp1fvh7oj":{"type":"line","id":"ljp1fvh7oj","color":"#d40","size":"10","tool":"Pencil","_children":[{"type":"child","parent":"ljp1fvh7oj","x":1019,"y":598,"tool":"Pencil"},{"type":"child","parent":"ljp1fvh7oj","x":1022,"y":593,"tool":"Pencil"},{"type":"child","parent":"ljp1fvh7oj","x":1042,"y":577,"tool":"Pencil"},{"type":"child","parent":"ljp1fvh7oj","x":1058,"y":571,"tool":"Pencil"},{"type":"child","parent":"ljp1fvh7oj","x":1072,"y":568,"tool":"Pencil"},{"type":"child","parent":"ljp1fvh7oj","x":1078,"y":568,"tool":"Pencil"},{"type":"child","parent":"ljp1fvh7oj","x":1080,"y":568,"tool":"Pencil"},{"type":"child","parent":"ljp1fvh7oj","x":1080,"y":568,"tool":"Pencil"}]},"tjp1fvryjz":{"type":"new","id":"tjp1fvryjz","color":"#d40","size":27,"x":1051,"y":368.5,"tool":"Text"},"tjp1fvtsjd":{"type":"new","id":"tjp1fvtsjd","color":"#d40","size":27,"x":640,"y":123.5,"tool":"Text","txt":""},"tjp1fvuhff":{"type":"new","id":"tjp1fvuhff","color":"#d40","size":27,"x":786,"y":641.5,"tool":"Text"},"tjp1fvv9n1":{"type":"new","id":"tjp1fvv9n1","color":"#d40","size":27,"x":981,"y":427.5,"tool":"Text"},"tjp1fvyezi":{"type":"new","id":"tjp1fvyezi","color":"#d40","size":27,"x":1045,"y":367.5,"tool":"Text"},"tjp1fw0uaq":{"type":"new","id":"tjp1fw0uaq","color":"#d40","size":27,"x":980,"y":421.5,"tool":"Text","txt":""},"tjp1fwaru1":{"type":"new","id":"tjp1fwaru1","color":"#d40","size":27,"x":1053,"y":367.5,"tool":"Text","txt":"90"},"tjp1fwddmq":{"type":"new","id":"tjp1fwddmq","color":"#d40","size":27,"x":501,"y":368.5,"tool":"Text","txt":"30"},"tjp1fwg6q3":{"type":"new","id":"tjp1fwg6q3","color":"#d40","size":27,"x":1053,"y":626.5,"tool":"Text","txt":"60"}}