{"lk8eiidpj4":{"type":"line","id":"lk8eiidpj4","color":"#aaaaaa","size":10,"tool":"Pencil","time":1585575161894,"_children":[{"type":"child","parent":"lk8eiidpj4","x":604,"y":95,"tool":"Pencil"},{"type":"child","parent":"lk8eiidpj4","x":528,"y":113,"tool":"Pencil"},{"type":"child","parent":"lk8eiidpj4","x":562,"y":229,"tool":"Pencil"},{"type":"child","parent":"lk8eiidpj4","x":704,"y":349,"tool":"Pencil"},{"type":"child","parent":"lk8eiidpj4","x":702,"y":395,"tool":"Pencil"},{"type":"child","parent":"lk8eiidpj4","x":512,"y":381,"tool":"Pencil"},{"type":"child","parent":"lk8eiidpj4","x":500,"y":353,"tool":"Pencil"}]},"lk8eiiezm2":{"type":"line","id":"lk8eiiezm2","color":"#aaaaaa","size":10,"tool":"Pencil","time":1585575163591,"_children":[{"type":"child","parent":"lk8eiiezm2","x":756,"y":275,"tool":"Pencil"},{"type":"child","parent":"lk8eiiezm2","x":758,"y":373,"tool":"Pencil"},{"type":"child","parent":"lk8eiiezm2","x":772,"y":445,"tool":"Pencil"}]},"lk8eiifdi7":{"type":"line","id":"lk8eiifdi7","color":"#aaaaaa","size":10,"tool":"Pencil","time":1585575164469,"_children":[{"type":"child","parent":"lk8eiifdi7","x":808,"y":305,"tool":"Pencil"},{"type":"child","parent":"lk8eiifdi7","x":806,"y":333,"tool":"Pencil"},{"type":"child","parent":"lk8eiifdi7","x":806,"y":407,"tool":"Pencil"},{"type":"child","parent":"lk8eiifdi7","x":816,"y":439,"tool":"Pencil"},{"type":"child","parent":"lk8eiifdi7","x":828,"y":331,"tool":"Pencil"},{"type":"child","parent":"lk8eiifdi7","x":834,"y":279,"tool":"Pencil"},{"type":"child","parent":"lk8eiifdi7","x":910,"y":329,"tool":"Pencil"},{"type":"child","parent":"lk8eiifdi7","x":900,"y":421,"tool":"Pencil"},{"type":"child","parent":"lk8eiifdi7","x":898,"y":403,"tool":"Pencil"},{"type":"child","parent":"lk8eiifdi7","x":934,"y":299,"tool":"Pencil"},{"type":"child","parent":"lk8eiifdi7","x":1006,"y":307,"tool":"Pencil"},{"type":"child","parent":"lk8eiifdi7","x":1034,"y":401,"tool":"Pencil"}]},"lk8eiige1p":{"type":"line","id":"lk8eiige1p","color":"#aaaaaa","size":10,"tool":"Pencil","time":1585575165425,"_children":[{"type":"child","parent":"lk8eiige1p","x":1154,"y":297,"tool":"Pencil"},{"type":"child","parent":"lk8eiige1p","x":1082,"y":399,"tool":"Pencil"},{"type":"child","parent":"lk8eiige1p","x":1166,"y":469,"tool":"Pencil"},{"type":"child","parent":"lk8eiige1p","x":1218,"y":343,"tool":"Pencil"},{"type":"child","parent":"lk8eiige1p","x":1104,"y":285,"tool":"Pencil"}]},"lk8eiigxli":{"type":"line","id":"lk8eiigxli","color":"#aaaaaa","size":10,"tool":"Pencil","time":1585575165760,"_children":[{"type":"child","parent":"lk8eiigxli","x":1280,"y":315,"tool":"Pencil"},{"type":"child","parent":"lk8eiigxli","x":1292,"y":381,"tool":"Pencil"},{"type":"child","parent":"lk8eiigxli","x":1270,"y":501,"tool":"Pencil"},{"type":"child","parent":"lk8eiigxli","x":1318,"y":419,"tool":"Pencil"},{"type":"child","parent":"lk8eiigxli","x":1398,"y":329,"tool":"Pencil"},{"type":"child","parent":"lk8eiigxli","x":1446,"y":413,"tool":"Pencil"},{"type":"child","parent":"lk8eiigxli","x":1462,"y":491,"tool":"Pencil"}]},"rk8eiikrt3":{"type":"rect","id":"rk8eiikrt3","color":"#aaaaaa","size":10,"x":280,"y":459,"x2":782,"y2":827,"tool":"Rectangle","time":1585575171242},"tk8eiimo1h":{"type":"new","id":"tk8eiimo1h","color":"#aaaaaa","size":27,"x":316,"y":502.5,"tool":"Text","time":1585575173914},"tk8eiin6ay":{"type":"new","id":"tk8eiin6ay","color":"#aaaaaa","size":27,"x":338,"y":528.5,"tool":"Text","time":1585575173914,"txt":"test"},"tk8eiiofii":{"type":"new","id":"tk8eiiofii","color":"#aaaaaa","size":27,"x":338,"y":569,"tool":"Text","time":1585575175552,"txt":""},"tk8eiioxz4":{"type":"new","id":"tk8eiioxz4","color":"#aaaaaa","size":27,"x":474,"y":604.5,"tool":"Text","time":1585575176128,"txt":"test"},"lk8eiit473":{"type":"line","id":"lk8eiit473","color":"#aaaaaa","size":10,"tool":"Pencil","time":1585575181669,"_children":[{"type":"child","parent":"lk8eiit473","x":930,"y":575,"tool":"Pencil"},{"type":"child","parent":"lk8eiit473","x":976,"y":655,"tool":"Pencil"},{"type":"child","parent":"lk8eiit473","x":1054,"y":835,"tool":"Pencil"},{"type":"child","parent":"lk8eiit473","x":1090,"y":875,"tool":"Pencil"},{"type":"child","parent":"lk8eiit473","x":1092,"y":875,"tool":"Pencil"},{"type":"child","parent":"lk8eiit473","x":1214,"y":879,"tool":"Pencil"},{"type":"child","parent":"lk8eiit473","x":1310,"y":835,"tool":"Pencil"},{"type":"child","parent":"lk8eiit473","x":1260,"y":733,"tool":"Pencil"},{"type":"child","parent":"lk8eiit473","x":1130,"y":691,"tool":"Pencil"},{"type":"child","parent":"lk8eiit473","x":1150,"y":693,"tool":"Pencil"},{"type":"child","parent":"lk8eiit473","x":1262,"y":685,"tool":"Pencil"},{"type":"child","parent":"lk8eiit473","x":1298,"y":647,"tool":"Pencil"},{"type":"child","parent":"lk8eiit473","x":1292,"y":595,"tool":"Pencil"},{"type":"child","parent":"lk8eiit473","x":1370,"y":597,"tool":"Pencil"},{"type":"child","parent":"lk8eiit473","x":1516,"y":627,"tool":"Pencil"}]}}