{"lk81rr9wcb":{"type":"line","id":"lk81rr9wcb","color":"#39cccc","size":10,"tool":"Pencil","time":1584804628989,"_children":[{"type":"child","parent":"lk81rr9wcb","x":24,"y":550,"tool":"Pencil"},{"type":"child","parent":"lk81rr9wcb","x":24,"y":549,"tool":"Pencil"},{"type":"child","parent":"lk81rr9wcb","x":26,"y":551,"tool":"Pencil"},{"type":"child","parent":"lk81rr9wcb","x":25,"y":551,"tool":"Pencil"}]},"lk81rtjrz2":{"type":"line","id":"lk81rtjrz2","color":"#000000","size":3,"tool":"Pencil","time":1584804735112,"_children":[{"type":"child","parent":"lk81rtjrz2","x":361.7,"y":198.1,"tool":"Pencil"},{"type":"child","parent":"lk81rtjrz2","x":355,"y":197.4,"tool":"Pencil"},{"type":"child","parent":"lk81rtjrz2","x":342.9,"y":199.2,"tool":"Pencil"},{"type":"child","parent":"lk81rtjrz2","x":342.5,"y":201.7,"tool":"Pencil"},{"type":"child","parent":"lk81rtjrz2","x":341.4,"y":211.3,"tool":"Pencil"},{"type":"child","parent":"lk81rtjrz2","x":339.7,"y":220.9,"tool":"Pencil"},{"type":"child","parent":"lk81rtjrz2","x":340.4,"y":225.9,"tool":"Pencil"},{"type":"child","parent":"lk81rtjrz2","x":347.8,"y":226.2,"tool":"Pencil"},{"type":"child","parent":"lk81rtjrz2","x":357.1,"y":225.9,"tool":"Pencil"}]},"lk81rtkga3":{"type":"line","id":"lk81rtkga3","color":"#000000","size":3,"tool":"Pencil","time":1584804735980,"_children":[{"type":"child","parent":"lk81rtkga3","x":335.4,"y":215.2,"tool":"Pencil"},{"type":"child","parent":"lk81rtkga3","x":336.1,"y":214.5,"tool":"Pencil"},{"type":"child","parent":"lk81rtkga3","x":345,"y":214.5,"tool":"Pencil"},{"type":"child","parent":"lk81rtkga3","x":353.9,"y":212.7,"tool":"Pencil"},{"type":"child","parent":"lk81rtkga3","x":356,"y":212.3,"tool":"Pencil"}]},"lk81rtl6qt":{"type":"line","id":"lk81rtl6qt","color":"#000000","size":3,"tool":"Pencil","time":1584804736933,"_children":[{"type":"child","parent":"lk81rtl6qt","x":323.3,"y":199.2,"tool":"Pencil"},{"type":"child","parent":"lk81rtl6qt","x":323.7,"y":198.1,"tool":"Pencil"},{"type":"child","parent":"lk81rtl6qt","x":311.2,"y":198.1,"tool":"Pencil"},{"type":"child","parent":"lk81rtl6qt","x":305.9,"y":209.5,"tool":"Pencil"},{"type":"child","parent":"lk81rtl6qt","x":310.5,"y":225.5,"tool":"Pencil"},{"type":"child","parent":"lk81rtl6qt","x":320.8,"y":227.3,"tool":"Pencil"}]},"lk81rtlvao":{"type":"line","id":"lk81rtlvao","color":"#000000","size":3,"tool":"Pencil","time":1584804737820,"_children":[{"type":"child","parent":"lk81rtlvao","x":388.8,"y":201.7,"tool":"Pencil"},{"type":"child","parent":"lk81rtlvao","x":375.2,"y":200.6,"tool":"Pencil"},{"type":"child","parent":"lk81rtlvao","x":368.5,"y":200.6,"tool":"Pencil"},{"type":"child","parent":"lk81rtlvao","x":369.9,"y":210.9,"tool":"Pencil"},{"type":"child","parent":"lk81rtlvao","x":367.8,"y":225.1,"tool":"Pencil"},{"type":"child","parent":"lk81rtlvao","x":372.4,"y":226.9,"tool":"Pencil"},{"type":"child","parent":"lk81rtlvao","x":381.3,"y":227.3,"tool":"Pencil"}]},"lk81rtmcn4":{"type":"line","id":"lk81rtmcn4","color":"#000000","size":3,"tool":"Pencil","time":1584804738439,"_children":[{"type":"child","parent":"lk81rtmcn4","x":366.3,"y":213.4,"tool":"Pencil"},{"type":"child","parent":"lk81rtmcn4","x":373.5,"y":213.4,"tool":"Pencil"},{"type":"child","parent":"lk81rtmcn4","x":383.1,"y":213.4,"tool":"Pencil"}]},"lk81rtn2qh":{"type":"line","id":"lk81rtn2qh","color":"#000000","size":3,"tool":"Pencil","time":1584804739381,"_children":[{"type":"child","parent":"lk81rtn2qh","x":421.1,"y":201.7,"tool":"Pencil"},{"type":"child","parent":"lk81rtn2qh","x":411.9,"y":199.9,"tool":"Pencil"},{"type":"child","parent":"lk81rtn2qh","x":402.6,"y":199.9,"tool":"Pencil"},{"type":"child","parent":"lk81rtn2qh","x":403,"y":209.5,"tool":"Pencil"},{"type":"child","parent":"lk81rtn2qh","x":403,"y":218.7,"tool":"Pencil"},{"type":"child","parent":"lk81rtn2qh","x":408,"y":217.3,"tool":"Pencil"},{"type":"child","parent":"lk81rtn2qh","x":417.2,"y":215.5,"tool":"Pencil"},{"type":"child","parent":"lk81rtn2qh","x":423.6,"y":222.3,"tool":"Pencil"},{"type":"child","parent":"lk81rtn2qh","x":413.3,"y":231.2,"tool":"Pencil"},{"type":"child","parent":"lk81rtn2qh","x":402.6,"y":231.9,"tool":"Pencil"}]},"lk81rtnsuf":{"type":"line","id":"lk81rtnsuf","color":"#000000","size":3,"tool":"Pencil","time":1584804740333,"_children":[{"type":"child","parent":"lk81rtnsuf","x":428.6,"y":203.8,"tool":"Pencil"},{"type":"child","parent":"lk81rtnsuf","x":427.2,"y":202.7,"tool":"Pencil"},{"type":"child","parent":"lk81rtnsuf","x":443.5,"y":202.4,"tool":"Pencil"},{"type":"child","parent":"lk81rtnsuf","x":446.7,"y":202,"tool":"Pencil"},{"type":"child","parent":"lk81rtnsuf","x":446.4,"y":221.2,"tool":"Pencil"},{"type":"child","parent":"lk81rtnsuf","x":446.4,"y":233,"tool":"Pencil"}]},"lk81rtoao2":{"type":"line","id":"lk81rtoao2","color":"#000000","size":3,"tool":"Pencil","time":1584804740960,"_children":[{"type":"child","parent":"lk81rtoao2","x":430.4,"y":218,"tool":"Pencil"},{"type":"child","parent":"lk81rtoao2","x":434.6,"y":215.9,"tool":"Pencil"},{"type":"child","parent":"lk81rtoao2","x":451.3,"y":213.4,"tool":"Pencil"}]},"lk81rtoiza":{"type":"line","id":"lk81rtoiza","color":"#000000","size":3,"tool":"Pencil","time":1584804741260,"_children":[{"type":"child","parent":"lk81rtoiza","x":464.5,"y":212,"tool":"Pencil"},{"type":"child","parent":"lk81rtoiza","x":463.4,"y":214.5,"tool":"Pencil"},{"type":"child","parent":"lk81rtoiza","x":460.6,"y":231.9,"tool":"Pencil"},{"type":"child","parent":"lk81rtoiza","x":477.7,"y":234.4,"tool":"Pencil"},{"type":"child","parent":"lk81rtoiza","x":480.5,"y":220.2,"tool":"Pencil"},{"type":"child","parent":"lk81rtoiza","x":462,"y":208.1,"tool":"Pencil"},{"type":"child","parent":"lk81rtoiza","x":454.2,"y":220.2,"tool":"Pencil"}]},"lk81rtpgmx":{"type":"line","id":"lk81rtpgmx","color":"#000000","size":3,"tool":"Pencil","time":1584804742470,"_children":[{"type":"child","parent":"lk81rtpgmx","x":494.4,"y":212,"tool":"Pencil"},{"type":"child","parent":"lk81rtpgmx","x":494.4,"y":212,"tool":"Pencil"}]},"lk81rtplhl":{"type":"line","id":"lk81rtplhl","color":"#000000","size":3,"tool":"Pencil","time":1584804742645,"_children":[{"type":"child","parent":"lk81rtplhl","x":496.9,"y":229.1,"tool":"Pencil"},{"type":"child","parent":"lk81rtplhl","x":496.9,"y":229.1,"tool":"Pencil"}]},"lk81rtr3qm":{"type":"line","id":"lk81rtr3qm","color":"#000000","size":3,"tool":"Pencil","time":1584804744603,"_children":[{"type":"child","parent":"lk81rtr3qm","x":342.5,"y":355,"tool":"Pencil"}]},"lk81rtv3vv":{"type":"line","id":"lk81rtv3vv","color":"#000000","size":3,"tool":"Pencil","time":1584804749789,"_children":[{"type":"child","parent":"lk81rtv3vv","x":605.9,"y":757.4,"tool":"Pencil"}]},"lk81ru4ipb":{"type":"line","id":"lk81ru4ipb","color":"#000000","size":3,"tool":"Pencil","time":1584804761994,"_children":[{"type":"child","parent":"lk81ru4ipb","x":1257.2,"y":296.1,"tool":"Pencil"}]}}