{"ljp2mwnncw":{"type":"line","id":"ljp2mwnncw","color":"#1913b0","size":10,"tool":"Pencil","_children":[{"type":"child","parent":"ljp2mwnncw","x":462,"y":254,"tool":"Pencil"},{"type":"child","parent":"ljp2mwnncw","x":549,"y":271,"tool":"Pencil"},{"type":"child","parent":"ljp2mwnncw","x":838,"y":324,"tool":"Pencil"},{"type":"child","parent":"ljp2mwnncw","x":884,"y":336,"tool":"Pencil"},{"type":"child","parent":"ljp2mwnncw","x":917,"y":346,"tool":"Pencil"}]},"sjp2mx33zc":{"type":"straight","id":"sjp2mx33zc","color":"#1913b0","size":10,"x":984,"y":384,"tool":"Straight line","x2":995,"y2":375},"sjp2mx3ddu":{"type":"straight","id":"sjp2mx3ddu","color":"#1913b0","size":10,"x":1037,"y":141,"tool":"Straight line","x2":508,"y2":380},"sjp2mx4fab":{"type":"straight","id":"sjp2mx4fab","color":"#1913b0","size":10,"x":507,"y":379,"tool":"Straight line","x2":506,"y2":378},"sjp2mx4xjp":{"type":"straight","id":"sjp2mx4xjp","color":"#1913b0","size":10,"x":298,"y":213,"tool":"Straight line","x2":265,"y2":647},"sjp2mx6xe4":{"type":"straight","id":"sjp2mx6xe4","color":"#1913b0","size":10,"x":902,"y":974,"tool":"Straight line","x2":902,"y2":973},"sjp2mx82zv":{"type":"straight","id":"sjp2mx82zv","color":"#1913b0","size":10,"x":945,"y":892,"tool":"Straight line","x2":993,"y2":774},"sjp2mx8rwa":{"type":"straight","id":"sjp2mx8rwa","color":"#1913b0","size":10,"x":978,"y":760,"tool":"Straight line","x2":735,"y2":594},"sjp2mx9j08":{"type":"straight","id":"sjp2mx9j08","color":"#1913b0","size":10,"x":613,"y":531,"tool":"Straight line","x2":881,"y2":351},"sjp2mxamxz":{"type":"straight","id":"sjp2mxamxz","color":"#1913b0","size":10,"x":881,"y":351,"tool":"Straight line","x2":932,"y2":464},"sjp2mxbeam":{"type":"straight","id":"sjp2mxbeam","color":"#1913b0","size":10,"x":965,"y":473,"tool":"Straight line","x2":1110,"y2":393},"sjp2mxbujt":{"type":"straight","id":"sjp2mxbujt","color":"#1913b0","size":10,"x":1118,"y":334,"tool":"Straight line","x2":1128,"y2":180},"sjp2mxc6bg":{"type":"straight","id":"sjp2mxc6bg","color":"#1913b0","size":10,"x":1082,"y":134,"tool":"Straight line","x2":830,"y2":158},"sjp2mxcpqc":{"type":"straight","id":"sjp2mxcpqc","color":"#1913b0","size":10,"x":540,"y":270,"tool":"Straight line","x2":537,"y2":271},"tjp2mxkuvb":{"type":"new","id":"tjp2mxkuvb","color":"#1913b0","size":27,"x":495,"y":442,"tool":"Text"},"tjp2mxle4p":{"type":"new","id":"tjp2mxle4p","color":"#1913b0","size":27,"x":478,"y":492,"tool":"Text"},"tjp2mxlxee":{"type":"new","id":"tjp2mxlxee","color":"#1913b0","size":27,"x":590,"y":484,"tool":"Text","txt":"hfghfghfghf"}}