{"ljp1yz4g1x":{"type":"line","id":"ljp1yz4g1x","color":"#1913b0","size":"10","tool":"Eraser","_children":[{"type":"child","parent":"ljp1yz4g1x","x":492,"y":151,"tool":"Eraser"},{"type":"child","parent":"ljp1yz4g1x","x":518,"y":168,"tool":"Eraser"},{"type":"child","parent":"ljp1yz4g1x","x":536,"y":195,"tool":"Eraser"},{"type":"child","parent":"ljp1yz4g1x","x":539,"y":214,"tool":"Eraser"},{"type":"child","parent":"ljp1yz4g1x","x":540,"y":219,"tool":"Eraser"},{"type":"child","parent":"ljp1yz4g1x","x":541,"y":225,"tool":"Eraser"},{"type":"child","parent":"ljp1yz4g1x","x":541,"y":225,"tool":"Eraser"},{"type":"child","parent":"ljp1yz4g1x","x":541,"y":224,"tool":"Eraser"},{"type":"child","parent":"ljp1yz4g1x","x":138,"y":179,"tool":"Straight line"},{"type":"child","parent":"ljp1yz4g1x","x":216,"y":179,"tool":"Straight line"},{"type":"child","parent":"ljp1yz4g1x","x":217,"y":179,"tool":"Straight line"},{"type":"child","parent":"ljp1yz4g1x","x":233,"y":179,"tool":"Straight line"},{"type":"child","parent":"ljp1yz4g1x","x":235,"y":179,"tool":"Straight line"}]},"ljp1yz9388":{"type":"line","id":"ljp1yz9388","color":"#1913b0","size":"10","tool":"Straight line","_children":[{"type":"child","parent":"ljp1yz9388","x":235,"y":179,"tool":"Straight line"},{"type":"child","parent":"ljp1yz9388","x":236,"y":178,"tool":"Straight line"}]},"ljp1yzap8u":{"type":"line","id":"ljp1yzap8u","color":"#1913b0","size":"10","tool":"Straight line","_children":[{"type":"child","parent":"ljp1yzap8u","x":873,"y":194,"tool":"Straight line"},{"type":"child","parent":"ljp1yzap8u","x":867,"y":194,"tool":"Straight line"}]},"sjp1yzap9s":{"type":"straight","id":"sjp1yzap9s","color":"#1913b0","size":"10","x":873,"y":194,"tool":"Straight line","x2":867,"y2":194},"ljp1yzcj0c":{"type":"line","id":"ljp1yzcj0c","color":"#1913b0","size":"10","tool":"Straight line","_children":[{"type":"child","parent":"ljp1yzcj0c","x":456,"y":200,"tool":"Straight line"},{"type":"child","parent":"ljp1yzcj0c","x":456,"y":200,"tool":"Straight line"}]},"ljp1yzdopx":{"type":"line","id":"ljp1yzdopx","color":"#1913b0","size":"10","tool":"Straight line","_children":[{"type":"child","parent":"ljp1yzdopx","x":461,"y":393,"tool":"Straight line"}]},"sjp1yzdorm":{"type":"straight","id":"sjp1yzdorm","color":"#1913b0","size":"10","x":461,"y":393,"tool":"Straight line","x2":461,"y2":393},"ljp1yzgweq":{"type":"line","id":"ljp1yzgweq","color":"#1913b0","size":"10","tool":"Rectangle","_children":[{"type":"child","parent":"ljp1yzgweq","x":585,"y":92,"tool":"Rectangle"}]},"sjp1yzgwg7":{"type":"straight","id":"sjp1yzgwg7","color":"#1913b0","size":"10","x":585,"y":92,"tool":"Rectangle"},"rjp1yzgwg1":{"type":"rect","id":"rjp1yzgwg1","color":"#1913b0","size":"10","x":585,"y":92,"x2":586,"y2":94,"tool":"Rectangle"},"ljp1yzj9wm":{"type":"line","id":"ljp1yzj9wm","color":"#1913b0","size":"10","tool":"Rectangle","_children":[{"type":"child","parent":"ljp1yzj9wm","x":668,"y":243,"tool":"Rectangle"},{"type":"child","parent":"ljp1yzj9wm","x":674,"y":243,"tool":"Rectangle"},{"type":"child","parent":"ljp1yzj9wm","x":710,"y":248,"tool":"Rectangle"}]},"sjp1yzj9x8":{"type":"straight","id":"sjp1yzj9x8","color":"#1913b0","size":"10","x":668,"y":243,"tool":"Pencil","x2":146,"y2":82},"rjp1yzj9xu":{"type":"rect","id":"rjp1yzj9xu","color":"#1913b0","size":"10","x":668,"y":243,"x2":710,"y2":248,"tool":"Rectangle"},"ljp1yzraip":{"type":"line","id":"ljp1yzraip","color":"#b03213","size":"10","tool":"Pencil","_children":[{"type":"child","parent":"ljp1yzraip","x":335,"y":81,"tool":"Pencil"}]},"sjp1yzramk":{"type":"straight","id":"sjp1yzramk","color":"#b03213","size":"10","x":335,"y":81,"tool":"Pencil","x2":337,"y2":81},"rjp1yzranp":{"type":"rect","id":"rjp1yzranp","color":"#b03213","size":"10","x":335,"y":81,"x2":117,"y2":129,"tool":"Pencil"},"ljp1yzuf510":{"type":"line","id":"ljp1yzuf510","color":"#b03213","size":"10","tool":"Pencil","_children":[{"type":"child","parent":"ljp1yzuf510","x":1123,"y":79,"tool":"Pencil"}]},"sjp1yzuf7c":{"type":"straight","id":"sjp1yzuf7c","color":"#b03213","size":"10","x":1123,"y":79,"tool":"Pencil","x2":1123,"y2":80},"rjp1yzuf7y":{"type":"rect","id":"rjp1yzuf7y","color":"#b03213","size":"10","x":1123,"y":79,"x2":980,"y2":472,"tool":"Pencil"}}