{"tk5xcsnqup":{"type":"new","id":"tk5xcsnqup","color":"#ff0000","size":27,"x":560,"y":159.5,"tool":"Text","time":1580183771141},"tk5xjvwpdy":{"type":"new","id":"tk5xjvwpdy","color":"#f012be","size":27,"x":263,"y":61.5,"tool":"Text","time":1580195680440},"tk5xjvxi91":{"type":"new","id":"tk5xjvxi91","color":"#f012be","size":27,"x":221,"y":163.5,"tool":"Text","time":1580195681478},"tk5xjwgn0l":{"type":"new","id":"tk5xjwgn0l","color":"#f012be","size":50,"x":202,"y":289,"tool":"Text","time":1580195706273},"lk5y8qxxqx":{"type":"line","id":"lk5y8qxxqx","color":"#7fdbff","size":4,"tool":"Pencil","time":1580237435859,"_children":[{"type":"child","parent":"lk5y8qxxqx","x":403,"y":171,"tool":"Pencil"},{"type":"child","parent":"lk5y8qxxqx","x":400,"y":171,"tool":"Pencil"},{"type":"child","parent":"lk5y8qxxqx","x":382,"y":173,"tool":"Pencil"},{"type":"child","parent":"lk5y8qxxqx","x":369,"y":180,"tool":"Pencil"},{"type":"child","parent":"lk5y8qxxqx","x":358,"y":189,"tool":"Pencil"},{"type":"child","parent":"lk5y8qxxqx","x":344,"y":201,"tool":"Pencil"},{"type":"child","parent":"lk5y8qxxqx","x":342,"y":213,"tool":"Pencil"},{"type":"child","parent":"lk5y8qxxqx","x":349,"y":233,"tool":"Pencil"},{"type":"child","parent":"lk5y8qxxqx","x":359,"y":250,"tool":"Pencil"},{"type":"child","parent":"lk5y8qxxqx","x":366,"y":254,"tool":"Pencil"},{"type":"child","parent":"lk5y8qxxqx","x":399,"y":258,"tool":"Pencil"},{"type":"child","parent":"lk5y8qxxqx","x":432,"y":255,"tool":"Pencil"},{"type":"child","parent":"lk5y8qxxqx","x":434,"y":236,"tool":"Pencil"},{"type":"child","parent":"lk5y8qxxqx","x":434,"y":217,"tool":"Pencil"},{"type":"child","parent":"lk5y8qxxqx","x":435,"y":210,"tool":"Pencil"},{"type":"child","parent":"lk5y8qxxqx","x":425,"y":191,"tool":"Pencil"},{"type":"child","parent":"lk5y8qxxqx","x":412,"y":176,"tool":"Pencil"},{"type":"child","parent":"lk5y8qxxqx","x":410,"y":175,"tool":"Pencil"}]},"lk5y8r0kla":{"type":"line","id":"lk5y8r0kla","color":"#7fdbff","size":4,"tool":"Pencil","time":1580237439274,"_children":[{"type":"child","parent":"lk5y8r0kla","x":465,"y":181,"tool":"Pencil"},{"type":"child","parent":"lk5y8r0kla","x":477,"y":183,"tool":"Pencil"},{"type":"child","parent":"lk5y8r0kla","x":508,"y":190,"tool":"Pencil"},{"type":"child","parent":"lk5y8r0kla","x":509,"y":191,"tool":"Pencil"},{"type":"child","parent":"lk5y8r0kla","x":507,"y":194,"tool":"Pencil"},{"type":"child","parent":"lk5y8r0kla","x":481,"y":206,"tool":"Pencil"},{"type":"child","parent":"lk5y8r0kla","x":475,"y":207,"tool":"Pencil"},{"type":"child","parent":"lk5y8r0kla","x":483,"y":208,"tool":"Pencil"},{"type":"child","parent":"lk5y8r0kla","x":518,"y":210,"tool":"Pencil"},{"type":"child","parent":"lk5y8r0kla","x":523,"y":211,"tool":"Pencil"},{"type":"child","parent":"lk5y8r0kla","x":523,"y":218,"tool":"Pencil"},{"type":"child","parent":"lk5y8r0kla","x":520,"y":228,"tool":"Pencil"},{"type":"child","parent":"lk5y8r0kla","x":506,"y":235,"tool":"Pencil"},{"type":"child","parent":"lk5y8r0kla","x":474,"y":244,"tool":"Pencil"},{"type":"child","parent":"lk5y8r0kla","x":470,"y":245,"tool":"Pencil"},{"type":"child","parent":"lk5y8r0kla","x":470,"y":245,"tool":"Pencil"}]},"lk5y8r285r":{"type":"line","id":"lk5y8r285r","color":"#7fdbff","size":4,"tool":"Pencil","time":1580237441417,"_children":[{"type":"child","parent":"lk5y8r285r","x":567,"y":198,"tool":"Pencil"},{"type":"child","parent":"lk5y8r285r","x":565,"y":200,"tool":"Pencil"},{"type":"child","parent":"lk5y8r285r","x":559,"y":220,"tool":"Pencil"},{"type":"child","parent":"lk5y8r285r","x":556,"y":242,"tool":"Pencil"},{"type":"child","parent":"lk5y8r285r","x":554,"y":251,"tool":"Pencil"},{"type":"child","parent":"lk5y8r285r","x":554,"y":259,"tool":"Pencil"},{"type":"child","parent":"lk5y8r285r","x":558,"y":276,"tool":"Pencil"},{"type":"child","parent":"lk5y8r285r","x":559,"y":276,"tool":"Pencil"},{"type":"child","parent":"lk5y8r285r","x":554,"y":260,"tool":"Pencil"},{"type":"child","parent":"lk5y8r285r","x":552,"y":234,"tool":"Pencil"},{"type":"child","parent":"lk5y8r285r","x":553,"y":220,"tool":"Pencil"},{"type":"child","parent":"lk5y8r285r","x":557,"y":212,"tool":"Pencil"},{"type":"child","parent":"lk5y8r285r","x":560,"y":206,"tool":"Pencil"},{"type":"child","parent":"lk5y8r285r","x":564,"y":199,"tool":"Pencil"},{"type":"child","parent":"lk5y8r285r","x":565,"y":199,"tool":"Pencil"},{"type":"child","parent":"lk5y8r285r","x":575,"y":220,"tool":"Pencil"},{"type":"child","parent":"lk5y8r285r","x":582,"y":240,"tool":"Pencil"},{"type":"child","parent":"lk5y8r285r","x":585,"y":245,"tool":"Pencil"},{"type":"child","parent":"lk5y8r285r","x":592,"y":251,"tool":"Pencil"},{"type":"child","parent":"lk5y8r285r","x":593,"y":252,"tool":"Pencil"},{"type":"child","parent":"lk5y8r285r","x":597,"y":246,"tool":"Pencil"},{"type":"child","parent":"lk5y8r285r","x":623,"y":222,"tool":"Pencil"},{"type":"child","parent":"lk5y8r285r","x":642,"y":205,"tool":"Pencil"},{"type":"child","parent":"lk5y8r285r","x":644,"y":204,"tool":"Pencil"},{"type":"child","parent":"lk5y8r285r","x":646,"y":220,"tool":"Pencil"},{"type":"child","parent":"lk5y8r285r","x":647,"y":244,"tool":"Pencil"},{"type":"child","parent":"lk5y8r285r","x":648,"y":255,"tool":"Pencil"},{"type":"child","parent":"lk5y8r285r","x":651,"y":263,"tool":"Pencil"},{"type":"child","parent":"lk5y8r285r","x":653,"y":272,"tool":"Pencil"},{"type":"child","parent":"lk5y8r285r","x":653,"y":276,"tool":"Pencil"}]},"lk5y8r5fbv":{"type":"line","id":"lk5y8r5fbv","color":"#7fdbff","size":4,"tool":"Pencil","time":1580237445564,"_children":[{"type":"child","parent":"lk5y8r5fbv","x":173,"y":390,"tool":"Pencil"},{"type":"child","parent":"lk5y8r5fbv","x":173,"y":390,"tool":"Pencil"}]},"lk5y8rdfoz":{"type":"line","id":"lk5y8rdfoz","color":"#ff0000","size":4,"tool":"Pencil","time":1580237455946,"_children":[{"type":"child","parent":"lk5y8rdfoz","x":328,"y":339,"tool":"Pencil"},{"type":"child","parent":"lk5y8rdfoz","x":331,"y":339,"tool":"Pencil"},{"type":"child","parent":"lk5y8rdfoz","x":346,"y":339,"tool":"Pencil"},{"type":"child","parent":"lk5y8rdfoz","x":361,"y":342,"tool":"Pencil"},{"type":"child","parent":"lk5y8rdfoz","x":378,"y":348,"tool":"Pencil"},{"type":"child","parent":"lk5y8rdfoz","x":383,"y":354,"tool":"Pencil"},{"type":"child","parent":"lk5y8rdfoz","x":381,"y":362,"tool":"Pencil"},{"type":"child","parent":"lk5y8rdfoz","x":366,"y":372,"tool":"Pencil"},{"type":"child","parent":"lk5y8rdfoz","x":338,"y":381,"tool":"Pencil"},{"type":"child","parent":"lk5y8rdfoz","x":339,"y":381,"tool":"Pencil"},{"type":"child","parent":"lk5y8rdfoz","x":364,"y":380,"tool":"Pencil"},{"type":"child","parent":"lk5y8rdfoz","x":385,"y":381,"tool":"Pencil"},{"type":"child","parent":"lk5y8rdfoz","x":386,"y":382,"tool":"Pencil"},{"type":"child","parent":"lk5y8rdfoz","x":387,"y":388,"tool":"Pencil"},{"type":"child","parent":"lk5y8rdfoz","x":387,"y":394,"tool":"Pencil"},{"type":"child","parent":"lk5y8rdfoz","x":383,"y":401,"tool":"Pencil"},{"type":"child","parent":"lk5y8rdfoz","x":378,"y":404,"tool":"Pencil"},{"type":"child","parent":"lk5y8rdfoz","x":361,"y":410,"tool":"Pencil"},{"type":"child","parent":"lk5y8rdfoz","x":356,"y":412,"tool":"Pencil"},{"type":"child","parent":"lk5y8rdfoz","x":334,"y":412,"tool":"Pencil"},{"type":"child","parent":"lk5y8rdfoz","x":325,"y":413,"tool":"Pencil"}]},"lk5y8rfhbr":{"type":"line","id":"lk5y8rfhbr","color":"#ff0000","size":4,"tool":"Pencil","time":1580237458597,"_children":[{"type":"child","parent":"lk5y8rfhbr","x":356,"y":378,"tool":"Pencil"},{"type":"child","parent":"lk5y8rfhbr","x":361,"y":378,"tool":"Pencil"},{"type":"child","parent":"lk5y8rfhbr","x":389,"y":378,"tool":"Pencil"},{"type":"child","parent":"lk5y8rfhbr","x":427,"y":373,"tool":"Pencil"},{"type":"child","parent":"lk5y8rfhbr","x":427,"y":372,"tool":"Pencil"}]},"lk5y8rgb0y":{"type":"line","id":"lk5y8rgb0y","color":"#ff0000","size":4,"tool":"Pencil","time":1580237459666,"_children":[{"type":"child","parent":"lk5y8rgb0y","x":426,"y":347,"tool":"Pencil"},{"type":"child","parent":"lk5y8rgb0y","x":426,"y":348,"tool":"Pencil"},{"type":"child","parent":"lk5y8rgb0y","x":428,"y":354,"tool":"Pencil"},{"type":"child","parent":"lk5y8rgb0y","x":430,"y":360,"tool":"Pencil"},{"type":"child","parent":"lk5y8rgb0y","x":430,"y":369,"tool":"Pencil"},{"type":"child","parent":"lk5y8rgb0y","x":431,"y":381,"tool":"Pencil"},{"type":"child","parent":"lk5y8rgb0y","x":431,"y":399,"tool":"Pencil"},{"type":"child","parent":"lk5y8rgb0y","x":431,"y":416,"tool":"Pencil"},{"type":"child","parent":"lk5y8rgb0y","x":433,"y":418,"tool":"Pencil"}]},"lk5y8rhidn":{"type":"line","id":"lk5y8rhidn","color":"#ff0000","size":4,"tool":"Pencil","time":1580237461226,"_children":[{"type":"child","parent":"lk5y8rhidn","x":450,"y":351,"tool":"Pencil"},{"type":"child","parent":"lk5y8rhidn","x":454,"y":356,"tool":"Pencil"},{"type":"child","parent":"lk5y8rhidn","x":456,"y":368,"tool":"Pencil"},{"type":"child","parent":"lk5y8rhidn","x":456,"y":377,"tool":"Pencil"},{"type":"child","parent":"lk5y8rhidn","x":456,"y":386,"tool":"Pencil"},{"type":"child","parent":"lk5y8rhidn","x":456,"y":394,"tool":"Pencil"},{"type":"child","parent":"lk5y8rhidn","x":457,"y":400,"tool":"Pencil"},{"type":"child","parent":"lk5y8rhidn","x":457,"y":407,"tool":"Pencil"},{"type":"child","parent":"lk5y8rhidn","x":457,"y":411,"tool":"Pencil"},{"type":"child","parent":"lk5y8rhidn","x":457,"y":414,"tool":"Pencil"},{"type":"child","parent":"lk5y8rhidn","x":457,"y":418,"tool":"Pencil"},{"type":"child","parent":"lk5y8rhidn","x":457,"y":425,"tool":"Pencil"}]},"lk5y8rjs26":{"type":"line","id":"lk5y8rjs26","color":"#ff0000","size":4,"tool":"Pencil","time":1580237464166,"_children":[{"type":"child","parent":"lk5y8rjs26","x":408,"y":303,"tool":"Pencil"},{"type":"child","parent":"lk5y8rjs26","x":406,"y":303,"tool":"Pencil"},{"type":"child","parent":"lk5y8rjs26","x":374,"y":305,"tool":"Pencil"},{"type":"child","parent":"lk5y8rjs26","x":371,"y":305,"tool":"Pencil"},{"type":"child","parent":"lk5y8rjs26","x":368,"y":298,"tool":"Pencil"},{"type":"child","parent":"lk5y8rjs26","x":368,"y":291,"tool":"Pencil"},{"type":"child","parent":"lk5y8rjs26","x":371,"y":288,"tool":"Pencil"},{"type":"child","parent":"lk5y8rjs26","x":388,"y":284,"tool":"Pencil"},{"type":"child","parent":"lk5y8rjs26","x":404,"y":284,"tool":"Pencil"},{"type":"child","parent":"lk5y8rjs26","x":408,"y":290,"tool":"Pencil"},{"type":"child","parent":"lk5y8rjs26","x":417,"y":298,"tool":"Pencil"},{"type":"child","parent":"lk5y8rjs26","x":424,"y":306,"tool":"Pencil"},{"type":"child","parent":"lk5y8rjs26","x":431,"y":314,"tool":"Pencil"},{"type":"child","parent":"lk5y8rjs26","x":435,"y":322,"tool":"Pencil"},{"type":"child","parent":"lk5y8rjs26","x":438,"y":327,"tool":"Pencil"},{"type":"child","parent":"lk5y8rjs26","x":441,"y":337,"tool":"Pencil"},{"type":"child","parent":"lk5y8rjs26","x":444,"y":342,"tool":"Pencil"},{"type":"child","parent":"lk5y8rjs26","x":445,"y":345,"tool":"Pencil"},{"type":"child","parent":"lk5y8rjs26","x":446,"y":348,"tool":"Pencil"},{"type":"child","parent":"lk5y8rjs26","x":447,"y":348,"tool":"Pencil"}]},"lk5y8rmh8n":{"type":"line","id":"lk5y8rmh8n","color":"#ff0000","size":4,"tool":"Pencil","time":1580237467667,"_children":[{"type":"child","parent":"lk5y8rmh8n","x":483,"y":362,"tool":"Pencil"},{"type":"child","parent":"lk5y8rmh8n","x":489,"y":362,"tool":"Pencil"},{"type":"child","parent":"lk5y8rmh8n","x":502,"y":362,"tool":"Pencil"},{"type":"child","parent":"lk5y8rmh8n","x":512,"y":365,"tool":"Pencil"},{"type":"child","parent":"lk5y8rmh8n","x":519,"y":368,"tool":"Pencil"},{"type":"child","parent":"lk5y8rmh8n","x":525,"y":375,"tool":"Pencil"},{"type":"child","parent":"lk5y8rmh8n","x":522,"y":382,"tool":"Pencil"},{"type":"child","parent":"lk5y8rmh8n","x":513,"y":386,"tool":"Pencil"},{"type":"child","parent":"lk5y8rmh8n","x":506,"y":387,"tool":"Pencil"},{"type":"child","parent":"lk5y8rmh8n","x":502,"y":387,"tool":"Pencil"},{"type":"child","parent":"lk5y8rmh8n","x":503,"y":386,"tool":"Pencil"},{"type":"child","parent":"lk5y8rmh8n","x":517,"y":383,"tool":"Pencil"},{"type":"child","parent":"lk5y8rmh8n","x":523,"y":385,"tool":"Pencil"},{"type":"child","parent":"lk5y8rmh8n","x":525,"y":391,"tool":"Pencil"},{"type":"child","parent":"lk5y8rmh8n","x":520,"y":405,"tool":"Pencil"},{"type":"child","parent":"lk5y8rmh8n","x":508,"y":413,"tool":"Pencil"},{"type":"child","parent":"lk5y8rmh8n","x":492,"y":414,"tool":"Pencil"},{"type":"child","parent":"lk5y8rmh8n","x":473,"y":413,"tool":"Pencil"},{"type":"child","parent":"lk5y8rmh8n","x":474,"y":411,"tool":"Pencil"},{"type":"child","parent":"lk5y8rmh8n","x":484,"y":408,"tool":"Pencil"},{"type":"child","parent":"lk5y8rmh8n","x":487,"y":408,"tool":"Pencil"},{"type":"child","parent":"lk5y8rmh8n","x":491,"y":410,"tool":"Pencil"},{"type":"child","parent":"lk5y8rmh8n","x":499,"y":420,"tool":"Pencil"},{"type":"child","parent":"lk5y8rmh8n","x":506,"y":433,"tool":"Pencil"},{"type":"child","parent":"lk5y8rmh8n","x":508,"y":437,"tool":"Pencil"},{"type":"child","parent":"lk5y8rmh8n","x":510,"y":442,"tool":"Pencil"},{"type":"child","parent":"lk5y8rmh8n","x":511,"y":442,"tool":"Pencil"},{"type":"child","parent":"lk5y8rmh8n","x":512,"y":442,"tool":"Pencil"}]},"lk5y8rp4le":{"type":"line","id":"lk5y8rp4le","color":"#ff0000","size":4,"tool":"Pencil","time":1580237471099,"_children":[{"type":"child","parent":"lk5y8rp4le","x":561,"y":358,"tool":"Pencil"},{"type":"child","parent":"lk5y8rp4le","x":564,"y":360,"tool":"Pencil"},{"type":"child","parent":"lk5y8rp4le","x":566,"y":370,"tool":"Pencil"},{"type":"child","parent":"lk5y8rp4le","x":566,"y":381,"tool":"Pencil"},{"type":"child","parent":"lk5y8rp4le","x":566,"y":390,"tool":"Pencil"},{"type":"child","parent":"lk5y8rp4le","x":565,"y":400,"tool":"Pencil"},{"type":"child","parent":"lk5y8rp4le","x":563,"y":407,"tool":"Pencil"},{"type":"child","parent":"lk5y8rp4le","x":561,"y":411,"tool":"Pencil"},{"type":"child","parent":"lk5y8rp4le","x":555,"y":415,"tool":"Pencil"},{"type":"child","parent":"lk5y8rp4le","x":552,"y":418,"tool":"Pencil"},{"type":"child","parent":"lk5y8rp4le","x":550,"y":419,"tool":"Pencil"},{"type":"child","parent":"lk5y8rp4le","x":548,"y":414,"tool":"Pencil"},{"type":"child","parent":"lk5y8rp4le","x":548,"y":410,"tool":"Pencil"},{"type":"child","parent":"lk5y8rp4le","x":549,"y":409,"tool":"Pencil"},{"type":"child","parent":"lk5y8rp4le","x":553,"y":404,"tool":"Pencil"},{"type":"child","parent":"lk5y8rp4le","x":559,"y":396,"tool":"Pencil"},{"type":"child","parent":"lk5y8rp4le","x":572,"y":394,"tool":"Pencil"},{"type":"child","parent":"lk5y8rp4le","x":593,"y":389,"tool":"Pencil"},{"type":"child","parent":"lk5y8rp4le","x":607,"y":389,"tool":"Pencil"},{"type":"child","parent":"lk5y8rp4le","x":608,"y":388,"tool":"Pencil"}]},"lk5y8rqv0k":{"type":"line","id":"lk5y8rqv0k","color":"#ff0000","size":4,"tool":"Pencil","time":1580237473346,"_children":[{"type":"child","parent":"lk5y8rqv0k","x":606,"y":362,"tool":"Pencil"},{"type":"child","parent":"lk5y8rqv0k","x":606,"y":368,"tool":"Pencil"},{"type":"child","parent":"lk5y8rqv0k","x":606,"y":375,"tool":"Pencil"},{"type":"child","parent":"lk5y8rqv0k","x":606,"y":381,"tool":"Pencil"},{"type":"child","parent":"lk5y8rqv0k","x":606,"y":393,"tool":"Pencil"},{"type":"child","parent":"lk5y8rqv0k","x":604,"y":405,"tool":"Pencil"},{"type":"child","parent":"lk5y8rqv0k","x":602,"y":413,"tool":"Pencil"},{"type":"child","parent":"lk5y8rqv0k","x":602,"y":423,"tool":"Pencil"},{"type":"child","parent":"lk5y8rqv0k","x":601,"y":431,"tool":"Pencil"},{"type":"child","parent":"lk5y8rqv0k","x":601,"y":436,"tool":"Pencil"},{"type":"child","parent":"lk5y8rqv0k","x":601,"y":438,"tool":"Pencil"},{"type":"child","parent":"lk5y8rqv0k","x":600,"y":442,"tool":"Pencil"},{"type":"child","parent":"lk5y8rqv0k","x":600,"y":442,"tool":"Pencil"}]},"lk5y8rsjy8":{"type":"line","id":"lk5y8rsjy8","color":"#ff0000","size":4,"tool":"Pencil","time":1580237475539,"_children":[{"type":"child","parent":"lk5y8rsjy8","x":600,"y":446,"tool":"Pencil"},{"type":"child","parent":"lk5y8rsjy8","x":602,"y":446,"tool":"Pencil"},{"type":"child","parent":"lk5y8rsjy8","x":608,"y":449,"tool":"Pencil"},{"type":"child","parent":"lk5y8rsjy8","x":620,"y":454,"tool":"Pencil"},{"type":"child","parent":"lk5y8rsjy8","x":632,"y":458,"tool":"Pencil"},{"type":"child","parent":"lk5y8rsjy8","x":639,"y":460,"tool":"Pencil"},{"type":"child","parent":"lk5y8rsjy8","x":641,"y":462,"tool":"Pencil"},{"type":"child","parent":"lk5y8rsjy8","x":644,"y":463,"tool":"Pencil"}]},"lk5y8ru24i":{"type":"line","id":"lk5y8ru24i","color":"#ff0000","size":4,"tool":"Pencil","time":1580237477491,"_children":[{"type":"child","parent":"lk5y8ru24i","x":389,"y":345,"tool":"Pencil"},{"type":"child","parent":"lk5y8ru24i","x":394,"y":346,"tool":"Pencil"},{"type":"child","parent":"lk5y8ru24i","x":407,"y":349,"tool":"Pencil"},{"type":"child","parent":"lk5y8ru24i","x":420,"y":350,"tool":"Pencil"},{"type":"child","parent":"lk5y8ru24i","x":429,"y":350,"tool":"Pencil"},{"type":"child","parent":"lk5y8ru24i","x":432,"y":351,"tool":"Pencil"},{"type":"child","parent":"lk5y8ru24i","x":457,"y":352,"tool":"Pencil"},{"type":"child","parent":"lk5y8ru24i","x":463,"y":354,"tool":"Pencil"},{"type":"child","parent":"lk5y8ru24i","x":468,"y":354,"tool":"Pencil"},{"type":"child","parent":"lk5y8ru24i","x":469,"y":354,"tool":"Pencil"}]},"lk5y8rvksd":{"type":"line","id":"lk5y8rvksd","color":"#ff0000","size":4,"tool":"Pencil","time":1580237479458,"_children":[{"type":"child","parent":"lk5y8rvksd","x":533,"y":359,"tool":"Pencil"},{"type":"child","parent":"lk5y8rvksd","x":534,"y":359,"tool":"Pencil"},{"type":"child","parent":"lk5y8rvksd","x":544,"y":359,"tool":"Pencil"},{"type":"child","parent":"lk5y8rvksd","x":555,"y":360,"tool":"Pencil"},{"type":"child","parent":"lk5y8rvksd","x":561,"y":360,"tool":"Pencil"},{"type":"child","parent":"lk5y8rvksd","x":572,"y":360,"tool":"Pencil"},{"type":"child","parent":"lk5y8rvksd","x":577,"y":361,"tool":"Pencil"},{"type":"child","parent":"lk5y8rvksd","x":585,"y":363,"tool":"Pencil"},{"type":"child","parent":"lk5y8rvksd","x":592,"y":364,"tool":"Pencil"},{"type":"child","parent":"lk5y8rvksd","x":603,"y":364,"tool":"Pencil"},{"type":"child","parent":"lk5y8rvksd","x":619,"y":363,"tool":"Pencil"},{"type":"child","parent":"lk5y8rvksd","x":622,"y":363,"tool":"Pencil"},{"type":"child","parent":"lk5y8rvksd","x":627,"y":362,"tool":"Pencil"}]}}