{"ljp1gznxaf":{"type":"line","id":"ljp1gznxaf","color":"#1913b0","size":"10","tool":"Pencil","_children":[{"type":"child","parent":"ljp1gznxaf","x":110.66667175292969,"y":264,"tool":"Pencil"},{"type":"child","parent":"ljp1gznxaf","x":119,"y":264.3333435058594,"tool":"Pencil"},{"type":"child","parent":"ljp1gznxaf","x":198.33334350585938,"y":281,"tool":"Pencil"},{"type":"child","parent":"ljp1gznxaf","x":233.6666717529297,"y":361.66668701171875,"tool":"Pencil"},{"type":"child","parent":"ljp1gznxaf","x":223,"y":396,"tool":"Pencil"},{"type":"child","parent":"ljp1gznxaf","x":197.6666717529297,"y":318,"tool":"Pencil"},{"type":"child","parent":"ljp1gznxaf","x":134.33334350585938,"y":242.33334350585938,"tool":"Pencil"},{"type":"child","parent":"ljp1gznxaf","x":118,"y":206.33334350585938,"tool":"Pencil"},{"type":"child","parent":"ljp1gznxaf","x":132.33334350585938,"y":157,"tool":"Pencil"},{"type":"child","parent":"ljp1gznxaf","x":150,"y":129.33334350585938,"tool":"Pencil"},{"type":"child","parent":"ljp1gznxaf","x":168,"y":120.66667175292969,"tool":"Pencil"}]}}