{"lk81ejawbp":{"type":"line","id":"lk81ejawbp","color":"#111111","size":10,"tool":"Pencil","time":1584782422861,"_children":[{"type":"child","parent":"lk81ejawbp","x":348,"y":74,"tool":"Pencil"},{"type":"child","parent":"lk81ejawbp","x":348.7,"y":73.3,"tool":"Pencil"},{"type":"child","parent":"lk81ejawbp","x":342.7,"y":69.3,"tool":"Pencil"},{"type":"child","parent":"lk81ejawbp","x":335.3,"y":67.3,"tool":"Pencil"},{"type":"child","parent":"lk81ejawbp","x":328,"y":67.3,"tool":"Pencil"},{"type":"child","parent":"lk81ejawbp","x":321.3,"y":67.3,"tool":"Pencil"},{"type":"child","parent":"lk81ejawbp","x":314.7,"y":70,"tool":"Pencil"},{"type":"child","parent":"lk81ejawbp","x":307.3,"y":74,"tool":"Pencil"},{"type":"child","parent":"lk81ejawbp","x":301.3,"y":78.7,"tool":"Pencil"},{"type":"child","parent":"lk81ejawbp","x":295.3,"y":84.7,"tool":"Pencil"},{"type":"child","parent":"lk81ejawbp","x":290.7,"y":91.3,"tool":"Pencil"},{"type":"child","parent":"lk81ejawbp","x":286.7,"y":100.7,"tool":"Pencil"},{"type":"child","parent":"lk81ejawbp","x":285.3,"y":112,"tool":"Pencil"},{"type":"child","parent":"lk81ejawbp","x":286,"y":120,"tool":"Pencil"},{"type":"child","parent":"lk81ejawbp","x":289.3,"y":130,"tool":"Pencil"},{"type":"child","parent":"lk81ejawbp","x":292.7,"y":138.7,"tool":"Pencil"},{"type":"child","parent":"lk81ejawbp","x":298.7,"y":146,"tool":"Pencil"},{"type":"child","parent":"lk81ejawbp","x":304,"y":151.3,"tool":"Pencil"},{"type":"child","parent":"lk81ejawbp","x":310,"y":154,"tool":"Pencil"},{"type":"child","parent":"lk81ejawbp","x":319.3,"y":156.7,"tool":"Pencil"},{"type":"child","parent":"lk81ejawbp","x":326.7,"y":158,"tool":"Pencil"},{"type":"child","parent":"lk81ejawbp","x":334.7,"y":158.7,"tool":"Pencil"},{"type":"child","parent":"lk81ejawbp","x":340,"y":155.3,"tool":"Pencil"},{"type":"child","parent":"lk81ejawbp","x":346.7,"y":150.7,"tool":"Pencil"},{"type":"child","parent":"lk81ejawbp","x":350.7,"y":147.3,"tool":"Pencil"},{"type":"child","parent":"lk81ejawbp","x":356,"y":141.3,"tool":"Pencil"},{"type":"child","parent":"lk81ejawbp","x":358,"y":135.3,"tool":"Pencil"},{"type":"child","parent":"lk81ejawbp","x":358.7,"y":130.7,"tool":"Pencil"},{"type":"child","parent":"lk81ejawbp","x":360,"y":124,"tool":"Pencil"},{"type":"child","parent":"lk81ejawbp","x":360.7,"y":118.7,"tool":"Pencil"},{"type":"child","parent":"lk81ejawbp","x":360.7,"y":112,"tool":"Pencil"},{"type":"child","parent":"lk81ejawbp","x":359.3,"y":105.3,"tool":"Pencil"},{"type":"child","parent":"lk81ejawbp","x":356.7,"y":98.7,"tool":"Pencil"},{"type":"child","parent":"lk81ejawbp","x":353.3,"y":93.3,"tool":"Pencil"},{"type":"child","parent":"lk81ejawbp","x":351.3,"y":89.3,"tool":"Pencil"},{"type":"child","parent":"lk81ejawbp","x":350,"y":86,"tool":"Pencil"},{"type":"child","parent":"lk81ejawbp","x":348.7,"y":82,"tool":"Pencil"},{"type":"child","parent":"lk81ejawbp","x":347.3,"y":78.7,"tool":"Pencil"},{"type":"child","parent":"lk81ejawbp","x":347.3,"y":77.3,"tool":"Pencil"}]},"sk81ejfodh":{"type":"straight","id":"sk81ejfodh","color":"#111111","size":10,"x":310.7,"y":207.3,"tool":"Straight line","time":1584782429055,"x2":750,"y2":202.66668701171875},"sk81ejiy2k":{"type":"straight","id":"sk81ejiy2k","color":"#111111","size":10,"x":323.3,"y":285.3,"tool":"Straight line","time":1584782433291,"x2":748,"y2":278},"tk81ejsygm":{"type":"new","id":"tk81ejsygm","color":"#111111","size":27,"x":466,"y":143.5,"tool":"Text","time":1584782446265,"txt":"c4"},"tk81ek548e":{"type":"new","id":"tk81ek548e","color":"#111111","size":27,"x":380,"y":132.8,"tool":"Text","time":1584782462025,"txt":"47"},"tk81ekir8f":{"type":"new","id":"tk81ekir8f","color":"#111111","size":27,"x":1860,"y":3553.5,"tool":"Text","time":1584782479777,"txt":""}}