{"tjp1hp921a":{"type":"new","id":"tjp1hp921a","color":"#1913b0","size":27,"x":427,"y":541,"tool":"Text","txt":""},"tjp3147ya9":{"type":"new","id":"tjp3147ya9","color":"#1913b0","size":27,"x":334,"y":193,"tool":"Text","txt":""},"tjqrdx6pez":{"type":"new","id":"tjqrdx6pez","color":"#85144b","size":19,"x":626,"y":243.5,"tool":"Text","time":1547171429220},"tjqrdx79em":{"type":"new","id":"tjqrdx79em","color":"#85144b","size":19,"x":707,"y":201.5,"tool":"Text","time":1547171429939},"tjqrdx7qr1":{"type":"new","id":"tjqrdx7qr1","color":"#85144b","size":19,"x":1095,"y":173.5,"tool":"Text","time":1547171430564},"tjqrdx7x5w":{"type":"new","id":"tjqrdx7x5w","color":"#85144b","size":19,"x":1170,"y":166.5,"tool":"Text","time":1547171430793},"tjqrdx8hsi":{"type":"new","id":"tjqrdx8hsi","color":"#85144b","size":19,"x":1396,"y":93.5,"tool":"Text","time":1547171431538},"tjrhfdovib":{"type":"new","id":"tjrhfdovib","color":"#3d9970","size":27,"x":1017,"y":133.5,"tool":"Text","time":1548745947695},"tjrhfdpme4":{"type":"new","id":"tjrhfdpme4","color":"#3d9970","size":27,"x":822,"y":165.5,"tool":"Text","time":1548745948663},"tjrhfdq0a6":{"type":"new","id":"tjrhfdq0a6","color":"#3d9970","size":27,"x":836,"y":179.5,"tool":"Text","time":1548745949164},"tjrhfe55zd":{"type":"new","id":"tjrhfe55zd","color":"#3d9970","size":27,"x":425.1,"y":238.4,"tool":"Text","time":1548745968810,"txt":""},"lk7ofg8mus":{"type":"line","id":"lk7ofg8mus","color":"#7fdbff","size":10,"tool":"Pencil","time":1583997899917,"_children":[{"type":"child","parent":"lk7ofg8mus","x":212.2,"y":46.5,"tool":"Pencil"},{"type":"child","parent":"lk7ofg8mus","x":212.6,"y":50.7,"tool":"Pencil"},{"type":"child","parent":"lk7ofg8mus","x":197.9,"y":99.5,"tool":"Pencil"},{"type":"child","parent":"lk7ofg8mus","x":177,"y":137.8,"tool":"Pencil"},{"type":"child","parent":"lk7ofg8mus","x":159.3,"y":162.9,"tool":"Pencil"}]},"lk7ofg94zy":{"type":"line","id":"lk7ofg94zy","color":"#7fdbff","size":10,"tool":"Pencil","time":1583997900561,"_children":[{"type":"child","parent":"lk7ofg94zy","x":214.1,"y":101.3,"tool":"Pencil"},{"type":"child","parent":"lk7ofg94zy","x":214.7,"y":101.9,"tool":"Pencil"},{"type":"child","parent":"lk7ofg94zy","x":239.4,"y":120.5,"tool":"Pencil"},{"type":"child","parent":"lk7ofg94zy","x":263.3,"y":145.8,"tool":"Pencil"},{"type":"child","parent":"lk7ofg94zy","x":277.8,"y":160.4,"tool":"Pencil"}]},"lk7ofg9sym":{"type":"line","id":"lk7ofg9sym","color":"#7fdbff","size":10,"tool":"Pencil","time":1583997901427,"_children":[{"type":"child","parent":"lk7ofg9sym","x":180.6,"y":229,"tool":"Pencil"},{"type":"child","parent":"lk7ofg9sym","x":174.9,"y":246,"tool":"Pencil"},{"type":"child","parent":"lk7ofg9sym","x":148,"y":320,"tool":"Pencil"}]},"lk7ofga28s":{"type":"line","id":"lk7ofga28s","color":"#7fdbff","size":10,"tool":"Pencil","time":1583997901986,"_children":[{"type":"child","parent":"lk7ofga28s","x":172.6,"y":264.4,"tool":"Pencil"},{"type":"child","parent":"lk7ofga28s","x":184.8,"y":259.7,"tool":"Pencil"},{"type":"child","parent":"lk7ofga28s","x":188.3,"y":301.3,"tool":"Pencil"},{"type":"child","parent":"lk7ofga28s","x":185.1,"y":331.7,"tool":"Pencil"}]},"lk7ofgadt8":{"type":"line","id":"lk7ofgadt8","color":"#7fdbff","size":10,"tool":"Pencil","time":1583997902164,"_children":[{"type":"child","parent":"lk7ofgadt8","x":214.5,"y":258.3,"tool":"Pencil"}]},"lk7ofgajgq":{"type":"line","id":"lk7ofgajgq","color":"#7fdbff","size":10,"tool":"Pencil","time":1583997902370,"_children":[{"type":"child","parent":"lk7ofgajgq","x":218.3,"y":300.6,"tool":"Pencil"},{"type":"child","parent":"lk7ofgajgq","x":218.3,"y":300.6,"tool":"Pencil"}]},"lk7ofgape9":{"type":"line","id":"lk7ofgape9","color":"#7fdbff","size":10,"tool":"Pencil","time":1583997902582,"_children":[{"type":"child","parent":"lk7ofgape9","x":261,"y":225.1,"tool":"Pencil"},{"type":"child","parent":"lk7ofgape9","x":269,"y":224,"tool":"Pencil"},{"type":"child","parent":"lk7ofgape9","x":284,"y":230.6,"tool":"Pencil"},{"type":"child","parent":"lk7ofgape9","x":293,"y":260.8,"tool":"Pencil"},{"type":"child","parent":"lk7ofgape9","x":287.3,"y":308.9,"tool":"Pencil"},{"type":"child","parent":"lk7ofgape9","x":280.2,"y":356,"tool":"Pencil"}]},"lk7ofgb9j8":{"type":"line","id":"lk7ofgb9j8","color":"#7fdbff","size":10,"tool":"Pencil","time":1583997903326,"_children":[{"type":"child","parent":"lk7ofgb9j8","x":224,"y":256.4,"tool":"Pencil"},{"type":"child","parent":"lk7ofgb9j8","x":227.1,"y":261.6,"tool":"Pencil"}]},"lk7ofgd30g":{"type":"line","id":"lk7ofgd30g","color":"#7fdbff","size":10,"tool":"Pencil","time":1583997905682,"_children":[{"type":"child","parent":"lk7ofgd30g","x":211.8,"y":555.8,"tool":"Pencil"},{"type":"child","parent":"lk7ofgd30g","x":214.9,"y":557.8,"tool":"Pencil"}]},"lk7ofgd8xa":{"type":"line","id":"lk7ofgd8xa","color":"#7fdbff","size":10,"tool":"Pencil","time":1583997905878,"_children":[{"type":"child","parent":"lk7ofgd8xa","x":253.7,"y":526.1,"tool":"Pencil"},{"type":"child","parent":"lk7ofgd8xa","x":246.4,"y":550.3,"tool":"Pencil"},{"type":"child","parent":"lk7ofgd8xa","x":225.2,"y":647.3,"tool":"Pencil"}]},"lk7ofgdiwq":{"type":"line","id":"lk7ofgdiwq","color":"#7fdbff","size":10,"tool":"Pencil","time":1583997906237,"_children":[{"type":"child","parent":"lk7ofgdiwq","x":197.7,"y":589.7,"tool":"Pencil"},{"type":"child","parent":"lk7ofgdiwq","x":198.6,"y":589.3,"tool":"Pencil"},{"type":"child","parent":"lk7ofgdiwq","x":257.5,"y":567.2,"tool":"Pencil"},{"type":"child","parent":"lk7ofgdiwq","x":300.1,"y":570.4,"tool":"Pencil"},{"type":"child","parent":"lk7ofgdiwq","x":311.5,"y":581.2,"tool":"Pencil"},{"type":"child","parent":"lk7ofgdiwq","x":296.9,"y":622.4,"tool":"Pencil"},{"type":"child","parent":"lk7ofgdiwq","x":278.8,"y":665.4,"tool":"Pencil"}]},"lk7ofge4hl":{"type":"line","id":"lk7ofge4hl","color":"#7fdbff","size":10,"tool":"Pencil","time":1583997907028,"_children":[{"type":"child","parent":"lk7ofge4hl","x":254.9,"y":600.4,"tool":"Pencil"},{"type":"child","parent":"lk7ofge4hl","x":255.7,"y":602.1,"tool":"Pencil"}]},"tk7ofgsjnz":{"type":"new","id":"tk7ofgsjnz","color":"#7fdbff","size":27,"x":187.8,"y":445.1,"tool":"Text","time":1583997925713,"txt":"just trying"},"tk7ofh3iva":{"type":"new","id":"tk7ofh3iva","color":"#7fdbff","size":27,"x":357.7,"y":353.3,"tool":"Text","time":1583997939944,"txt":"china"},"tk7ofh8g0n":{"type":"new","id":"tk7ofh8g0n","color":"#7fdbff","size":27,"x":357.7,"y":393.8,"tool":"Text","time":1583997946321},"tk7ofhburf":{"type":"new","id":"tk7ofhburf","color":"#7fdbff","size":27,"x":206.9,"y":408.2,"tool":"Text","time":1583997950739,"txt":""},"rk7ofhgejz":{"type":"rect","id":"rk7ofhgejz","color":"#7fdbff","size":10,"x":132.95237731933594,"y":376.76190185546875,"x2":349.3333435058594,"y2":484.19049072265625,"tool":"Rectangle","time":1583997956629},"rk7ofhkko1":{"type":"rect","id":"rk7ofhkko1","color":"#7fdbff","size":10,"x":140.57142639160156,"y":737.1428833007812,"x2":157.52381896972656,"y2":854.4761962890625,"tool":"Rectangle","time":1583997962036},"rk7ofhlgg3":{"type":"rect","id":"rk7ofhlgg3","color":"#7fdbff","size":10,"x":150.85714721679688,"y":837.3333740234375,"x2":274.0952453613281,"y2":832.7619018554688,"tool":"Rectangle","time":1583997963185}}