{"ljqret7pfb":{"type":"line","id":"ljqret7pfb","color":"#aaaaaa","size":10,"tool":"Pencil","time":1547172920235,"_children":[{"type":"child","parent":"ljqret7pfb","x":473,"y":180,"tool":"Pencil"},{"type":"child","parent":"ljqret7pfb","x":523,"y":226,"tool":"Pencil"},{"type":"child","parent":"ljqret7pfb","x":658,"y":287,"tool":"Pencil"},{"type":"child","parent":"ljqret7pfb","x":658,"y":287,"tool":"Pencil"}]},"ljqret8dh9":{"type":"line","id":"ljqret8dh9","color":"#aaaaaa","size":10,"tool":"Pencil","time":1547172921098,"_children":[{"type":"child","parent":"ljqret8dh9","x":426,"y":322,"tool":"Pencil"},{"type":"child","parent":"ljqret8dh9","x":670,"y":322,"tool":"Pencil"},{"type":"child","parent":"ljqret8dh9","x":799,"y":322,"tool":"Pencil"}]},"ljqret8vnc":{"type":"line","id":"ljqret8vnc","color":"#aaaaaa","size":10,"tool":"Pencil","time":1547172921878,"_children":[{"type":"child","parent":"ljqret8vnc","x":882,"y":285,"tool":"Pencil"},{"type":"child","parent":"ljqret8vnc","x":883,"y":312,"tool":"Pencil"},{"type":"child","parent":"ljqret8vnc","x":879,"y":382,"tool":"Pencil"},{"type":"child","parent":"ljqret8vnc","x":876,"y":393,"tool":"Pencil"}]},"sjqretd180":{"type":"straight","id":"sjqretd180","color":"#aaaaaa","size":10,"x":634,"y":392,"tool":"Straight line","time":1547172927138,"x2":612,"y2":561}}