{"ljwcj6cidr":{"type":"line","id":"ljwcj6cidr","color":"#111111","size":10,"tool":"Pencil","time":1559333956181,"_children":[{"type":"child","parent":"ljwcj6cidr","x":652,"y":224,"tool":"Pencil"},{"type":"child","parent":"ljwcj6cidr","x":653,"y":227,"tool":"Pencil"},{"type":"child","parent":"ljwcj6cidr","x":638,"y":264,"tool":"Pencil"},{"type":"child","parent":"ljwcj6cidr","x":628,"y":295,"tool":"Pencil"},{"type":"child","parent":"ljwcj6cidr","x":630,"y":301,"tool":"Pencil"},{"type":"child","parent":"ljwcj6cidr","x":720,"y":330,"tool":"Pencil"},{"type":"child","parent":"ljwcj6cidr","x":720,"y":330,"tool":"Pencil"}]},"ljwcj6evxz":{"type":"line","id":"ljwcj6evxz","color":"#111111","size":10,"tool":"Pencil","time":1559333959258,"_children":[{"type":"child","parent":"ljwcj6evxz","x":660,"y":218,"tool":"Pencil"},{"type":"child","parent":"ljwcj6evxz","x":661,"y":218,"tool":"Pencil"},{"type":"child","parent":"ljwcj6evxz","x":754,"y":255,"tool":"Pencil"},{"type":"child","parent":"ljwcj6evxz","x":778,"y":268,"tool":"Pencil"},{"type":"child","parent":"ljwcj6evxz","x":793,"y":272,"tool":"Pencil"},{"type":"child","parent":"ljwcj6evxz","x":793,"y":276,"tool":"Pencil"},{"type":"child","parent":"ljwcj6evxz","x":743,"y":295,"tool":"Pencil"},{"type":"child","parent":"ljwcj6evxz","x":725,"y":302,"tool":"Pencil"},{"type":"child","parent":"ljwcj6evxz","x":717,"y":305,"tool":"Pencil"},{"type":"child","parent":"ljwcj6evxz","x":704,"y":313,"tool":"Pencil"},{"type":"child","parent":"ljwcj6evxz","x":703,"y":313,"tool":"Pencil"},{"type":"child","parent":"ljwcj6evxz","x":699,"y":315,"tool":"Pencil"},{"type":"child","parent":"ljwcj6evxz","x":697,"y":316,"tool":"Pencil"}]},"sjwcj6hv2l":{"type":"straight","id":"sjwcj6hv2l","color":"#111111","size":10,"x":565,"y":176,"tool":"Straight line","time":1559333963118,"x2":1006,"y2":176},"rjwcj6koc9":{"type":"rect","id":"rjwcj6koc9","color":"#111111","size":10,"x":504,"y":373,"x2":995,"y2":490,"tool":"Rectangle","time":1559333966762},"tjwcj6msdp":{"type":"new","id":"tjwcj6msdp","color":"#111111","size":27,"x":641,"y":613.5,"tool":"Text","time":1559333969501},"tjwcj6njkl":{"type":"new","id":"tjwcj6njkl","color":"#111111","size":27,"x":585,"y":452.5,"tool":"Text","time":1559333970479,"txt":"wwe"}}