{"tk87ecuo59":{"type":"new","id":"tk87ecuo59","color":"#ffffff","size":27,"x":192.1,"y":478.1,"tool":"Text","time":1585144920614},"tk87ecvky1":{"type":"new","id":"tk87ecvky1","color":"#ffffff","size":27,"x":137.6,"y":269.3,"tool":"Text","time":1585144921786},"tk87ecx6ot":{"type":"new","id":"tk87ecx6ot","color":"#ffffff","size":27,"x":195.4,"y":645.5,"tool":"Text","time":1585144924022},"tk87ecypnm":{"type":"new","id":"tk87ecypnm","color":"#ffffff","size":27,"x":131.9,"y":408.5,"tool":"Text","time":1585144925850},"lk87ee3qka":{"type":"line","id":"lk87ee3qka","color":"#ffffff","size":10,"tool":"Pencil","time":1585144979057,"_children":[{"type":"child","parent":"lk87ee3qka","x":30,"y":581.6,"tool":"Pencil"},{"type":"child","parent":"lk87ee3qka","x":20.1,"y":525,"tool":"Pencil"},{"type":"child","parent":"lk87ee3qka","x":12.5,"y":465.2,"tool":"Pencil"},{"type":"child","parent":"lk87ee3qka","x":13.4,"y":423.6,"tool":"Pencil"},{"type":"child","parent":"lk87ee3qka","x":17.3,"y":398.5,"tool":"Pencil"},{"type":"child","parent":"lk87ee3qka","x":18,"y":389.4,"tool":"Pencil"}]},"tk8a3rg69y":{"type":"new","id":"tk8a3rg69y","color":"#ff851b","size":27,"x":995.7,"y":14327.9,"tool":"Text","time":1585308522238},"tk8a3rh6sh":{"type":"new","id":"tk8a3rh6sh","color":"#ff851b","size":27,"x":2943.9,"y":15104.2,"tool":"Text","time":1585308523549},"tk8a3ricn1":{"type":"new","id":"tk8a3ricn1","color":"#ff851b","size":27,"x":1621.8,"y":15084.2,"tool":"Text","time":1585308525061},"tk8a3rknar":{"type":"new","id":"tk8a3rknar","color":"#ff851b","size":27,"x":1335.4,"y":14774.4,"tool":"Text","time":1585308528031,"txt":"Philosophische "},"tk8a3t89qr":{"type":"new","id":"tk8a3t89qr","color":"#ff851b","size":27,"x":1598.5,"y":15367.5,"tool":"Text","time":1585308605306,"txt":""},"tk8a3t8ad1":{"type":"new","id":"tk8a3t8ad1","color":"#ff851b","size":27,"x":1695.1,"y":14431.2,"tool":"Text","time":1585308605342},"tk8a3t9rp0":{"type":"new","id":"tk8a3t9rp0","color":"#ff851b","size":27,"x":1509.2,"y":15058.3,"tool":"Text","time":1585308607250},"tk8a3t9s57":{"type":"new","id":"tk8a3t9s57","color":"#ff851b","size":27,"x":1556.2,"y":14675.5,"tool":"Text","time":1585308607290},"tk8a3taayq":{"type":"new","id":"tk8a3taayq","color":"#ff851b","size":27,"x":1575.6,"y":14982.1,"tool":"Text","time":1585308607933},"tk8a3taulz":{"type":"new","id":"tk8a3taulz","color":"#ff851b","size":27,"x":1609.2,"y":15070.8,"tool":"Text","time":1585308608644},"tk8a3tbbae":{"type":"new","id":"tk8a3tbbae","color":"#ff851b","size":27,"x":1628.6,"y":14907.6,"tool":"Text","time":1585308609246},"tk8a3tbsxf":{"type":"new","id":"tk8a3tbsxf","color":"#ff851b","size":27,"x":1748.9,"y":14822.8,"tool":"Text","time":1585308609874},"tk8a3tbt75":{"type":"new","id":"tk8a3tbt75","color":"#ff851b","size":27,"x":1616.8,"y":15041.7,"tool":"Text","time":1585308609898},"tk8a3tcdii":{"type":"new","id":"tk8a3tcdii","color":"#ff851b","size":27,"x":1797.7,"y":14502.8,"tool":"Text","time":1585308610624},"tk8a3tcdw9":{"type":"new","id":"tk8a3tcdw9","color":"#ff851b","size":27,"x":1301.2,"y":15480,"tool":"Text","time":1585308610658},"tk8a40n15p":{"type":"new","id":"tk8a40n15p","color":"#39cccc","size":27,"x":126,"y":90.5,"tool":"Text","time":1585308950538,"txt":""},"tk8a41pd110":{"type":"new","id":"tk8a41pd110","color":"#39cccc","size":27,"x":126,"y":131,"tool":"Text","time":1585309000197,"txt":""},"tk8a41qtgn":{"type":"new","id":"tk8a41qtgn","color":"#39cccc","size":27,"x":625,"y":159.5,"tool":"Text","time":1585309002092},"tk8h42ajlz":{"type":"new","id":"tk8h42ajlz","color":"#111111","size":27,"x":318,"y":112.5,"tool":"Text","time":1585732285607,"txt":""},"tk8h449udp":{"type":"new","id":"tk8h449udp","color":"#111111","size":27,"x":370,"y":252.5,"tool":"Text","time":1585732378006,"txt":""},"tk8h44jblb":{"type":"new","id":"tk8h44jblb","color":"#111111","size":27,"x":311,"y":116.5,"tool":"Text","time":1585732390289},"tk8h44rwzj":{"type":"new","id":"tk8h44rwzj","color":"#111111","size":27,"x":317,"y":116.5,"tool":"Text","time":1585732401427,"txt":""},"tk8h44ske4":{"type":"new","id":"tk8h44ske4","color":"#111111","size":27,"x":1007,"y":98.5,"tool":"Text","time":1585732402282},"tk8h45mndf":{"type":"new","id":"tk8h45mndf","color":"#111111","size":27,"x":1302,"y":121.5,"tool":"Text","time":1585732441261,"txt":""},"tk8h45o1zx":{"type":"new","id":"tk8h45o1zx","color":"#111111","size":27,"x":478,"y":132.5,"tool":"Text","time":1585732443091},"tk8h464rn8":{"type":"new","id":"tk8h464rn8","color":"#01ff70","size":27,"x":315,"y":169.5,"tool":"Text","time":1585732464752},"tk8h4684110":{"type":"new","id":"tk8h4684110","color":"#85144b","size":27,"x":248,"y":83.5,"tool":"Text","time":1585732469079,"txt":"Religiöse Überlegungen zum Frieden auf verschiedenen gesellschaftlichen Ebenen"},"tk8h47exux":{"type":"new","id":"tk8h47exux","color":"#85144b","size":27,"x":966,"y":154.5,"tool":"Text","time":1585732524586,"txt":""},"sk8h47r1b10":{"type":"straight","id":"sk8h47r1b10","color":"#85144b","size":10,"x":227,"y":101,"tool":"Straight line","time":1585732540262,"x2":1254,"y2":100},"tk8h47vpt5":{"type":"new","id":"tk8h47vpt5","color":"#85144b","size":27,"x":176,"y":198.5,"tool":"Text","time":1585732546329,"txt":""},"tk8h4acirq":{"type":"new","id":"tk8h4acirq","color":"#000000","size":27,"x":9,"y":595.5,"tool":"Text","time":1585732661422,"txt":""},"tk8h4avfbc":{"type":"new","id":"tk8h4avfbc","color":"#ff8080","size":27,"x":271,"y":252.5,"tool":"Text","time":1585732685920,"txt":""},"tk8h4b0ill":{"type":"new","id":"tk8h4b0ill","color":"#000000","size":27,"x":292,"y":275.5,"tool":"Text","time":1585732692536,"txt":""},"tk8h4cee33":{"type":"new","id":"tk8h4cee33","color":"#400000","size":27,"x":303,"y":371.5,"tool":"Text","time":1585732757160},"tk8h4gh0110":{"type":"new","id":"tk8h4gh0110","color":"#400000","size":18,"x":715,"y":244,"tool":"Text","time":1585732947169,"txt":""},"tk8h4gj2hn":{"type":"new","id":"tk8h4gj2hn","color":"#400000","size":18,"x":715,"y":271,"tool":"Text","time":1585732949845,"txt":""},"tk8h4gl8dm":{"type":"new","id":"tk8h4gl8dm","color":"#400000","size":18,"x":267,"y":274,"tool":"Text","time":1585732952654},"tk8h4glfwm":{"type":"new","id":"tk8h4glfwm","color":"#400000","size":18,"x":257,"y":282,"tool":"Text","time":1585732952922},"tk8h4gydh10":{"type":"new","id":"tk8h4gydh10","color":"#400000","size":18,"x":257,"y":309,"tool":"Text","time":1585732969684,"txt":""},"lk8h4h5pbb":{"type":"line","id":"lk8h4h5pbb","color":"#400000","size":15,"tool":"Pencil","time":1585732979184,"_children":[{"type":"child","parent":"lk8h4h5pbb","x":261,"y":307,"tool":"Pencil"}]},"lk8h4heh34":{"type":"line","id":"lk8h4heh34","color":"#400000","size":7,"tool":"Pencil","time":1585732990550,"_children":[{"type":"child","parent":"lk8h4heh34","x":260,"y":308,"tool":"Pencil"}]},"tk8h4hisn4":{"type":"new","id":"tk8h4hisn4","color":"#400000","size":22,"x":272,"y":310,"tool":"Text","time":1585732996154,"txt":""},"lk8h4iu2cu":{"type":"line","id":"lk8h4iu2cu","color":"#400000","size":12,"tool":"Pencil","time":1585733057433,"_children":[{"type":"child","parent":"lk8h4iu2cu","x":260,"y":329,"tool":"Pencil"}]},"tk8h4maiuu":{"type":"new","id":"tk8h4maiuu","color":"#400000","size":16,"x":269,"y":388,"tool":"Text","time":1585733218714,"txt":""},"lk8h4mz8p4":{"type":"line","id":"lk8h4mz8p4","color":"#ff2600","size":1,"tool":"Pencil","time":1585733256228,"_children":[{"type":"child","parent":"lk8h4mz8p4","x":494,"y":152,"tool":"Pencil"},{"type":"child","parent":"lk8h4mz8p4","x":494,"y":153,"tool":"Pencil"}]},"tk8h4o8hu8":{"type":"new","id":"tk8h4o8hu8","color":"#400000","size":16,"x":460,"y":320,"tool":"Text","time":1585733309421},"lk8h4oewro":{"type":"line","id":"lk8h4oewro","color":"#ff2600","size":1,"tool":"Pencil","time":1585733323189,"_children":[{"type":"child","parent":"lk8h4oewro","x":703,"y":492,"tool":"Pencil"},{"type":"child","parent":"lk8h4oewro","x":703,"y":492,"tool":"Pencil"}]},"tk8h4olwjp":{"type":"new","id":"tk8h4olwjp","color":"#400000","size":15,"x":268,"y":329,"tool":"Text","time":1585733326782,"txt":""},"lk8h4orzpj":{"type":"line","id":"lk8h4orzpj","color":"#ff2600","size":1,"tool":"Pencil","time":1585733340243,"_children":[{"type":"child","parent":"lk8h4orzpj","x":792,"y":562,"tool":"Pencil"},{"type":"child","parent":"lk8h4orzpj","x":792,"y":562,"tool":"Pencil"}]},"lk8h4p0h1b":{"type":"line","id":"lk8h4p0h1b","color":"#ff2600","size":1,"tool":"Pencil","time":1585733351136,"_children":[{"type":"child","parent":"lk8h4p0h1b","x":1053,"y":419,"tool":"Pencil"},{"type":"child","parent":"lk8h4p0h1b","x":1053,"y":420,"tool":"Pencil"}]},"tk8h4td3ao":{"type":"new","id":"tk8h4td3ao","color":"#400000","size":16,"x":218,"y":281,"tool":"Text","time":1585733548640,"txt":""},"tk8h4tpkna":{"type":"new","id":"tk8h4tpkna","color":"#400000","size":48,"x":203,"y":345,"tool":"Text","time":1585733564816,"txt":""},"tk8h4tvhvk":{"type":"new","id":"tk8h4tvhvk","color":"#400000","size":33,"x":166,"y":350.5,"tool":"Text","time":1585733572494,"txt":"Antike Friedensvorstellungen"},"tk8h4uh24l":{"type":"new","id":"tk8h4uh24l","color":"#400000","size":33,"x":168,"y":232.5,"tool":"Text","time":1585733600438,"txt":"Micheal Gleich:Fireden ist machbar"},"sk8h4w0lxh":{"type":"straight","id":"sk8h4w0lxh","color":"#400000","size":3,"x":166,"y":236,"tool":"Straight line","time":1585733672435,"x2":700,"y2":238},"sk8h4w4fjy":{"type":"straight","id":"sk8h4w4fjy","color":"#400000","size":3,"x":159,"y":353,"tool":"Straight line","time":1585733677388,"x2":618,"y2":354},"tk8h4wd5d8":{"type":"new","id":"tk8h4wd5d8","color":"#400000","size":33,"x":140,"y":425.5,"tool":"Text","time":1585733688687,"txt":""},"tk8h4wj0dk":{"type":"new","id":"tk8h4wj0dk","color":"#400000","size":22,"x":161,"y":451,"tool":"Text","time":1585733696282,"txt":""},"tk8h4wlzr6":{"type":"new","id":"tk8h4wlzr6","color":"#400000","size":22,"x":147,"y":394,"tool":"Text","time":1585733700152,"txt":"-komisches Phnänomen im Zusammenhang mit den Elementen"},"tk8h4xfm1v":{"type":"new","id":"tk8h4xfm1v","color":"#400000","size":22,"x":144,"y":429,"tool":"Text","time":1585733738537,"txt":"-Friedensidee: \"Friede ist Harmonie im Sinne einer guten,gerechten,beständigen oder heiligen Ordnung aller Dinge.\""},"tk8h4xlfws":{"type":"new","id":"tk8h4xlfws","color":"#400000","size":22,"x":144,"y":462,"tool":"Text","time":1585733746091,"txt":""},"tk8h4zz1dq":{"type":"new","id":"tk8h4zz1dq","color":"#400000","size":22,"x":145,"y":462,"tool":"Text","time":1585733857027,"txt":""},"tk8h5090tk":{"type":"new","id":"tk8h5090tk","color":"#400000","size":22,"x":143,"y":484,"tool":"Text","time":1585733869973},"tk8h50cbs4":{"type":"new","id":"tk8h50cbs4","color":"#400000","size":42,"x":158,"y":526,"tool":"Text","time":1585733874248},"tk8h50d2u1":{"type":"new","id":"tk8h50d2u1","color":"#400000","size":42,"x":151,"y":528,"tool":"Text","time":1585733875227,"txt":""},"tk8h50w7ku":{"type":"new","id":"tk8h50w7ku","color":"#400000","size":33,"x":152,"y":510.5,"tool":"Text","time":1585733900018,"txt":"Friedensvorstellungen im Christlichen Mittelalter"},"sk8h51mxw10":{"type":"straight","id":"sk8h51mxw10","color":"#400000","size":5,"x":151,"y":514,"tool":"Straight line","time":1585733934663,"x2":865,"y2":513},"tk8h51su9y":{"type":"new","id":"tk8h51su9y","color":"#400000","size":19,"x":146,"y":549.5,"tool":"Text","time":1585733942309,"txt":""},"tk8h51xasp":{"type":"new","id":"tk8h51xasp","color":"#400000","size":21,"x":136,"y":572.5,"tool":"Text","time":1585733948085,"txt":""},"tk8h520371":{"type":"new","id":"tk8h520371","color":"#400000","size":21,"x":139,"y":560.5,"tool":"Text","time":1585733951701,"txt":"-Friede kommt von Gott"},"tk8h52frks":{"type":"new","id":"tk8h52frks","color":"#400000","size":21,"x":136,"y":597.5,"tool":"Text","time":1585733972023,"txt":"-Gott selbst wird als wahrer Friede gesehen"},"tk8h532nrs":{"type":"new","id":"tk8h532nrs","color":"#400000","size":21,"x":139,"y":633.5,"tool":"Text","time":1585734001689,"txt":"-Friede zwischen jedem Christlichen Menschen"},"tk8h53p49o":{"type":"new","id":"tk8h53p49o","color":"#400000","size":21,"x":147,"y":698.5,"tool":"Text","time":1585734030797,"txt":""},"tk8h53uncb":{"type":"new","id":"tk8h53uncb","color":"#400000","size":36,"x":144,"y":709,"tool":"Text","time":1585734037967,"txt":"Friedensvorstellung der Neuzeit"},"sk8h54dpsh":{"type":"straight","id":"sk8h54dpsh","color":"#400000","size":5,"x":144,"y":713,"tool":"Straight line","time":1585734062678,"x2":655,"y2":713},"tk8h54m9lx":{"type":"new","id":"tk8h54m9lx","color":"#400000","size":24,"x":139,"y":757,"tool":"Text","time":1585734074046,"txt":"-Immanuel Kant´s Überlegungen sind bedeutsam:Frieden begründet mit moralischer Vernuft"},"tk8h55bw24":{"type":"new","id":"tk8h55bw24","color":"#400000","size":24,"x":315,"y":761,"tool":"Text","time":1585734106968},"sk8h57vhxe":{"type":"straight","id":"sk8h57vhxe","color":"#400000","size":2,"x":910,"y":760,"tool":"Straight line","time":1585734225698,"x2":1129,"y2":760},"sk8h580gcf":{"type":"straight","id":"sk8h580gcf","color":"#400000","size":2,"x":780,"y":645,"tool":"Straight line","time":1585734232115,"x2":780,"y2":645},"tk8h5851j3":{"type":"new","id":"tk8h5851j3","color":"#400000","size":15,"x":772,"y":771.5,"tool":"Text","time":1585734238063,"txt":""},"tk8h5bl7oh":{"type":"new","id":"tk8h5bl7oh","color":"#400000","size":15,"x":165,"y":899.5,"tool":"Text","time":1585734398997},"tk8h5bpj50":{"type":"new","id":"tk8h5bpj50","color":"#400000","size":24,"x":193,"y":895,"tool":"Text","time":1585734404587,"txt":""},"tk8h5bst58":{"type":"new","id":"tk8h5bst58","color":"#400000","size":34,"x":168,"y":900,"tool":"Text","time":1585734408835,"txt":""},"tk8h5bw0tk":{"type":"new","id":"tk8h5bw0tk","color":"#400000","size":34,"x":138,"y":892,"tool":"Text","time":1585734413004,"txt":"Gesamt Fazit:"},"sk8h5casy10":{"type":"straight","id":"sk8h5casy10","color":"#400000","size":3,"x":133,"y":899,"tool":"Straight line","time":1585734432157,"x2":354,"y2":896},"tk8h5cfu7n":{"type":"new","id":"tk8h5cfu7n","color":"#400000","size":30,"x":135,"y":951,"tool":"Text","time":1585734438681,"txt":"Schon in der Antike hat man sich die Frage gestellt,ob Frieden möglich oder Krieg gerechtfertigt sei."},"tk8h5cx8el":{"type":"new","id":"tk8h5cx8el","color":"#400000","size":30,"x":3860,"y":961,"tool":"Text","time":1585734461227,"txt":""},"tk8h5cyh2q":{"type":"new","id":"tk8h5cyh2q","color":"#400000","size":30,"x":3799,"y":975,"tool":"Text","time":1585734462835},"tk8h5d6hny":{"type":"new","id":"tk8h5d6hny","color":"#400000","size":30,"x":3526,"y":1264,"tool":"Text","time":1585734473223,"txt":""},"tk8h5d8iuo":{"type":"new","id":"tk8h5d8iuo","color":"#400000","size":30,"x":145,"y":968,"tool":"Text","time":1585734475861},"tk8h5eudjk":{"type":"new","id":"tk8h5eudjk","color":"#400000","size":30,"x":135,"y":996,"tool":"Text","time":1585734550835,"txt":"Viele sind sich einig,dass Frieden durch Vernunft,Ordnung,Vertsändnis und dergleichen zu schaffen"},"tk8h5gn7f4":{"type":"new","id":"tk8h5gn7f4","color":"#400000","size":30,"x":135,"y":1041,"tool":"Text","time":1585734634857,"txt":"ist.Andere behaupten es gäbe gar keinen Frieden.Auch wurde oft diskutiert,ob Krieg moralisch"},"tk8h5hyu310":{"type":"new","id":"tk8h5hyu310","color":"#400000","size":30,"x":135,"y":1086,"tool":"Text","time":1585734696591,"txt":"vertretbar sei,wenn es um Verteidigung geht oder unnötige Grausamkeit vermieden wird.Es gibt also"},"tk8h5j7hyl":{"type":"new","id":"tk8h5j7hyl","color":"#400000","size":30,"x":135,"y":1131,"tool":"Text","time":1585734754469,"txt":"von verschiedenen Zeitaltern und Menschengruppen viele verschiedene Theorien,Auffassungen und "},"tk8h5kmf7v":{"type":"new","id":"tk8h5kmf7v","color":"#400000","size":30,"x":135,"y":1176,"tool":"Text","time":1585734820470,"txt":"Behautpungen zu dem Thema.Und auch heute gibt es nur eine Mehrheit und keine vollständige"},"tk8h5lk751":{"type":"new","id":"tk8h5lk751","color":"#400000","size":30,"x":135,"y":1221,"tool":"Text","time":1585734864246,"txt":"Einigung.Außdem sind Definitonen,Meinungen,Auffassungen bei jedem Meschen individuell."},"tk8h5n10yn":{"type":"new","id":"tk8h5n10yn","color":"#400000","size":30,"x":434,"y":860,"tool":"Text","time":1585734932711,"txt":""}}