{"lk7z1bcbph":{"type":"line","id":"lk7z1bcbph","color":"#ff0c00","size":10,"tool":"Pencil","time":1584639283299,"_children":[{"type":"child","parent":"lk7z1bcbph","x":255,"y":149,"tool":"Pencil"},{"type":"child","parent":"lk7z1bcbph","x":244,"y":158,"tool":"Pencil"},{"type":"child","parent":"lk7z1bcbph","x":226,"y":195,"tool":"Pencil"},{"type":"child","parent":"lk7z1bcbph","x":232,"y":230,"tool":"Pencil"},{"type":"child","parent":"lk7z1bcbph","x":282,"y":251,"tool":"Pencil"},{"type":"child","parent":"lk7z1bcbph","x":352,"y":231,"tool":"Pencil"},{"type":"child","parent":"lk7z1bcbph","x":355,"y":198,"tool":"Pencil"},{"type":"child","parent":"lk7z1bcbph","x":332,"y":167,"tool":"Pencil"},{"type":"child","parent":"lk7z1bcbph","x":298,"y":154,"tool":"Pencil"},{"type":"child","parent":"lk7z1bcbph","x":266,"y":150,"tool":"Pencil"},{"type":"child","parent":"lk7z1bcbph","x":254,"y":149,"tool":"Pencil"},{"type":"child","parent":"lk7z1bcbph","x":252,"y":149,"tool":"Pencil"},{"type":"child","parent":"lk7z1bcbph","x":251,"y":150,"tool":"Pencil"}]},"lk7z1bql6f":{"type":"line","id":"lk7z1bql6f","color":"#ff0c00","size":10,"tool":"Pencil","time":1584639301790,"_children":[{"type":"child","parent":"lk7z1bql6f","x":3410,"y":1420,"tool":"Pencil"},{"type":"child","parent":"lk7z1bql6f","x":2790,"y":1550,"tool":"Pencil"},{"type":"child","parent":"lk7z1bql6f","x":2200,"y":2140,"tool":"Pencil"},{"type":"child","parent":"lk7z1bql6f","x":3640,"y":2810,"tool":"Pencil"},{"type":"child","parent":"lk7z1bql6f","x":4990,"y":2360,"tool":"Pencil"},{"type":"child","parent":"lk7z1bql6f","x":2930,"y":1210,"tool":"Pencil"},{"type":"child","parent":"lk7z1bql6f","x":2600,"y":1280,"tool":"Pencil"}]}}