{"ljp1s03g9j":{"type":"line","id":"ljp1s03g9j","color":"#1913b0","size":"38","tool":"Pencil","_children":[{"type":"child","parent":"ljp1s03g9j","x":292,"y":274,"tool":"Pencil"},{"type":"child","parent":"ljp1s03g9j","x":292,"y":264,"tool":"Pencil"},{"type":"child","parent":"ljp1s03g9j","x":337,"y":137,"tool":"Pencil"},{"type":"child","parent":"ljp1s03g9j","x":583,"y":133,"tool":"Pencil"},{"type":"child","parent":"ljp1s03g9j","x":605,"y":268,"tool":"Pencil"},{"type":"child","parent":"ljp1s03g9j","x":584,"y":431,"tool":"Pencil"},{"type":"child","parent":"ljp1s03g9j","x":566,"y":538,"tool":"Pencil"},{"type":"child","parent":"ljp1s03g9j","x":554,"y":604,"tool":"Pencil"},{"type":"child","parent":"ljp1s03g9j","x":541,"y":669,"tool":"Pencil"},{"type":"child","parent":"ljp1s03g9j","x":529,"y":712,"tool":"Pencil"},{"type":"child","parent":"ljp1s03g9j","x":521,"y":738,"tool":"Pencil"},{"type":"child","parent":"ljp1s03g9j","x":512,"y":751,"tool":"Pencil"},{"type":"child","parent":"ljp1s03g9j","x":511,"y":753,"tool":"Pencil"}]},"tjp1s05r3i":{"type":"new","id":"tjp1s05r3i","color":"#1913b0","size":69,"x":963,"y":313.5,"tool":"Text","txt":"fdsa"},"tjp1s06lpk":{"type":"new","id":"tjp1s06lpk","color":"#1913b0","size":69,"x":1082,"y":396.5,"tool":"Text","txt":"fsda"},"ljp1umfbqb":{"type":"line","id":"ljp1umfbqb","color":"#1913b0","size":"10","tool":"Pencil","_children":[{"type":"child","parent":"ljp1umfbqb","x":1133,"y":21,"tool":"Pencil"},{"type":"child","parent":"ljp1umfbqb","x":1133,"y":22,"tool":"Pencil"},{"type":"child","parent":"ljp1umfbqb","x":1124,"y":110,"tool":"Pencil"},{"type":"child","parent":"ljp1umfbqb","x":1124,"y":134,"tool":"Pencil"},{"type":"child","parent":"ljp1umfbqb","x":1124,"y":135,"tool":"Pencil"},{"type":"child","parent":"ljp1umfbqb","x":1128,"y":105,"tool":"Pencil"},{"type":"child","parent":"ljp1umfbqb","x":1138,"y":90,"tool":"Pencil"},{"type":"child","parent":"ljp1umfbqb","x":1166,"y":108,"tool":"Pencil"},{"type":"child","parent":"ljp1umfbqb","x":1168,"y":136,"tool":"Pencil"},{"type":"child","parent":"ljp1umfbqb","x":1135,"y":142,"tool":"Pencil"}]},"ljp1umgl8v":{"type":"line","id":"ljp1umgl8v","color":"#1913b0","size":"10","tool":"Pencil","_children":[{"type":"child","parent":"ljp1umgl8v","x":1210,"y":101,"tool":"Pencil"},{"type":"child","parent":"ljp1umgl8v","x":1209,"y":101,"tool":"Pencil"},{"type":"child","parent":"ljp1umgl8v","x":1190,"y":103,"tool":"Pencil"},{"type":"child","parent":"ljp1umgl8v","x":1185,"y":120,"tool":"Pencil"},{"type":"child","parent":"ljp1umgl8v","x":1191,"y":126,"tool":"Pencil"},{"type":"child","parent":"ljp1umgl8v","x":1210,"y":106,"tool":"Pencil"},{"type":"child","parent":"ljp1umgl8v","x":1216,"y":100,"tool":"Pencil"},{"type":"child","parent":"ljp1umgl8v","x":1212,"y":119,"tool":"Pencil"},{"type":"child","parent":"ljp1umgl8v","x":1208,"y":144,"tool":"Pencil"}]},"ljp1umhixw":{"type":"line","id":"ljp1umhixw","color":"#1913b0","size":"10","tool":"Pencil","_children":[{"type":"child","parent":"ljp1umhixw","x":1241,"y":112,"tool":"Pencil"},{"type":"child","parent":"ljp1umhixw","x":1241,"y":113,"tool":"Pencil"},{"type":"child","parent":"ljp1umhixw","x":1240,"y":136,"tool":"Pencil"},{"type":"child","parent":"ljp1umhixw","x":1237,"y":154,"tool":"Pencil"},{"type":"child","parent":"ljp1umhixw","x":1248,"y":121,"tool":"Pencil"},{"type":"child","parent":"ljp1umhixw","x":1255,"y":113,"tool":"Pencil"},{"type":"child","parent":"ljp1umhixw","x":1258,"y":121,"tool":"Pencil"},{"type":"child","parent":"ljp1umhixw","x":1253,"y":140,"tool":"Pencil"},{"type":"child","parent":"ljp1umhixw","x":1250,"y":137,"tool":"Pencil"},{"type":"child","parent":"ljp1umhixw","x":1262,"y":142,"tool":"Pencil"},{"type":"child","parent":"ljp1umhixw","x":1305,"y":197,"tool":"Pencil"}]}}