{"ljp1hm6zfv":{"type":"line","id":"ljp1hm6zfv","color":"#1913b0","size":"10","tool":"Pencil","_children":[{"type":"child","parent":"ljp1hm6zfv","x":661,"y":469,"tool":"Pencil"},{"type":"child","parent":"ljp1hm6zfv","x":661,"y":469,"tool":"Pencil"},{"type":"child","parent":"ljp1hm6zfv","x":664,"y":457,"tool":"Pencil"},{"type":"child","parent":"ljp1hm6zfv","x":702,"y":418,"tool":"Pencil"},{"type":"child","parent":"ljp1hm6zfv","x":756,"y":385,"tool":"Pencil"},{"type":"child","parent":"ljp1hm6zfv","x":809,"y":362,"tool":"Pencil"},{"type":"child","parent":"ljp1hm6zfv","x":824,"y":361,"tool":"Pencil"},{"type":"child","parent":"ljp1hm6zfv","x":823,"y":401,"tool":"Pencil"},{"type":"child","parent":"ljp1hm6zfv","x":809,"y":482,"tool":"Pencil"},{"type":"child","parent":"ljp1hm6zfv","x":763,"y":537,"tool":"Pencil"},{"type":"child","parent":"ljp1hm6zfv","x":730,"y":555,"tool":"Pencil"},{"type":"child","parent":"ljp1hm6zfv","x":728,"y":556,"tool":"Pencil"},{"type":"child","parent":"ljp1hm6zfv","x":728,"y":553,"tool":"Pencil"},{"type":"child","parent":"ljp1hm6zfv","x":739,"y":515,"tool":"Pencil"},{"type":"child","parent":"ljp1hm6zfv","x":764,"y":494,"tool":"Pencil"},{"type":"child","parent":"ljp1hm6zfv","x":775,"y":488,"tool":"Pencil"},{"type":"child","parent":"ljp1hm6zfv","x":776,"y":488,"tool":"Pencil"},{"type":"child","parent":"ljp1hm6zfv","x":845,"y":490,"tool":"Pencil"},{"type":"child","parent":"ljp1hm6zfv","x":922,"y":496,"tool":"Pencil"},{"type":"child","parent":"ljp1hm6zfv","x":932,"y":496,"tool":"Pencil"}]}}