{"lk8a1xy2zj":{"type":"line","id":"lk8a1xy2zj","color":"#111111","size":10,"tool":"Pencil","time":1585305463781,"_children":[{"type":"child","parent":"lk8a1xy2zj","x":334,"y":255,"tool":"Pencil"},{"type":"child","parent":"lk8a1xy2zj","x":338,"y":258,"tool":"Pencil"},{"type":"child","parent":"lk8a1xy2zj","x":396,"y":325,"tool":"Pencil"},{"type":"child","parent":"lk8a1xy2zj","x":407,"y":344,"tool":"Pencil"}]},"lk8a2ax2xu":{"type":"line","id":"lk8a2ax2xu","color":"#01ff70","size":10,"tool":"Pencil","time":1585306071091,"_children":[{"type":"child","parent":"lk8a2ax2xu","x":283,"y":118,"tool":"Pencil"},{"type":"child","parent":"lk8a2ax2xu","x":285,"y":118,"tool":"Pencil"},{"type":"child","parent":"lk8a2ax2xu","x":404,"y":176,"tool":"Pencil"},{"type":"child","parent":"lk8a2ax2xu","x":450,"y":229,"tool":"Pencil"},{"type":"child","parent":"lk8a2ax2xu","x":509,"y":279,"tool":"Pencil"},{"type":"child","parent":"lk8a2ax2xu","x":532,"y":312,"tool":"Pencil"},{"type":"child","parent":"lk8a2ax2xu","x":532,"y":312,"tool":"Pencil"}]},"lk8a2b4wle":{"type":"line","id":"lk8a2b4wle","color":"#01ff70","size":10,"tool":"Pencil","time":1585306081231,"_children":[{"type":"child","parent":"lk8a2b4wle","x":451,"y":441,"tool":"Pencil"},{"type":"child","parent":"lk8a2b4wle","x":451,"y":440,"tool":"Pencil"},{"type":"child","parent":"lk8a2b4wle","x":451,"y":383,"tool":"Pencil"},{"type":"child","parent":"lk8a2b4wle","x":457,"y":340,"tool":"Pencil"},{"type":"child","parent":"lk8a2b4wle","x":457,"y":340,"tool":"Pencil"}]},"lk8a2iqhpy":{"type":"line","id":"lk8a2iqhpy","color":"#01ff70","size":10,"tool":"Pencil","time":1585306435799,"_children":[{"type":"child","parent":"lk8a2iqhpy","x":517,"y":104,"tool":"Pencil"},{"type":"child","parent":"lk8a2iqhpy","x":520,"y":104,"tool":"Pencil"},{"type":"child","parent":"lk8a2iqhpy","x":106,"y":70,"tool":"Pencil"}]},"lk8a2ohj7r":{"type":"line","id":"lk8a2ohj7r","color":"#01ff70","size":10,"tool":"Pencil","time":1585306704123,"_children":[{"type":"child","parent":"lk8a2ohj7r","x":557,"y":155,"tool":"Pencil"},{"type":"child","parent":"lk8a2ohj7r","x":559,"y":156,"tool":"Pencil"}]},"lk8b4bn8gg":{"type":"line","id":"lk8b4bn8gg","color":"#ffdc00","size":10,"tool":"Pencil","time":1585369930405,"_children":[{"type":"child","parent":"lk8b4bn8gg","x":126,"y":485,"tool":"Pencil"},{"type":"child","parent":"lk8b4bn8gg","x":126,"y":499,"tool":"Pencil"},{"type":"child","parent":"lk8b4bn8gg","x":126,"y":543,"tool":"Pencil"},{"type":"child","parent":"lk8b4bn8gg","x":126,"y":563,"tool":"Pencil"},{"type":"child","parent":"lk8b4bn8gg","x":126,"y":566,"tool":"Pencil"},{"type":"child","parent":"lk8b4bn8gg","x":124,"y":562,"tool":"Pencil"},{"type":"child","parent":"lk8b4bn8gg","x":124,"y":591,"tool":"Pencil"},{"type":"child","parent":"lk8b4bn8gg","x":124,"y":606,"tool":"Pencil"}]},"lk8c08hl42":{"type":"line","id":"lk8c08hl42","color":"#111111","size":10,"tool":"Pencil","time":1585423527546,"_children":[{"type":"child","parent":"lk8c08hl42","x":897,"y":548,"tool":"Pencil"}]}}