{"sjqrhow2gq":{"type":"straight","id":"sjqrhow2gq","color":"#ff4136","size":10,"x":642,"y":164,"tool":"Straight line","time":1547177758821,"x2":635,"y2":265},"rjqrhoybmz":{"type":"rect","id":"rjqrhoybmz","color":"#ff4136","size":10,"x":603,"y":281,"x2":876,"y2":408,"tool":"Rectangle","time":1547177761742},"tjqrhp9wpl":{"type":"new","id":"tjqrhp9wpl","color":"#ff4136","size":13,"x":672.4,"y":326.9,"tool":"Text","time":1547177776758},"tjqrhpaqmq":{"type":"new","id":"tjqrhpaqmq","color":"#ff4136","size":13,"x":552.4,"y":268.7,"tool":"Text","time":1547177777833},"sjqrhpn80q":{"type":"straight","id":"sjqrhpn80q","color":"#ff4136","size":1,"x":6050,"y":15240,"tool":"Straight line","time":1547177794011,"x2":11030,"y2":15830},"sjqrhpnwjv":{"type":"straight","id":"sjqrhpnwjv","color":"#ff4136","size":1,"x":8930,"y":16080,"tool":"Straight line","time":1547177794895,"x2":8930,"y2":16080},"sjqrhpoa5s":{"type":"straight","id":"sjqrhpoa5s","color":"#ff4136","size":1,"x":7610,"y":16290,"tool":"Straight line","time":1547177795385,"x2":7610,"y2":16290},"tjqrhpplt2":{"type":"new","id":"tjqrhpplt2","color":"#ff4136","size":13,"x":8500,"y":16306.5,"tool":"Text","time":1547177797108},"tjqrhpq77i":{"type":"new","id":"tjqrhpq77i","color":"#ff4136","size":13,"x":10600,"y":16106.5,"tool":"Text","time":1547177797871},"tjqrhprksr":{"type":"new","id":"tjqrhprksr","color":"#ff4136","size":13,"x":7380,"y":16376.5,"tool":"Text","time":1547177799655,"txt":"sdf"},"tjqrhpua91":{"type":"new","id":"tjqrhpua91","color":"#ff4136","size":46,"x":6960,"y":16653,"tool":"Text","time":1547177803164,"txt":"sdf "},"tjqrhpwsr10":{"type":"new","id":"tjqrhpwsr10","color":"#ff4136","size":46,"x":6960,"y":16722,"tool":"Text","time":1547177806422,"txt":""},"tjqrhpxiy5":{"type":"new","id":"tjqrhpxiy5","color":"#ff4136","size":46,"x":7780,"y":15443,"tool":"Text","time":1547177807366},"tjqrhq2i26":{"type":"new","id":"tjqrhq2i26","color":"#ff4136","size":46,"x":4080,"y":1663,"tool":"Text","time":1547177813812},"tjqrhq32h3":{"type":"new","id":"tjqrhq32h3","color":"#ff4136","size":46,"x":2600,"y":2333,"tool":"Text","time":1547177814548},"tjqrhqmunz":{"type":"new","id":"tjqrhqmunz","color":"#ff4136","size":46,"x":6390,"y":2693,"tool":"Text","time":1547177840186,"txt":"s"},"tjqrhqoqji":{"type":"new","id":"tjqrhqoqji","color":"#ff4136","size":46,"x":6390,"y":2762,"tool":"Text","time":1547177842631,"txt":""},"tjqrhqppp4":{"type":"new","id":"tjqrhqppp4","color":"#ff4136","size":46,"x":7010,"y":3083,"tool":"Text","time":1547177843898},"tjqrhqqkm10":{"type":"new","id":"tjqrhqqkm10","color":"#ff4136","size":46,"x":8240,"y":2963,"tool":"Text","time":1547177845008},"tjqrhqtw5j":{"type":"new","id":"tjqrhqtw5j","color":"#ff4136","size":27,"opacity":0.5,"x":4900,"y":3633.5,"tool":"Text","time":1547177849312},"tjqrhqz3kl":{"type":"new","id":"tjqrhqz3kl","color":"#f7a83e","size":27,"opacity":0.5,"x":5170,"y":2653.5,"tool":"Text","time":1547177856058},"tjqrhqzoqv":{"type":"new","id":"tjqrhqzoqv","color":"#f7a83e","size":27,"opacity":0.5,"x":5790,"y":2403.5,"tool":"Text","time":1547177856856,"txt":"dsf "},"tjqrhr1d89":{"type":"new","id":"tjqrhr1d89","color":"#f7a83e","size":27,"opacity":0.5,"x":5790,"y":2444,"tool":"Text","time":1547177859026,"txt":""},"tjqrhr526k":{"type":"new","id":"tjqrhr526k","color":"#f7a83e","size":27,"opacity":0.5,"x":12490,"y":3103.5,"tool":"Text","time":1547177863784},"rjqrhrbxl9":{"type":"rect","id":"rjqrhrbxl9","color":"#0074d9","size":10,"x":6080,"y":2720,"x2":9380,"y2":4570,"tool":"Rectangle","time":1547177872690},"rjqrhrf1nc":{"type":"rect","id":"rjqrhrf1nc","color":"#f7a83e","size":10,"opacity":0.5,"x":4510,"y":2230,"x2":7920,"y2":3930,"tool":"Rectangle","time":1547177876726},"sjqrhsm7z3":{"type":"straight","id":"sjqrhsm7z3","color":"#f7a83e","size":10,"opacity":0.5,"x":6520,"y":14140,"tool":"Straight line","time":1547177932682,"x2":9320,"y2":13830},"sjqri336j6":{"type":"straight","id":"sjqri336j6","color":"#f7a83e","size":10,"opacity":0.5,"x":4130,"y":13670,"tool":"Straight line","time":1547178421220,"x2":4150,"y2":13730}}