{"tk3etmzqae":{"type":"new","id":"tk3etmzqae","color":"#ff4136","size":27,"x":317,"y":190.5,"tool":"Text","time":1574709939241},"tk3etn2cpv":{"type":"new","id":"tk3etn2cpv","color":"#ff4136","size":27,"x":640,"y":362,"tool":"Text","time":1574709942636,"txt":""},"tk3etn3of4":{"type":"new","id":"tk3etn3of4","color":"#ff4136","size":27,"x":268,"y":109.5,"tool":"Text","time":1574709944358},"lk3etofma8":{"type":"line","id":"lk3etofma8","color":"#ff4136","size":10,"tool":"Pencil","time":1574710006488,"_children":[{"type":"child","parent":"lk3etofma8","x":2542.5,"y":407.2,"tool":"Pencil"},{"type":"child","parent":"lk3etofma8","x":2542.5,"y":391.5,"tool":"Pencil"},{"type":"child","parent":"lk3etofma8","x":2625.8,"y":309.7,"tool":"Pencil"},{"type":"child","parent":"lk3etofma8","x":2698.1,"y":305,"tool":"Pencil"},{"type":"child","parent":"lk3etofma8","x":2696.5,"y":421.4,"tool":"Pencil"},{"type":"child","parent":"lk3etofma8","x":2630.5,"y":454.4,"tool":"Pencil"},{"type":"child","parent":"lk3etofma8","x":2654.1,"y":410.4,"tool":"Pencil"},{"type":"child","parent":"lk3etofma8","x":2759.4,"y":418.2,"tool":"Pencil"},{"type":"child","parent":"lk3etofma8","x":2823.9,"y":437.1,"tool":"Pencil"}]},"lk3eupkjq6":{"type":"line","id":"lk3eupkjq6","color":"#111111","size":10,"tool":"Pencil","time":1574711739153,"_children":[{"type":"child","parent":"lk3eupkjq6","x":354,"y":211,"tool":"Pencil"},{"type":"child","parent":"lk3eupkjq6","x":356,"y":211,"tool":"Pencil"},{"type":"child","parent":"lk3eupkjq6","x":454,"y":192,"tool":"Pencil"},{"type":"child","parent":"lk3eupkjq6","x":660,"y":166,"tool":"Pencil"},{"type":"child","parent":"lk3eupkjq6","x":778,"y":240,"tool":"Pencil"},{"type":"child","parent":"lk3eupkjq6","x":756,"y":363,"tool":"Pencil"},{"type":"child","parent":"lk3eupkjq6","x":615,"y":395,"tool":"Pencil"},{"type":"child","parent":"lk3eupkjq6","x":586,"y":354,"tool":"Pencil"},{"type":"child","parent":"lk3eupkjq6","x":668,"y":287,"tool":"Pencil"},{"type":"child","parent":"lk3eupkjq6","x":804,"y":274,"tool":"Pencil"},{"type":"child","parent":"lk3eupkjq6","x":983,"y":262,"tool":"Pencil"},{"type":"child","parent":"lk3eupkjq6","x":1062,"y":236,"tool":"Pencil"}]},"lk3eupq5jq":{"type":"line","id":"lk3eupq5jq","color":"#111111","size":10,"tool":"Pencil","time":1574711746415,"_children":[{"type":"child","parent":"lk3eupq5jq","x":353,"y":109,"tool":"Pencil"},{"type":"child","parent":"lk3eupq5jq","x":360,"y":126,"tool":"Pencil"},{"type":"child","parent":"lk3eupq5jq","x":422,"y":263,"tool":"Pencil"},{"type":"child","parent":"lk3eupq5jq","x":468,"y":402,"tool":"Pencil"},{"type":"child","parent":"lk3eupq5jq","x":481,"y":456,"tool":"Pencil"},{"type":"child","parent":"lk3eupq5jq","x":487,"y":423,"tool":"Pencil"},{"type":"child","parent":"lk3eupq5jq","x":519,"y":261,"tool":"Pencil"},{"type":"child","parent":"lk3eupq5jq","x":637,"y":103,"tool":"Pencil"},{"type":"child","parent":"lk3eupq5jq","x":710,"y":69,"tool":"Pencil"},{"type":"child","parent":"lk3eupq5jq","x":715,"y":68,"tool":"Pencil"}]},"lk3f0kzy62":{"type":"line","id":"lk3f0kzy62","color":"#ffdc00","size":10,"tool":"Pencil","time":1574721603546,"_children":[{"type":"child","parent":"lk3f0kzy62","x":803,"y":117,"tool":"Pencil"},{"type":"child","parent":"lk3f0kzy62","x":818,"y":156,"tool":"Pencil"},{"type":"child","parent":"lk3f0kzy62","x":939,"y":302,"tool":"Pencil"},{"type":"child","parent":"lk3f0kzy62","x":1055,"y":407,"tool":"Pencil"},{"type":"child","parent":"lk3f0kzy62","x":1079,"y":421,"tool":"Pencil"}]}}