{"ljp1iqc9lf":{"type":"line","id":"ljp1iqc9lf","color":"#1913b0","size":"10","tool":"Pencil","_children":[{"type":"child","parent":"ljp1iqc9lf","x":291,"y":226,"tool":"Pencil"},{"type":"child","parent":"ljp1iqc9lf","x":291,"y":226,"tool":"Pencil"},{"type":"child","parent":"ljp1iqc9lf","x":293,"y":270,"tool":"Pencil"},{"type":"child","parent":"ljp1iqc9lf","x":310,"y":303,"tool":"Pencil"},{"type":"child","parent":"ljp1iqc9lf","x":357,"y":316,"tool":"Pencil"},{"type":"child","parent":"ljp1iqc9lf","x":465,"y":275,"tool":"Pencil"},{"type":"child","parent":"ljp1iqc9lf","x":478,"y":230,"tool":"Pencil"},{"type":"child","parent":"ljp1iqc9lf","x":479,"y":207,"tool":"Pencil"},{"type":"child","parent":"ljp1iqc9lf","x":473,"y":205,"tool":"Pencil"},{"type":"child","parent":"ljp1iqc9lf","x":447,"y":199,"tool":"Pencil"},{"type":"child","parent":"ljp1iqc9lf","x":410,"y":195,"tool":"Pencil"},{"type":"child","parent":"ljp1iqc9lf","x":347,"y":195,"tool":"Pencil"},{"type":"child","parent":"ljp1iqc9lf","x":333,"y":202,"tool":"Pencil"},{"type":"child","parent":"ljp1iqc9lf","x":309,"y":223,"tool":"Pencil"},{"type":"child","parent":"ljp1iqc9lf","x":301,"y":232,"tool":"Pencil"},{"type":"child","parent":"ljp1iqc9lf","x":300,"y":234,"tool":"Pencil"},{"type":"child","parent":"ljp1iqc9lf","x":299,"y":234,"tool":"Pencil"},{"type":"child","parent":"ljp1iqc9lf","x":297,"y":234,"tool":"Pencil"},{"type":"child","parent":"ljp1iqc9lf","x":297,"y":233,"tool":"Pencil"},{"type":"child","parent":"ljp1iqc9lf","x":297,"y":232,"tool":"Pencil"},{"type":"child","parent":"ljp1iqc9lf","x":296,"y":223,"tool":"Pencil"},{"type":"child","parent":"ljp1iqc9lf","x":294,"y":215,"tool":"Pencil"},{"type":"child","parent":"ljp1iqc9lf","x":283,"y":184,"tool":"Pencil"},{"type":"child","parent":"ljp1iqc9lf","x":280,"y":155,"tool":"Pencil"},{"type":"child","parent":"ljp1iqc9lf","x":276,"y":103,"tool":"Pencil"},{"type":"child","parent":"ljp1iqc9lf","x":276,"y":100,"tool":"Pencil"},{"type":"child","parent":"ljp1iqc9lf","x":312,"y":104,"tool":"Pencil"},{"type":"child","parent":"ljp1iqc9lf","x":431,"y":127,"tool":"Pencil"},{"type":"child","parent":"ljp1iqc9lf","x":476,"y":153,"tool":"Pencil"},{"type":"child","parent":"ljp1iqc9lf","x":479,"y":160,"tool":"Pencil"},{"type":"child","parent":"ljp1iqc9lf","x":473,"y":167,"tool":"Pencil"},{"type":"child","parent":"ljp1iqc9lf","x":433,"y":193,"tool":"Pencil"},{"type":"child","parent":"ljp1iqc9lf","x":377,"y":216,"tool":"Pencil"},{"type":"child","parent":"ljp1iqc9lf","x":373,"y":217,"tool":"Pencil"},{"type":"child","parent":"ljp1iqc9lf","x":373,"y":215,"tool":"Pencil"}]},"ljp1iqjdlb":{"type":"line","id":"ljp1iqjdlb","color":"#1913b0","size":"10","tool":"Pencil","_children":[{"type":"child","parent":"ljp1iqjdlb","x":459,"y":135,"tool":"Pencil"},{"type":"child","parent":"ljp1iqjdlb","x":459,"y":135,"tool":"Pencil"},{"type":"child","parent":"ljp1iqjdlb","x":581,"y":125,"tool":"Pencil"},{"type":"child","parent":"ljp1iqjdlb","x":932,"y":113,"tool":"Pencil"},{"type":"child","parent":"ljp1iqjdlb","x":1197,"y":177,"tool":"Pencil"},{"type":"child","parent":"ljp1iqjdlb","x":1233,"y":217,"tool":"Pencil"},{"type":"child","parent":"ljp1iqjdlb","x":1234,"y":276,"tool":"Pencil"},{"type":"child","parent":"ljp1iqjdlb","x":1230,"y":327,"tool":"Pencil"},{"type":"child","parent":"ljp1iqjdlb","x":1195,"y":342,"tool":"Pencil"},{"type":"child","parent":"ljp1iqjdlb","x":1144,"y":345,"tool":"Pencil"},{"type":"child","parent":"ljp1iqjdlb","x":1090,"y":341,"tool":"Pencil"},{"type":"child","parent":"ljp1iqjdlb","x":1043,"y":324,"tool":"Pencil"},{"type":"child","parent":"ljp1iqjdlb","x":995,"y":304,"tool":"Pencil"},{"type":"child","parent":"ljp1iqjdlb","x":945,"y":275,"tool":"Pencil"},{"type":"child","parent":"ljp1iqjdlb","x":918,"y":259,"tool":"Pencil"},{"type":"child","parent":"ljp1iqjdlb","x":887,"y":237,"tool":"Pencil"},{"type":"child","parent":"ljp1iqjdlb","x":851,"y":222,"tool":"Pencil"},{"type":"child","parent":"ljp1iqjdlb","x":803,"y":208,"tool":"Pencil"},{"type":"child","parent":"ljp1iqjdlb","x":766,"y":195,"tool":"Pencil"},{"type":"child","parent":"ljp1iqjdlb","x":724,"y":191,"tool":"Pencil"},{"type":"child","parent":"ljp1iqjdlb","x":690,"y":191,"tool":"Pencil"},{"type":"child","parent":"ljp1iqjdlb","x":683,"y":191,"tool":"Pencil"},{"type":"child","parent":"ljp1iqjdlb","x":682,"y":191,"tool":"Pencil"},{"type":"child","parent":"ljp1iqjdlb","x":679,"y":195,"tool":"Pencil"},{"type":"child","parent":"ljp1iqjdlb","x":667,"y":195,"tool":"Pencil"},{"type":"child","parent":"ljp1iqjdlb","x":644,"y":195,"tool":"Pencil"},{"type":"child","parent":"ljp1iqjdlb","x":607,"y":195,"tool":"Pencil"},{"type":"child","parent":"ljp1iqjdlb","x":575,"y":195,"tool":"Pencil"},{"type":"child","parent":"ljp1iqjdlb","x":550,"y":195,"tool":"Pencil"},{"type":"child","parent":"ljp1iqjdlb","x":520,"y":195,"tool":"Pencil"},{"type":"child","parent":"ljp1iqjdlb","x":499,"y":200,"tool":"Pencil"},{"type":"child","parent":"ljp1iqjdlb","x":483,"y":205,"tool":"Pencil"},{"type":"child","parent":"ljp1iqjdlb","x":477,"y":207,"tool":"Pencil"},{"type":"child","parent":"ljp1iqjdlb","x":476,"y":209,"tool":"Pencil"}]},"ljp1iqmcnc":{"type":"line","id":"ljp1iqmcnc","color":"#1913b0","size":"10","tool":"Pencil","_children":[{"type":"child","parent":"ljp1iqmcnc","x":1052,"y":316,"tool":"Pencil"},{"type":"child","parent":"ljp1iqmcnc","x":1053,"y":316,"tool":"Pencil"},{"type":"child","parent":"ljp1iqmcnc","x":1161,"y":233,"tool":"Pencil"}]},"ljp1iqmls1":{"type":"line","id":"ljp1iqmls1","color":"#1913b0","size":"10","tool":"Pencil","_children":[{"type":"child","parent":"ljp1iqmls1","x":1174,"y":225,"tool":"Pencil"},{"type":"child","parent":"ljp1iqmls1","x":1174,"y":225,"tool":"Pencil"},{"type":"child","parent":"ljp1iqmls1","x":1175,"y":225,"tool":"Pencil"},{"type":"child","parent":"ljp1iqmls1","x":1187,"y":220,"tool":"Pencil"},{"type":"child","parent":"ljp1iqmls1","x":1188,"y":219,"tool":"Pencil"},{"type":"child","parent":"ljp1iqmls1","x":1196,"y":213,"tool":"Pencil"},{"type":"child","parent":"ljp1iqmls1","x":1200,"y":210,"tool":"Pencil"}]},"ljp1iqo5y2":{"type":"line","id":"ljp1iqo5y2","color":"#1913b0","size":"10","tool":"Pencil","_children":[{"type":"child","parent":"ljp1iqo5y2","x":1170,"y":239,"tool":"Pencil"},{"type":"child","parent":"ljp1iqo5y2","x":1171,"y":241,"tool":"Pencil"},{"type":"child","parent":"ljp1iqo5y2","x":1195,"y":264,"tool":"Pencil"},{"type":"child","parent":"ljp1iqo5y2","x":1217,"y":294,"tool":"Pencil"},{"type":"child","parent":"ljp1iqo5y2","x":1221,"y":304,"tool":"Pencil"},{"type":"child","parent":"ljp1iqo5y2","x":1221,"y":307,"tool":"Pencil"},{"type":"child","parent":"ljp1iqo5y2","x":1220,"y":310,"tool":"Pencil"},{"type":"child","parent":"ljp1iqo5y2","x":1220,"y":313,"tool":"Pencil"},{"type":"child","parent":"ljp1iqo5y2","x":1220,"y":315,"tool":"Pencil"},{"type":"child","parent":"ljp1iqo5y2","x":1221,"y":318,"tool":"Pencil"},{"type":"child","parent":"ljp1iqo5y2","x":1222,"y":319,"tool":"Pencil"},{"type":"child","parent":"ljp1iqo5y2","x":1222,"y":320,"tool":"Pencil"},{"type":"child","parent":"ljp1iqo5y2","x":1223,"y":320,"tool":"Pencil"},{"type":"child","parent":"ljp1iqo5y2","x":1223,"y":321,"tool":"Pencil"},{"type":"child","parent":"ljp1iqo5y2","x":1224,"y":323,"tool":"Pencil"},{"type":"child","parent":"ljp1iqo5y2","x":1225,"y":324,"tool":"Pencil"},{"type":"child","parent":"ljp1iqo5y2","x":1225,"y":324,"tool":"Pencil"},{"type":"child","parent":"ljp1iqo5y2","x":1225,"y":322,"tool":"Pencil"}]},"ljp1iqpyak":{"type":"line","id":"ljp1iqpyak","color":"#1913b0","size":"10","tool":"Pencil","_children":[{"type":"child","parent":"ljp1iqpyak","x":1225,"y":326,"tool":"Pencil"},{"type":"child","parent":"ljp1iqpyak","x":1225,"y":326,"tool":"Pencil"},{"type":"child","parent":"ljp1iqpyak","x":1225,"y":323,"tool":"Pencil"},{"type":"child","parent":"ljp1iqpyak","x":1225,"y":320,"tool":"Pencil"},{"type":"child","parent":"ljp1iqpyak","x":1225,"y":317,"tool":"Pencil"},{"type":"child","parent":"ljp1iqpyak","x":1229,"y":317,"tool":"Pencil"},{"type":"child","parent":"ljp1iqpyak","x":1230,"y":320,"tool":"Pencil"},{"type":"child","parent":"ljp1iqpyak","x":1226,"y":325,"tool":"Pencil"},{"type":"child","parent":"ljp1iqpyak","x":1220,"y":327,"tool":"Pencil"},{"type":"child","parent":"ljp1iqpyak","x":1218,"y":327,"tool":"Pencil"},{"type":"child","parent":"ljp1iqpyak","x":1217,"y":324,"tool":"Pencil"},{"type":"child","parent":"ljp1iqpyak","x":1218,"y":321,"tool":"Pencil"},{"type":"child","parent":"ljp1iqpyak","x":1221,"y":319,"tool":"Pencil"},{"type":"child","parent":"ljp1iqpyak","x":1225,"y":319,"tool":"Pencil"},{"type":"child","parent":"ljp1iqpyak","x":1227,"y":322,"tool":"Pencil"},{"type":"child","parent":"ljp1iqpyak","x":1227,"y":325,"tool":"Pencil"},{"type":"child","parent":"ljp1iqpyak","x":1224,"y":328,"tool":"Pencil"},{"type":"child","parent":"ljp1iqpyak","x":1220,"y":328,"tool":"Pencil"}]},"ljp1iqs5aq":{"type":"line","id":"ljp1iqs5aq","color":"#1913b0","size":"10","tool":"Pencil","_children":[{"type":"child","parent":"ljp1iqs5aq","x":350,"y":290,"tool":"Pencil"},{"type":"child","parent":"ljp1iqs5aq","x":350,"y":292,"tool":"Pencil"},{"type":"child","parent":"ljp1iqs5aq","x":350,"y":438,"tool":"Pencil"},{"type":"child","parent":"ljp1iqs5aq","x":350,"y":483,"tool":"Pencil"},{"type":"child","parent":"ljp1iqs5aq","x":350,"y":481,"tool":"Pencil"}]},"ljp1iqss6h":{"type":"line","id":"ljp1iqss6h","color":"#1913b0","size":"10","tool":"Pencil","_children":[{"type":"child","parent":"ljp1iqss6h","x":392,"y":270,"tool":"Pencil"},{"type":"child","parent":"ljp1iqss6h","x":393,"y":270,"tool":"Pencil"},{"type":"child","parent":"ljp1iqss6h","x":441,"y":318,"tool":"Pencil"},{"type":"child","parent":"ljp1iqss6h","x":511,"y":395,"tool":"Pencil"},{"type":"child","parent":"ljp1iqss6h","x":519,"y":404,"tool":"Pencil"}]},"ljp1iqtmwk":{"type":"line","id":"ljp1iqtmwk","color":"#1913b0","size":"10","tool":"Pencil","_children":[{"type":"child","parent":"ljp1iqtmwk","x":454,"y":250,"tool":"Pencil"},{"type":"child","parent":"ljp1iqtmwk","x":454,"y":250,"tool":"Pencil"},{"type":"child","parent":"ljp1iqtmwk","x":567,"y":289,"tool":"Pencil"}]},"ljp1iqucw8":{"type":"line","id":"ljp1iqucw8","color":"#1913b0","size":"10","tool":"Pencil","_children":[{"type":"child","parent":"ljp1iqucw8","x":394,"y":130,"tool":"Pencil"},{"type":"child","parent":"ljp1iqucw8","x":394,"y":129,"tool":"Pencil"},{"type":"child","parent":"ljp1iqucw8","x":443,"y":55,"tool":"Pencil"},{"type":"child","parent":"ljp1iqucw8","x":444,"y":53,"tool":"Pencil"}]},"ljp1iquwyo":{"type":"line","id":"ljp1iquwyo","color":"#1913b0","size":"10","tool":"Pencil","_children":[{"type":"child","parent":"ljp1iquwyo","x":317,"y":141,"tool":"Pencil"},{"type":"child","parent":"ljp1iquwyo","x":317,"y":138,"tool":"Pencil"},{"type":"child","parent":"ljp1iquwyo","x":267,"y":-8,"tool":"Pencil"}]},"ljp1iqvny10":{"type":"line","id":"ljp1iqvny10","color":"#1913b0","size":"10","tool":"Pencil","_children":[{"type":"child","parent":"ljp1iqvny10","x":317,"y":189,"tool":"Pencil"},{"type":"child","parent":"ljp1iqvny10","x":316,"y":189,"tool":"Pencil"},{"type":"child","parent":"ljp1iqvny10","x":218,"y":189,"tool":"Pencil"},{"type":"child","parent":"ljp1iqvny10","x":188,"y":189,"tool":"Pencil"}]}}