{"ljp38dm0dv":{"type":"line","id":"ljp38dm0dv","color":"#1913b0","size":10,"tool":"Pencil","_children":[{"type":"child","parent":"ljp38dm0dv","x":69,"y":250,"tool":"Pencil"}]},"ljp38dm0x8":{"type":"line","id":"ljp38dm0x8","color":"#1913b0","size":10,"tool":"Pencil","_children":[{"type":"child","parent":"ljp38dm0x8","x":26,"y":457,"tool":"Pencil"}]},"ljp38dmvs2":{"type":"line","id":"ljp38dmvs2","color":"#1913b0","size":10,"tool":"Pencil","_children":[{"type":"child","parent":"ljp38dmvs2","x":116,"y":233,"tool":"Pencil"}]},"ljp38dmwg3":{"type":"line","id":"ljp38dmwg3","color":"#1913b0","size":10,"tool":"Pencil","_children":[{"type":"child","parent":"ljp38dmwg3","x":193,"y":148,"tool":"Pencil"}]},"ljp38dqw99":{"type":"line","id":"ljp38dqw99","color":"#1913b0","size":10,"tool":"Pencil","_children":[{"type":"child","parent":"ljp38dqw99","x":90,"y":85,"tool":"Pencil"},{"type":"child","parent":"ljp38dqw99","x":137,"y":262,"tool":"Pencil"}]},"ljp38ds5mh":{"type":"line","id":"ljp38ds5mh","color":"#1913b0","size":10,"tool":"Pencil","_children":[{"type":"child","parent":"ljp38ds5mh","x":208,"y":162,"tool":"Pencil"},{"type":"child","parent":"ljp38ds5mh","x":197,"y":162,"tool":"Pencil"},{"type":"child","parent":"ljp38ds5mh","x":169,"y":179,"tool":"Pencil"},{"type":"child","parent":"ljp38ds5mh","x":138,"y":193,"tool":"Pencil"},{"type":"child","parent":"ljp38ds5mh","x":116,"y":204,"tool":"Pencil"},{"type":"child","parent":"ljp38ds5mh","x":101,"y":212,"tool":"Pencil"},{"type":"child","parent":"ljp38ds5mh","x":91,"y":223,"tool":"Pencil"},{"type":"child","parent":"ljp38ds5mh","x":81,"y":244,"tool":"Pencil"},{"type":"child","parent":"ljp38ds5mh","x":81,"y":262,"tool":"Pencil"},{"type":"child","parent":"ljp38ds5mh","x":87,"y":281,"tool":"Pencil"},{"type":"child","parent":"ljp38ds5mh","x":98,"y":296,"tool":"Pencil"},{"type":"child","parent":"ljp38ds5mh","x":113,"y":304,"tool":"Pencil"},{"type":"child","parent":"ljp38ds5mh","x":127,"y":305,"tool":"Pencil"},{"type":"child","parent":"ljp38ds5mh","x":137,"y":299,"tool":"Pencil"},{"type":"child","parent":"ljp38ds5mh","x":140,"y":279,"tool":"Pencil"},{"type":"child","parent":"ljp38ds5mh","x":137,"y":253,"tool":"Pencil"},{"type":"child","parent":"ljp38ds5mh","x":130,"y":235,"tool":"Pencil"},{"type":"child","parent":"ljp38ds5mh","x":124,"y":220,"tool":"Pencil"}]},"ljp38du00m":{"type":"line","id":"ljp38du00m","color":"#1913b0","size":10,"tool":"Pencil","_children":[{"type":"child","parent":"ljp38du00m","x":84,"y":185,"tool":"Pencil"},{"type":"child","parent":"ljp38du00m","x":93,"y":182,"tool":"Pencil"},{"type":"child","parent":"ljp38du00m","x":143,"y":166,"tool":"Pencil"},{"type":"child","parent":"ljp38du00m","x":148,"y":165,"tool":"Pencil"}]},"ljp38duikk":{"type":"line","id":"ljp38duikk","color":"#1913b0","size":10,"tool":"Pencil","_children":[{"type":"child","parent":"ljp38duikk","x":94,"y":167,"tool":"Pencil"},{"type":"child","parent":"ljp38duikk","x":112,"y":159,"tool":"Pencil"},{"type":"child","parent":"ljp38duikk","x":141,"y":149,"tool":"Pencil"}]},"ljp38duyrs":{"type":"line","id":"ljp38duyrs","color":"#1913b0","size":10,"tool":"Pencil","_children":[{"type":"child","parent":"ljp38duyrs","x":85,"y":149,"tool":"Pencil"},{"type":"child","parent":"ljp38duyrs","x":93,"y":143,"tool":"Pencil"},{"type":"child","parent":"ljp38duyrs","x":122,"y":132,"tool":"Pencil"}]},"ljp38dvgi4":{"type":"line","id":"ljp38dvgi4","color":"#1913b0","size":10,"tool":"Pencil","_children":[{"type":"child","parent":"ljp38dvgi4","x":56,"y":151,"tool":"Pencil"},{"type":"child","parent":"ljp38dvgi4","x":80,"y":144,"tool":"Pencil"},{"type":"child","parent":"ljp38dvgi4","x":145,"y":107,"tool":"Pencil"},{"type":"child","parent":"ljp38dvgi4","x":155,"y":102,"tool":"Pencil"}]},"ljp38dvycx":{"type":"line","id":"ljp38dvycx","color":"#1913b0","size":10,"tool":"Pencil","_children":[{"type":"child","parent":"ljp38dvycx","x":88,"y":130,"tool":"Pencil"},{"type":"child","parent":"ljp38dvycx","x":112,"y":113,"tool":"Pencil"},{"type":"child","parent":"ljp38dvycx","x":141,"y":92,"tool":"Pencil"},{"type":"child","parent":"ljp38dvycx","x":92,"y":119,"tool":"Pencil"},{"type":"child","parent":"ljp38dvycx","x":74,"y":127,"tool":"Pencil"},{"type":"child","parent":"ljp38dvycx","x":113,"y":98,"tool":"Pencil"},{"type":"child","parent":"ljp38dvycx","x":115,"y":97,"tool":"Pencil"},{"type":"child","parent":"ljp38dvycx","x":80,"y":117,"tool":"Pencil"},{"type":"child","parent":"ljp38dvycx","x":95,"y":105,"tool":"Pencil"},{"type":"child","parent":"ljp38dvycx","x":106,"y":93,"tool":"Pencil"},{"type":"child","parent":"ljp38dvycx","x":77,"y":101,"tool":"Pencil"},{"type":"child","parent":"ljp38dvycx","x":87,"y":86,"tool":"Pencil"},{"type":"child","parent":"ljp38dvycx","x":86,"y":79,"tool":"Pencil"},{"type":"child","parent":"ljp38dvycx","x":61,"y":91,"tool":"Pencil"}]},"ljp38e58h1":{"type":"line","id":"ljp38e58h1","color":"#1913b0","size":10,"tool":"Pencil","_children":[{"type":"child","parent":"ljp38e58h1","x":169,"y":380,"tool":"Pencil"},{"type":"child","parent":"ljp38e58h1","x":182,"y":375,"tool":"Pencil"},{"type":"child","parent":"ljp38e58h1","x":198,"y":384,"tool":"Pencil"},{"type":"child","parent":"ljp38e58h1","x":179,"y":385,"tool":"Pencil"},{"type":"child","parent":"ljp38e58h1","x":186,"y":377,"tool":"Pencil"},{"type":"child","parent":"ljp38e58h1","x":186,"y":382,"tool":"Pencil"}]},"ljp38en8vs":{"type":"line","id":"ljp38en8vs","color":"#1913b0","size":47,"tool":"Pencil","_children":[{"type":"child","parent":"ljp38en8vs","x":394,"y":203,"tool":"Pencil"}]},"ljp38en9jv":{"type":"line","id":"ljp38en9jv","color":"#1913b0","size":47,"tool":"Pencil","_children":[{"type":"child","parent":"ljp38en9jv","x":255,"y":408,"tool":"Pencil"}]},"ljqt1m2ffb":{"type":"line","id":"ljqt1m2ffb","color":"#ff851b","size":12,"tool":"Pencil","time":1547271686962,"_children":[{"type":"child","parent":"ljqt1m2ffb","x":716,"y":257,"tool":"Pencil"},{"type":"child","parent":"ljqt1m2ffb","x":716,"y":257,"tool":"Pencil"},{"type":"child","parent":"ljqt1m2ffb","x":716,"y":320,"tool":"Pencil"},{"type":"child","parent":"ljqt1m2ffb","x":716,"y":360,"tool":"Pencil"},{"type":"child","parent":"ljqt1m2ffb","x":717,"y":362,"tool":"Pencil"},{"type":"child","parent":"ljqt1m2ffb","x":786,"y":353,"tool":"Pencil"},{"type":"child","parent":"ljqt1m2ffb","x":851,"y":330,"tool":"Pencil"}]},"ljqt8m8f96":{"type":"line","id":"ljqt8m8f96","color":"#111111","size":10,"tool":"Pencil","time":1547283452108,"_children":[{"type":"child","parent":"ljqt8m8f96","x":284,"y":204,"tool":"Pencil"},{"type":"child","parent":"ljqt8m8f96","x":262,"y":251,"tool":"Pencil"},{"type":"child","parent":"ljqt8m8f96","x":259,"y":322,"tool":"Pencil"},{"type":"child","parent":"ljqt8m8f96","x":306,"y":340,"tool":"Pencil"},{"type":"child","parent":"ljqt8m8f96","x":355,"y":317,"tool":"Pencil"},{"type":"child","parent":"ljqt8m8f96","x":333,"y":357,"tool":"Pencil"},{"type":"child","parent":"ljqt8m8f96","x":283,"y":447,"tool":"Pencil"},{"type":"child","parent":"ljqt8m8f96","x":241,"y":524,"tool":"Pencil"},{"type":"child","parent":"ljqt8m8f96","x":226,"y":572,"tool":"Pencil"},{"type":"child","parent":"ljqt8m8f96","x":243,"y":607,"tool":"Pencil"},{"type":"child","parent":"ljqt8m8f96","x":284,"y":606,"tool":"Pencil"},{"type":"child","parent":"ljqt8m8f96","x":332,"y":522,"tool":"Pencil"},{"type":"child","parent":"ljqt8m8f96","x":322,"y":441,"tool":"Pencil"},{"type":"child","parent":"ljqt8m8f96","x":258,"y":427,"tool":"Pencil"},{"type":"child","parent":"ljqt8m8f96","x":193,"y":445,"tool":"Pencil"},{"type":"child","parent":"ljqt8m8f96","x":146,"y":442,"tool":"Pencil"},{"type":"child","parent":"ljqt8m8f96","x":126,"y":414,"tool":"Pencil"},{"type":"child","parent":"ljqt8m8f96","x":147,"y":360,"tool":"Pencil"},{"type":"child","parent":"ljqt8m8f96","x":198,"y":316,"tool":"Pencil"},{"type":"child","parent":"ljqt8m8f96","x":238,"y":328,"tool":"Pencil"},{"type":"child","parent":"ljqt8m8f96","x":247,"y":433,"tool":"Pencil"},{"type":"child","parent":"ljqt8m8f96","x":206,"y":525,"tool":"Pencil"},{"type":"child","parent":"ljqt8m8f96","x":170,"y":591,"tool":"Pencil"},{"type":"child","parent":"ljqt8m8f96","x":191,"y":649,"tool":"Pencil"},{"type":"child","parent":"ljqt8m8f96","x":244,"y":664,"tool":"Pencil"},{"type":"child","parent":"ljqt8m8f96","x":277,"y":606,"tool":"Pencil"},{"type":"child","parent":"ljqt8m8f96","x":290,"y":492,"tool":"Pencil"},{"type":"child","parent":"ljqt8m8f96","x":291,"y":367,"tool":"Pencil"},{"type":"child","parent":"ljqt8m8f96","x":292,"y":300,"tool":"Pencil"},{"type":"child","parent":"ljqt8m8f96","x":302,"y":275,"tool":"Pencil"},{"type":"child","parent":"ljqt8m8f96","x":310,"y":240,"tool":"Pencil"},{"type":"child","parent":"ljqt8m8f96","x":309,"y":222,"tool":"Pencil"},{"type":"child","parent":"ljqt8m8f96","x":229,"y":274,"tool":"Pencil"},{"type":"child","parent":"ljqt8m8f96","x":139,"y":435,"tool":"Pencil"},{"type":"child","parent":"ljqt8m8f96","x":146,"y":572,"tool":"Pencil"},{"type":"child","parent":"ljqt8m8f96","x":221,"y":535,"tool":"Pencil"},{"type":"child","parent":"ljqt8m8f96","x":301,"y":393,"tool":"Pencil"},{"type":"child","parent":"ljqt8m8f96","x":252,"y":491,"tool":"Pencil"},{"type":"child","parent":"ljqt8m8f96","x":183,"y":646,"tool":"Pencil"},{"type":"child","parent":"ljqt8m8f96","x":243,"y":553,"tool":"Pencil"},{"type":"child","parent":"ljqt8m8f96","x":340,"y":370,"tool":"Pencil"},{"type":"child","parent":"ljqt8m8f96","x":245,"y":402,"tool":"Pencil"},{"type":"child","parent":"ljqt8m8f96","x":126,"y":535,"tool":"Pencil"},{"type":"child","parent":"ljqt8m8f96","x":214,"y":431,"tool":"Pencil"},{"type":"child","parent":"ljqt8m8f96","x":332,"y":307,"tool":"Pencil"},{"type":"child","parent":"ljqt8m8f96","x":170,"y":479,"tool":"Pencil"},{"type":"child","parent":"ljqt8m8f96","x":117,"y":537,"tool":"Pencil"},{"type":"child","parent":"ljqt8m8f96","x":247,"y":361,"tool":"Pencil"},{"type":"child","parent":"ljqt8m8f96","x":330,"y":270,"tool":"Pencil"},{"type":"child","parent":"ljqt8m8f96","x":195,"y":362,"tool":"Pencil"},{"type":"child","parent":"ljqt8m8f96","x":106,"y":459,"tool":"Pencil"}]},"rjr5s0h4zw":{"type":"rect","id":"rjr5s0h4zw","color":"#01ff70","size":10,"opacity":0.3,"x":372,"y":121,"x2":473,"y2":219,"tool":"Rectangle","time":1548041614447},"rjr5s0jyal":{"type":"rect","id":"rjr5s0jyal","color":"#01ff70","size":10,"opacity":0.2,"x":549,"y":308,"x2":586,"y2":386,"tool":"Rectangle","time":1548041618104},"rjr5s0lznm":{"type":"rect","id":"rjr5s0lznm","color":"#01ff70","size":10,"x":639,"y":123,"x2":718,"y2":202,"tool":"Rectangle","time":1548041620738}}