{"tjrfov7aid":{"type":"new","id":"tjrfov7aid","color":"#3d9970","size":27,"x":576,"y":200.5,"tool":"Text","time":1548640971863},"rjwua2bjyz":{"type":"rect","id":"rjwua2bjyz","color":"#01ff70","size":3,"x":361,"y":246,"x2":361,"y2":246,"tool":"Rectangle","time":1560407042449},"rjwua2mc0d":{"type":"rect","id":"rjwua2mc0d","color":"#000000","size":3,"x":435,"y":258,"x2":435,"y2":258,"tool":"Rectangle","time":1560407056415},"rjwua2mlv6":{"type":"rect","id":"rjwua2mlv6","color":"#000000","size":3,"x":405,"y":261,"x2":405,"y2":261,"tool":"Rectangle","time":1560407056770},"rjwua2qyqh":{"type":"rect","id":"rjwua2qyqh","color":"#000000","size":3,"x":221,"y":114,"x2":467,"y2":215,"tool":"Rectangle","time":1560407062417},"rjwua2vzmc":{"type":"rect","id":"rjwua2vzmc","color":"#000000","size":3,"x":336,"y":181,"x2":336,"y2":181,"tool":"Rectangle","time":1560407068929},"rjwua45345":{"type":"rect","id":"rjwua45345","color":"#000000","size":3,"x":526,"y":106,"x2":751,"y2":217,"tool":"Rectangle","time":1560407127375},"rjwua46kxv":{"type":"rect","id":"rjwua46kxv","color":"#000000","size":3,"x":821,"y":109,"x2":1092,"y2":213,"tool":"Rectangle","time":1560407129313},"rjwua47upn":{"type":"rect","id":"rjwua47upn","color":"#000000","size":3,"x":1144,"y":105,"x2":1436,"y2":215,"tool":"Rectangle","time":1560407130962},"tjwua4adx4":{"type":"new","id":"tjwua4adx4","color":"#000000","size":16,"x":263,"y":172,"tool":"Text","time":1560407134245},"tjwua4bbb9":{"type":"new","id":"tjwua4bbb9","color":"#000000","size":16,"x":281,"y":161,"tool":"Text","time":1560407135446,"txt":"巴西办公网"},"tjwua4hcmz":{"type":"new","id":"tjwua4hcmz","color":"#000000","size":16,"x":576,"y":169,"tool":"Text","time":1560407143269,"txt":"北京办公网"},"tjwua4mpst":{"type":"new","id":"tjwua4mpst","color":"#000000","size":16,"x":861,"y":169,"tool":"Text","time":1560407150223,"txt":""},"tjwua4n8yz":{"type":"new","id":"tjwua4n8yz","color":"#000000","size":16,"x":907,"y":161,"tool":"Text","time":1560407150915,"txt":"永顺机房"},"tjwua4qiw9":{"type":"new","id":"tjwua4qiw9","color":"#000000","size":16,"x":1233,"y":162,"tool":"Text","time":1560407155159,"txt":"巴西AWS服务器"},"sjwua5pqsu":{"type":"straight","id":"sjwua5pqsu","color":"#ff0000","size":3,"x":426,"y":157,"tool":"Straight line","time":1560407200803,"x2":552,"y2":158},"sjwua5r9zg":{"type":"straight","id":"sjwua5r9zg","color":"#ff0000","size":3,"x":715,"y":163,"tool":"Straight line","time":1560407202790,"x2":851,"y2":157},"sjwua5sm2p":{"type":"straight","id":"sjwua5sm2p","color":"#ff0000","size":3,"x":1049,"y":158,"tool":"Straight line","time":1560407204521,"x2":1181,"y2":154},"ljwua65ryd":{"type":"line","id":"ljwua65ryd","color":"#ff0000","size":3,"tool":"Pencil","time":1560407221585,"_children":[{"type":"child","parent":"ljwua65ryd","x":546,"y":145,"tool":"Pencil"},{"type":"child","parent":"ljwua65ryd","x":548,"y":146,"tool":"Pencil"},{"type":"child","parent":"ljwua65ryd","x":558,"y":158,"tool":"Pencil"},{"type":"child","parent":"ljwua65ryd","x":559,"y":159,"tool":"Pencil"},{"type":"child","parent":"ljwua65ryd","x":551,"y":167,"tool":"Pencil"},{"type":"child","parent":"ljwua65ryd","x":551,"y":169,"tool":"Pencil"},{"type":"child","parent":"ljwua65ryd","x":550,"y":169,"tool":"Pencil"},{"type":"child","parent":"ljwua65ryd","x":544,"y":178,"tool":"Pencil"},{"type":"child","parent":"ljwua65ryd","x":544,"y":178,"tool":"Pencil"}]},"ljwua67sue":{"type":"line","id":"ljwua67sue","color":"#ff0000","size":3,"tool":"Pencil","time":1560407224206,"_children":[{"type":"child","parent":"ljwua67sue","x":836,"y":150,"tool":"Pencil"},{"type":"child","parent":"ljwua67sue","x":837,"y":150,"tool":"Pencil"},{"type":"child","parent":"ljwua67sue","x":851,"y":162,"tool":"Pencil"},{"type":"child","parent":"ljwua67sue","x":854,"y":165,"tool":"Pencil"},{"type":"child","parent":"ljwua67sue","x":851,"y":169,"tool":"Pencil"},{"type":"child","parent":"ljwua67sue","x":840,"y":179,"tool":"Pencil"},{"type":"child","parent":"ljwua67sue","x":840,"y":179,"tool":"Pencil"}]},"ljwua694qw":{"type":"line","id":"ljwua694qw","color":"#ff0000","size":3,"tool":"Pencil","time":1560407225928,"_children":[{"type":"child","parent":"ljwua694qw","x":1172,"y":141,"tool":"Pencil"},{"type":"child","parent":"ljwua694qw","x":1174,"y":141,"tool":"Pencil"},{"type":"child","parent":"ljwua694qw","x":1188,"y":152,"tool":"Pencil"},{"type":"child","parent":"ljwua694qw","x":1198,"y":158,"tool":"Pencil"},{"type":"child","parent":"ljwua694qw","x":1197,"y":158,"tool":"Pencil"},{"type":"child","parent":"ljwua694qw","x":1168,"y":180,"tool":"Pencil"},{"type":"child","parent":"ljwua694qw","x":1168,"y":180,"tool":"Pencil"},{"type":"child","parent":"ljwua694qw","x":1168,"y":180,"tool":"Pencil"}]},"rjwua6fq9s":{"type":"rect","id":"rjwua6fq9s","color":"#ffff00","size":3,"x":493,"y":54,"x2":1115,"y2":259,"tool":"Rectangle","time":1560407234481},"ljwua6neoq":{"type":"line","id":"ljwua6neoq","color":"#00ff00","size":3,"tool":"Pencil","time":1560407244432,"_children":[{"type":"child","parent":"ljwua6neoq","x":523,"y":176,"tool":"Pencil"},{"type":"child","parent":"ljwua6neoq","x":518,"y":178,"tool":"Pencil"},{"type":"child","parent":"ljwua6neoq","x":472,"y":202,"tool":"Pencil"},{"type":"child","parent":"ljwua6neoq","x":457,"y":212,"tool":"Pencil"},{"type":"child","parent":"ljwua6neoq","x":456,"y":213,"tool":"Pencil"}]},"ljwua6o8q4":{"type":"line","id":"ljwua6o8q4","color":"#00ff00","size":3,"tool":"Pencil","time":1560407245514,"_children":[{"type":"child","parent":"ljwua6o8q4","x":481,"y":171,"tool":"Pencil"},{"type":"child","parent":"ljwua6o8q4","x":481,"y":171,"tool":"Pencil"},{"type":"child","parent":"ljwua6o8q4","x":501,"y":219,"tool":"Pencil"},{"type":"child","parent":"ljwua6o8q4","x":505,"y":225,"tool":"Pencil"},{"type":"child","parent":"ljwua6o8q4","x":505,"y":225,"tool":"Pencil"}]},"ljwua6poeh":{"type":"line","id":"ljwua6poeh","color":"#00ff00","size":3,"tool":"Pencil","time":1560407247373,"_children":[{"type":"child","parent":"ljwua6poeh","x":778,"y":185,"tool":"Pencil"},{"type":"child","parent":"ljwua6poeh","x":788,"y":201,"tool":"Pencil"},{"type":"child","parent":"ljwua6poeh","x":797,"y":226,"tool":"Pencil"},{"type":"child","parent":"ljwua6poeh","x":798,"y":226,"tool":"Pencil"},{"type":"child","parent":"ljwua6poeh","x":820,"y":194,"tool":"Pencil"},{"type":"child","parent":"ljwua6poeh","x":824,"y":190,"tool":"Pencil"}]},"ljwua6qyke":{"type":"line","id":"ljwua6qyke","color":"#00ff00","size":3,"tool":"Pencil","time":1560407249036,"_children":[{"type":"child","parent":"ljwua6qyke","x":1151,"y":171,"tool":"Pencil"},{"type":"child","parent":"ljwua6qyke","x":1140,"y":183,"tool":"Pencil"},{"type":"child","parent":"ljwua6qyke","x":1092,"y":218,"tool":"Pencil"},{"type":"child","parent":"ljwua6qyke","x":1091,"y":220,"tool":"Pencil"}]},"ljwua6rk2l":{"type":"line","id":"ljwua6rk2l","color":"#00ff00","size":3,"tool":"Pencil","time":1560407249809,"_children":[{"type":"child","parent":"ljwua6rk2l","x":1104,"y":182,"tool":"Pencil"},{"type":"child","parent":"ljwua6rk2l","x":1104,"y":182,"tool":"Pencil"},{"type":"child","parent":"ljwua6rk2l","x":1123,"y":202,"tool":"Pencil"},{"type":"child","parent":"ljwua6rk2l","x":1134,"y":214,"tool":"Pencil"},{"type":"child","parent":"ljwua6rk2l","x":1139,"y":218,"tool":"Pencil"},{"type":"child","parent":"ljwua6rk2l","x":1140,"y":219,"tool":"Pencil"},{"type":"child","parent":"ljwua6rk2l","x":1140,"y":219,"tool":"Pencil"}]}}