{"ljp25o6sbt":{"type":"line","id":"ljp25o6sbt","color":"#1913b0","size":"10","tool":"Pencil","_children":[{"type":"child","parent":"ljp25o6sbt","x":273,"y":94,"tool":"Pencil"},{"type":"child","parent":"ljp25o6sbt","x":273,"y":121,"tool":"Pencil"},{"type":"child","parent":"ljp25o6sbt","x":274,"y":206,"tool":"Pencil"},{"type":"child","parent":"ljp25o6sbt","x":303,"y":307,"tool":"Pencil"},{"type":"child","parent":"ljp25o6sbt","x":359,"y":330,"tool":"Pencil"},{"type":"child","parent":"ljp25o6sbt","x":446,"y":241,"tool":"Pencil"},{"type":"child","parent":"ljp25o6sbt","x":474,"y":184,"tool":"Pencil"},{"type":"child","parent":"ljp25o6sbt","x":477,"y":213,"tool":"Pencil"},{"type":"child","parent":"ljp25o6sbt","x":471,"y":327,"tool":"Pencil"},{"type":"child","parent":"ljp25o6sbt","x":495,"y":341,"tool":"Pencil"},{"type":"child","parent":"ljp25o6sbt","x":540,"y":281,"tool":"Pencil"},{"type":"child","parent":"ljp25o6sbt","x":537,"y":214,"tool":"Pencil"},{"type":"child","parent":"ljp25o6sbt","x":471,"y":247,"tool":"Pencil"},{"type":"child","parent":"ljp25o6sbt","x":498,"y":352,"tool":"Pencil"},{"type":"child","parent":"ljp25o6sbt","x":575,"y":349,"tool":"Pencil"},{"type":"child","parent":"ljp25o6sbt","x":607,"y":267,"tool":"Pencil"},{"type":"child","parent":"ljp25o6sbt","x":609,"y":220,"tool":"Pencil"},{"type":"child","parent":"ljp25o6sbt","x":610,"y":222,"tool":"Pencil"},{"type":"child","parent":"ljp25o6sbt","x":672,"y":285,"tool":"Pencil"},{"type":"child","parent":"ljp25o6sbt","x":726,"y":292,"tool":"Pencil"},{"type":"child","parent":"ljp25o6sbt","x":734,"y":216,"tool":"Pencil"},{"type":"child","parent":"ljp25o6sbt","x":687,"y":161,"tool":"Pencil"},{"type":"child","parent":"ljp25o6sbt","x":763,"y":217,"tool":"Pencil"},{"type":"child","parent":"ljp25o6sbt","x":983,"y":261,"tool":"Pencil"},{"type":"child","parent":"ljp25o6sbt","x":1037,"y":282,"tool":"Pencil"},{"type":"child","parent":"ljp25o6sbt","x":1017,"y":355,"tool":"Pencil"},{"type":"child","parent":"ljp25o6sbt","x":982,"y":413,"tool":"Pencil"},{"type":"child","parent":"ljp25o6sbt","x":920,"y":434,"tool":"Pencil"},{"type":"child","parent":"ljp25o6sbt","x":786,"y":394,"tool":"Pencil"},{"type":"child","parent":"ljp25o6sbt","x":680,"y":318,"tool":"Pencil"},{"type":"child","parent":"ljp25o6sbt","x":669,"y":343,"tool":"Pencil"},{"type":"child","parent":"ljp25o6sbt","x":718,"y":409,"tool":"Pencil"},{"type":"child","parent":"ljp25o6sbt","x":795,"y":407,"tool":"Pencil"},{"type":"child","parent":"ljp25o6sbt","x":861,"y":326,"tool":"Pencil"},{"type":"child","parent":"ljp25o6sbt","x":871,"y":268,"tool":"Pencil"},{"type":"child","parent":"ljp25o6sbt","x":788,"y":204,"tool":"Pencil"},{"type":"child","parent":"ljp25o6sbt","x":736,"y":182,"tool":"Pencil"},{"type":"child","parent":"ljp25o6sbt","x":844,"y":128,"tool":"Pencil"},{"type":"child","parent":"ljp25o6sbt","x":962,"y":135,"tool":"Pencil"},{"type":"child","parent":"ljp25o6sbt","x":972,"y":199,"tool":"Pencil"},{"type":"child","parent":"ljp25o6sbt","x":961,"y":246,"tool":"Pencil"}]},"tjp25oau06":{"type":"new","id":"tjp25oau06","color":"#1913b0","size":27,"x":229,"y":376.5,"tool":"Text"},"tjp25obp26":{"type":"new","id":"tjp25obp26","color":"#1913b0","size":27,"x":268,"y":433.5,"tool":"Text","txt":"hjkjkhkjhj"},"tjp25odnng":{"type":"new","id":"tjp25odnng","color":"#1913b0","size":27,"x":426,"y":564.5,"tool":"Text"},"tjp25oha7r":{"type":"new","id":"tjp25oha7r","color":"#1913b0","size":27,"x":280,"y":233.5,"tool":"Text","txt":""},"tjp25oi2o5":{"type":"new","id":"tjp25oi2o5","color":"#1913b0","size":27,"x":278,"y":214.5,"tool":"Text"},"ljp25ojmr6":{"type":"line","id":"ljp25ojmr6","color":"#1913b0","size":"10","tool":"Pencil","_children":[{"type":"child","parent":"ljp25ojmr6","x":275,"y":215,"tool":"Pencil"},{"type":"child","parent":"ljp25ojmr6","x":271,"y":215,"tool":"Pencil"},{"type":"child","parent":"ljp25ojmr6","x":251,"y":219,"tool":"Pencil"},{"type":"child","parent":"ljp25ojmr6","x":238,"y":224,"tool":"Pencil"},{"type":"child","parent":"ljp25ojmr6","x":237,"y":224,"tool":"Pencil"}]},"rjp25om0og":{"type":"rect","id":"rjp25om0og","color":"#1913b0","size":"10","x":193,"y":244,"x2":367,"y2":340,"tool":"Rectangle"}}