{"lk7oh00uq9":{"type":"line","id":"lk7oh00uq9","color":"#39cccc","size":10,"tool":"Pencil","time":1584000294138,"_children":[{"type":"child","parent":"lk7oh00uq9","x":939,"y":428,"tool":"Pencil"},{"type":"child","parent":"lk7oh00uq9","x":942,"y":428,"tool":"Pencil"}]},"lk7oh01ten":{"type":"line","id":"lk7oh01ten","color":"#39cccc","size":10,"tool":"Pencil","time":1584000295386,"_children":[{"type":"child","parent":"lk7oh01ten","x":1099,"y":347,"tool":"Pencil"},{"type":"child","parent":"lk7oh01ten","x":1105,"y":347,"tool":"Pencil"}]},"lk7oh02hgh":{"type":"line","id":"lk7oh02hgh","color":"#39cccc","size":10,"tool":"Pencil","time":1584000296252,"_children":[{"type":"child","parent":"lk7oh02hgh","x":1156,"y":330,"tool":"Pencil"},{"type":"child","parent":"lk7oh02hgh","x":1157,"y":330,"tool":"Pencil"},{"type":"child","parent":"lk7oh02hgh","x":1163,"y":331,"tool":"Pencil"}]},"lk7oh03658":{"type":"line","id":"lk7oh03658","color":"#39cccc","size":10,"tool":"Pencil","time":1584000297142,"_children":[{"type":"child","parent":"lk7oh03658","x":1219,"y":372,"tool":"Pencil"},{"type":"child","parent":"lk7oh03658","x":1221,"y":372,"tool":"Pencil"}]},"lk7oh05a4w":{"type":"line","id":"lk7oh05a4w","color":"#39cccc","size":10,"tool":"Straight line","time":1584000299874,"_children":[{"type":"child","parent":"lk7oh05a4w","x":475,"y":203,"tool":"Straight line"}]},"sk7oh05a55":{"type":"straight","id":"sk7oh05a55","color":"#39cccc","size":10,"x":475,"y":203,"tool":"Straight line","time":1584000299878,"x2":476,"y2":203},"lk7oh068rj":{"type":"line","id":"lk7oh068rj","color":"#39cccc","size":10,"tool":"Straight line","time":1584000301121,"_children":[{"type":"child","parent":"lk7oh068rj","x":618,"y":270,"tool":"Straight line"}]},"sk7oh068tv":{"type":"straight","id":"sk7oh068tv","color":"#39cccc","size":10,"x":618,"y":270,"tool":"Straight line","time":1584000301125,"x2":622,"y2":270},"lk7oh06un7":{"type":"line","id":"lk7oh06un7","color":"#39cccc","size":10,"tool":"Straight line","time":1584000301909,"_children":[{"type":"child","parent":"lk7oh06un7","x":788,"y":268,"tool":"Straight line"},{"type":"child","parent":"lk7oh06un7","x":788,"y":268,"tool":"Straight line"}]},"sk7oh06uob":{"type":"straight","id":"sk7oh06uob","color":"#39cccc","size":10,"x":788,"y":268,"tool":"Straight line","time":1584000301913,"x2":788,"y2":268},"lk7oh0784w":{"type":"line","id":"lk7oh0784w","color":"#39cccc","size":10,"tool":"Straight line","time":1584000302394,"_children":[{"type":"child","parent":"lk7oh0784w","x":792,"y":267,"tool":"Straight line"}]},"sk7oh07853":{"type":"straight","id":"sk7oh07853","color":"#39cccc","size":10,"x":792,"y":267,"tool":"Straight line","time":1584000302397,"x2":792,"y2":267},"lk7oh07u9y":{"type":"line","id":"lk7oh07u9y","color":"#39cccc","size":10,"tool":"Straight line","time":1584000303191,"_children":[{"type":"child","parent":"lk7oh07u9y","x":818,"y":267,"tool":"Straight line"}]},"sk7oh07ub9":{"type":"straight","id":"sk7oh07ub9","color":"#39cccc","size":10,"x":818,"y":267,"tool":"Straight line","time":1584000303196,"x2":818,"y2":267},"lk7oh07z9r":{"type":"line","id":"lk7oh07z9r","color":"#39cccc","size":10,"tool":"Straight line","time":1584000303370,"_children":[{"type":"child","parent":"lk7oh07z9r","x":821,"y":267,"tool":"Straight line"}]},"sk7oh07za3":{"type":"straight","id":"sk7oh07za3","color":"#39cccc","size":10,"x":821,"y":267,"tool":"Straight line","time":1584000303373,"x2":821,"y2":267},"lk7oh083dp":{"type":"line","id":"lk7oh083dp","color":"#39cccc","size":10,"tool":"Straight line","time":1584000303518,"_children":[{"type":"child","parent":"lk7oh083dp","x":836,"y":267,"tool":"Straight line"},{"type":"child","parent":"lk7oh083dp","x":836,"y":267,"tool":"Straight line"}]},"sk7oh083ex":{"type":"straight","id":"sk7oh083ex","color":"#39cccc","size":10,"x":836,"y":267,"tool":"Straight line","time":1584000303521,"x2":836,"y2":267},"lk7oh0880e":{"type":"line","id":"lk7oh0880e","color":"#39cccc","size":10,"tool":"Straight line","time":1584000303687,"_children":[{"type":"child","parent":"lk7oh0880e","x":836,"y":267,"tool":"Straight line"}]},"sk7oh0882s":{"type":"straight","id":"sk7oh0882s","color":"#39cccc","size":10,"x":836,"y":267,"tool":"Straight line","time":1584000303688,"x2":836,"y2":267},"lk7oh09ugo":{"type":"line","id":"lk7oh09ugo","color":"#39cccc","size":10,"tool":"Rectangle","time":1584000305791,"_children":[{"type":"child","parent":"lk7oh09ugo","x":195,"y":136,"tool":"Rectangle"},{"type":"child","parent":"lk7oh09ugo","x":197,"y":136,"tool":"Rectangle"}]},"sk7oh09ui10":{"type":"straight","id":"sk7oh09ui10","color":"#39cccc","size":10,"x":195,"y":136,"tool":"Rectangle","time":1584000305801},"rk7oh09ui6":{"type":"rect","id":"rk7oh09ui6","color":"#39cccc","size":10,"x":195,"y":136,"x2":207,"y2":156,"tool":"Rectangle","time":1584000305801},"tk7oh22jvg":{"type":"new","id":"tk7oh22jvg","color":"#b10dc9","size":50,"x":413,"y":644.5,"tool":"Text","time":1584000389649},"tk7oh28fjt":{"type":"new","id":"tk7oh28fjt","color":"#b10dc9","size":50,"x":1087,"y":747.5,"tool":"Text","time":1584000397269},"tk7oh2g3pw":{"type":"new","id":"tk7oh2g3pw","color":"#4bbfbd","size":50,"x":225,"y":615.5,"tool":"Text","time":1584000407210,"txt":""},"tk7oh2jrls":{"type":"new","id":"tk7oh2jrls","color":"#4bbfbd","size":50,"x":362,"y":395.5,"tool":"Pencil","time":1584000411958},"lk7oh2jrnh":{"type":"line","id":"lk7oh2jrnh","color":"#4bbfbd","size":46,"tool":"Pencil","time":1584000411962,"_children":[{"type":"child","parent":"lk7oh2jrnh","x":362,"y":355,"tool":"Pencil"},{"type":"child","parent":"lk7oh2jrnh","x":363,"y":355,"tool":"Pencil"},{"type":"child","parent":"lk7oh2jrnh","x":386,"y":350,"tool":"Pencil"}]},"tk7oh2l1wu":{"type":"new","id":"tk7oh2l1wu","color":"#4bbfbd","size":50,"x":460,"y":394.5,"tool":"Pencil","time":1584000413625},"lk7oh2l1y9":{"type":"line","id":"lk7oh2l1y9","color":"#4bbfbd","size":46,"tool":"Pencil","time":1584000413627,"_children":[{"type":"child","parent":"lk7oh2l1y9","x":460,"y":354,"tool":"Pencil"},{"type":"child","parent":"lk7oh2l1y9","x":465,"y":354,"tool":"Pencil"},{"type":"child","parent":"lk7oh2l1y9","x":469,"y":354,"tool":"Pencil"},{"type":"child","parent":"lk7oh2l1y9","x":476,"y":354,"tool":"Pencil"},{"type":"child","parent":"lk7oh2l1y9","x":492,"y":354,"tool":"Pencil"}]},"tk7oh2m0wf":{"type":"new","id":"tk7oh2m0wf","color":"#4bbfbd","size":50,"x":705,"y":429.5,"tool":"Pencil","time":1584000414885},"lk7oh2m0xw":{"type":"line","id":"lk7oh2m0xw","color":"#4bbfbd","size":46,"tool":"Pencil","time":1584000414887,"_children":[{"type":"child","parent":"lk7oh2m0xw","x":705,"y":389,"tool":"Pencil"},{"type":"child","parent":"lk7oh2m0xw","x":709,"y":389,"tool":"Pencil"},{"type":"child","parent":"lk7oh2m0xw","x":729,"y":389,"tool":"Pencil"}]},"tk7oh2ms3k":{"type":"new","id":"tk7oh2ms3k","color":"#4bbfbd","size":50,"x":860,"y":408.5,"tool":"Pencil","time":1584000415864},"lk7oh2ms5g":{"type":"line","id":"lk7oh2ms5g","color":"#4bbfbd","size":46,"tool":"Pencil","time":1584000415866,"_children":[{"type":"child","parent":"lk7oh2ms5g","x":860,"y":368,"tool":"Pencil"},{"type":"child","parent":"lk7oh2ms5g","x":860,"y":368,"tool":"Pencil"}]},"tk7oh2nfu5":{"type":"new","id":"tk7oh2nfu5","color":"#4bbfbd","size":50,"x":912,"y":301.5,"tool":"Pencil","time":1584000416719},"lk7oh2nfw4":{"type":"line","id":"lk7oh2nfw4","color":"#4bbfbd","size":46,"tool":"Pencil","time":1584000416721,"_children":[{"type":"child","parent":"lk7oh2nfw4","x":912,"y":261,"tool":"Pencil"},{"type":"child","parent":"lk7oh2nfw4","x":912,"y":261,"tool":"Pencil"}]},"tk7oh2o1or":{"type":"new","id":"tk7oh2o1or","color":"#4bbfbd","size":50,"x":847,"y":231.5,"tool":"Pencil","time":1584000417506},"lk7oh2o1q8":{"type":"line","id":"lk7oh2o1q8","color":"#4bbfbd","size":46,"tool":"Pencil","time":1584000417507,"_children":[{"type":"child","parent":"lk7oh2o1q8","x":847,"y":191,"tool":"Pencil"},{"type":"child","parent":"lk7oh2o1q8","x":847,"y":191,"tool":"Pencil"}]},"tk7oh2pubu":{"type":"new","id":"tk7oh2pubu","color":"#4bbfbd","size":50,"x":289,"y":218.5,"tool":"Straight line","time":1584000419837},"lk7oh2pudv":{"type":"line","id":"lk7oh2pudv","color":"#4bbfbd","size":46,"tool":"Straight line","time":1584000419837,"_children":[{"type":"child","parent":"lk7oh2pudv","x":289,"y":178,"tool":"Straight line"},{"type":"child","parent":"lk7oh2pudv","x":291,"y":178,"tool":"Straight line"}]},"sk7oh2puei":{"type":"straight","id":"sk7oh2puei","color":"#4bbfbd","size":46,"x":289,"y":178,"tool":"Straight line","time":1584000419838,"x2":291,"y2":178}}