{"rk7vphb5te":{"type":"rect","id":"rk7vphb5te","color":"#111111","size":10,"x":263,"y":228,"x2":263,"y2":233,"tool":"Rectangle","time":1584438006512},"rk7vphfjd8":{"type":"rect","id":"rk7vphfjd8","color":"#111111","size":10,"x":53,"y":154,"x2":53,"y2":154,"tool":"Rectangle","time":1584438012181},"tk7vpm8wux":{"type":"new","id":"tk7vpm8wux","color":"#111111","size":22,"x":689,"y":386,"tool":"Text","time":1584438236880,"txt":"Bertholt Brecht"},"tk7vpmoa36":{"type":"new","id":"tk7vpmoa36","color":"#111111","size":22,"x":500,"y":179,"tool":"Text","time":1584438256795,"txt":""},"rk7vpmy5ba":{"type":"rect","id":"rk7vpmy5ba","color":"#111111","size":7,"x":546,"y":339,"x2":546,"y2":339,"tool":"Rectangle","time":1584438269585},"tk7vpp0f5k":{"type":"new","id":"tk7vpp0f5k","color":"#111111","size":22,"x":960,"y":263,"tool":"Text","time":1584438365844},"tk7vpp2fxi":{"type":"new","id":"tk7vpp2fxi","color":"#111111","size":22,"x":960,"y":260,"tool":"Text","time":1584438368464},"tk7vpp2kgn":{"type":"new","id":"tk7vpp2kgn","color":"#111111","size":22,"x":960,"y":260,"tool":"Text","time":1584438368626},"tk7vpp2ous":{"type":"new","id":"tk7vpp2ous","color":"#111111","size":22,"x":960,"y":261,"tool":"Text","time":1584438368784,"txt":"Kurzbiografie"},"rk7vppyfsl":{"type":"rect","id":"rk7vppyfsl","color":"#111111","size":7,"x":680,"y":340,"x2":846,"y2":420,"tool":"Rectangle","time":1584438409932},"tk7vpsjy83":{"type":"new","id":"tk7vpsjy83","color":"#111111","size":22,"x":938,"y":122,"tool":"Text","time":1584438531126,"txt":"geboren in Augsburg(1898)"},"tk7vptrfy10":{"type":"new","id":"tk7vptrfy10","color":"#111111","size":22,"x":938,"y":155,"tool":"Text","time":1584438587493,"txt":""},"tk7vptzupr":{"type":"new","id":"tk7vptzupr","color":"#111111","size":22,"x":940,"y":154,"tool":"Text","time":1584438598391},"tk7vpuk0h2":{"type":"new","id":"tk7vpuk0h2","color":"#111111","size":22,"x":938,"y":155,"tool":"Text","time":1584438624520,"txt":""},"tk7vpunpuu":{"type":"new","id":"tk7vpunpuu","color":"#111111","size":22,"x":938,"y":157,"tool":"Text","time":1584438629332,"txt":"gestorben in Berlin(1956)"},"tk7vpv96ht":{"type":"new","id":"tk7vpv96ht","color":"#111111","size":22,"x":938,"y":190,"tool":"Text","time":1584438657136},"tk7vpvgmsb":{"type":"new","id":"tk7vpvgmsb","color":"#111111","size":22,"x":938,"y":155,"tool":"Text","time":1584438666796,"txt":""},"tk7vq26n58":{"type":"new","id":"tk7vq26n58","color":"#111111","size":22,"x":1213,"y":206,"tool":"Text","time":1584438980450,"txt":"Ehefrau: Helene Weigel(Schauspielerin)"},"tk7vq2s2lm":{"type":"new","id":"tk7vq2s2lm","color":"#111111","size":22,"x":1213,"y":239,"tool":"Text","time":1584439008218,"txt":""},"tk7vq3vd7d":{"type":"new","id":"tk7vq3vd7d","color":"#111111","size":22,"x":1449,"y":210,"tool":"Text","time":1584439059146},"tk7vq49zps":{"type":"new","id":"tk7vq49zps","color":"#111111","size":22,"x":1213,"y":239,"tool":"Text","time":1584439078099,"txt":""},"tk7vq4of1u":{"type":"new","id":"tk7vq4of1u","color":"#111111","size":22,"x":261,"y":576,"tool":"Text","time":1584439096797},"tk7vq82zsc":{"type":"new","id":"tk7vq82zsc","color":"#111111","size":22,"x":744.8,"y":206.9,"tool":"Text","time":1584439255659,"txt":"Stückeschreiber"},"tk7vq8j9ic":{"type":"new","id":"tk7vq8j9ic","color":"#111111","size":22,"x":744.8,"y":239.9,"tool":"Text","time":1584439276744,"txt":""},"tk7vq9q8zp":{"type":"new","id":"tk7vq9q8zp","color":"#111111","size":22,"x":1153.1,"y":358.6,"tool":"Text","time":1584439332460,"txt":"studierte Medizin in München(bricht dies aber ab)"},"tk7vqdldbr":{"type":"new","id":"tk7vqdldbr","color":"#111111","size":22,"x":932.4,"y":565.5,"tool":"Text","time":1584439512758,"txt":"Theaterstücke"},"tk7vqdszjl":{"type":"new","id":"tk7vqdszjl","color":"#111111","size":22,"x":932.4,"y":598.5,"tool":"Text","time":1584439522629,"txt":""},"tk7vqlr6nz":{"type":"new","id":"tk7vqlr6nz","color":"#111111","size":22,"x":979.3,"y":467.6,"tool":"Text","time":1584439893549,"txt":"Trommeln in der Nacht(1922)"},"tk7vqmm60e":{"type":"new","id":"tk7vqmm60e","color":"#111111","size":22,"x":979.3,"y":500.6,"tool":"Text","time":1584439933702,"txt":""},"tk7vqn2fza":{"type":"new","id":"tk7vqn2fza","color":"#111111","size":22,"x":1195.9,"y":522.7,"tool":"Text","time":1584439954798,"txt":"Dreigroschenoper(1928)"},"tk7vqo23io":{"type":"new","id":"tk7vqo23io","color":"#111111","size":22,"x":1195.9,"y":555.7,"tool":"Text","time":1584440001005,"txt":""},"tk7vqpv0lf":{"type":"new","id":"tk7vqpv0lf","color":"#111111","size":22,"x":1191.7,"y":604.1,"tool":"Text","time":1584440085151,"txt":"Leben des Galilei"},"tk7vqqzzbi":{"type":"new","id":"tk7vqqzzbi","color":"#111111","size":22,"x":1191.7,"y":637.1,"tool":"Text","time":1584440138233,"txt":""},"tk7vqrg3hp":{"type":"new","id":"tk7vqrg3hp","color":"#111111","size":22,"x":1103.4,"y":674.4,"tool":"Text","time":1584440159120,"txt":"Mutter Courage und ihre Kinder"},"tk7vqs1ap6":{"type":"new","id":"tk7vqs1ap6","color":"#111111","size":22,"x":1103.4,"y":707.4,"tool":"Text","time":1584440186596,"txt":""},"tk7vqsefgl":{"type":"new","id":"tk7vqsefgl","color":"#111111","size":22,"x":929.7,"y":758.6,"tool":"Text","time":1584440203615,"txt":"Herr Puntila und sein Knecht Matti"},"tk7vqtdqua":{"type":"new","id":"tk7vqtdqua","color":"#111111","size":22,"x":929.7,"y":791.6,"tool":"Text","time":1584440249385,"txt":""},"tk7vquu3lg":{"type":"new","id":"tk7vquu3lg","color":"#111111","size":22,"x":700.7,"y":835.8,"tool":"Text","time":1584440317242,"txt":"Der aufhaltsame Aufstieg des Arturo Ui"},"tk7vqw3xkw":{"type":"new","id":"tk7vqw3xkw","color":"#111111","size":22,"x":700.7,"y":868.8,"tool":"Text","time":1584440376637,"txt":""},"tk7vqwn8ru":{"type":"new","id":"tk7vqwn8ru","color":"#111111","size":22,"x":594.5,"y":704.8,"tool":"Text","time":1584440401666,"txt":""},"tk7vqxyqtl":{"type":"new","id":"tk7vqxyqtl","color":"#111111","size":22,"x":576.6,"y":707.6,"tool":"Text","time":1584440463230,"txt":"Schweyk im Zweiten Weltkrieg"},"tk7vqyk309":{"type":"new","id":"tk7vqyk309","color":"#111111","size":22,"x":576.6,"y":740.6,"tool":"Text","time":1584440490884,"txt":""},"tk7vqyzf0q":{"type":"new","id":"tk7vqyzf0q","color":"#111111","size":22,"x":1306.2,"y":913.1,"tool":"Text","time":1584440510757,"txt":"geprägt durch seinen Widerstand gegen Hitler und den Nationalsozialismus"},"tk7vr0ghn1":{"type":"new","id":"tk7vr0ghn1","color":"#111111","size":22,"x":1306.2,"y":946.1,"tool":"Text","time":1584440579541,"txt":""},"tk7vr3qmjb":{"type":"new","id":"tk7vr3qmjb","color":"#111111","size":22,"x":346.2,"y":388.9,"tool":"Text","time":1584440732648,"txt":"Dramentheorie"},"tk7vr40k3l":{"type":"new","id":"tk7vr40k3l","color":"#111111","size":22,"x":346.2,"y":421.9,"tool":"Text","time":1584440745519,"txt":""},"tk7vr5qh7u":{"type":"new","id":"tk7vr5qh7u","color":"#111111","size":22,"x":441.4,"y":275.8,"tool":"Text","time":1584440825769,"txt":"Dialektisches Theater"},"tk7vr5y41g":{"type":"new","id":"tk7vr5y41g","color":"#111111","size":22,"x":441.4,"y":308.8,"tool":"Text","time":1584440835662,"txt":""},"tk7vr7bev9":{"type":"new","id":"tk7vr7bev9","color":"#111111","size":22,"x":246.9,"y":228.9,"tool":"Text","time":1584440899558,"txt":"Wissbegierde, Neugier erwecken"},"tk7vr7yszt":{"type":"new","id":"tk7vr7yszt","color":"#111111","size":22,"x":246.9,"y":261.9,"tool":"Text","time":1584440929875,"txt":""},"tk7vr9g8cs":{"type":"new","id":"tk7vr9g8cs","color":"#111111","size":22,"x":100.7,"y":331,"tool":"Text","time":1584440999116,"txt":"Veränderungen bewirken"},"tk7vr9njpi":{"type":"new","id":"tk7vr9njpi","color":"#111111","size":22,"x":100.7,"y":364,"tool":"Text","time":1584441008598,"txt":""},"tk7vrdf27s":{"type":"new","id":"tk7vrdf27s","color":"#111111","size":22,"x":485.5,"y":478.6,"tool":"Text","time":1584441184231,"txt":"zur Rolle Distanz halten"},"tk7vrdszpr":{"type":"new","id":"tk7vrdszpr","color":"#111111","size":22,"x":485.5,"y":511.6,"tool":"Text","time":1584441202284,"txt":""},"tk7vre2hz4":{"type":"new","id":"tk7vre2hz4","color":"#111111","size":22,"x":132.4,"y":493.8,"tool":"Text","time":1584441214607,"txt":"Verfremdungseffekte"},"tk7vrecelg":{"type":"new","id":"tk7vrecelg","color":"#111111","size":22,"x":132.4,"y":526.8,"tool":"Text","time":1584441227442,"txt":""},"tk7vrexbw8":{"type":"new","id":"tk7vrexbw8","color":"#111111","size":22,"x":451,"y":550.3,"tool":"Text","time":1584441254562,"txt":"Kommentare eines Erzählers,Chores"},"tk7vrfcrew":{"type":"new","id":"tk7vrfcrew","color":"#111111","size":22,"x":451,"y":583.3,"tool":"Text","time":1584441274560,"txt":""},"tk7vrfni8z":{"type":"new","id":"tk7vrfni8z","color":"#111111","size":22,"x":371,"y":615.1,"tool":"Text","time":1584441288487,"txt":""},"tk7vrgaj8f":{"type":"new","id":"tk7vrgaj8f","color":"#111111","size":22,"x":449.7,"y":583.4,"tool":"Text","time":1584441318332,"txt":"oder eines Darstellers"},"tk7vrh493k":{"type":"new","id":"tk7vrh493k","color":"#111111","size":22,"x":449.7,"y":616.4,"tool":"Text","time":1584441356847,"txt":""},"tk7vrhbab0":{"type":"new","id":"tk7vrhbab0","color":"#111111","size":22,"x":347.6,"y":648.2,"tool":"Text","time":1584441365971,"txt":"Spruchbänder, Plakate, "},"tk7vri2r2p":{"type":"new","id":"tk7vri2r2p","color":"#111111","size":22,"x":347.6,"y":681.2,"tool":"Text","time":1584441401562,"txt":""},"tk7vri5kc6":{"type":"new","id":"tk7vri5kc6","color":"#111111","size":22,"x":347.6,"y":680,"tool":"Text","time":1584441405206,"txt":"Masken, Kostüme,"},"tk7vril6l7":{"type":"new","id":"tk7vril6l7","color":"#111111","size":22,"x":347.6,"y":713,"tool":"Text","time":1584441425446,"txt":""},"tk7vriqdwf":{"type":"new","id":"tk7vriqdwf","color":"#111111","size":22,"x":346.2,"y":708.9,"tool":"Text","time":1584441432197,"txt":"Projektionen"},"tk7vriztz1":{"type":"new","id":"tk7vriztz1","color":"#111111","size":22,"x":346.2,"y":741.9,"tool":"Text","time":1584441444432,"txt":""},"tk7vrjz7hd":{"type":"new","id":"tk7vrjz7hd","color":"#111111","size":22,"x":180.7,"y":808.1,"tool":"Text","time":1584441490278,"txt":""},"tk7vrkn3tm":{"type":"new","id":"tk7vrkn3tm","color":"#111111","size":22,"x":280,"y":769.6,"tool":"Text","time":1584441521252,"txt":"Liedeinlagen, Songs, Musik"},"tk7vrkyr86":{"type":"new","id":"tk7vrkyr86","color":"#111111","size":22,"x":280,"y":802.6,"tool":"Text","time":1584441536351,"txt":""},"tk7vrl996i":{"type":"new","id":"tk7vrl996i","color":"#111111","size":22,"x":184.8,"y":826.2,"tool":"Text","time":1584441549958,"txt":"Gestische Sprache"},"tk7vrlida7":{"type":"new","id":"tk7vrlida7","color":"#111111","size":22,"x":184.8,"y":859.2,"tool":"Text","time":1584441561769,"txt":""},"tk7vrmapor":{"type":"new","id":"tk7vrmapor","color":"#111111","size":22,"x":55.2,"y":721.3,"tool":"Text","time":1584441598505,"txt":""},"tk7vrmkq0d":{"type":"new","id":"tk7vrmkq0d","color":"#111111","size":22,"x":75.9,"y":720,"tool":"Text","time":1584441611476,"txt":"Offenheit,"},"tk7vrmrlty":{"type":"new","id":"tk7vrmrlty","color":"#111111","size":22,"x":75.9,"y":753,"tool":"Text","time":1584441620396,"txt":""},"tk7vrmw1n5":{"type":"new","id":"tk7vrmw1n5","color":"#111111","size":22,"x":95.2,"y":744.8,"tool":"Text","time":1584441626153,"txt":"Transparenz"},"tk7vrn3tvx":{"type":"new","id":"tk7vrn3tvx","color":"#111111","size":22,"x":95.2,"y":777.8,"tool":"Text","time":1584441636239,"txt":""},"tk7vrnqv3b":{"type":"new","id":"tk7vrnqv3b","color":"#111111","size":22,"x":675.9,"y":44.1,"tool":"Text","time":1584441666092,"txt":"Mindmap"},"tk7vrnxr3y":{"type":"new","id":"tk7vrnxr3y","color":"#111111","size":22,"x":675.9,"y":77.1,"tool":"Text","time":1584441675020,"txt":""},"sk7vroaezh":{"type":"straight","id":"sk7vroaezh","color":"#111111","size":7,"x":674.5,"y":53.8,"tool":"Straight line","time":1584441691433,"x2":765.5172413793102,"y2":53.79310344827586},"sk7vrqyu4y":{"type":"straight","id":"sk7vrqyu4y","color":"#0000a0","size":7,"x":844.1,"y":336.6,"tool":"Straight line","time":1584441816396,"x2":954.4827586206895,"y2":273.10344827586204},"sk7vrr2tpb":{"type":"straight","id":"sk7vrr2tpb","color":"#0000a0","size":7,"x":954.5,"y":273.1,"tool":"Straight line","time":1584441821566,"x2":1092.4137931034481,"y2":271.7241379310345},"sk7vrr930h":{"type":"straight","id":"sk7vrr930h","color":"#0000a0","size":7,"x":954.5,"y":245.5,"tool":"Straight line","time":1584441829676,"x2":879.9999999999999,"y2":213.79310344827584},"sk7vrrcyqd":{"type":"straight","id":"sk7vrrcyqd","color":"#0000a0","size":7,"x":1015.2,"y":240,"tool":"Straight line","time":1584441834707,"x2":1015.1724137931034,"y2":164.13793103448273},"sk7vrri179":{"type":"straight","id":"sk7vrri179","color":"#0000a0","size":7,"x":1081.4,"y":240,"tool":"Straight line","time":1584441841275,"x2":1205.5172413793102,"y2":201.37931034482756},"sk7vrrljjg":{"type":"straight","id":"sk7vrrljjg","color":"#0000a0","size":7,"x":1078.6,"y":286.9,"tool":"Straight line","time":1584441845823,"x2":1153.1034482758619,"y2":339.31034482758616},"sk7vrsnhgo":{"type":"straight","id":"sk7vrsnhgo","color":"#800040","size":7,"x":846.9,"y":419.3,"tool":"Straight line","time":1584441894998,"x2":928.2758620689654,"y2":576.5517241379309},"sk7vrsrgyd":{"type":"straight","id":"sk7vrsrgyd","color":"#800040","size":7,"x":928.3,"y":576.6,"tool":"Straight line","time":1584441900163,"x2":1073.1034482758619,"y2":575.1724137931034},"sk7vrsw6qd":{"type":"straight","id":"sk7vrsw6qd","color":"#800040","size":7,"x":995.9,"y":542.1,"tool":"Straight line","time":1584441906275,"x2":1026.206896551724,"y2":475.8620689655172},"sk7vrsz182":{"type":"straight","id":"sk7vrsz182","color":"#800040","size":7,"x":1042.8,"y":543.4,"tool":"Straight line","time":1584441909966,"x2":1191.7241379310344,"y2":519.9999999999999},"sk7vrtagbi":{"type":"straight","id":"sk7vrtagbi","color":"#800040","size":7,"x":1084.1,"y":571,"tool":"Straight line","time":1584441924764,"x2":1183.4482758620688,"y2":595.8620689655172},"sk7vrtd3dj":{"type":"straight","id":"sk7vrtd3dj","color":"#800040","size":7,"x":1062.1,"y":587.6,"tool":"Straight line","time":1584441928186,"x2":1136.551724137931,"y2":653.7931034482758},"sk7vrtfohb":{"type":"straight","id":"sk7vrtfohb","color":"#800040","size":7,"x":1023.4,"y":586.2,"tool":"Straight line","time":1584441931539,"x2":1055.1724137931033,"y2":737.9310344827585},"sk7vrtig5d":{"type":"straight","id":"sk7vrtig5d","color":"#800040","size":7,"x":957.2,"y":589,"tool":"Straight line","time":1584441935126,"x2":871.7241379310344,"y2":811.0344827586206},"sk7vrtlbu6":{"type":"straight","id":"sk7vrtlbu6","color":"#800040","size":7,"x":920,"y":579.3,"tool":"Straight line","time":1584441938859,"x2":771.0344827586206,"y2":681.3793103448276},"sk7vrub9uq":{"type":"straight","id":"sk7vrub9uq","color":"#800040","size":7,"x":1354.5,"y":611,"tool":"Straight line","time":1584441972484,"x2":1710.3448275862067,"y2":888.2758620689654},"sk7vrui0z5":{"type":"straight","id":"sk7vrui0z5","color":"#800040","size":7,"x":1332.4,"y":681.4,"tool":"Straight line","time":1584441981237,"x2":1714.4827586206895,"y2":889.655172413793},"sk7vrunx8a":{"type":"straight","id":"sk7vrunx8a","color":"#800040","size":7,"x":1251,"y":775.2,"tool":"Straight line","time":1584441988881,"x2":1715.862068965517,"y2":889.655172413793},"sk7vrutpml":{"type":"straight","id":"sk7vrutpml","color":"#800040","size":7,"x":1033.1,"y":846.9,"tool":"Straight line","time":1584441996382,"x2":1715.862068965517,"y2":889.655172413793},"sk7vrv0m3n":{"type":"straight","id":"sk7vrv0m3n","color":"#800040","size":7,"x":655.2,"y":724.1,"tool":"Straight line","time":1584442005325,"x2":655.1724137931034,"y2":864.8275862068964},"sk7vrv6eab":{"type":"straight","id":"sk7vrv6eab","color":"#800040","size":7,"x":655.2,"y":864.8,"tool":"Straight line","time":1584442012822,"x2":1713.1034482758619,"y2":888.2758620689654},"sk7vrxlpdn":{"type":"straight","id":"sk7vrxlpdn","color":"#d94600","size":7,"x":677.2,"y":422.1,"tool":"Straight line","time":1584442125974,"x2":493.7931034482758,"y2":401.37931034482756},"sk7vrxql3t":{"type":"straight","id":"sk7vrxql3t","color":"#d94600","size":7,"x":493.8,"y":401.4,"tool":"Straight line","time":1584442132299,"x2":344.8275862068965,"y2":401.37931034482756},"sk7vrxx013":{"type":"straight","id":"sk7vrxx013","color":"#d94600","size":7,"x":469,"y":365.5,"tool":"Straight line","time":1584442140614,"x2":504.8275862068965,"y2":284.13793103448273},"sk7vry1jzh":{"type":"straight","id":"sk7vry1jzh","color":"#d94600","size":7,"x":417.9,"y":365.5,"tool":"Straight line","time":1584442146516,"x2":369.6551724137931,"y2":238.62068965517238},"sk7vry4e1k":{"type":"straight","id":"sk7vry4e1k","color":"#d94600","size":7,"x":347.6,"y":368.3,"tool":"Straight line","time":1584442150190,"x2":286.8965517241379,"y2":339.31034482758616},"sk7vry76po":{"type":"straight","id":"sk7vry76po","color":"#d94600","size":7,"x":354.5,"y":416.6,"tool":"Straight line","time":1584442153815,"x2":273.10344827586204,"y2":471.7241379310344},"sk7vryay0f":{"type":"straight","id":"sk7vryay0f","color":"#d94600","size":7,"x":459.3,"y":413.8,"tool":"Straight line","time":1584442158685,"x2":526.8965517241379,"y2":457.93103448275855},"sk7vrz14gt":{"type":"straight","id":"sk7vrz14gt","color":"#d94600","size":7,"x":335.2,"y":500.7,"tool":"Straight line","time":1584442192615,"x2":446.89655172413785,"y2":543.448275862069},"sk7vrz3sqy":{"type":"straight","id":"sk7vrz3sqy","color":"#d94600","size":7,"x":286.9,"y":504.8,"tool":"Straight line","time":1584442196080,"x2":350.34482758620686,"y2":626.2068965517241},"sk7vrz6zht":{"type":"straight","id":"sk7vrz6zht","color":"#d94600","size":7,"x":238.6,"y":503.4,"tool":"Straight line","time":1584442200212,"x2":315.8620689655172,"y2":746.2068965517241},"sk7vrzc133":{"type":"straight","id":"sk7vrzc133","color":"#d94600","size":7,"x":193.1,"y":504.8,"tool":"Straight line","time":1584442206753,"x2":246.8965517241379,"y2":791.7241379310344},"sk7vrzdzqc":{"type":"straight","id":"sk7vrzdzqc","color":"#d94600","size":7,"x":245.5,"y":791.7,"tool":"Straight line","time":1584442209292,"x2":248.2758620689655,"y2":806.8965517241378},"sk7vrzlnad":{"type":"straight","id":"sk7vrzlnad","color":"#d94600","size":7,"x":150.3,"y":503.4,"tool":"Straight line","time":1584442219213,"x2":121.37931034482757,"y2":697.9310344827585}}