{"tjqrvh5cvi":{"type":"new","id":"tjqrvh5cvi","color":"#2ecc40","size":27,"x":413.6,"y":590.6,"tool":"Text","time":1547200913680},"ljqrvh8d1e":{"type":"line","id":"ljqrvh8d1e","color":"#2ecc40","size":10,"tool":"Pencil","time":1547200917568,"_children":[{"type":"child","parent":"ljqrvh8d1e","x":461.6,"y":591.9,"tool":"Pencil"},{"type":"child","parent":"ljqrvh8d1e","x":482.7,"y":616.1,"tool":"Pencil"},{"type":"child","parent":"ljqrvh8d1e","x":492.8,"y":662.5,"tool":"Pencil"},{"type":"child","parent":"ljqrvh8d1e","x":478,"y":692.2,"tool":"Pencil"},{"type":"child","parent":"ljqrvh8d1e","x":440.9,"y":703.1,"tool":"Pencil"},{"type":"child","parent":"ljqrvh8d1e","x":395.6,"y":685.6,"tool":"Pencil"},{"type":"child","parent":"ljqrvh8d1e","x":380.8,"y":627,"tool":"Pencil"},{"type":"child","parent":"ljqrvh8d1e","x":421.8,"y":599.7,"tool":"Pencil"},{"type":"child","parent":"ljqrvh8d1e","x":462.8,"y":596.2,"tool":"Pencil"},{"type":"child","parent":"ljqrvh8d1e","x":470.2,"y":596.2,"tool":"Pencil"}]},"ljqrvhaa6f":{"type":"line","id":"ljqrvhaa6f","color":"#2ecc40","size":10,"tool":"Pencil","time":1547200920062,"_children":[{"type":"child","parent":"ljqrvhaa6f","x":456.9,"y":592.7,"tool":"Pencil"},{"type":"child","parent":"ljqrvhaa6f","x":458.5,"y":592.7,"tool":"Pencil"},{"type":"child","parent":"ljqrvhaa6f","x":478.8,"y":581.8,"tool":"Pencil"},{"type":"child","parent":"ljqrvhaa6f","x":515.4,"y":579,"tool":"Pencil"},{"type":"child","parent":"ljqrvhaa6f","x":551.7,"y":596.6,"tool":"Pencil"},{"type":"child","parent":"ljqrvhaa6f","x":576.3,"y":615.3,"tool":"Pencil"},{"type":"child","parent":"ljqrvhaa6f","x":596.6,"y":646.1,"tool":"Pencil"},{"type":"child","parent":"ljqrvhaa6f","x":598.9,"y":674.6,"tool":"Pencil"},{"type":"child","parent":"ljqrvhaa6f","x":578.3,"y":695.3,"tool":"Pencil"},{"type":"child","parent":"ljqrvhaa6f","x":545.5,"y":703.5,"tool":"Pencil"},{"type":"child","parent":"ljqrvhaa6f","x":516.2,"y":705.5,"tool":"Pencil"},{"type":"child","parent":"ljqrvhaa6f","x":492.4,"y":704.7,"tool":"Pencil"},{"type":"child","parent":"ljqrvhaa6f","x":474.9,"y":700,"tool":"Pencil"},{"type":"child","parent":"ljqrvhaa6f","x":465.9,"y":699.2,"tool":"Pencil"}]},"ljqrvhc10y":{"type":"line","id":"ljqrvhc10y","color":"#2ecc40","size":10,"tool":"Pencil","time":1547200922311,"_children":[{"type":"child","parent":"ljqrvhc10y","x":467.8,"y":591.5,"tool":"Pencil"},{"type":"child","parent":"ljqrvhc10y","x":468.2,"y":592.3,"tool":"Pencil"},{"type":"child","parent":"ljqrvhc10y","x":519.3,"y":599.3,"tool":"Pencil"},{"type":"child","parent":"ljqrvhc10y","x":538.8,"y":601.7,"tool":"Pencil"},{"type":"child","parent":"ljqrvhc10y","x":562.6,"y":611,"tool":"Pencil"},{"type":"child","parent":"ljqrvhc10y","x":587.2,"y":630.5,"tool":"Pencil"},{"type":"child","parent":"ljqrvhc10y","x":602.4,"y":647.7,"tool":"Pencil"},{"type":"child","parent":"ljqrvhc10y","x":606.7,"y":669.6,"tool":"Pencil"},{"type":"child","parent":"ljqrvhc10y","x":603.2,"y":681.7,"tool":"Pencil"},{"type":"child","parent":"ljqrvhc10y","x":575.1,"y":682.8,"tool":"Pencil"}]}}