{"ljp1gg3fja":{"type":"line","id":"ljp1gg3fja","color":"#1913b0","size":"10","tool":"Pencil","_children":[{"type":"child","parent":"ljp1gg3fja","x":504,"y":102,"tool":"Pencil"},{"type":"child","parent":"ljp1gg3fja","x":503,"y":102,"tool":"Pencil"},{"type":"child","parent":"ljp1gg3fja","x":483,"y":109,"tool":"Pencil"},{"type":"child","parent":"ljp1gg3fja","x":463,"y":124,"tool":"Pencil"},{"type":"child","parent":"ljp1gg3fja","x":453,"y":146,"tool":"Pencil"},{"type":"child","parent":"ljp1gg3fja","x":464,"y":173,"tool":"Pencil"},{"type":"child","parent":"ljp1gg3fja","x":473,"y":180,"tool":"Pencil"},{"type":"child","parent":"ljp1gg3fja","x":487,"y":178,"tool":"Pencil"},{"type":"child","parent":"ljp1gg3fja","x":549,"y":156,"tool":"Pencil"},{"type":"child","parent":"ljp1gg3fja","x":570,"y":153,"tool":"Pencil"},{"type":"child","parent":"ljp1gg3fja","x":612,"y":175,"tool":"Pencil"},{"type":"child","parent":"ljp1gg3fja","x":611,"y":210,"tool":"Pencil"},{"type":"child","parent":"ljp1gg3fja","x":574,"y":236,"tool":"Pencil"},{"type":"child","parent":"ljp1gg3fja","x":516,"y":271,"tool":"Pencil"},{"type":"child","parent":"ljp1gg3fja","x":501,"y":327,"tool":"Pencil"},{"type":"child","parent":"ljp1gg3fja","x":529,"y":376,"tool":"Pencil"},{"type":"child","parent":"ljp1gg3fja","x":599,"y":390,"tool":"Pencil"},{"type":"child","parent":"ljp1gg3fja","x":738,"y":350,"tool":"Pencil"},{"type":"child","parent":"ljp1gg3fja","x":833,"y":263,"tool":"Pencil"},{"type":"child","parent":"ljp1gg3fja","x":840,"y":258,"tool":"Pencil"}]},"sjp1gg8ng8":{"type":"straight","id":"sjp1gg8ng8","color":"#1913b0","size":"10","x":358,"y":229,"tool":"Straight line","x2":251,"y2":333},"sjp1ggak7x":{"type":"straight","id":"sjp1ggak7x","color":"#1913b0","size":"10","x":249,"y":336,"tool":"Straight line","x2":347,"y2":440},"sjp1ggbpth":{"type":"straight","id":"sjp1ggbpth","color":"#1913b0","size":"10","x":348,"y":440,"tool":"Straight line","x2":344,"y2":406},"sjp1ggc7l6":{"type":"straight","id":"sjp1ggc7l6","color":"#1913b0","size":"10","x":349,"y":437,"tool":"Straight line","x2":324,"y2":437},"rjp1gge37t":{"type":"rect","id":"rjp1gge37t","color":"#1913b0","size":"10","x":1138,"y":230,"x2":942,"y2":467,"tool":"Rectangle"}}