{"ljqrgjc7gk":{"type":"line","id":"ljqrgjc7gk","color":"#ff0000","size":10,"tool":"Pencil","time":1547175822312,"_children":[{"type":"child","parent":"ljqrgjc7gk","x":724,"y":169,"tool":"Pencil"},{"type":"child","parent":"ljqrgjc7gk","x":724,"y":193,"tool":"Pencil"},{"type":"child","parent":"ljqrgjc7gk","x":784,"y":255,"tool":"Pencil"},{"type":"child","parent":"ljqrgjc7gk","x":895,"y":254,"tool":"Pencil"},{"type":"child","parent":"ljqrgjc7gk","x":919,"y":249,"tool":"Pencil"},{"type":"child","parent":"ljqrgjc7gk","x":921,"y":247,"tool":"Pencil"}]},"ljqrgjcz07":{"type":"line","id":"ljqrgjcz07","color":"#ff0000","size":10,"tool":"Pencil","time":1547175823304,"_children":[{"type":"child","parent":"ljqrgjcz07","x":821,"y":183,"tool":"Pencil"},{"type":"child","parent":"ljqrgjcz07","x":832,"y":233,"tool":"Pencil"},{"type":"child","parent":"ljqrgjcz07","x":821,"y":350,"tool":"Pencil"},{"type":"child","parent":"ljqrgjcz07","x":810,"y":359,"tool":"Pencil"},{"type":"child","parent":"ljqrgjcz07","x":784,"y":350,"tool":"Pencil"},{"type":"child","parent":"ljqrgjcz07","x":756,"y":332,"tool":"Pencil"},{"type":"child","parent":"ljqrgjcz07","x":744,"y":320,"tool":"Pencil"},{"type":"child","parent":"ljqrgjcz07","x":774,"y":304,"tool":"Pencil"},{"type":"child","parent":"ljqrgjcz07","x":928,"y":304,"tool":"Pencil"},{"type":"child","parent":"ljqrgjcz07","x":961,"y":304,"tool":"Pencil"}]},"ljqrgje9wy":{"type":"line","id":"ljqrgje9wy","color":"#ff0000","size":10,"tool":"Pencil","time":1547175824992,"_children":[{"type":"child","parent":"ljqrgje9wy","x":705,"y":425,"tool":"Pencil"},{"type":"child","parent":"ljqrgje9wy","x":807,"y":425,"tool":"Pencil"},{"type":"child","parent":"ljqrgje9wy","x":939,"y":425,"tool":"Pencil"},{"type":"child","parent":"ljqrgje9wy","x":940,"y":425,"tool":"Pencil"}]},"ljqrgjnzmp":{"type":"line","id":"ljqrgjnzmp","color":"#ff0000","size":10,"tool":"Pencil","time":1547175837585,"_children":[{"type":"child","parent":"ljqrgjnzmp","x":1428,"y":165,"tool":"Pencil"},{"type":"child","parent":"ljqrgjnzmp","x":1481,"y":176,"tool":"Pencil"},{"type":"child","parent":"ljqrgjnzmp","x":1611,"y":173,"tool":"Pencil"},{"type":"child","parent":"ljqrgjnzmp","x":1633,"y":169,"tool":"Pencil"}]},"ljqrgjvez7":{"type":"line","id":"ljqrgjvez7","color":"#ff0000","size":10,"tool":"Pencil","time":1547175847208,"_children":[{"type":"child","parent":"ljqrgjvez7","x":1245,"y":382,"tool":"Pencil"},{"type":"child","parent":"ljqrgjvez7","x":1312,"y":374,"tool":"Pencil"},{"type":"child","parent":"ljqrgjvez7","x":1483,"y":311,"tool":"Pencil"},{"type":"child","parent":"ljqrgjvez7","x":1521,"y":284,"tool":"Pencil"}]},"ljqrgjx19g":{"type":"line","id":"ljqrgjx19g","color":"#ff0000","size":10,"tool":"Pencil","time":1547175849344,"_children":[{"type":"child","parent":"ljqrgjx19g","x":1326,"y":187,"tool":"Pencil"},{"type":"child","parent":"ljqrgjx19g","x":1408,"y":308,"tool":"Pencil"},{"type":"child","parent":"ljqrgjx19g","x":1499,"y":467,"tool":"Pencil"},{"type":"child","parent":"ljqrgjx19g","x":1510,"y":490,"tool":"Pencil"}]},"ljqrgjzqld":{"type":"line","id":"ljqrgjzqld","color":"#ff0000","size":10,"tool":"Pencil","time":1547175852811,"_children":[{"type":"child","parent":"ljqrgjzqld","x":811,"y":498,"tool":"Pencil"},{"type":"child","parent":"ljqrgjzqld","x":848,"y":495,"tool":"Pencil"},{"type":"child","parent":"ljqrgjzqld","x":1289,"y":495,"tool":"Pencil"},{"type":"child","parent":"ljqrgjzqld","x":1486,"y":474,"tool":"Pencil"},{"type":"child","parent":"ljqrgjzqld","x":1455,"y":359,"tool":"Pencil"},{"type":"child","parent":"ljqrgjzqld","x":1260,"y":135,"tool":"Pencil"},{"type":"child","parent":"ljqrgjzqld","x":1137,"y":123,"tool":"Pencil"},{"type":"child","parent":"ljqrgjzqld","x":1101,"y":519,"tool":"Pencil"},{"type":"child","parent":"ljqrgjzqld","x":1233,"y":716,"tool":"Pencil"},{"type":"child","parent":"ljqrgjzqld","x":1238,"y":724,"tool":"Pencil"}]},"ljqrgk5yu1":{"type":"line","id":"ljqrgk5yu1","color":"#ff0000","size":10,"tool":"Pencil","time":1547175860884,"_children":[{"type":"child","parent":"ljqrgk5yu1","x":890,"y":81,"tool":"Pencil"},{"type":"child","parent":"ljqrgk5yu1","x":974,"y":126,"tool":"Pencil"},{"type":"child","parent":"ljqrgk5yu1","x":1031,"y":150,"tool":"Pencil"},{"type":"child","parent":"ljqrgk5yu1","x":1033,"y":150,"tool":"Pencil"},{"type":"child","parent":"ljqrgk5yu1","x":1054,"y":151,"tool":"Pencil"},{"type":"child","parent":"ljqrgk5yu1","x":1074,"y":151,"tool":"Pencil"}]}}