{"ljp2feke1u":{"type":"line","id":"ljp2feke1u","color":"#1913b0","size":10,"tool":"Pencil","_children":[{"type":"child","parent":"ljp2feke1u","x":142,"y":322,"tool":"Pencil"},{"type":"child","parent":"ljp2feke1u","x":143,"y":321,"tool":"Pencil"}]},"tjp2fenbwf":{"type":"new","id":"tjp2fenbwf","color":"#1913b0","size":27,"x":143,"y":104,"tool":"Text","txt":"Blabla "},"tjp2ferswq":{"type":"new","id":"tjp2ferswq","color":"#1913b0","size":27,"x":282,"y":197,"tool":"Text","txt":""},"tjp2fgrqed":{"type":"new","id":"tjp2fgrqed","color":"#1913b0","size":27,"x":105,"y":141,"tool":"Text"},"sjp2fh4yxu":{"type":"straight","id":"sjp2fh4yxu","color":"#1913b0","size":10,"x":68,"y":213,"tool":"Straight line","x2":173,"y2":385},"sjp2fh5u810":{"type":"straight","id":"sjp2fh5u810","color":"#1913b0","size":10,"x":207,"y":284,"tool":"Straight line","x2":203,"y2":283},"sjp2fh69tv":{"type":"straight","id":"sjp2fh69tv","color":"#1913b0","size":10,"x":218,"y":124,"tool":"Straight line","x2":278,"y2":250},"sjp2fh6ujd":{"type":"straight","id":"sjp2fh6ujd","color":"#1913b0","size":10,"x":240,"y":303,"tool":"Straight line","x2":175,"y2":263},"rjp2fhe972":{"type":"rect","id":"rjp2fhe972","color":"#1913b0","size":10,"x":110,"y":155,"x2":229,"y2":317,"tool":"Rectangle"}}