{"ljp585879r":{"type":"line","id":"ljp585879r","color":"#F012BE","size":10,"tool":"Pencil","time":1543654687960,"_children":[{"type":"child","parent":"ljp585879r","x":273,"y":138,"tool":"Pencil"},{"type":"child","parent":"ljp585879r","x":258,"y":175,"tool":"Pencil"},{"type":"child","parent":"ljp585879r","x":241,"y":249,"tool":"Pencil"},{"type":"child","parent":"ljp585879r","x":240,"y":283,"tool":"Pencil"},{"type":"child","parent":"ljp585879r","x":258,"y":251,"tool":"Pencil"},{"type":"child","parent":"ljp585879r","x":280,"y":227,"tool":"Pencil"},{"type":"child","parent":"ljp585879r","x":315,"y":225,"tool":"Pencil"},{"type":"child","parent":"ljp585879r","x":335,"y":234,"tool":"Pencil"},{"type":"child","parent":"ljp585879r","x":265,"y":274,"tool":"Pencil"},{"type":"child","parent":"ljp585879r","x":197,"y":325,"tool":"Pencil"},{"type":"child","parent":"ljp585879r","x":190,"y":340,"tool":"Pencil"}]},"ljp5oc3a6k":{"type":"line","id":"ljp5oc3a6k","color":"#FF851B","size":10,"tool":"Pencil","time":1543681881986,"_children":[{"type":"child","parent":"ljp5oc3a6k","x":248,"y":389,"tool":"Pencil"},{"type":"child","parent":"ljp5oc3a6k","x":247,"y":419,"tool":"Pencil"},{"type":"child","parent":"ljp5oc3a6k","x":248,"y":439,"tool":"Pencil"},{"type":"child","parent":"ljp5oc3a6k","x":253,"y":432,"tool":"Pencil"},{"type":"child","parent":"ljp5oc3a6k","x":262,"y":400,"tool":"Pencil"},{"type":"child","parent":"ljp5oc3a6k","x":282,"y":366,"tool":"Pencil"},{"type":"child","parent":"ljp5oc3a6k","x":301,"y":337,"tool":"Pencil"},{"type":"child","parent":"ljp5oc3a6k","x":310,"y":292,"tool":"Pencil"},{"type":"child","parent":"ljp5oc3a6k","x":315,"y":262,"tool":"Pencil"},{"type":"child","parent":"ljp5oc3a6k","x":319,"y":235,"tool":"Pencil"},{"type":"child","parent":"ljp5oc3a6k","x":321,"y":212,"tool":"Pencil"},{"type":"child","parent":"ljp5oc3a6k","x":322,"y":189,"tool":"Pencil"},{"type":"child","parent":"ljp5oc3a6k","x":321,"y":178,"tool":"Pencil"},{"type":"child","parent":"ljp5oc3a6k","x":308,"y":175,"tool":"Pencil"},{"type":"child","parent":"ljp5oc3a6k","x":258,"y":213,"tool":"Pencil"},{"type":"child","parent":"ljp5oc3a6k","x":204,"y":283,"tool":"Pencil"},{"type":"child","parent":"ljp5oc3a6k","x":184,"y":349,"tool":"Pencil"},{"type":"child","parent":"ljp5oc3a6k","x":179,"y":382,"tool":"Pencil"},{"type":"child","parent":"ljp5oc3a6k","x":169,"y":404,"tool":"Pencil"},{"type":"child","parent":"ljp5oc3a6k","x":164,"y":418,"tool":"Pencil"}]},"ljp5oc54qv":{"type":"line","id":"ljp5oc54qv","color":"#FF851B","size":10,"tool":"Pencil","time":1543681884384,"_children":[{"type":"child","parent":"ljp5oc54qv","x":255,"y":483,"tool":"Pencil"},{"type":"child","parent":"ljp5oc54qv","x":249,"y":487,"tool":"Pencil"},{"type":"child","parent":"ljp5oc54qv","x":237,"y":482,"tool":"Pencil"},{"type":"child","parent":"ljp5oc54qv","x":239,"y":460,"tool":"Pencil"},{"type":"child","parent":"ljp5oc54qv","x":279,"y":416,"tool":"Pencil"},{"type":"child","parent":"ljp5oc54qv","x":316,"y":363,"tool":"Pencil"},{"type":"child","parent":"ljp5oc54qv","x":323,"y":320,"tool":"Pencil"},{"type":"child","parent":"ljp5oc54qv","x":332,"y":268,"tool":"Pencil"},{"type":"child","parent":"ljp5oc54qv","x":338,"y":230,"tool":"Pencil"},{"type":"child","parent":"ljp5oc54qv","x":347,"y":190,"tool":"Pencil"},{"type":"child","parent":"ljp5oc54qv","x":350,"y":162,"tool":"Pencil"},{"type":"child","parent":"ljp5oc54qv","x":341,"y":148,"tool":"Pencil"},{"type":"child","parent":"ljp5oc54qv","x":311,"y":146,"tool":"Pencil"}]},"ljp5oc6gfs":{"type":"line","id":"ljp5oc6gfs","color":"#FF851B","size":10,"tool":"Pencil","time":1543681886092,"_children":[{"type":"child","parent":"ljp5oc6gfs","x":152,"y":57,"tool":"Pencil"},{"type":"child","parent":"ljp5oc6gfs","x":153,"y":64,"tool":"Pencil"},{"type":"child","parent":"ljp5oc6gfs","x":154,"y":121,"tool":"Pencil"},{"type":"child","parent":"ljp5oc6gfs","x":154,"y":191,"tool":"Pencil"},{"type":"child","parent":"ljp5oc6gfs","x":155,"y":216,"tool":"Pencil"},{"type":"child","parent":"ljp5oc6gfs","x":170,"y":220,"tool":"Pencil"},{"type":"child","parent":"ljp5oc6gfs","x":249,"y":223,"tool":"Pencil"},{"type":"child","parent":"ljp5oc6gfs","x":331,"y":203,"tool":"Pencil"},{"type":"child","parent":"ljp5oc6gfs","x":355,"y":187,"tool":"Pencil"},{"type":"child","parent":"ljp5oc6gfs","x":365,"y":177,"tool":"Pencil"},{"type":"child","parent":"ljp5oc6gfs","x":372,"y":145,"tool":"Pencil"},{"type":"child","parent":"ljp5oc6gfs","x":374,"y":99,"tool":"Pencil"},{"type":"child","parent":"ljp5oc6gfs","x":370,"y":62,"tool":"Pencil"},{"type":"child","parent":"ljp5oc6gfs","x":365,"y":52,"tool":"Pencil"},{"type":"child","parent":"ljp5oc6gfs","x":337,"y":46,"tool":"Pencil"},{"type":"child","parent":"ljp5oc6gfs","x":262,"y":49,"tool":"Pencil"},{"type":"child","parent":"ljp5oc6gfs","x":207,"y":55,"tool":"Pencil"},{"type":"child","parent":"ljp5oc6gfs","x":173,"y":67,"tool":"Pencil"},{"type":"child","parent":"ljp5oc6gfs","x":154,"y":78,"tool":"Pencil"}]},"ljp5occqg9":{"type":"line","id":"ljp5occqg9","color":"#FF851B","size":10,"tool":"Pencil","time":1543681894237,"_children":[{"type":"child","parent":"ljp5occqg9","x":176,"y":268,"tool":"Pencil"},{"type":"child","parent":"ljp5occqg9","x":184,"y":324,"tool":"Pencil"},{"type":"child","parent":"ljp5occqg9","x":195,"y":386,"tool":"Pencil"},{"type":"child","parent":"ljp5occqg9","x":206,"y":421,"tool":"Pencil"},{"type":"child","parent":"ljp5occqg9","x":227,"y":437,"tool":"Pencil"},{"type":"child","parent":"ljp5occqg9","x":280,"y":430,"tool":"Pencil"},{"type":"child","parent":"ljp5occqg9","x":321,"y":413,"tool":"Pencil"},{"type":"child","parent":"ljp5occqg9","x":364,"y":380,"tool":"Pencil"},{"type":"child","parent":"ljp5occqg9","x":379,"y":355,"tool":"Pencil"},{"type":"child","parent":"ljp5occqg9","x":378,"y":308,"tool":"Pencil"},{"type":"child","parent":"ljp5occqg9","x":377,"y":280,"tool":"Pencil"},{"type":"child","parent":"ljp5occqg9","x":373,"y":255,"tool":"Pencil"},{"type":"child","parent":"ljp5occqg9","x":334,"y":234,"tool":"Pencil"},{"type":"child","parent":"ljp5occqg9","x":248,"y":244,"tool":"Pencil"},{"type":"child","parent":"ljp5occqg9","x":171,"y":253,"tool":"Pencil"},{"type":"child","parent":"ljp5occqg9","x":139,"y":277,"tool":"Pencil"}]},"ljp5ocfszp":{"type":"line","id":"ljp5ocfszp","color":"#FF851B","size":10,"tool":"Pencil","time":1543681898216,"_children":[{"type":"child","parent":"ljp5ocfszp","x":161,"y":471,"tool":"Pencil"},{"type":"child","parent":"ljp5ocfszp","x":164,"y":487,"tool":"Pencil"},{"type":"child","parent":"ljp5ocfszp","x":186,"y":555,"tool":"Pencil"},{"type":"child","parent":"ljp5ocfszp","x":200,"y":596,"tool":"Pencil"},{"type":"child","parent":"ljp5ocfszp","x":214,"y":609,"tool":"Pencil"},{"type":"child","parent":"ljp5ocfszp","x":224,"y":611,"tool":"Pencil"},{"type":"child","parent":"ljp5ocfszp","x":256,"y":596,"tool":"Pencil"},{"type":"child","parent":"ljp5ocfszp","x":321,"y":576,"tool":"Pencil"},{"type":"child","parent":"ljp5ocfszp","x":378,"y":546,"tool":"Pencil"},{"type":"child","parent":"ljp5ocfszp","x":385,"y":538,"tool":"Pencil"},{"type":"child","parent":"ljp5ocfszp","x":382,"y":525,"tool":"Pencil"},{"type":"child","parent":"ljp5ocfszp","x":362,"y":484,"tool":"Pencil"},{"type":"child","parent":"ljp5ocfszp","x":350,"y":473,"tool":"Pencil"},{"type":"child","parent":"ljp5ocfszp","x":300,"y":470,"tool":"Pencil"},{"type":"child","parent":"ljp5ocfszp","x":218,"y":493,"tool":"Pencil"},{"type":"child","parent":"ljp5ocfszp","x":174,"y":493,"tool":"Pencil"},{"type":"child","parent":"ljp5ocfszp","x":157,"y":493,"tool":"Pencil"}]},"ljp5och4pk":{"type":"line","id":"ljp5och4pk","color":"#FF851B","size":10,"tool":"Pencil","time":1543681899933,"_children":[{"type":"child","parent":"ljp5och4pk","x":323,"y":479,"tool":"Pencil"},{"type":"child","parent":"ljp5och4pk","x":309,"y":421,"tool":"Pencil"},{"type":"child","parent":"ljp5och4pk","x":310,"y":351,"tool":"Pencil"},{"type":"child","parent":"ljp5och4pk","x":330,"y":297,"tool":"Pencil"}]},"ljp5ochmsd":{"type":"line","id":"ljp5ochmsd","color":"#FF851B","size":10,"tool":"Pencil","time":1543681900585,"_children":[{"type":"child","parent":"ljp5ochmsd","x":345,"y":317,"tool":"Pencil"},{"type":"child","parent":"ljp5ochmsd","x":317,"y":387,"tool":"Pencil"}]}}