{"tk8a6befrz":{"type":"new","id":"tk8a6befrz","color":"#676d2c","size":27,"x":211,"y":182.5,"tool":"Text","time":1585312812094,"txt":"KLL"},"rk8a6bhzt2":{"type":"rect","id":"rk8a6bhzt2","color":"#676d2c","size":10,"x":218,"y":243,"x2":694,"y2":384,"tool":"Rectangle","time":1585312816708},"rk8a6bkcyb":{"type":"rect","id":"rk8a6bkcyb","color":"#676d2c","size":10,"x":526,"y":552,"x2":843,"y2":406,"tool":"Rectangle","time":1585312819785},"sk8a6bpbhu":{"type":"straight","id":"sk8a6bpbhu","color":"#676d2c","size":10,"x":373,"y":137,"tool":"Straight line","time":1585312826199,"x2":669,"y2":157},"sk8a6bqr25":{"type":"straight","id":"sk8a6bqr25","color":"#676d2c","size":10,"x":493,"y":203,"tool":"Straight line","time":1585312828053,"x2":672,"y2":59},"lk8a6buyo2":{"type":"line","id":"lk8a6buyo2","color":"#676d2c","size":10,"tool":"Pencil","time":1585312833512,"_children":[{"type":"child","parent":"lk8a6buyo2","x":885,"y":240,"tool":"Pencil"},{"type":"child","parent":"lk8a6buyo2","x":885,"y":240,"tool":"Pencil"},{"type":"child","parent":"lk8a6buyo2","x":885,"y":235,"tool":"Pencil"},{"type":"child","parent":"lk8a6buyo2","x":885,"y":208,"tool":"Pencil"},{"type":"child","parent":"lk8a6buyo2","x":886,"y":179,"tool":"Pencil"},{"type":"child","parent":"lk8a6buyo2","x":900,"y":157,"tool":"Pencil"},{"type":"child","parent":"lk8a6buyo2","x":916,"y":153,"tool":"Pencil"},{"type":"child","parent":"lk8a6buyo2","x":934,"y":147,"tool":"Pencil"},{"type":"child","parent":"lk8a6buyo2","x":952,"y":162,"tool":"Pencil"},{"type":"child","parent":"lk8a6buyo2","x":953,"y":195,"tool":"Pencil"},{"type":"child","parent":"lk8a6buyo2","x":953,"y":203,"tool":"Pencil"},{"type":"child","parent":"lk8a6buyo2","x":953,"y":209,"tool":"Pencil"},{"type":"child","parent":"lk8a6buyo2","x":953,"y":215,"tool":"Pencil"},{"type":"child","parent":"lk8a6buyo2","x":954,"y":216,"tool":"Pencil"},{"type":"child","parent":"lk8a6buyo2","x":954,"y":216,"tool":"Pencil"},{"type":"child","parent":"lk8a6buyo2","x":956,"y":221,"tool":"Pencil"},{"type":"child","parent":"lk8a6buyo2","x":956,"y":226,"tool":"Pencil"},{"type":"child","parent":"lk8a6buyo2","x":956,"y":229,"tool":"Pencil"},{"type":"child","parent":"lk8a6buyo2","x":956,"y":229,"tool":"Pencil"}]},"lk8a6bwxlc":{"type":"line","id":"lk8a6bwxlc","color":"#676d2c","size":10,"tool":"Pencil","time":1585312836064,"_children":[{"type":"child","parent":"lk8a6bwxlc","x":955,"y":326,"tool":"Pencil"},{"type":"child","parent":"lk8a6bwxlc","x":955,"y":326,"tool":"Pencil"},{"type":"child","parent":"lk8a6bwxlc","x":965,"y":324,"tool":"Pencil"},{"type":"child","parent":"lk8a6bwxlc","x":990,"y":324,"tool":"Pencil"},{"type":"child","parent":"lk8a6bwxlc","x":1009,"y":324,"tool":"Pencil"},{"type":"child","parent":"lk8a6bwxlc","x":1020,"y":324,"tool":"Pencil"},{"type":"child","parent":"lk8a6bwxlc","x":1023,"y":324,"tool":"Pencil"}]},"lk8a6by9lo":{"type":"line","id":"lk8a6by9lo","color":"#676d2c","size":10,"tool":"Pencil","time":1585312837792,"_children":[{"type":"child","parent":"lk8a6by9lo","x":962,"y":357,"tool":"Pencil"},{"type":"child","parent":"lk8a6by9lo","x":965,"y":357,"tool":"Pencil"},{"type":"child","parent":"lk8a6by9lo","x":989,"y":357,"tool":"Pencil"},{"type":"child","parent":"lk8a6by9lo","x":1004,"y":357,"tool":"Pencil"},{"type":"child","parent":"lk8a6by9lo","x":1013,"y":357,"tool":"Pencil"},{"type":"child","parent":"lk8a6by9lo","x":1023,"y":357,"tool":"Pencil"},{"type":"child","parent":"lk8a6by9lo","x":1025,"y":357,"tool":"Pencil"},{"type":"child","parent":"lk8a6by9lo","x":1025,"y":358,"tool":"Pencil"}]}}