{"tk8aorxin8":{"type":"new","id":"tk8aorxin8","color":"#b10dc9","size":27,"x":432,"y":53.5,"tool":"Text","time":1585343813050},"tk8aorynl0":{"type":"new","id":"tk8aorynl0","color":"#b10dc9","size":27,"x":432,"y":53.5,"tool":"Text","time":1585343814534,"txt":"Auftrag: Sammelt Ideen, wo die EU euren Alltag beeinflusst "},"tk8aow1eo2":{"type":"new","id":"tk8aow1eo2","color":"#b10dc9","size":27,"x":432,"y":134.5,"tool":"Text","time":1585344004687,"txt":"Ihr könnt die Hauptzweige auch erweitern."},"tk8aowcltk":{"type":"new","id":"tk8aowcltk","color":"#b10dc9","size":27,"x":423,"y":63.5,"tool":"Text","time":1585344019209},"tk8aowjdgw":{"type":"new","id":"tk8aowjdgw","color":"#b10dc9","size":27,"x":462,"y":306.5,"tool":"Text","time":1585344028305},"tk8aoxfmrb":{"type":"new","id":"tk8aoxfmrb","color":"#b10dc9","size":27,"x":284,"y":321.5,"tool":"Text","time":1585344069769,"txt":""},"tk8aoyol3r":{"type":"new","id":"tk8aoyol3r","color":"#b10dc9","size":27,"x":432,"y":95.5,"tool":"Text","time":1585344128002,"txt":"und fügt sie den Hauptzweigen der Mindmap hinzu."},"rk8aozh9ty":{"type":"rect","id":"rk8aozh9ty","color":"#004080","size":10,"x":498,"y":392,"x2":872,"y2":536,"tool":"Rectangle","time":1585344165185},"tk8aozl4ks":{"type":"new","id":"tk8aozl4ks","color":"#004080","size":27,"x":538,"y":468.5,"tool":"Text","time":1585344170174,"txt":""},"tk8aozttjb":{"type":"new","id":"tk8aozttjb","color":"#004080","size":27,"x":634,"y":473.5,"tool":"Text","time":1585344181433,"txt":"Die EU"},"tk8aozwj23":{"type":"new","id":"tk8aozwj23","color":"#004080","size":27,"x":317,"y":494.5,"tool":"Text","time":1585344184950,"txt":""},"sk8ap03x21":{"type":"straight","id":"sk8ap03x21","color":"#004080","size":10,"x":498,"y":389,"tool":"Straight line","time":1585344194525,"x2":320,"y2":312},"sk8ap0cf4k":{"type":"straight","id":"sk8ap0cf4k","color":"#004080","size":10,"x":642,"y":388,"tool":"Straight line","time":1585344205544,"x2":634,"y2":288},"sk8ap0f4em":{"type":"straight","id":"sk8ap0f4em","color":"#004080","size":10,"x":766,"y":387,"tool":"Straight line","time":1585344209038,"x2":875,"y2":292},"sk8ap0jask":{"type":"straight","id":"sk8ap0jask","color":"#004080","size":10,"x":875,"y":430,"tool":"Straight line","time":1585344214455,"x2":1078,"y2":382},"sk8ap0mjml":{"type":"straight","id":"sk8ap0mjml","color":"#004080","size":10,"x":874,"y":509,"tool":"Straight line","time":1585344218650,"x2":1105,"y2":565},"sk8ap0oyig":{"type":"straight","id":"sk8ap0oyig","color":"#004080","size":10,"x":501,"y":476,"tool":"Straight line","time":1585344221774,"x2":300,"y2":537},"sk8ap0ri9z":{"type":"straight","id":"sk8ap0ri9z","color":"#004080","size":10,"x":616,"y":540,"tool":"Straight line","time":1585344225086,"x2":522,"y2":648},"tk8ap17g26":{"type":"new","id":"tk8ap17g26","color":"#004080","size":27,"x":142,"y":319.5,"tool":"Text","time":1585344245718,"txt":""},"rk8ap1bszs":{"type":"rect","id":"rk8ap1bszs","color":"#004080","size":10,"x":220,"y":248,"x2":430,"y2":318,"tool":"Rectangle","time":1585344251391},"rk8ap1eka1":{"type":"rect","id":"rk8ap1eka1","color":"#004080","size":10,"x":562,"y":235,"x2":783,"y2":290,"tool":"Rectangle","time":1585344254961},"rk8ap1hiou":{"type":"rect","id":"rk8ap1hiou","color":"#004080","size":10,"x":850,"y":238,"x2":1099,"y2":300,"tool":"Rectangle","time":1585344258788},"rk8ap3hr87":{"type":"rect","id":"rk8ap3hr87","color":"#004080","size":10,"x":1098.9,"y":507,"x2":1371.9630191777346,"y2":601.0941655929205,"tool":"Rectangle","time":1585344352407},"rk8ap3ra5a":{"type":"rect","id":"rk8ap3ra5a","color":"#004080","size":10,"x":1072.6,"y":337.3,"x2":1334.1078522606233,"y2":425.5838462499495,"tool":"Rectangle","time":1585344364748},"tk8ap3vaa6":{"type":"new","id":"tk8ap3vaa6","color":"#004080","size":27,"x":302.8,"y":295.7,"tool":"Text","time":1585344369939,"txt":"Geld"},"tk8ap4093h":{"type":"new","id":"tk8ap4093h","color":"#004080","size":27,"x":660.7,"y":276.2,"tool":"Text","time":1585344376377,"txt":"Finanzen"},"tk8ap4cav10":{"type":"new","id":"tk8ap4cav10","color":"#004080","size":27,"x":878.7,"y":279.6,"tool":"Text","time":1585344391996},"tk8ap4k8x1":{"type":"new","id":"tk8ap4k8x1","color":"#004080","size":27,"x":874.1,"y":279.6,"tool":"Text","time":1585344402290,"txt":"Kultur"},"tk8ap4nkw10":{"type":"new","id":"tk8ap4nkw10","color":"#004080","size":27,"x":1115,"y":398.9,"tool":"Text","time":1585344406604,"txt":"Sport"},"tk8ap4v472":{"type":"new","id":"tk8ap4v472","color":"#004080","size":27,"x":1137.9,"y":568.7,"tool":"Text","time":1585344416373,"txt":"Reisen"}}