{"lk8iabvdha":{"type":"line","id":"lk8iabvdha","color":"#ff8040","size":10,"tool":"Pencil","time":1585803317990,"_children":[{"type":"child","parent":"lk8iabvdha","x":338,"y":124,"tool":"Pencil"},{"type":"child","parent":"lk8iabvdha","x":339,"y":124,"tool":"Pencil"},{"type":"child","parent":"lk8iabvdha","x":347,"y":124,"tool":"Pencil"},{"type":"child","parent":"lk8iabvdha","x":373,"y":126,"tool":"Pencil"},{"type":"child","parent":"lk8iabvdha","x":400,"y":138,"tool":"Pencil"},{"type":"child","parent":"lk8iabvdha","x":407,"y":145,"tool":"Pencil"},{"type":"child","parent":"lk8iabvdha","x":409,"y":167,"tool":"Pencil"},{"type":"child","parent":"lk8iabvdha","x":409,"y":186,"tool":"Pencil"},{"type":"child","parent":"lk8iabvdha","x":406,"y":206,"tool":"Pencil"},{"type":"child","parent":"lk8iabvdha","x":389,"y":216,"tool":"Pencil"},{"type":"child","parent":"lk8iabvdha","x":370,"y":214,"tool":"Pencil"},{"type":"child","parent":"lk8iabvdha","x":353,"y":201,"tool":"Pencil"},{"type":"child","parent":"lk8iabvdha","x":350,"y":188,"tool":"Pencil"},{"type":"child","parent":"lk8iabvdha","x":349,"y":162,"tool":"Pencil"},{"type":"child","parent":"lk8iabvdha","x":357,"y":123,"tool":"Pencil"},{"type":"child","parent":"lk8iabvdha","x":375,"y":98,"tool":"Pencil"},{"type":"child","parent":"lk8iabvdha","x":436,"y":87,"tool":"Pencil"},{"type":"child","parent":"lk8iabvdha","x":512,"y":120,"tool":"Pencil"},{"type":"child","parent":"lk8iabvdha","x":533,"y":175,"tool":"Pencil"},{"type":"child","parent":"lk8iabvdha","x":512,"y":245,"tool":"Pencil"},{"type":"child","parent":"lk8iabvdha","x":483,"y":268,"tool":"Pencil"},{"type":"child","parent":"lk8iabvdha","x":495,"y":213,"tool":"Pencil"},{"type":"child","parent":"lk8iabvdha","x":555,"y":161,"tool":"Pencil"},{"type":"child","parent":"lk8iabvdha","x":742,"y":215,"tool":"Pencil"},{"type":"child","parent":"lk8iabvdha","x":738,"y":264,"tool":"Pencil"},{"type":"child","parent":"lk8iabvdha","x":714,"y":241,"tool":"Pencil"},{"type":"child","parent":"lk8iabvdha","x":726,"y":159,"tool":"Pencil"},{"type":"child","parent":"lk8iabvdha","x":863,"y":158,"tool":"Pencil"},{"type":"child","parent":"lk8iabvdha","x":858,"y":217,"tool":"Pencil"},{"type":"child","parent":"lk8iabvdha","x":853,"y":197,"tool":"Pencil"},{"type":"child","parent":"lk8iabvdha","x":978,"y":161,"tool":"Pencil"},{"type":"child","parent":"lk8iabvdha","x":1110,"y":248,"tool":"Pencil"},{"type":"child","parent":"lk8iabvdha","x":1085,"y":243,"tool":"Pencil"},{"type":"child","parent":"lk8iabvdha","x":1088,"y":212,"tool":"Pencil"},{"type":"child","parent":"lk8iabvdha","x":1154,"y":279,"tool":"Pencil"},{"type":"child","parent":"lk8iabvdha","x":1118,"y":323,"tool":"Pencil"},{"type":"child","parent":"lk8iabvdha","x":933,"y":319,"tool":"Pencil"},{"type":"child","parent":"lk8iabvdha","x":391,"y":302,"tool":"Pencil"},{"type":"child","parent":"lk8iabvdha","x":11,"y":295,"tool":"Pencil"}]},"rk8iac0ct8":{"type":"rect","id":"rk8iac0ct8","color":"#ff8040","size":10,"x":178,"y":66,"x2":317,"y2":213,"tool":"Rectangle","time":1585803324441},"tk8iac2zna":{"type":"new","id":"tk8iac2zna","color":"#ff8040","size":27,"x":199,"y":159.5,"tool":"Text","time":1585803327856,"txt":"HELP"},"tk8iac6mb6":{"type":"new","id":"tk8iac6mb6","color":"#ff8040","size":27,"x":416,"y":243.5,"tool":"Text","time":1585803332553,"txt":""},"tk8iac7i5t":{"type":"new","id":"tk8iac7i5t","color":"#ff8040","size":27,"x":521,"y":16.5,"tool":"Text","time":1585803333715},"tk8iaccvf2":{"type":"new","id":"tk8iaccvf2","color":"#ff8040","size":27,"x":195,"y":160.5,"tool":"Text","time":1585803340681}}