{"ljp20n49qs":{"type":"line","id":"ljp20n49qs","color":"#1913b0","size":"1","tool":"Pencil","_children":[{"type":"child","parent":"ljp20n49qs","x":384,"y":129,"tool":"Pencil"},{"type":"child","parent":"ljp20n49qs","x":389,"y":129,"tool":"Pencil"},{"type":"child","parent":"ljp20n49qs","x":510,"y":218,"tool":"Pencil"},{"type":"child","parent":"ljp20n49qs","x":503,"y":235,"tool":"Pencil"},{"type":"child","parent":"ljp20n49qs","x":386,"y":165,"tool":"Pencil"},{"type":"child","parent":"ljp20n49qs","x":297,"y":47,"tool":"Pencil"},{"type":"child","parent":"ljp20n49qs","x":363,"y":5,"tool":"Pencil"},{"type":"child","parent":"ljp20n49qs","x":524,"y":109,"tool":"Pencil"},{"type":"child","parent":"ljp20n49qs","x":520,"y":176,"tool":"Pencil"},{"type":"child","parent":"ljp20n49qs","x":478,"y":211,"tool":"Pencil"},{"type":"child","parent":"ljp20n49qs","x":370,"y":133,"tool":"Pencil"},{"type":"child","parent":"ljp20n49qs","x":387,"y":34,"tool":"Pencil"},{"type":"child","parent":"ljp20n49qs","x":584,"y":88,"tool":"Pencil"},{"type":"child","parent":"ljp20n49qs","x":587,"y":173,"tool":"Pencil"},{"type":"child","parent":"ljp20n49qs","x":485,"y":142,"tool":"Pencil"},{"type":"child","parent":"ljp20n49qs","x":496,"y":96,"tool":"Pencil"},{"type":"child","parent":"ljp20n49qs","x":579,"y":150,"tool":"Pencil"},{"type":"child","parent":"ljp20n49qs","x":541,"y":157,"tool":"Pencil"},{"type":"child","parent":"ljp20n49qs","x":543,"y":126,"tool":"Pencil"},{"type":"child","parent":"ljp20n49qs","x":595,"y":172,"tool":"Pencil"},{"type":"child","parent":"ljp20n49qs","x":576,"y":142,"tool":"Pencil"},{"type":"child","parent":"ljp20n49qs","x":630,"y":192,"tool":"Pencil"},{"type":"child","parent":"ljp20n49qs","x":635,"y":210,"tool":"Pencil"}]},"ljp20n61fx":{"type":"line","id":"ljp20n61fx","color":"#1913b0","size":"1","tool":"Pencil","_children":[{"type":"child","parent":"ljp20n61fx","x":519,"y":340,"tool":"Pencil"},{"type":"child","parent":"ljp20n61fx","x":519,"y":343,"tool":"Pencil"},{"type":"child","parent":"ljp20n61fx","x":557,"y":453,"tool":"Pencil"}]},"ljp20n6ydw":{"type":"line","id":"ljp20n6ydw","color":"#1913b0","size":"1","tool":"Pencil","_children":[{"type":"child","parent":"ljp20n6ydw","x":570,"y":332,"tool":"Pencil"},{"type":"child","parent":"ljp20n6ydw","x":570,"y":334,"tool":"Pencil"},{"type":"child","parent":"ljp20n6ydw","x":591,"y":386,"tool":"Pencil"},{"type":"child","parent":"ljp20n6ydw","x":615,"y":440,"tool":"Pencil"}]},"ljp20n7lv2":{"type":"line","id":"ljp20n7lv2","color":"#1913b0","size":"1","tool":"Pencil","_children":[{"type":"child","parent":"ljp20n7lv2","x":531,"y":397,"tool":"Pencil"},{"type":"child","parent":"ljp20n7lv2","x":556,"y":395,"tool":"Pencil"},{"type":"child","parent":"ljp20n7lv2","x":664,"y":363,"tool":"Pencil"}]}}