{"ljugysy9ss":{"type":"line","id":"ljugysy9ss","color":"#39cccc","size":10,"tool":"Pencil","time":1555248504585,"_children":[{"type":"child","parent":"ljugysy9ss","x":376,"y":103,"tool":"Pencil"},{"type":"child","parent":"ljugysy9ss","x":377,"y":103,"tool":"Pencil"},{"type":"child","parent":"ljugysy9ss","x":438,"y":163,"tool":"Pencil"},{"type":"child","parent":"ljugysy9ss","x":446,"y":201,"tool":"Pencil"},{"type":"child","parent":"ljugysy9ss","x":406,"y":230,"tool":"Pencil"},{"type":"child","parent":"ljugysy9ss","x":388,"y":227,"tool":"Pencil"},{"type":"child","parent":"ljugysy9ss","x":379,"y":215,"tool":"Pencil"},{"type":"child","parent":"ljugysy9ss","x":379,"y":214,"tool":"Pencil"},{"type":"child","parent":"ljugysy9ss","x":408,"y":158,"tool":"Pencil"},{"type":"child","parent":"ljugysy9ss","x":479,"y":118,"tool":"Pencil"},{"type":"child","parent":"ljugysy9ss","x":501,"y":116,"tool":"Pencil"},{"type":"child","parent":"ljugysy9ss","x":507,"y":116,"tool":"Pencil"},{"type":"child","parent":"ljugysy9ss","x":517,"y":122,"tool":"Pencil"},{"type":"child","parent":"ljugysy9ss","x":520,"y":135,"tool":"Pencil"},{"type":"child","parent":"ljugysy9ss","x":499,"y":172,"tool":"Pencil"}]},"ljugysziw3":{"type":"line","id":"ljugysziw3","color":"#39cccc","size":10,"tool":"Pencil","time":1555248506210,"_children":[{"type":"child","parent":"ljugysziw3","x":659,"y":201,"tool":"Pencil"},{"type":"child","parent":"ljugysziw3","x":659,"y":201,"tool":"Pencil"},{"type":"child","parent":"ljugysziw3","x":789,"y":273,"tool":"Pencil"}]},"ljugyt00j8":{"type":"line","id":"ljugyt00j8","color":"#39cccc","size":10,"tool":"Pencil","time":1555248506843,"_children":[{"type":"child","parent":"ljugyt00j8","x":1016,"y":245,"tool":"Pencil"},{"type":"child","parent":"ljugyt00j8","x":1016,"y":245,"tool":"Pencil"},{"type":"child","parent":"ljugyt00j8","x":940,"y":302,"tool":"Pencil"},{"type":"child","parent":"ljugyt00j8","x":876,"y":336,"tool":"Pencil"}]},"ljugyt0l1r":{"type":"line","id":"ljugyt0l1r","color":"#39cccc","size":10,"tool":"Pencil","time":1555248507582,"_children":[{"type":"child","parent":"ljugyt0l1r","x":705,"y":351,"tool":"Pencil"},{"type":"child","parent":"ljugyt0l1r","x":705,"y":351,"tool":"Pencil"},{"type":"child","parent":"ljugyt0l1r","x":596,"y":348,"tool":"Pencil"},{"type":"child","parent":"ljugyt0l1r","x":596,"y":348,"tool":"Pencil"},{"type":"child","parent":"ljugyt0l1r","x":569,"y":319,"tool":"Pencil"},{"type":"child","parent":"ljugyt0l1r","x":586,"y":289,"tool":"Pencil"},{"type":"child","parent":"ljugyt0l1r","x":696,"y":268,"tool":"Pencil"},{"type":"child","parent":"ljugyt0l1r","x":697,"y":289,"tool":"Pencil"},{"type":"child","parent":"ljugyt0l1r","x":544,"y":300,"tool":"Pencil"},{"type":"child","parent":"ljugyt0l1r","x":506,"y":315,"tool":"Pencil"},{"type":"child","parent":"ljugyt0l1r","x":505,"y":341,"tool":"Pencil"},{"type":"child","parent":"ljugyt0l1r","x":490,"y":402,"tool":"Pencil"},{"type":"child","parent":"ljugyt0l1r","x":470,"y":421,"tool":"Pencil"}]},"ljugyt1tjq":{"type":"line","id":"ljugyt1tjq","color":"#39cccc","size":10,"tool":"Pencil","time":1555248509185,"_children":[{"type":"child","parent":"ljugyt1tjq","x":605,"y":364,"tool":"Pencil"},{"type":"child","parent":"ljugyt1tjq","x":606,"y":365,"tool":"Pencil"},{"type":"child","parent":"ljugyt1tjq","x":688,"y":444,"tool":"Pencil"},{"type":"child","parent":"ljugyt1tjq","x":699,"y":460,"tool":"Pencil"},{"type":"child","parent":"ljugyt1tjq","x":699,"y":456,"tool":"Pencil"}]},"ljugyt2gvq":{"type":"line","id":"ljugyt2gvq","color":"#39cccc","size":10,"tool":"Pencil","time":1555248510024,"_children":[{"type":"child","parent":"ljugyt2gvq","x":749,"y":330,"tool":"Pencil"},{"type":"child","parent":"ljugyt2gvq","x":749,"y":329,"tool":"Pencil"},{"type":"child","parent":"ljugyt2gvq","x":749,"y":274,"tool":"Pencil"},{"type":"child","parent":"ljugyt2gvq","x":737,"y":215,"tool":"Pencil"}]}}