{"ljp1jcnljz":{"type":"line","id":"ljp1jcnljz","color":"#1913b0","size":"10","tool":"Pencil","_children":[{"type":"child","parent":"ljp1jcnljz","x":418,"y":314,"tool":"Pencil"},{"type":"child","parent":"ljp1jcnljz","x":443,"y":263,"tool":"Pencil"},{"type":"child","parent":"ljp1jcnljz","x":589,"y":148,"tool":"Pencil"},{"type":"child","parent":"ljp1jcnljz","x":732,"y":171,"tool":"Pencil"},{"type":"child","parent":"ljp1jcnljz","x":816,"y":338,"tool":"Pencil"},{"type":"child","parent":"ljp1jcnljz","x":775,"y":594,"tool":"Pencil"},{"type":"child","parent":"ljp1jcnljz","x":605,"y":649,"tool":"Pencil"},{"type":"child","parent":"ljp1jcnljz","x":374,"y":552,"tool":"Pencil"},{"type":"child","parent":"ljp1jcnljz","x":343,"y":465,"tool":"Pencil"},{"type":"child","parent":"ljp1jcnljz","x":352,"y":379,"tool":"Pencil"},{"type":"child","parent":"ljp1jcnljz","x":396,"y":318,"tool":"Pencil"},{"type":"child","parent":"ljp1jcnljz","x":412,"y":307,"tool":"Pencil"},{"type":"child","parent":"ljp1jcnljz","x":414,"y":307,"tool":"Pencil"},{"type":"child","parent":"ljp1jcnljz","x":432,"y":315,"tool":"Pencil"},{"type":"child","parent":"ljp1jcnljz","x":442,"y":338,"tool":"Pencil"},{"type":"child","parent":"ljp1jcnljz","x":463,"y":416,"tool":"Pencil"},{"type":"child","parent":"ljp1jcnljz","x":492,"y":484,"tool":"Pencil"},{"type":"child","parent":"ljp1jcnljz","x":530,"y":518,"tool":"Pencil"},{"type":"child","parent":"ljp1jcnljz","x":624,"y":509,"tool":"Pencil"},{"type":"child","parent":"ljp1jcnljz","x":692,"y":393,"tool":"Pencil"},{"type":"child","parent":"ljp1jcnljz","x":673,"y":320,"tool":"Pencil"},{"type":"child","parent":"ljp1jcnljz","x":624,"y":322,"tool":"Pencil"},{"type":"child","parent":"ljp1jcnljz","x":546,"y":388,"tool":"Pencil"},{"type":"child","parent":"ljp1jcnljz","x":526,"y":442,"tool":"Pencil"},{"type":"child","parent":"ljp1jcnljz","x":527,"y":476,"tool":"Pencil"},{"type":"child","parent":"ljp1jcnljz","x":529,"y":482,"tool":"Pencil"}]},"ljp1jcpws2":{"type":"line","id":"ljp1jcpws2","color":"#1913b0","size":"10","tool":"Pencil","_children":[{"type":"child","parent":"ljp1jcpws2","x":1108,"y":180,"tool":"Pencil"},{"type":"child","parent":"ljp1jcpws2","x":1169,"y":185,"tool":"Pencil"},{"type":"child","parent":"ljp1jcpws2","x":1499,"y":194,"tool":"Pencil"},{"type":"child","parent":"ljp1jcpws2","x":1537,"y":203,"tool":"Pencil"},{"type":"child","parent":"ljp1jcpws2","x":1517,"y":324,"tool":"Pencil"},{"type":"child","parent":"ljp1jcpws2","x":1477,"y":518,"tool":"Pencil"},{"type":"child","parent":"ljp1jcpws2","x":1467,"y":545,"tool":"Pencil"},{"type":"child","parent":"ljp1jcpws2","x":1308,"y":553,"tool":"Pencil"},{"type":"child","parent":"ljp1jcpws2","x":1116,"y":536,"tool":"Pencil"},{"type":"child","parent":"ljp1jcpws2","x":1127,"y":433,"tool":"Pencil"},{"type":"child","parent":"ljp1jcpws2","x":1152,"y":232,"tool":"Pencil"},{"type":"child","parent":"ljp1jcpws2","x":1162,"y":159,"tool":"Pencil"},{"type":"child","parent":"ljp1jcpws2","x":1164,"y":154,"tool":"Pencil"}]},"ljp1jcrc96":{"type":"line","id":"ljp1jcrc96","color":"#1913b0","size":"10","tool":"Pencil","_children":[{"type":"child","parent":"ljp1jcrc96","x":953,"y":148,"tool":"Pencil"},{"type":"child","parent":"ljp1jcrc96","x":988,"y":206,"tool":"Pencil"},{"type":"child","parent":"ljp1jcrc96","x":1152,"y":399,"tool":"Pencil"},{"type":"child","parent":"ljp1jcrc96","x":1207,"y":467,"tool":"Pencil"}]},"ljp1jcrt5w":{"type":"line","id":"ljp1jcrt5w","color":"#1913b0","size":"10","tool":"Pencil","_children":[{"type":"child","parent":"ljp1jcrt5w","x":1113,"y":59,"tool":"Pencil"},{"type":"child","parent":"ljp1jcrt5w","x":1077,"y":159,"tool":"Pencil"},{"type":"child","parent":"ljp1jcrt5w","x":959,"y":356,"tool":"Pencil"},{"type":"child","parent":"ljp1jcrt5w","x":890,"y":465,"tool":"Pencil"},{"type":"child","parent":"ljp1jcrt5w","x":889,"y":468,"tool":"Pencil"}]},"tjp1jctjxl":{"type":"new","id":"tjp1jctjxl","color":"#1913b0","size":27,"x":290,"y":122.5,"tool":"Text","txt":"ertertetert"},"tjp1jcvfvi":{"type":"new","id":"tjp1jcvfvi","color":"#1913b0","size":27,"x":290,"y":163,"tool":"Text"},"tjp1jcwwle":{"type":"new","id":"tjp1jcwwle","color":"#1913b0","size":27,"x":307,"y":220.5,"tool":"Text","txt":""},"sjp1jd41tq":{"type":"straight","id":"sjp1jd41tq","color":"#1913b0","size":"10","x":315,"y":217,"tool":"Straight line","x2":621,"y2":99},"sjp1jd4lsu":{"type":"straight","id":"sjp1jd4lsu","color":"#1913b0","size":"10","x":621,"y":99,"tool":"Straight line","x2":1045,"y2":530},"sjp1jd5ucr":{"type":"straight","id":"sjp1jd5ucr","color":"#1913b0","size":"10","x":1011,"y":557,"tool":"Straight line","x2":442,"y2":777},"rjp1jd75ht":{"type":"rect","id":"rjp1jd75ht","color":"#1913b0","size":"10","x":191,"y":265,"x2":475,"y2":531,"tool":"Rectangle"},"ljp1jde9ca":{"type":"line","id":"ljp1jde9ca","color":"#000000","size":"1","tool":"Pencil","_children":[{"type":"child","parent":"ljp1jde9ca","x":899,"y":154,"tool":"Pencil"},{"type":"child","parent":"ljp1jde9ca","x":930,"y":127,"tool":"Pencil"},{"type":"child","parent":"ljp1jde9ca","x":1063,"y":123,"tool":"Pencil"},{"type":"child","parent":"ljp1jde9ca","x":1097,"y":216,"tool":"Pencil"},{"type":"child","parent":"ljp1jde9ca","x":1010,"y":298,"tool":"Pencil"},{"type":"child","parent":"ljp1jde9ca","x":821,"y":242,"tool":"Pencil"},{"type":"child","parent":"ljp1jde9ca","x":802,"y":99,"tool":"Pencil"},{"type":"child","parent":"ljp1jde9ca","x":962,"y":44,"tool":"Pencil"},{"type":"child","parent":"ljp1jde9ca","x":1075,"y":132,"tool":"Pencil"},{"type":"child","parent":"ljp1jde9ca","x":1032,"y":251,"tool":"Pencil"},{"type":"child","parent":"ljp1jde9ca","x":899,"y":255,"tool":"Pencil"},{"type":"child","parent":"ljp1jde9ca","x":868,"y":193,"tool":"Pencil"},{"type":"child","parent":"ljp1jde9ca","x":949,"y":154,"tool":"Pencil"},{"type":"child","parent":"ljp1jde9ca","x":1148,"y":271,"tool":"Pencil"},{"type":"child","parent":"ljp1jde9ca","x":1183,"y":467,"tool":"Pencil"},{"type":"child","parent":"ljp1jde9ca","x":1042,"y":584,"tool":"Pencil"},{"type":"child","parent":"ljp1jde9ca","x":888,"y":576,"tool":"Pencil"},{"type":"child","parent":"ljp1jde9ca","x":905,"y":464,"tool":"Pencil"},{"type":"child","parent":"ljp1jde9ca","x":1061,"y":406,"tool":"Pencil"},{"type":"child","parent":"ljp1jde9ca","x":1236,"y":467,"tool":"Pencil"},{"type":"child","parent":"ljp1jde9ca","x":1264,"y":583,"tool":"Pencil"},{"type":"child","parent":"ljp1jde9ca","x":1217,"y":684,"tool":"Pencil"},{"type":"child","parent":"ljp1jde9ca","x":1126,"y":715,"tool":"Pencil"},{"type":"child","parent":"ljp1jde9ca","x":993,"y":679,"tool":"Pencil"},{"type":"child","parent":"ljp1jde9ca","x":976,"y":653,"tool":"Pencil"},{"type":"child","parent":"ljp1jde9ca","x":988,"y":617,"tool":"Pencil"},{"type":"child","parent":"ljp1jde9ca","x":990,"y":616,"tool":"Pencil"},{"type":"child","parent":"ljp1jde9ca","x":1019,"y":613,"tool":"Pencil"},{"type":"child","parent":"ljp1jde9ca","x":1111,"y":615,"tool":"Pencil"},{"type":"child","parent":"ljp1jde9ca","x":1158,"y":625,"tool":"Pencil"},{"type":"child","parent":"ljp1jde9ca","x":1224,"y":623,"tool":"Pencil"},{"type":"child","parent":"ljp1jde9ca","x":1308,"y":613,"tool":"Pencil"},{"type":"child","parent":"ljp1jde9ca","x":1379,"y":592,"tool":"Pencil"},{"type":"child","parent":"ljp1jde9ca","x":1408,"y":549,"tool":"Pencil"},{"type":"child","parent":"ljp1jde9ca","x":1405,"y":460,"tool":"Pencil"},{"type":"child","parent":"ljp1jde9ca","x":1380,"y":376,"tool":"Pencil"},{"type":"child","parent":"ljp1jde9ca","x":1316,"y":299,"tool":"Pencil"},{"type":"child","parent":"ljp1jde9ca","x":1246,"y":302,"tool":"Pencil"},{"type":"child","parent":"ljp1jde9ca","x":1099,"y":367,"tool":"Pencil"},{"type":"child","parent":"ljp1jde9ca","x":1075,"y":376,"tool":"Pencil"}]}}