{"lk7oob1342":{"type":"line","id":"lk7oob1342","color":"#ff851b","size":10,"tool":"Pencil","time":1584012771973,"_children":[{"type":"child","parent":"lk7oob1342","x":532,"y":549,"tool":"Pencil"},{"type":"child","parent":"lk7oob1342","x":549.5,"y":535,"tool":"Pencil"},{"type":"child","parent":"lk7oob1342","x":551,"y":497.5,"tool":"Pencil"},{"type":"child","parent":"lk7oob1342","x":542,"y":546,"tool":"Pencil"},{"type":"child","parent":"lk7oob1342","x":483.5,"y":527.5,"tool":"Pencil"},{"type":"child","parent":"lk7oob1342","x":409,"y":444.5,"tool":"Pencil"},{"type":"child","parent":"lk7oob1342","x":416.5,"y":550,"tool":"Pencil"},{"type":"child","parent":"lk7oob1342","x":376,"y":508,"tool":"Pencil"},{"type":"child","parent":"lk7oob1342","x":421.5,"y":519,"tool":"Pencil"},{"type":"child","parent":"lk7oob1342","x":529,"y":568,"tool":"Pencil"},{"type":"child","parent":"lk7oob1342","x":636.5,"y":520,"tool":"Pencil"},{"type":"child","parent":"lk7oob1342","x":783.5,"y":591.5,"tool":"Pencil"},{"type":"child","parent":"lk7oob1342","x":903,"y":621,"tool":"Pencil"},{"type":"child","parent":"lk7oob1342","x":992,"y":589,"tool":"Pencil"},{"type":"child","parent":"lk7oob1342","x":940.5,"y":448.5,"tool":"Pencil"},{"type":"child","parent":"lk7oob1342","x":802,"y":379,"tool":"Pencil"},{"type":"child","parent":"lk7oob1342","x":607,"y":412.5,"tool":"Pencil"},{"type":"child","parent":"lk7oob1342","x":519,"y":549.5,"tool":"Pencil"},{"type":"child","parent":"lk7oob1342","x":586.5,"y":705.5,"tool":"Pencil"},{"type":"child","parent":"lk7oob1342","x":741,"y":742,"tool":"Pencil"},{"type":"child","parent":"lk7oob1342","x":930.5,"y":663,"tool":"Pencil"},{"type":"child","parent":"lk7oob1342","x":1003,"y":518,"tool":"Pencil"},{"type":"child","parent":"lk7oob1342","x":921.5,"y":383,"tool":"Pencil"},{"type":"child","parent":"lk7oob1342","x":764.5,"y":344.5,"tool":"Pencil"},{"type":"child","parent":"lk7oob1342","x":575,"y":420.5,"tool":"Pencil"},{"type":"child","parent":"lk7oob1342","x":490.5,"y":563,"tool":"Pencil"},{"type":"child","parent":"lk7oob1342","x":534.5,"y":671.5,"tool":"Pencil"},{"type":"child","parent":"lk7oob1342","x":624,"y":681.5,"tool":"Pencil"},{"type":"child","parent":"lk7oob1342","x":682.5,"y":583,"tool":"Pencil"},{"type":"child","parent":"lk7oob1342","x":600.5,"y":460,"tool":"Pencil"},{"type":"child","parent":"lk7oob1342","x":428,"y":433.5,"tool":"Pencil"},{"type":"child","parent":"lk7oob1342","x":290.5,"y":486,"tool":"Pencil"}]},"lk7oob400s":{"type":"line","id":"lk7oob400s","color":"#ff851b","size":10,"tool":"Pencil","time":1584012775745,"_children":[{"type":"child","parent":"lk7oob400s","x":1172.5,"y":753,"tool":"Pencil"},{"type":"child","parent":"lk7oob400s","x":1174.5,"y":758.5,"tool":"Pencil"},{"type":"child","parent":"lk7oob400s","x":1184,"y":675,"tool":"Pencil"},{"type":"child","parent":"lk7oob400s","x":1158,"y":519.5,"tool":"Pencil"},{"type":"child","parent":"lk7oob400s","x":1108,"y":444,"tool":"Pencil"},{"type":"child","parent":"lk7oob400s","x":1062,"y":533,"tool":"Pencil"},{"type":"child","parent":"lk7oob400s","x":1018,"y":649,"tool":"Pencil"},{"type":"child","parent":"lk7oob400s","x":937,"y":618,"tool":"Pencil"},{"type":"child","parent":"lk7oob400s","x":806,"y":486,"tool":"Pencil"},{"type":"child","parent":"lk7oob400s","x":670.5,"y":483,"tool":"Pencil"},{"type":"child","parent":"lk7oob400s","x":562,"y":579.5,"tool":"Pencil"},{"type":"child","parent":"lk7oob400s","x":409,"y":541.5,"tool":"Pencil"}]},"lk7ooc4gzh":{"type":"line","id":"lk7ooc4gzh","color":"#ff851b","size":10,"tool":"Pencil","time":1584012823012,"_children":[{"type":"child","parent":"lk7ooc4gzh","x":300,"y":431,"tool":"Pencil"},{"type":"child","parent":"lk7ooc4gzh","x":300,"y":438,"tool":"Pencil"},{"type":"child","parent":"lk7ooc4gzh","x":296,"y":428,"tool":"Pencil"},{"type":"child","parent":"lk7ooc4gzh","x":238,"y":379,"tool":"Pencil"},{"type":"child","parent":"lk7ooc4gzh","x":201,"y":371,"tool":"Pencil"},{"type":"child","parent":"lk7ooc4gzh","x":182,"y":434,"tool":"Pencil"},{"type":"child","parent":"lk7ooc4gzh","x":196,"y":527,"tool":"Pencil"},{"type":"child","parent":"lk7ooc4gzh","x":248,"y":608,"tool":"Pencil"},{"type":"child","parent":"lk7ooc4gzh","x":319,"y":651,"tool":"Pencil"},{"type":"child","parent":"lk7ooc4gzh","x":361,"y":667,"tool":"Pencil"},{"type":"child","parent":"lk7ooc4gzh","x":374,"y":671,"tool":"Pencil"},{"type":"child","parent":"lk7ooc4gzh","x":396,"y":689,"tool":"Pencil"},{"type":"child","parent":"lk7ooc4gzh","x":538,"y":741,"tool":"Pencil"},{"type":"child","parent":"lk7ooc4gzh","x":567,"y":742,"tool":"Pencil"},{"type":"child","parent":"lk7ooc4gzh","x":545,"y":665,"tool":"Pencil"},{"type":"child","parent":"lk7ooc4gzh","x":410,"y":559,"tool":"Pencil"},{"type":"child","parent":"lk7ooc4gzh","x":359,"y":555,"tool":"Pencil"},{"type":"child","parent":"lk7ooc4gzh","x":419,"y":639,"tool":"Pencil"},{"type":"child","parent":"lk7ooc4gzh","x":436,"y":626,"tool":"Pencil"},{"type":"child","parent":"lk7ooc4gzh","x":361,"y":560,"tool":"Pencil"},{"type":"child","parent":"lk7ooc4gzh","x":358,"y":583,"tool":"Pencil"},{"type":"child","parent":"lk7ooc4gzh","x":278,"y":524,"tool":"Pencil"},{"type":"child","parent":"lk7ooc4gzh","x":234,"y":491,"tool":"Pencil"},{"type":"child","parent":"lk7ooc4gzh","x":233,"y":491,"tool":"Pencil"}]},"lk7oocfcpl":{"type":"line","id":"lk7oocfcpl","color":"#ff851b","size":10,"tool":"Pencil","time":1584012837398,"_children":[{"type":"child","parent":"lk7oocfcpl","x":97,"y":487,"tool":"Pencil"}]}}