{"lk3gqxbx9s":{"type":"line","id":"lk3gqxbx9s","color":"#85144b","size":10,"tool":"Pencil","time":1574826313045,"_children":[{"type":"child","parent":"lk3gqxbx9s","x":441,"y":299,"tool":"Pencil"},{"type":"child","parent":"lk3gqxbx9s","x":441,"y":299,"tool":"Pencil"},{"type":"child","parent":"lk3gqxbx9s","x":592,"y":270,"tool":"Pencil"},{"type":"child","parent":"lk3gqxbx9s","x":656,"y":261,"tool":"Pencil"},{"type":"child","parent":"lk3gqxbx9s","x":654,"y":258,"tool":"Pencil"},{"type":"child","parent":"lk3gqxbx9s","x":633,"y":234,"tool":"Pencil"},{"type":"child","parent":"lk3gqxbx9s","x":590,"y":207,"tool":"Pencil"}]},"lk3gqxcobe":{"type":"line","id":"lk3gqxcobe","color":"#85144b","size":10,"tool":"Pencil","time":1574826314006,"_children":[{"type":"child","parent":"lk3gqxcobe","x":584,"y":206,"tool":"Pencil"},{"type":"child","parent":"lk3gqxcobe","x":584,"y":206,"tool":"Pencil"},{"type":"child","parent":"lk3gqxcobe","x":584,"y":257,"tool":"Pencil"},{"type":"child","parent":"lk3gqxcobe","x":590,"y":334,"tool":"Pencil"},{"type":"child","parent":"lk3gqxcobe","x":591,"y":362,"tool":"Pencil"},{"type":"child","parent":"lk3gqxcobe","x":563,"y":397,"tool":"Pencil"},{"type":"child","parent":"lk3gqxcobe","x":519,"y":381,"tool":"Pencil"},{"type":"child","parent":"lk3gqxcobe","x":839,"y":149,"tool":"Pencil"},{"type":"child","parent":"lk3gqxcobe","x":1112,"y":181,"tool":"Pencil"},{"type":"child","parent":"lk3gqxcobe","x":1028,"y":360,"tool":"Pencil"},{"type":"child","parent":"lk3gqxcobe","x":727,"y":445,"tool":"Pencil"},{"type":"child","parent":"lk3gqxcobe","x":725,"y":242,"tool":"Pencil"},{"type":"child","parent":"lk3gqxcobe","x":995,"y":96,"tool":"Pencil"},{"type":"child","parent":"lk3gqxcobe","x":1067,"y":179,"tool":"Pencil"},{"type":"child","parent":"lk3gqxcobe","x":1068,"y":250,"tool":"Pencil"},{"type":"child","parent":"lk3gqxcobe","x":992,"y":335,"tool":"Pencil"},{"type":"child","parent":"lk3gqxcobe","x":986,"y":340,"tool":"Pencil"},{"type":"child","parent":"lk3gqxcobe","x":986,"y":338,"tool":"Pencil"}]},"tk3gqyxrhn":{"type":"new","id":"tk3gqyxrhn","color":"#375719","size":43,"x":524.1,"y":178.2,"tool":"Text","time":1574826387994,"txt":"nihao"},"tk3gqz0rx10":{"type":"new","id":"tk3gqz0rx10","color":"#375719","size":43,"x":524.1,"y":242.7,"tool":"Text","time":1574826391897,"txt":""},"tk3gqz1z7x":{"type":"new","id":"tk3gqz1z7x","color":"#375719","size":43,"x":512.9,"y":219,"tool":"Text","time":1574826393471,"txt":"我在这里了"},"tk3gqzavqk":{"type":"new","id":"tk3gqzavqk","color":"#375719","size":43,"x":471.4,"y":119.6,"tool":"Text","time":1574826404995,"txt":""},"tk3gqzexhm":{"type":"new","id":"tk3gqzexhm","color":"#375719","size":43,"x":518.2,"y":260.5,"tool":"Text","time":1574826410241,"txt":"你在那里了"},"tk3gqzlgrz":{"type":"new","id":"tk3gqzlgrz","color":"#375719","size":43,"x":518.2,"y":325,"tool":"Text","time":1574826418711,"txt":""},"tk3gr0sqdw":{"type":"new","id":"tk3gr0sqdw","color":"#375719","size":43,"x":165.9,"y":145.9,"tool":"Text","time":1574826474785},"tk3gr0va5y":{"type":"new","id":"tk3gr0va5y","color":"#375719","size":43,"x":137,"y":24.1,"tool":"Text","time":1574826478089},"tk3gr0w2sw":{"type":"new","id":"tk3gr0w2sw","color":"#375719","size":43,"x":268.6,"y":103.1,"tool":"Text","time":1574826479121},"tk3gr0zjnp":{"type":"new","id":"tk3gr0zjnp","color":"#375719","size":43,"x":170.5,"y":126.8,"tool":"Text","time":1574826483615},"sk3gr1a4rv":{"type":"straight","id":"sk3gr1a4rv","color":"#85144b","size":10,"x":451,"y":296,"tool":"Straight line","time":1574826497324,"x2":471,"y2":295},"sk3gr1bsbw":{"type":"straight","id":"sk3gr1bsbw","color":"#85144b","size":10,"x":442,"y":288,"tool":"Straight line","time":1574826499459,"x2":490,"y2":324},"sk3gr1hq3a":{"type":"straight","id":"sk3gr1hq3a","color":"#85144b","size":10,"x":448,"y":292,"tool":"Straight line","time":1574826507187,"x2":497,"y2":328}}