{"ljp2dthqnb":{"type":"line","id":"ljp2dthqnb","color":"#1913b0","size":10,"tool":"Pencil","_children":[{"type":"child","parent":"ljp2dthqnb","x":434,"y":133,"tool":"Pencil"},{"type":"child","parent":"ljp2dthqnb","x":426,"y":184,"tool":"Pencil"}]},"ljp2dti54t":{"type":"line","id":"ljp2dti54t","color":"#1913b0","size":10,"tool":"Pencil","_children":[{"type":"child","parent":"ljp2dti54t","x":424,"y":164,"tool":"Pencil"},{"type":"child","parent":"ljp2dti54t","x":461,"y":166,"tool":"Pencil"}]},"ljp2dtiihg":{"type":"line","id":"ljp2dtiihg","color":"#1913b0","size":10,"tool":"Pencil","_children":[{"type":"child","parent":"ljp2dtiihg","x":476,"y":128,"tool":"Pencil"},{"type":"child","parent":"ljp2dtiihg","x":457,"y":173,"tool":"Pencil"}]},"ljp2dtiz5i":{"type":"line","id":"ljp2dtiz5i","color":"#1913b0","size":10,"tool":"Pencil","_children":[{"type":"child","parent":"ljp2dtiz5i","x":481,"y":163,"tool":"Pencil"},{"type":"child","parent":"ljp2dtiz5i","x":483,"y":190,"tool":"Pencil"}]},"ljp2dtja1j":{"type":"line","id":"ljp2dtja1j","color":"#1913b0","size":10,"tool":"Pencil","_children":[{"type":"child","parent":"ljp2dtja1j","x":492,"y":151,"tool":"Pencil"},{"type":"child","parent":"ljp2dtja1j","x":492,"y":151,"tool":"Pencil"}]},"ljp2dtjsr3":{"type":"line","id":"ljp2dtjsr3","color":"#1913b0","size":10,"tool":"Pencil","_children":[{"type":"child","parent":"ljp2dtjsr3","x":575,"y":258,"tool":"Pencil"},{"type":"child","parent":"ljp2dtjsr3","x":565,"y":233,"tool":"Pencil"},{"type":"child","parent":"ljp2dtjsr3","x":575,"y":146,"tool":"Pencil"},{"type":"child","parent":"ljp2dtjsr3","x":655,"y":127,"tool":"Pencil"}]},"ljp2dtk8cb":{"type":"line","id":"ljp2dtk8cb","color":"#1913b0","size":10,"tool":"Pencil","_children":[{"type":"child","parent":"ljp2dtk8cb","x":571,"y":177,"tool":"Pencil"},{"type":"child","parent":"ljp2dtk8cb","x":584,"y":183,"tool":"Pencil"}]},"ljp2dtkiu7":{"type":"line","id":"ljp2dtkiu7","color":"#1913b0","size":10,"tool":"Pencil","_children":[{"type":"child","parent":"ljp2dtkiu7","x":616,"y":200,"tool":"Pencil"},{"type":"child","parent":"ljp2dtkiu7","x":662,"y":197,"tool":"Pencil"},{"type":"child","parent":"ljp2dtkiu7","x":663,"y":178,"tool":"Pencil"},{"type":"child","parent":"ljp2dtkiu7","x":628,"y":174,"tool":"Pencil"},{"type":"child","parent":"ljp2dtkiu7","x":608,"y":202,"tool":"Pencil"},{"type":"child","parent":"ljp2dtkiu7","x":626,"y":227,"tool":"Pencil"},{"type":"child","parent":"ljp2dtkiu7","x":684,"y":222,"tool":"Pencil"}]},"ljp2dtl2qm":{"type":"line","id":"ljp2dtl2qm","color":"#1913b0","size":10,"tool":"Pencil","_children":[{"type":"child","parent":"ljp2dtl2qm","x":705,"y":195,"tool":"Pencil"},{"type":"child","parent":"ljp2dtl2qm","x":689,"y":209,"tool":"Pencil"},{"type":"child","parent":"ljp2dtl2qm","x":701,"y":242,"tool":"Pencil"},{"type":"child","parent":"ljp2dtl2qm","x":676,"y":238,"tool":"Pencil"}]},"ljp2dtlh2u":{"type":"line","id":"ljp2dtlh2u","color":"#1913b0","size":10,"tool":"Pencil","_children":[{"type":"child","parent":"ljp2dtlh2u","x":784,"y":153,"tool":"Pencil"},{"type":"child","parent":"ljp2dtlh2u","x":760,"y":202,"tool":"Pencil"},{"type":"child","parent":"ljp2dtlh2u","x":747,"y":247,"tool":"Pencil"}]},"ljp2dtlso3":{"type":"line","id":"ljp2dtlso3","color":"#1913b0","size":10,"tool":"Pencil","_children":[{"type":"child","parent":"ljp2dtlso3","x":732,"y":207,"tool":"Pencil"},{"type":"child","parent":"ljp2dtlso3","x":773,"y":219,"tool":"Pencil"}]},"ljp2dtm21s":{"type":"line","id":"ljp2dtm21s","color":"#1913b0","size":10,"tool":"Pencil","_children":[{"type":"child","parent":"ljp2dtm21s","x":807,"y":223,"tool":"Pencil"},{"type":"child","parent":"ljp2dtm21s","x":795,"y":251,"tool":"Pencil"}]},"ljp2dtmbwn":{"type":"line","id":"ljp2dtmbwn","color":"#1913b0","size":10,"tool":"Pencil","_children":[{"type":"child","parent":"ljp2dtmbwn","x":820,"y":190,"tool":"Pencil"},{"type":"child","parent":"ljp2dtmbwn","x":820,"y":190,"tool":"Pencil"}]},"ljp2dtun4d":{"type":"line","id":"ljp2dtun4d","color":"#1913b0","size":10,"tool":"Pencil","_children":[{"type":"child","parent":"ljp2dtun4d","x":900,"y":255,"tool":"Pencil"},{"type":"child","parent":"ljp2dtun4d","x":900,"y":254,"tool":"Pencil"},{"type":"child","parent":"ljp2dtun4d","x":897,"y":253,"tool":"Pencil"},{"type":"child","parent":"ljp2dtun4d","x":883,"y":253,"tool":"Pencil"},{"type":"child","parent":"ljp2dtun4d","x":881,"y":263,"tool":"Pencil"},{"type":"child","parent":"ljp2dtun4d","x":891,"y":273,"tool":"Pencil"},{"type":"child","parent":"ljp2dtun4d","x":893,"y":272,"tool":"Pencil"},{"type":"child","parent":"ljp2dtun4d","x":896,"y":259,"tool":"Pencil"},{"type":"child","parent":"ljp2dtun4d","x":896,"y":251,"tool":"Pencil"}]},"ljp2dtvs8d":{"type":"line","id":"ljp2dtvs8d","color":"#1913b0","size":10,"tool":"Pencil","_children":[{"type":"child","parent":"ljp2dtvs8d","x":900,"y":76,"tool":"Pencil"},{"type":"child","parent":"ljp2dtvs8d","x":899,"y":87,"tool":"Pencil"},{"type":"child","parent":"ljp2dtvs8d","x":893,"y":131,"tool":"Pencil"},{"type":"child","parent":"ljp2dtvs8d","x":893,"y":169,"tool":"Pencil"},{"type":"child","parent":"ljp2dtvs8d","x":896,"y":205,"tool":"Pencil"},{"type":"child","parent":"ljp2dtvs8d","x":905,"y":216,"tool":"Pencil"},{"type":"child","parent":"ljp2dtvs8d","x":910,"y":214,"tool":"Pencil"},{"type":"child","parent":"ljp2dtvs8d","x":941,"y":187,"tool":"Pencil"},{"type":"child","parent":"ljp2dtvs8d","x":949,"y":135,"tool":"Pencil"},{"type":"child","parent":"ljp2dtvs8d","x":945,"y":101,"tool":"Pencil"},{"type":"child","parent":"ljp2dtvs8d","x":931,"y":82,"tool":"Pencil"},{"type":"child","parent":"ljp2dtvs8d","x":915,"y":70,"tool":"Pencil"},{"type":"child","parent":"ljp2dtvs8d","x":908,"y":71,"tool":"Pencil"}]},"rjp2du0ixp":{"type":"rect","id":"rjp2du0ixp","color":"#1913b0","size":10,"x":342,"y":38,"x2":1055,"y2":339,"tool":"Rectangle"},"sjp2du2js0":{"type":"straight","id":"sjp2du2js0","color":"#1913b0","size":10,"x":342,"y":343,"tool":"Straight line","x2":342,"y2":343},"sjp2du3hm5":{"type":"straight","id":"sjp2du3hm5","color":"#1913b0","size":10,"x":339,"y":339,"tool":"Straight line","x2":446,"y2":455},"sjp2du4d3z":{"type":"straight","id":"sjp2du4d3z","color":"#1913b0","size":10,"x":446,"y":455,"tool":"Straight line","x2":1194,"y2":451},"sjp2du6l5o":{"type":"straight","id":"sjp2du6l5o","color":"#1913b0","size":10,"x":1194,"y":451,"tool":"Straight line","x2":1052,"y2":335},"sjp2du80en":{"type":"straight","id":"sjp2du80en","color":"#1913b0","size":10,"x":1056,"y":30,"tool":"Straight line","x2":1179,"y2":159},"sjp2du97uc":{"type":"straight","id":"sjp2du97uc","color":"#1913b0","size":10,"x":1179,"y":159,"tool":"Straight line","x2":1195,"y2":454},"sjp2ducite":{"type":"straight","id":"sjp2ducite","color":"#1913b0","size":10,"x":414,"y":373,"tool":"Straight line","x2":459,"y2":426},"sjp2duemt3":{"type":"straight","id":"sjp2duemt3","color":"#1913b0","size":10,"x":459,"y":426,"tool":"Straight line","x2":1080,"y2":427},"sjp2dufqoy":{"type":"straight","id":"sjp2dufqoy","color":"#1913b0","size":10,"x":1080,"y":427,"tool":"Straight line","x2":1022,"y2":370},"sjp2duglas":{"type":"straight","id":"sjp2duglas","color":"#1913b0","size":10,"x":1022,"y":370,"tool":"Straight line","x2":411,"y2":372},"ljp2duxcit":{"type":"line","id":"ljp2duxcit","color":"#d9484b","size":50,"tool":"Pencil","_children":[{"type":"child","parent":"ljp2duxcit","x":309,"y":564,"tool":"Pencil"},{"type":"child","parent":"ljp2duxcit","x":335,"y":560,"tool":"Pencil"},{"type":"child","parent":"ljp2duxcit","x":384,"y":555,"tool":"Pencil"},{"type":"child","parent":"ljp2duxcit","x":432,"y":549,"tool":"Pencil"},{"type":"child","parent":"ljp2duxcit","x":488,"y":548,"tool":"Pencil"},{"type":"child","parent":"ljp2duxcit","x":545,"y":547,"tool":"Pencil"},{"type":"child","parent":"ljp2duxcit","x":599,"y":548,"tool":"Pencil"},{"type":"child","parent":"ljp2duxcit","x":658,"y":553,"tool":"Pencil"},{"type":"child","parent":"ljp2duxcit","x":700,"y":560,"tool":"Pencil"},{"type":"child","parent":"ljp2duxcit","x":722,"y":573,"tool":"Pencil"},{"type":"child","parent":"ljp2duxcit","x":735,"y":595,"tool":"Pencil"},{"type":"child","parent":"ljp2duxcit","x":738,"y":611,"tool":"Pencil"},{"type":"child","parent":"ljp2duxcit","x":725,"y":625,"tool":"Pencil"},{"type":"child","parent":"ljp2duxcit","x":708,"y":637,"tool":"Pencil"},{"type":"child","parent":"ljp2duxcit","x":683,"y":648,"tool":"Pencil"},{"type":"child","parent":"ljp2duxcit","x":665,"y":661,"tool":"Pencil"},{"type":"child","parent":"ljp2duxcit","x":658,"y":678,"tool":"Pencil"},{"type":"child","parent":"ljp2duxcit","x":671,"y":694,"tool":"Pencil"},{"type":"child","parent":"ljp2duxcit","x":697,"y":700,"tool":"Pencil"},{"type":"child","parent":"ljp2duxcit","x":730,"y":691,"tool":"Pencil"},{"type":"child","parent":"ljp2duxcit","x":767,"y":675,"tool":"Pencil"},{"type":"child","parent":"ljp2duxcit","x":799,"y":658,"tool":"Pencil"},{"type":"child","parent":"ljp2duxcit","x":819,"y":632,"tool":"Pencil"},{"type":"child","parent":"ljp2duxcit","x":822,"y":603,"tool":"Pencil"},{"type":"child","parent":"ljp2duxcit","x":819,"y":582,"tool":"Pencil"},{"type":"child","parent":"ljp2duxcit","x":828,"y":570,"tool":"Pencil"},{"type":"child","parent":"ljp2duxcit","x":851,"y":565,"tool":"Pencil"},{"type":"child","parent":"ljp2duxcit","x":875,"y":561,"tool":"Pencil"},{"type":"child","parent":"ljp2duxcit","x":901,"y":561,"tool":"Pencil"},{"type":"child","parent":"ljp2duxcit","x":936,"y":560,"tool":"Pencil"},{"type":"child","parent":"ljp2duxcit","x":974,"y":558,"tool":"Pencil"},{"type":"child","parent":"ljp2duxcit","x":1015,"y":556,"tool":"Pencil"},{"type":"child","parent":"ljp2duxcit","x":1063,"y":554,"tool":"Pencil"},{"type":"child","parent":"ljp2duxcit","x":1127,"y":552,"tool":"Pencil"},{"type":"child","parent":"ljp2duxcit","x":1194,"y":549,"tool":"Pencil"},{"type":"child","parent":"ljp2duxcit","x":1259,"y":547,"tool":"Pencil"},{"type":"child","parent":"ljp2duxcit","x":1296,"y":547,"tool":"Pencil"},{"type":"child","parent":"ljp2duxcit","x":1324,"y":547,"tool":"Pencil"},{"type":"child","parent":"ljp2duxcit","x":1337,"y":546,"tool":"Pencil"},{"type":"child","parent":"ljp2duxcit","x":1337,"y":538,"tool":"Pencil"}]},"ljp2dv178g":{"type":"line","id":"ljp2dv178g","color":"#d9484b","size":50,"tool":"Pencil","_children":[{"type":"child","parent":"ljp2dv178g","x":250,"y":215,"tool":"Pencil"},{"type":"child","parent":"ljp2dv178g","x":257,"y":299,"tool":"Pencil"},{"type":"child","parent":"ljp2dv178g","x":261,"y":390,"tool":"Pencil"},{"type":"child","parent":"ljp2dv178g","x":266,"y":463,"tool":"Pencil"},{"type":"child","parent":"ljp2dv178g","x":270,"y":509,"tool":"Pencil"},{"type":"child","parent":"ljp2dv178g","x":272,"y":539,"tool":"Pencil"},{"type":"child","parent":"ljp2dv178g","x":275,"y":549,"tool":"Pencil"}]},"ljp2dv4awf":{"type":"line","id":"ljp2dv4awf","color":"#6269bf","size":50,"tool":"Pencil","_children":[{"type":"child","parent":"ljp2dv4awf","x":245,"y":635,"tool":"Pencil"},{"type":"child","parent":"ljp2dv4awf","x":270,"y":635,"tool":"Pencil"},{"type":"child","parent":"ljp2dv4awf","x":323,"y":628,"tool":"Pencil"},{"type":"child","parent":"ljp2dv4awf","x":387,"y":623,"tool":"Pencil"},{"type":"child","parent":"ljp2dv4awf","x":428,"y":624,"tool":"Pencil"},{"type":"child","parent":"ljp2dv4awf","x":471,"y":625,"tool":"Pencil"},{"type":"child","parent":"ljp2dv4awf","x":513,"y":630,"tool":"Pencil"},{"type":"child","parent":"ljp2dv4awf","x":545,"y":636,"tool":"Pencil"},{"type":"child","parent":"ljp2dv4awf","x":571,"y":643,"tool":"Pencil"},{"type":"child","parent":"ljp2dv4awf","x":579,"y":654,"tool":"Pencil"},{"type":"child","parent":"ljp2dv4awf","x":573,"y":674,"tool":"Pencil"},{"type":"child","parent":"ljp2dv4awf","x":563,"y":692,"tool":"Pencil"},{"type":"child","parent":"ljp2dv4awf","x":546,"y":713,"tool":"Pencil"},{"type":"child","parent":"ljp2dv4awf","x":532,"y":737,"tool":"Pencil"},{"type":"child","parent":"ljp2dv4awf","x":532,"y":762,"tool":"Pencil"},{"type":"child","parent":"ljp2dv4awf","x":544,"y":776,"tool":"Pencil"},{"type":"child","parent":"ljp2dv4awf","x":572,"y":779,"tool":"Pencil"},{"type":"child","parent":"ljp2dv4awf","x":617,"y":777,"tool":"Pencil"},{"type":"child","parent":"ljp2dv4awf","x":661,"y":774,"tool":"Pencil"},{"type":"child","parent":"ljp2dv4awf","x":705,"y":771,"tool":"Pencil"},{"type":"child","parent":"ljp2dv4awf","x":741,"y":771,"tool":"Pencil"},{"type":"child","parent":"ljp2dv4awf","x":778,"y":771,"tool":"Pencil"},{"type":"child","parent":"ljp2dv4awf","x":812,"y":771,"tool":"Pencil"},{"type":"child","parent":"ljp2dv4awf","x":839,"y":768,"tool":"Pencil"},{"type":"child","parent":"ljp2dv4awf","x":860,"y":750,"tool":"Pencil"},{"type":"child","parent":"ljp2dv4awf","x":873,"y":719,"tool":"Pencil"},{"type":"child","parent":"ljp2dv4awf","x":885,"y":692,"tool":"Pencil"},{"type":"child","parent":"ljp2dv4awf","x":893,"y":663,"tool":"Pencil"},{"type":"child","parent":"ljp2dv4awf","x":899,"y":643,"tool":"Pencil"},{"type":"child","parent":"ljp2dv4awf","x":910,"y":636,"tool":"Pencil"},{"type":"child","parent":"ljp2dv4awf","x":935,"y":635,"tool":"Pencil"},{"type":"child","parent":"ljp2dv4awf","x":973,"y":636,"tool":"Pencil"},{"type":"child","parent":"ljp2dv4awf","x":1026,"y":641,"tool":"Pencil"},{"type":"child","parent":"ljp2dv4awf","x":1082,"y":641,"tool":"Pencil"},{"type":"child","parent":"ljp2dv4awf","x":1144,"y":636,"tool":"Pencil"},{"type":"child","parent":"ljp2dv4awf","x":1213,"y":632,"tool":"Pencil"},{"type":"child","parent":"ljp2dv4awf","x":1285,"y":627,"tool":"Pencil"},{"type":"child","parent":"ljp2dv4awf","x":1345,"y":618,"tool":"Pencil"},{"type":"child","parent":"ljp2dv4awf","x":1396,"y":613,"tool":"Pencil"},{"type":"child","parent":"ljp2dv4awf","x":1424,"y":615,"tool":"Pencil"}]},"ljp2dvox3d":{"type":"line","id":"ljp2dvox3d","color":"#6269bf","size":50,"tool":"Pencil","_children":[{"type":"child","parent":"ljp2dvox3d","x":249,"y":952,"tool":"Pencil"},{"type":"child","parent":"ljp2dvox3d","x":249,"y":952,"tool":"Pencil"}]},"ljp2n23awi":{"type":"line","id":"ljp2n23awi","color":"#1913b0","size":10,"tool":"Pencil","_children":[{"type":"child","parent":"ljp2n23awi","x":338,"y":203,"tool":"Pencil"},{"type":"child","parent":"ljp2n23awi","x":303,"y":208,"tool":"Pencil"},{"type":"child","parent":"ljp2n23awi","x":238,"y":170,"tool":"Pencil"}]},"ljp2n25rqz":{"type":"line","id":"ljp2n25rqz","color":"#1913b0","size":10,"tool":"Pencil","_children":[{"type":"child","parent":"ljp2n25rqz","x":44,"y":439,"tool":"Pencil"},{"type":"child","parent":"ljp2n25rqz","x":35,"y":434,"tool":"Pencil"},{"type":"child","parent":"ljp2n25rqz","x":31,"y":434,"tool":"Pencil"},{"type":"child","parent":"ljp2n25rqz","x":27,"y":432,"tool":"Pencil"},{"type":"child","parent":"ljp2n25rqz","x":24,"y":432,"tool":"Pencil"},{"type":"child","parent":"ljp2n25rqz","x":20,"y":431,"tool":"Pencil"},{"type":"child","parent":"ljp2n25rqz","x":7,"y":430,"tool":"Pencil"}]},"ljp2n278lq":{"type":"line","id":"ljp2n278lq","color":"#1913b0","size":10,"tool":"Pencil","_children":[{"type":"child","parent":"ljp2n278lq","x":142,"y":409,"tool":"Pencil"}]},"ljp2n27913":{"type":"line","id":"ljp2n27913","color":"#1913b0","size":10,"tool":"Pencil","_children":[{"type":"child","parent":"ljp2n27913","x":211,"y":320,"tool":"Pencil"}]},"ljp2n2dmy6":{"type":"line","id":"ljp2n2dmy6","color":"#1913b0","size":10,"tool":"Pencil","_children":[{"type":"child","parent":"ljp2n2dmy6","x":167,"y":79,"tool":"Pencil"},{"type":"child","parent":"ljp2n2dmy6","x":157,"y":75,"tool":"Pencil"},{"type":"child","parent":"ljp2n2dmy6","x":133,"y":86,"tool":"Pencil"},{"type":"child","parent":"ljp2n2dmy6","x":114,"y":114,"tool":"Pencil"},{"type":"child","parent":"ljp2n2dmy6","x":111,"y":148,"tool":"Pencil"},{"type":"child","parent":"ljp2n2dmy6","x":122,"y":163,"tool":"Pencil"},{"type":"child","parent":"ljp2n2dmy6","x":141,"y":164,"tool":"Pencil"},{"type":"child","parent":"ljp2n2dmy6","x":163,"y":153,"tool":"Pencil"},{"type":"child","parent":"ljp2n2dmy6","x":182,"y":138,"tool":"Pencil"},{"type":"child","parent":"ljp2n2dmy6","x":197,"y":116,"tool":"Pencil"},{"type":"child","parent":"ljp2n2dmy6","x":199,"y":95,"tool":"Pencil"},{"type":"child","parent":"ljp2n2dmy6","x":189,"y":77,"tool":"Pencil"},{"type":"child","parent":"ljp2n2dmy6","x":175,"y":67,"tool":"Pencil"},{"type":"child","parent":"ljp2n2dmy6","x":162,"y":76,"tool":"Pencil"}]},"ljp2n2fgml":{"type":"line","id":"ljp2n2fgml","color":"#1913b0","size":10,"tool":"Pencil","_children":[{"type":"child","parent":"ljp2n2fgml","x":99,"y":226,"tool":"Pencil"},{"type":"child","parent":"ljp2n2fgml","x":95,"y":240,"tool":"Pencil"},{"type":"child","parent":"ljp2n2fgml","x":87,"y":292,"tool":"Pencil"},{"type":"child","parent":"ljp2n2fgml","x":98,"y":318,"tool":"Pencil"},{"type":"child","parent":"ljp2n2fgml","x":118,"y":316,"tool":"Pencil"},{"type":"child","parent":"ljp2n2fgml","x":125,"y":310,"tool":"Pencil"}]},"ljp2n2g3xt":{"type":"line","id":"ljp2n2g3xt","color":"#1913b0","size":10,"tool":"Pencil","_children":[{"type":"child","parent":"ljp2n2g3xt","x":168,"y":268,"tool":"Pencil"},{"type":"child","parent":"ljp2n2g3xt","x":158,"y":266,"tool":"Pencil"},{"type":"child","parent":"ljp2n2g3xt","x":152,"y":279,"tool":"Pencil"},{"type":"child","parent":"ljp2n2g3xt","x":155,"y":312,"tool":"Pencil"},{"type":"child","parent":"ljp2n2g3xt","x":163,"y":314,"tool":"Pencil"},{"type":"child","parent":"ljp2n2g3xt","x":172,"y":288,"tool":"Pencil"},{"type":"child","parent":"ljp2n2g3xt","x":172,"y":281,"tool":"Pencil"}]},"ljp2n2gpmr":{"type":"line","id":"ljp2n2gpmr","color":"#1913b0","size":10,"tool":"Pencil","_children":[{"type":"child","parent":"ljp2n2gpmr","x":194,"y":217,"tool":"Pencil"},{"type":"child","parent":"ljp2n2gpmr","x":190,"y":242,"tool":"Pencil"},{"type":"child","parent":"ljp2n2gpmr","x":190,"y":307,"tool":"Pencil"},{"type":"child","parent":"ljp2n2gpmr","x":206,"y":326,"tool":"Pencil"}]},"tjp2na0wtv":{"type":"new","id":"tjp2na0wtv","color":"#1913b0","size":27,"x":365,"y":317,"tool":"Text","txt":"Lore Ipsum!"},"tjp2na6epc":{"type":"new","id":"tjp2na6epc","color":"#1913b0","size":27,"x":365,"y":358,"tool":"Text","txt":""},"tjp2na7vry":{"type":"new","id":"tjp2na7vry","color":"#1913b0","size":27,"x":1064,"y":451,"tool":"Text"},"sjp2naf462":{"type":"straight","id":"sjp2naf462","color":"#1913b0","size":10,"x":349,"y":326,"tool":"Straight line","x2":349,"y2":326},"sjp2nagv2f":{"type":"straight","id":"sjp2nagv2f","color":"#1913b0","size":10,"x":350,"y":327,"tool":"Straight line","x2":517,"y2":327},"sjp2naujc5":{"type":"straight","id":"sjp2naujc5","color":"#1913b0","size":10,"x":437,"y":384,"tool":"Straight line","x2":1015,"y2":382},"sjp2nb0ipr":{"type":"straight","id":"sjp2nb0ipr","color":"#1913b0","size":10,"x":450,"y":398,"tool":"Straight line","x2":1027,"y2":395},"sjp2nb7p91":{"type":"straight","id":"sjp2nb7p91","color":"#1913b0","size":10,"x":461,"y":412,"tool":"Straight line","x2":1043,"y2":408},"ljp2su2va0":{"type":"line","id":"ljp2su2va0","color":"#1913b0","size":10,"tool":"Pencil","_children":[{"type":"child","parent":"ljp2su2va0","x":71,"y":303,"tool":"Pencil"}]},"ljp2su2whx":{"type":"line","id":"ljp2su2whx","color":"#1913b0","size":10,"tool":"Pencil","_children":[{"type":"child","parent":"ljp2su2whx","x":126,"y":325,"tool":"Pencil"}]}}