{"sjr4zn1dt2":{"type":"straight","id":"sjr4zn1dt2","color":"#001f3f","size":10,"x":270,"y":157,"tool":"Straight line","time":1547993961689,"x2":463,"y2":355},"sjr4zn2aan":{"type":"straight","id":"sjr4zn2aan","color":"#001f3f","size":10,"x":1098,"y":263,"tool":"Straight line","time":1547993962858,"x2":775,"y2":323},"ljr4zn40ae":{"type":"line","id":"ljr4zn40ae","color":"#001f3f","size":10,"tool":"Pencil","time":1547993965091,"_children":[{"type":"child","parent":"ljr4zn40ae","x":374,"y":106,"tool":"Pencil"},{"type":"child","parent":"ljr4zn40ae","x":376,"y":106,"tool":"Pencil"},{"type":"child","parent":"ljr4zn40ae","x":539,"y":267,"tool":"Pencil"},{"type":"child","parent":"ljr4zn40ae","x":836,"y":377,"tool":"Pencil"}]},"ljr4zn4n55":{"type":"line","id":"ljr4zn4n55","color":"#001f3f","size":10,"tool":"Pencil","time":1547993965914,"_children":[{"type":"child","parent":"ljr4zn4n55","x":507,"y":423,"tool":"Pencil"},{"type":"child","parent":"ljr4zn4n55","x":532,"y":443,"tool":"Pencil"},{"type":"child","parent":"ljr4zn4n55","x":544,"y":456,"tool":"Pencil"},{"type":"child","parent":"ljr4zn4n55","x":605,"y":477,"tool":"Pencil"},{"type":"child","parent":"ljr4zn4n55","x":615,"y":446,"tool":"Pencil"},{"type":"child","parent":"ljr4zn4n55","x":577,"y":420,"tool":"Pencil"},{"type":"child","parent":"ljr4zn4n55","x":516,"y":434,"tool":"Pencil"},{"type":"child","parent":"ljr4zn4n55","x":504,"y":456,"tool":"Pencil"},{"type":"child","parent":"ljr4zn4n55","x":505,"y":486,"tool":"Pencil"},{"type":"child","parent":"ljr4zn4n55","x":561,"y":531,"tool":"Pencil"},{"type":"child","parent":"ljr4zn4n55","x":772,"y":550,"tool":"Pencil"},{"type":"child","parent":"ljr4zn4n55","x":928,"y":458,"tool":"Pencil"},{"type":"child","parent":"ljr4zn4n55","x":951,"y":323,"tool":"Pencil"},{"type":"child","parent":"ljr4zn4n55","x":937,"y":225,"tool":"Pencil"},{"type":"child","parent":"ljr4zn4n55","x":845,"y":130,"tool":"Pencil"},{"type":"child","parent":"ljr4zn4n55","x":806,"y":113,"tool":"Pencil"}]},"rjr4zn7963":{"type":"rect","id":"rjr4zn7963","color":"#001f3f","size":10,"x":563,"y":205,"x2":606,"y2":374,"tool":"Rectangle","time":1547993969298},"rjr4zn8bnt":{"type":"rect","id":"rjr4zn8bnt","color":"#001f3f","size":10,"x":447,"y":114,"x2":1114,"y2":479,"tool":"Rectangle","time":1547993970684},"tjr4znfx5m":{"type":"new","id":"tjr4znfx5m","color":"#7fdbff","size":27,"x":452,"y":315.5,"tool":"Text","time":1547993980527,"txt":"fasdf"},"tjr4znh2cy":{"type":"new","id":"tjr4znh2cy","color":"#7fdbff","size":27,"x":452,"y":356,"tool":"Text","time":1547993982010,"txt":""},"rjr4znn9n9":{"type":"rect","id":"rjr4znn9n9","color":"#7fdbff","size":10,"x":286,"y":80,"x2":852,"y2":597,"tool":"Rectangle","time":1547993990048}}