{"ljp254tyh4":{"type":"line","id":"ljp254tyh4","color":"#1913b0","size":"10","tool":"Pencil","_children":[{"type":"child","parent":"ljp254tyh4","x":353,"y":246,"tool":"Pencil"},{"type":"child","parent":"ljp254tyh4","x":346,"y":293,"tool":"Pencil"},{"type":"child","parent":"ljp254tyh4","x":351,"y":347,"tool":"Pencil"},{"type":"child","parent":"ljp254tyh4","x":381,"y":371,"tool":"Pencil"},{"type":"child","parent":"ljp254tyh4","x":404,"y":362,"tool":"Pencil"},{"type":"child","parent":"ljp254tyh4","x":435,"y":323,"tool":"Pencil"},{"type":"child","parent":"ljp254tyh4","x":442,"y":293,"tool":"Pencil"},{"type":"child","parent":"ljp254tyh4","x":439,"y":285,"tool":"Pencil"},{"type":"child","parent":"ljp254tyh4","x":438,"y":284,"tool":"Pencil"},{"type":"child","parent":"ljp254tyh4","x":438,"y":283,"tool":"Pencil"},{"type":"child","parent":"ljp254tyh4","x":441,"y":288,"tool":"Pencil"},{"type":"child","parent":"ljp254tyh4","x":444,"y":298,"tool":"Pencil"},{"type":"child","parent":"ljp254tyh4","x":449,"y":310,"tool":"Pencil"},{"type":"child","parent":"ljp254tyh4","x":465,"y":322,"tool":"Pencil"},{"type":"child","parent":"ljp254tyh4","x":477,"y":325,"tool":"Pencil"},{"type":"child","parent":"ljp254tyh4","x":496,"y":324,"tool":"Pencil"},{"type":"child","parent":"ljp254tyh4","x":513,"y":300,"tool":"Pencil"},{"type":"child","parent":"ljp254tyh4","x":514,"y":267,"tool":"Pencil"},{"type":"child","parent":"ljp254tyh4","x":500,"y":251,"tool":"Pencil"},{"type":"child","parent":"ljp254tyh4","x":497,"y":248,"tool":"Pencil"},{"type":"child","parent":"ljp254tyh4","x":497,"y":248,"tool":"Pencil"}]},"ljp254w6m2":{"type":"line","id":"ljp254w6m2","color":"#1913b0","size":"10","tool":"Pencil","_children":[{"type":"child","parent":"ljp254w6m2","x":502,"y":164,"tool":"Pencil"},{"type":"child","parent":"ljp254w6m2","x":519,"y":203,"tool":"Pencil"},{"type":"child","parent":"ljp254w6m2","x":544,"y":253,"tool":"Pencil"},{"type":"child","parent":"ljp254w6m2","x":544,"y":253,"tool":"Pencil"},{"type":"child","parent":"ljp254w6m2","x":550,"y":255,"tool":"Pencil"},{"type":"child","parent":"ljp254w6m2","x":551,"y":258,"tool":"Pencil"},{"type":"child","parent":"ljp254w6m2","x":551,"y":259,"tool":"Pencil"},{"type":"child","parent":"ljp254w6m2","x":551,"y":259,"tool":"Pencil"},{"type":"child","parent":"ljp254w6m2","x":544,"y":242,"tool":"Pencil"},{"type":"child","parent":"ljp254w6m2","x":548,"y":229,"tool":"Pencil"},{"type":"child","parent":"ljp254w6m2","x":556,"y":226,"tool":"Pencil"},{"type":"child","parent":"ljp254w6m2","x":564,"y":229,"tool":"Pencil"},{"type":"child","parent":"ljp254w6m2","x":568,"y":233,"tool":"Pencil"},{"type":"child","parent":"ljp254w6m2","x":572,"y":236,"tool":"Pencil"},{"type":"child","parent":"ljp254w6m2","x":574,"y":237,"tool":"Pencil"},{"type":"child","parent":"ljp254w6m2","x":574,"y":238,"tool":"Pencil"},{"type":"child","parent":"ljp254w6m2","x":579,"y":243,"tool":"Pencil"},{"type":"child","parent":"ljp254w6m2","x":581,"y":244,"tool":"Pencil"}]},"ljp254xtln":{"type":"line","id":"ljp254xtln","color":"#1913b0","size":"10","tool":"Pencil","_children":[{"type":"child","parent":"ljp254xtln","x":577,"y":214,"tool":"Pencil"},{"type":"child","parent":"ljp254xtln","x":577,"y":215,"tool":"Pencil"},{"type":"child","parent":"ljp254xtln","x":581,"y":224,"tool":"Pencil"},{"type":"child","parent":"ljp254xtln","x":592,"y":226,"tool":"Pencil"},{"type":"child","parent":"ljp254xtln","x":607,"y":223,"tool":"Pencil"},{"type":"child","parent":"ljp254xtln","x":613,"y":215,"tool":"Pencil"},{"type":"child","parent":"ljp254xtln","x":613,"y":211,"tool":"Pencil"},{"type":"child","parent":"ljp254xtln","x":602,"y":197,"tool":"Pencil"},{"type":"child","parent":"ljp254xtln","x":599,"y":191,"tool":"Pencil"},{"type":"child","parent":"ljp254xtln","x":598,"y":190,"tool":"Pencil"},{"type":"child","parent":"ljp254xtln","x":598,"y":191,"tool":"Pencil"},{"type":"child","parent":"ljp254xtln","x":602,"y":202,"tool":"Pencil"},{"type":"child","parent":"ljp254xtln","x":627,"y":241,"tool":"Pencil"},{"type":"child","parent":"ljp254xtln","x":641,"y":273,"tool":"Pencil"},{"type":"child","parent":"ljp254xtln","x":638,"y":298,"tool":"Pencil"},{"type":"child","parent":"ljp254xtln","x":631,"y":317,"tool":"Pencil"},{"type":"child","parent":"ljp254xtln","x":604,"y":330,"tool":"Pencil"},{"type":"child","parent":"ljp254xtln","x":589,"y":331,"tool":"Pencil"},{"type":"child","parent":"ljp254xtln","x":582,"y":319,"tool":"Pencil"},{"type":"child","parent":"ljp254xtln","x":580,"y":315,"tool":"Pencil"},{"type":"child","parent":"ljp254xtln","x":579,"y":312,"tool":"Pencil"},{"type":"child","parent":"ljp254xtln","x":579,"y":307,"tool":"Pencil"},{"type":"child","parent":"ljp254xtln","x":578,"y":303,"tool":"Pencil"},{"type":"child","parent":"ljp254xtln","x":578,"y":303,"tool":"Pencil"}]},"ljp2551kff":{"type":"line","id":"ljp2551kff","color":"#1913b0","size":"10","tool":"Pencil","_children":[{"type":"child","parent":"ljp2551kff","x":578,"y":487,"tool":"Pencil"},{"type":"child","parent":"ljp2551kff","x":579,"y":488,"tool":"Pencil"},{"type":"child","parent":"ljp2551kff","x":596,"y":504,"tool":"Pencil"},{"type":"child","parent":"ljp2551kff","x":615,"y":531,"tool":"Pencil"},{"type":"child","parent":"ljp2551kff","x":622,"y":541,"tool":"Pencil"},{"type":"child","parent":"ljp2551kff","x":623,"y":542,"tool":"Pencil"},{"type":"child","parent":"ljp2551kff","x":628,"y":544,"tool":"Pencil"},{"type":"child","parent":"ljp2551kff","x":637,"y":554,"tool":"Pencil"},{"type":"child","parent":"ljp2551kff","x":641,"y":557,"tool":"Pencil"},{"type":"child","parent":"ljp2551kff","x":643,"y":560,"tool":"Pencil"},{"type":"child","parent":"ljp2551kff","x":645,"y":562,"tool":"Pencil"},{"type":"child","parent":"ljp2551kff","x":652,"y":570,"tool":"Pencil"},{"type":"child","parent":"ljp2551kff","x":657,"y":576,"tool":"Pencil"},{"type":"child","parent":"ljp2551kff","x":658,"y":577,"tool":"Pencil"},{"type":"child","parent":"ljp2551kff","x":670,"y":585,"tool":"Pencil"},{"type":"child","parent":"ljp2551kff","x":683,"y":595,"tool":"Pencil"},{"type":"child","parent":"ljp2551kff","x":683,"y":595,"tool":"Pencil"}]},"ljp2553vzu":{"type":"line","id":"ljp2553vzu","color":"#1913b0","size":"10","tool":"Pencil","_children":[{"type":"child","parent":"ljp2553vzu","x":576,"y":482,"tool":"Pencil"},{"type":"child","parent":"ljp2553vzu","x":576,"y":482,"tool":"Pencil"},{"type":"child","parent":"ljp2553vzu","x":576,"y":472,"tool":"Pencil"},{"type":"child","parent":"ljp2553vzu","x":584,"y":461,"tool":"Pencil"},{"type":"child","parent":"ljp2553vzu","x":596,"y":455,"tool":"Pencil"},{"type":"child","parent":"ljp2553vzu","x":613,"y":454,"tool":"Pencil"},{"type":"child","parent":"ljp2553vzu","x":623,"y":465,"tool":"Pencil"},{"type":"child","parent":"ljp2553vzu","x":628,"y":480,"tool":"Pencil"},{"type":"child","parent":"ljp2553vzu","x":631,"y":493,"tool":"Pencil"},{"type":"child","parent":"ljp2553vzu","x":629,"y":503,"tool":"Pencil"},{"type":"child","parent":"ljp2553vzu","x":620,"y":507,"tool":"Pencil"},{"type":"child","parent":"ljp2553vzu","x":611,"y":509,"tool":"Pencil"},{"type":"child","parent":"ljp2553vzu","x":607,"y":509,"tool":"Pencil"},{"type":"child","parent":"ljp2553vzu","x":602,"y":508,"tool":"Pencil"},{"type":"child","parent":"ljp2553vzu","x":600,"y":507,"tool":"Pencil"},{"type":"child","parent":"ljp2553vzu","x":600,"y":507,"tool":"Pencil"}]},"ljp2555li6":{"type":"line","id":"ljp2555li6","color":"#1913b0","size":"10","tool":"Pencil","_children":[{"type":"child","parent":"ljp2555li6","x":628,"y":431,"tool":"Pencil"},{"type":"child","parent":"ljp2555li6","x":629,"y":431,"tool":"Pencil"},{"type":"child","parent":"ljp2555li6","x":637,"y":431,"tool":"Pencil"},{"type":"child","parent":"ljp2555li6","x":643,"y":431,"tool":"Pencil"},{"type":"child","parent":"ljp2555li6","x":648,"y":427,"tool":"Pencil"},{"type":"child","parent":"ljp2555li6","x":649,"y":420,"tool":"Pencil"},{"type":"child","parent":"ljp2555li6","x":649,"y":413,"tool":"Pencil"},{"type":"child","parent":"ljp2555li6","x":645,"y":412,"tool":"Pencil"},{"type":"child","parent":"ljp2555li6","x":635,"y":415,"tool":"Pencil"},{"type":"child","parent":"ljp2555li6","x":627,"y":420,"tool":"Pencil"},{"type":"child","parent":"ljp2555li6","x":624,"y":426,"tool":"Pencil"},{"type":"child","parent":"ljp2555li6","x":624,"y":437,"tool":"Pencil"},{"type":"child","parent":"ljp2555li6","x":629,"y":451,"tool":"Pencil"},{"type":"child","parent":"ljp2555li6","x":641,"y":461,"tool":"Pencil"},{"type":"child","parent":"ljp2555li6","x":654,"y":465,"tool":"Pencil"},{"type":"child","parent":"ljp2555li6","x":666,"y":466,"tool":"Pencil"},{"type":"child","parent":"ljp2555li6","x":673,"y":461,"tool":"Pencil"},{"type":"child","parent":"ljp2555li6","x":677,"y":452,"tool":"Pencil"},{"type":"child","parent":"ljp2555li6","x":677,"y":448,"tool":"Pencil"},{"type":"child","parent":"ljp2555li6","x":677,"y":444,"tool":"Pencil"},{"type":"child","parent":"ljp2555li6","x":677,"y":443,"tool":"Pencil"},{"type":"child","parent":"ljp2555li6","x":677,"y":442,"tool":"Pencil"}]},"ljp2557d9v":{"type":"line","id":"ljp2557d9v","color":"#1913b0","size":"10","tool":"Pencil","_children":[{"type":"child","parent":"ljp2557d9v","x":728,"y":420,"tool":"Pencil"},{"type":"child","parent":"ljp2557d9v","x":727,"y":420,"tool":"Pencil"},{"type":"child","parent":"ljp2557d9v","x":713,"y":420,"tool":"Pencil"},{"type":"child","parent":"ljp2557d9v","x":691,"y":412,"tool":"Pencil"},{"type":"child","parent":"ljp2557d9v","x":682,"y":401,"tool":"Pencil"},{"type":"child","parent":"ljp2557d9v","x":682,"y":383,"tool":"Pencil"},{"type":"child","parent":"ljp2557d9v","x":691,"y":372,"tool":"Pencil"},{"type":"child","parent":"ljp2557d9v","x":708,"y":366,"tool":"Pencil"},{"type":"child","parent":"ljp2557d9v","x":720,"y":370,"tool":"Pencil"},{"type":"child","parent":"ljp2557d9v","x":730,"y":384,"tool":"Pencil"},{"type":"child","parent":"ljp2557d9v","x":733,"y":406,"tool":"Pencil"},{"type":"child","parent":"ljp2557d9v","x":731,"y":416,"tool":"Pencil"},{"type":"child","parent":"ljp2557d9v","x":726,"y":422,"tool":"Pencil"},{"type":"child","parent":"ljp2557d9v","x":723,"y":423,"tool":"Pencil"},{"type":"child","parent":"ljp2557d9v","x":722,"y":423,"tool":"Pencil"}]},"ljp2559ai0":{"type":"line","id":"ljp2559ai0","color":"#1913b0","size":"10","tool":"Pencil","_children":[{"type":"child","parent":"ljp2559ai0","x":727,"y":347,"tool":"Pencil"},{"type":"child","parent":"ljp2559ai0","x":728,"y":348,"tool":"Pencil"},{"type":"child","parent":"ljp2559ai0","x":792,"y":409,"tool":"Pencil"},{"type":"child","parent":"ljp2559ai0","x":844,"y":445,"tool":"Pencil"},{"type":"child","parent":"ljp2559ai0","x":857,"y":455,"tool":"Pencil"},{"type":"child","parent":"ljp2559ai0","x":866,"y":465,"tool":"Pencil"},{"type":"child","parent":"ljp2559ai0","x":867,"y":465,"tool":"Pencil"},{"type":"child","parent":"ljp2559ai0","x":869,"y":468,"tool":"Pencil"},{"type":"child","parent":"ljp2559ai0","x":869,"y":468,"tool":"Pencil"}]},"ljp255ao5q":{"type":"line","id":"ljp255ao5q","color":"#1913b0","size":"10","tool":"Pencil","_children":[{"type":"child","parent":"ljp255ao5q","x":729,"y":346,"tool":"Pencil"},{"type":"child","parent":"ljp255ao5q","x":729,"y":345,"tool":"Pencil"},{"type":"child","parent":"ljp255ao5q","x":729,"y":340,"tool":"Pencil"},{"type":"child","parent":"ljp255ao5q","x":735,"y":336,"tool":"Pencil"},{"type":"child","parent":"ljp255ao5q","x":745,"y":331,"tool":"Pencil"},{"type":"child","parent":"ljp255ao5q","x":759,"y":331,"tool":"Pencil"},{"type":"child","parent":"ljp255ao5q","x":771,"y":339,"tool":"Pencil"},{"type":"child","parent":"ljp255ao5q","x":777,"y":349,"tool":"Pencil"},{"type":"child","parent":"ljp255ao5q","x":780,"y":359,"tool":"Pencil"},{"type":"child","parent":"ljp255ao5q","x":780,"y":365,"tool":"Pencil"},{"type":"child","parent":"ljp255ao5q","x":776,"y":376,"tool":"Pencil"},{"type":"child","parent":"ljp255ao5q","x":772,"y":379,"tool":"Pencil"},{"type":"child","parent":"ljp255ao5q","x":765,"y":379,"tool":"Pencil"},{"type":"child","parent":"ljp255ao5q","x":759,"y":379,"tool":"Pencil"},{"type":"child","parent":"ljp255ao5q","x":755,"y":379,"tool":"Pencil"},{"type":"child","parent":"ljp255ao5q","x":755,"y":379,"tool":"Pencil"}]},"ljp255cci4":{"type":"line","id":"ljp255cci4","color":"#1913b0","size":"10","tool":"Pencil","_children":[{"type":"child","parent":"ljp255cci4","x":693,"y":264,"tool":"Pencil"},{"type":"child","parent":"ljp255cci4","x":706,"y":267,"tool":"Pencil"},{"type":"child","parent":"ljp255cci4","x":776,"y":312,"tool":"Pencil"},{"type":"child","parent":"ljp255cci4","x":812,"y":338,"tool":"Pencil"},{"type":"child","parent":"ljp255cci4","x":820,"y":343,"tool":"Pencil"},{"type":"child","parent":"ljp255cci4","x":822,"y":344,"tool":"Pencil"},{"type":"child","parent":"ljp255cci4","x":822,"y":344,"tool":"Pencil"}]},"ljp255dbco":{"type":"line","id":"ljp255dbco","color":"#1913b0","size":"10","tool":"Pencil","_children":[{"type":"child","parent":"ljp255dbco","x":800,"y":292,"tool":"Pencil"},{"type":"child","parent":"ljp255dbco","x":800,"y":292,"tool":"Pencil"},{"type":"child","parent":"ljp255dbco","x":808,"y":298,"tool":"Pencil"},{"type":"child","parent":"ljp255dbco","x":818,"y":299,"tool":"Pencil"},{"type":"child","parent":"ljp255dbco","x":827,"y":290,"tool":"Pencil"},{"type":"child","parent":"ljp255dbco","x":828,"y":283,"tool":"Pencil"},{"type":"child","parent":"ljp255dbco","x":820,"y":278,"tool":"Pencil"},{"type":"child","parent":"ljp255dbco","x":812,"y":277,"tool":"Pencil"},{"type":"child","parent":"ljp255dbco","x":809,"y":281,"tool":"Pencil"},{"type":"child","parent":"ljp255dbco","x":806,"y":292,"tool":"Pencil"},{"type":"child","parent":"ljp255dbco","x":806,"y":300,"tool":"Pencil"},{"type":"child","parent":"ljp255dbco","x":808,"y":304,"tool":"Pencil"},{"type":"child","parent":"ljp255dbco","x":818,"y":315,"tool":"Pencil"},{"type":"child","parent":"ljp255dbco","x":826,"y":319,"tool":"Pencil"},{"type":"child","parent":"ljp255dbco","x":839,"y":313,"tool":"Pencil"},{"type":"child","parent":"ljp255dbco","x":843,"y":310,"tool":"Pencil"},{"type":"child","parent":"ljp255dbco","x":849,"y":302,"tool":"Pencil"},{"type":"child","parent":"ljp255dbco","x":852,"y":296,"tool":"Pencil"},{"type":"child","parent":"ljp255dbco","x":852,"y":292,"tool":"Pencil"}]},"ljp255feqy":{"type":"line","id":"ljp255feqy","color":"#1913b0","size":"10","tool":"Pencil","_children":[{"type":"child","parent":"ljp255feqy","x":898,"y":537,"tool":"Pencil"},{"type":"child","parent":"ljp255feqy","x":897,"y":535,"tool":"Pencil"},{"type":"child","parent":"ljp255feqy","x":889,"y":536,"tool":"Pencil"},{"type":"child","parent":"ljp255feqy","x":888,"y":548,"tool":"Pencil"},{"type":"child","parent":"ljp255feqy","x":890,"y":562,"tool":"Pencil"},{"type":"child","parent":"ljp255feqy","x":906,"y":569,"tool":"Pencil"},{"type":"child","parent":"ljp255feqy","x":915,"y":570,"tool":"Pencil"},{"type":"child","parent":"ljp255feqy","x":921,"y":560,"tool":"Pencil"},{"type":"child","parent":"ljp255feqy","x":918,"y":549,"tool":"Pencil"},{"type":"child","parent":"ljp255feqy","x":912,"y":542,"tool":"Pencil"},{"type":"child","parent":"ljp255feqy","x":907,"y":539,"tool":"Pencil"},{"type":"child","parent":"ljp255feqy","x":903,"y":537,"tool":"Pencil"},{"type":"child","parent":"ljp255feqy","x":902,"y":536,"tool":"Pencil"},{"type":"child","parent":"ljp255feqy","x":902,"y":535,"tool":"Pencil"},{"type":"child","parent":"ljp255feqy","x":913,"y":538,"tool":"Pencil"},{"type":"child","parent":"ljp255feqy","x":923,"y":543,"tool":"Pencil"},{"type":"child","parent":"ljp255feqy","x":928,"y":545,"tool":"Pencil"},{"type":"child","parent":"ljp255feqy","x":934,"y":537,"tool":"Pencil"},{"type":"child","parent":"ljp255feqy","x":936,"y":534,"tool":"Pencil"},{"type":"child","parent":"ljp255feqy","x":936,"y":533,"tool":"Pencil"}]},"ljp255h84q":{"type":"line","id":"ljp255h84q","color":"#1913b0","size":"10","tool":"Pencil","_children":[{"type":"child","parent":"ljp255h84q","x":899,"y":505,"tool":"Pencil"},{"type":"child","parent":"ljp255h84q","x":902,"y":505,"tool":"Pencil"},{"type":"child","parent":"ljp255h84q","x":926,"y":505,"tool":"Pencil"},{"type":"child","parent":"ljp255h84q","x":937,"y":512,"tool":"Pencil"},{"type":"child","parent":"ljp255h84q","x":943,"y":518,"tool":"Pencil"},{"type":"child","parent":"ljp255h84q","x":939,"y":522,"tool":"Pencil"},{"type":"child","parent":"ljp255h84q","x":929,"y":510,"tool":"Pencil"},{"type":"child","parent":"ljp255h84q","x":927,"y":500,"tool":"Pencil"},{"type":"child","parent":"ljp255h84q","x":926,"y":492,"tool":"Pencil"},{"type":"child","parent":"ljp255h84q","x":926,"y":490,"tool":"Pencil"},{"type":"child","parent":"ljp255h84q","x":925,"y":489,"tool":"Pencil"},{"type":"child","parent":"ljp255h84q","x":923,"y":483,"tool":"Pencil"},{"type":"child","parent":"ljp255h84q","x":922,"y":482,"tool":"Pencil"},{"type":"child","parent":"ljp255h84q","x":922,"y":481,"tool":"Pencil"}]},"ljp255il28":{"type":"line","id":"ljp255il28","color":"#1913b0","size":"10","tool":"Pencil","_children":[{"type":"child","parent":"ljp255il28","x":944,"y":467,"tool":"Pencil"},{"type":"child","parent":"ljp255il28","x":944,"y":467,"tool":"Pencil"},{"type":"child","parent":"ljp255il28","x":969,"y":464,"tool":"Pencil"},{"type":"child","parent":"ljp255il28","x":979,"y":456,"tool":"Pencil"},{"type":"child","parent":"ljp255il28","x":975,"y":451,"tool":"Pencil"},{"type":"child","parent":"ljp255il28","x":966,"y":449,"tool":"Pencil"},{"type":"child","parent":"ljp255il28","x":960,"y":449,"tool":"Pencil"},{"type":"child","parent":"ljp255il28","x":955,"y":451,"tool":"Pencil"},{"type":"child","parent":"ljp255il28","x":948,"y":456,"tool":"Pencil"},{"type":"child","parent":"ljp255il28","x":945,"y":460,"tool":"Pencil"},{"type":"child","parent":"ljp255il28","x":943,"y":467,"tool":"Pencil"},{"type":"child","parent":"ljp255il28","x":943,"y":474,"tool":"Pencil"},{"type":"child","parent":"ljp255il28","x":943,"y":481,"tool":"Pencil"},{"type":"child","parent":"ljp255il28","x":948,"y":486,"tool":"Pencil"},{"type":"child","parent":"ljp255il28","x":960,"y":493,"tool":"Pencil"},{"type":"child","parent":"ljp255il28","x":971,"y":493,"tool":"Pencil"},{"type":"child","parent":"ljp255il28","x":978,"y":484,"tool":"Pencil"},{"type":"child","parent":"ljp255il28","x":984,"y":479,"tool":"Pencil"},{"type":"child","parent":"ljp255il28","x":986,"y":477,"tool":"Pencil"},{"type":"child","parent":"ljp255il28","x":986,"y":477,"tool":"Pencil"}]},"ljp255kj7u":{"type":"line","id":"ljp255kj7u","color":"#1913b0","size":"10","tool":"Pencil","_children":[{"type":"child","parent":"ljp255kj7u","x":1004,"y":537,"tool":"Pencil"},{"type":"child","parent":"ljp255kj7u","x":1003,"y":545,"tool":"Pencil"},{"type":"child","parent":"ljp255kj7u","x":1003,"y":563,"tool":"Pencil"},{"type":"child","parent":"ljp255kj7u","x":1016,"y":570,"tool":"Pencil"},{"type":"child","parent":"ljp255kj7u","x":1032,"y":568,"tool":"Pencil"},{"type":"child","parent":"ljp255kj7u","x":1040,"y":557,"tool":"Pencil"},{"type":"child","parent":"ljp255kj7u","x":1034,"y":542,"tool":"Pencil"},{"type":"child","parent":"ljp255kj7u","x":1021,"y":530,"tool":"Pencil"},{"type":"child","parent":"ljp255kj7u","x":1013,"y":530,"tool":"Pencil"},{"type":"child","parent":"ljp255kj7u","x":1007,"y":530,"tool":"Pencil"},{"type":"child","parent":"ljp255kj7u","x":1008,"y":530,"tool":"Pencil"},{"type":"child","parent":"ljp255kj7u","x":1015,"y":532,"tool":"Pencil"},{"type":"child","parent":"ljp255kj7u","x":1033,"y":535,"tool":"Pencil"},{"type":"child","parent":"ljp255kj7u","x":1044,"y":536,"tool":"Pencil"},{"type":"child","parent":"ljp255kj7u","x":1050,"y":529,"tool":"Pencil"},{"type":"child","parent":"ljp255kj7u","x":1052,"y":525,"tool":"Pencil"},{"type":"child","parent":"ljp255kj7u","x":1053,"y":519,"tool":"Pencil"},{"type":"child","parent":"ljp255kj7u","x":1054,"y":517,"tool":"Pencil"}]},"ljp255m1m2":{"type":"line","id":"ljp255m1m2","color":"#1913b0","size":"10","tool":"Pencil","_children":[{"type":"child","parent":"ljp255m1m2","x":1025,"y":487,"tool":"Pencil"},{"type":"child","parent":"ljp255m1m2","x":1028,"y":493,"tool":"Pencil"},{"type":"child","parent":"ljp255m1m2","x":1044,"y":501,"tool":"Pencil"},{"type":"child","parent":"ljp255m1m2","x":1051,"y":494,"tool":"Pencil"},{"type":"child","parent":"ljp255m1m2","x":1057,"y":492,"tool":"Pencil"},{"type":"child","parent":"ljp255m1m2","x":1055,"y":477,"tool":"Pencil"},{"type":"child","parent":"ljp255m1m2","x":1044,"y":469,"tool":"Pencil"},{"type":"child","parent":"ljp255m1m2","x":1040,"y":468,"tool":"Pencil"},{"type":"child","parent":"ljp255m1m2","x":1039,"y":468,"tool":"Pencil"},{"type":"child","parent":"ljp255m1m2","x":1051,"y":477,"tool":"Pencil"},{"type":"child","parent":"ljp255m1m2","x":1077,"y":477,"tool":"Pencil"},{"type":"child","parent":"ljp255m1m2","x":1089,"y":467,"tool":"Pencil"},{"type":"child","parent":"ljp255m1m2","x":1088,"y":447,"tool":"Pencil"},{"type":"child","parent":"ljp255m1m2","x":1079,"y":436,"tool":"Pencil"},{"type":"child","parent":"ljp255m1m2","x":1068,"y":433,"tool":"Pencil"},{"type":"child","parent":"ljp255m1m2","x":1061,"y":435,"tool":"Pencil"},{"type":"child","parent":"ljp255m1m2","x":1060,"y":436,"tool":"Pencil"},{"type":"child","parent":"ljp255m1m2","x":1062,"y":436,"tool":"Pencil"}]},"ljp255nk3d":{"type":"line","id":"ljp255nk3d","color":"#1913b0","size":"10","tool":"Pencil","_children":[{"type":"child","parent":"ljp255nk3d","x":1088,"y":406,"tool":"Pencil"},{"type":"child","parent":"ljp255nk3d","x":1088,"y":406,"tool":"Pencil"},{"type":"child","parent":"ljp255nk3d","x":1088,"y":411,"tool":"Pencil"},{"type":"child","parent":"ljp255nk3d","x":1103,"y":417,"tool":"Pencil"},{"type":"child","parent":"ljp255nk3d","x":1113,"y":412,"tool":"Pencil"},{"type":"child","parent":"ljp255nk3d","x":1116,"y":402,"tool":"Pencil"},{"type":"child","parent":"ljp255nk3d","x":1108,"y":393,"tool":"Pencil"},{"type":"child","parent":"ljp255nk3d","x":1088,"y":391,"tool":"Pencil"},{"type":"child","parent":"ljp255nk3d","x":1080,"y":399,"tool":"Pencil"},{"type":"child","parent":"ljp255nk3d","x":1088,"y":417,"tool":"Pencil"},{"type":"child","parent":"ljp255nk3d","x":1102,"y":429,"tool":"Pencil"},{"type":"child","parent":"ljp255nk3d","x":1114,"y":430,"tool":"Pencil"},{"type":"child","parent":"ljp255nk3d","x":1124,"y":426,"tool":"Pencil"},{"type":"child","parent":"ljp255nk3d","x":1130,"y":417,"tool":"Pencil"},{"type":"child","parent":"ljp255nk3d","x":1131,"y":415,"tool":"Pencil"}]},"ljp255owdj":{"type":"line","id":"ljp255owdj","color":"#1913b0","size":"10","tool":"Pencil","_children":[{"type":"child","parent":"ljp255owdj","x":1113,"y":368,"tool":"Pencil"},{"type":"child","parent":"ljp255owdj","x":1112,"y":370,"tool":"Pencil"},{"type":"child","parent":"ljp255owdj","x":1115,"y":372,"tool":"Pencil"},{"type":"child","parent":"ljp255owdj","x":1142,"y":368,"tool":"Pencil"},{"type":"child","parent":"ljp255owdj","x":1157,"y":368,"tool":"Pencil"},{"type":"child","parent":"ljp255owdj","x":1162,"y":375,"tool":"Pencil"},{"type":"child","parent":"ljp255owdj","x":1161,"y":389,"tool":"Pencil"},{"type":"child","parent":"ljp255owdj","x":1154,"y":393,"tool":"Pencil"},{"type":"child","parent":"ljp255owdj","x":1150,"y":393,"tool":"Pencil"},{"type":"child","parent":"ljp255owdj","x":1149,"y":392,"tool":"Pencil"}]},"ljp255q9ul":{"type":"line","id":"ljp255q9ul","color":"#1913b0","size":"10","tool":"Pencil","_children":[{"type":"child","parent":"ljp255q9ul","x":1108,"y":369,"tool":"Pencil"},{"type":"child","parent":"ljp255q9ul","x":1108,"y":368,"tool":"Pencil"},{"type":"child","parent":"ljp255q9ul","x":1111,"y":360,"tool":"Pencil"},{"type":"child","parent":"ljp255q9ul","x":1132,"y":345,"tool":"Pencil"},{"type":"child","parent":"ljp255q9ul","x":1133,"y":344,"tool":"Pencil"}]},"ljp255r6cr":{"type":"line","id":"ljp255r6cr","color":"#1913b0","size":"10","tool":"Pencil","_children":[{"type":"child","parent":"ljp255r6cr","x":1146,"y":317,"tool":"Pencil"},{"type":"child","parent":"ljp255r6cr","x":1149,"y":311,"tool":"Pencil"},{"type":"child","parent":"ljp255r6cr","x":1174,"y":307,"tool":"Pencil"},{"type":"child","parent":"ljp255r6cr","x":1190,"y":318,"tool":"Pencil"},{"type":"child","parent":"ljp255r6cr","x":1196,"y":339,"tool":"Pencil"},{"type":"child","parent":"ljp255r6cr","x":1190,"y":349,"tool":"Pencil"},{"type":"child","parent":"ljp255r6cr","x":1174,"y":347,"tool":"Pencil"},{"type":"child","parent":"ljp255r6cr","x":1165,"y":340,"tool":"Pencil"},{"type":"child","parent":"ljp255r6cr","x":1157,"y":325,"tool":"Pencil"},{"type":"child","parent":"ljp255r6cr","x":1154,"y":318,"tool":"Pencil"},{"type":"child","parent":"ljp255r6cr","x":1152,"y":313,"tool":"Pencil"},{"type":"child","parent":"ljp255r6cr","x":1152,"y":312,"tool":"Pencil"}]},"ljp2561pbk":{"type":"line","id":"ljp2561pbk","color":"#1913b0","size":"10","tool":"Pencil","_children":[{"type":"child","parent":"ljp2561pbk","x":1165,"y":289,"tool":"Pencil"},{"type":"child","parent":"ljp2561pbk","x":1177,"y":289,"tool":"Pencil"},{"type":"child","parent":"ljp2561pbk","x":1207,"y":295,"tool":"Pencil"},{"type":"child","parent":"ljp2561pbk","x":1220,"y":304,"tool":"Pencil"},{"type":"child","parent":"ljp2561pbk","x":1224,"y":310,"tool":"Pencil"},{"type":"child","parent":"ljp2561pbk","x":1225,"y":310,"tool":"Pencil"},{"type":"child","parent":"ljp2561pbk","x":1225,"y":310,"tool":"Pencil"},{"type":"child","parent":"ljp2561pbk","x":1224,"y":310,"tool":"Pencil"},{"type":"child","parent":"ljp2561pbk","x":1214,"y":301,"tool":"Pencil"},{"type":"child","parent":"ljp2561pbk","x":1206,"y":293,"tool":"Pencil"},{"type":"child","parent":"ljp2561pbk","x":1200,"y":286,"tool":"Pencil"},{"type":"child","parent":"ljp2561pbk","x":1196,"y":275,"tool":"Pencil"},{"type":"child","parent":"ljp2561pbk","x":1197,"y":268,"tool":"Pencil"},{"type":"child","parent":"ljp2561pbk","x":1200,"y":264,"tool":"Pencil"},{"type":"child","parent":"ljp2561pbk","x":1212,"y":260,"tool":"Pencil"},{"type":"child","parent":"ljp2561pbk","x":1229,"y":263,"tool":"Pencil"},{"type":"child","parent":"ljp2561pbk","x":1238,"y":271,"tool":"Pencil"},{"type":"child","parent":"ljp2561pbk","x":1246,"y":277,"tool":"Pencil"},{"type":"child","parent":"ljp2561pbk","x":1248,"y":278,"tool":"Pencil"},{"type":"child","parent":"ljp2561pbk","x":1240,"y":272,"tool":"Pencil"},{"type":"child","parent":"ljp2561pbk","x":1231,"y":263,"tool":"Pencil"},{"type":"child","parent":"ljp2561pbk","x":1223,"y":254,"tool":"Pencil"},{"type":"child","parent":"ljp2561pbk","x":1217,"y":245,"tool":"Pencil"},{"type":"child","parent":"ljp2561pbk","x":1218,"y":236,"tool":"Pencil"},{"type":"child","parent":"ljp2561pbk","x":1229,"y":227,"tool":"Pencil"},{"type":"child","parent":"ljp2561pbk","x":1236,"y":226,"tool":"Pencil"},{"type":"child","parent":"ljp2561pbk","x":1250,"y":233,"tool":"Pencil"},{"type":"child","parent":"ljp2561pbk","x":1258,"y":240,"tool":"Pencil"},{"type":"child","parent":"ljp2561pbk","x":1266,"y":246,"tool":"Pencil"},{"type":"child","parent":"ljp2561pbk","x":1270,"y":248,"tool":"Pencil"},{"type":"child","parent":"ljp2561pbk","x":1272,"y":249,"tool":"Pencil"},{"type":"child","parent":"ljp2561pbk","x":1272,"y":249,"tool":"Pencil"}]},"ljp2564img":{"type":"line","id":"ljp2564img","color":"#1913b0","size":"10","tool":"Pencil","_children":[{"type":"child","parent":"ljp2564img","x":1250,"y":205,"tool":"Pencil"},{"type":"child","parent":"ljp2564img","x":1250,"y":205,"tool":"Pencil"},{"type":"child","parent":"ljp2564img","x":1261,"y":206,"tool":"Pencil"},{"type":"child","parent":"ljp2564img","x":1266,"y":204,"tool":"Pencil"},{"type":"child","parent":"ljp2564img","x":1268,"y":198,"tool":"Pencil"},{"type":"child","parent":"ljp2564img","x":1268,"y":195,"tool":"Pencil"},{"type":"child","parent":"ljp2564img","x":1263,"y":191,"tool":"Pencil"},{"type":"child","parent":"ljp2564img","x":1258,"y":189,"tool":"Pencil"},{"type":"child","parent":"ljp2564img","x":1254,"y":190,"tool":"Pencil"},{"type":"child","parent":"ljp2564img","x":1251,"y":196,"tool":"Pencil"},{"type":"child","parent":"ljp2564img","x":1252,"y":207,"tool":"Pencil"},{"type":"child","parent":"ljp2564img","x":1259,"y":217,"tool":"Pencil"},{"type":"child","parent":"ljp2564img","x":1270,"y":227,"tool":"Pencil"},{"type":"child","parent":"ljp2564img","x":1282,"y":228,"tool":"Pencil"},{"type":"child","parent":"ljp2564img","x":1292,"y":227,"tool":"Pencil"},{"type":"child","parent":"ljp2564img","x":1300,"y":213,"tool":"Pencil"},{"type":"child","parent":"ljp2564img","x":1300,"y":204,"tool":"Pencil"},{"type":"child","parent":"ljp2564img","x":1300,"y":195,"tool":"Pencil"},{"type":"child","parent":"ljp2564img","x":1300,"y":194,"tool":"Pencil"}]}}