{"tk87exoq3j":{"type":"new","id":"tk87exoq3j","color":"#85144b","size":27,"x":354,"y":148.5,"tool":"Text","time":1585145741613,"txt":""},"lk88gsxsc3":{"type":"line","id":"lk88gsxsc3","color":"#01ff70","size":10,"tool":"Pencil","time":1585209495379,"_children":[{"type":"child","parent":"lk88gsxsc3","x":501.6,"y":153.6,"tool":"Pencil"}]},"lk88gsyb37":{"type":"line","id":"lk88gsyb37","color":"#01ff70","size":10,"tool":"Pencil","time":1585209496053,"_children":[{"type":"child","parent":"lk88gsyb37","x":510.9,"y":142.9,"tool":"Pencil"}]},"lk88gtphxj":{"type":"line","id":"lk88gtphxj","color":"#01ff70","size":10,"tool":"Pencil","time":1585209531291,"_children":[{"type":"child","parent":"lk88gtphxj","x":541.5,"y":166.9,"tool":"Pencil"}]},"rk88gtublg":{"type":"rect","id":"rk88gtublg","color":"#111111","size":10,"x":553,"y":135.6,"x2":552.992418077257,"y2":135.5821567111545,"tool":"Rectangle","time":1585209535002},"lk88gulqds":{"type":"line","id":"lk88gulqds","color":"#111111","size":10,"tool":"Pencil","time":1585209570523,"_children":[{"type":"child","parent":"lk88gulqds","x":446.6,"y":339.7,"tool":"Pencil"}]},"tk88gvckua":{"type":"new","id":"tk88gvckua","color":"#0074d9","size":27,"x":208,"y":135.5,"tool":"Text","time":1585209606564,"txt":""},"tk88gve2aj":{"type":"new","id":"tk88gve2aj","color":"#0074d9","size":27,"x":206,"y":152.5,"tool":"Text","time":1585209608517},"lk88gvvv8h":{"type":"line","id":"lk88gvvv8h","color":"#F012BE","size":10,"tool":"Text","time":1585209633412,"_children":[{"type":"child","parent":"lk88gvvv8h","x":182.1,"y":105.3,"tool":"Text"},{"type":"child","parent":"lk88gvvv8h","x":182.1,"y":105.3,"tool":"Text"}]},"lk88gw63ea":{"type":"line","id":"lk88gw63ea","color":"#F012BE","size":10,"tool":"Straight line","time":1585209646666,"_children":[{"type":"child","parent":"lk88gw63ea","x":162.1,"y":148.4,"tool":"Straight line"},{"type":"child","parent":"lk88gw63ea","x":162.1,"y":148.4,"tool":"Straight line"}]},"tk88gw97wr":{"type":"new","id":"tk88gw97wr","color":"#7fdbff","size":27,"x":268.1,"y":144.1,"tool":"Text","time":1585209650159},"tk88gwebgw":{"type":"new","id":"tk88gwebgw","color":"#7fdbff","size":27,"x":231.5,"y":280,"tool":"Text","time":1585209656771},"lk88gwjpxy":{"type":"line","id":"lk88gwjpxy","color":"#aaaaaa","size":10,"tool":"Pencil","time":1585209662500,"_children":[{"type":"child","parent":"lk88gwjpxy","x":224,"y":215.5,"tool":"Pencil"}]},"tk88gwix70":{"type":"new","id":"tk88gwix70","color":"#7fdbff","size":27,"x":298.4,"y":483.9,"tool":"Text","time":1585209662739,"txt":""},"tk88gzuvb4":{"type":"new","id":"tk88gzuvb4","color":"#ffdc00","size":27,"x":282,"y":113.5,"tool":"Text","time":1585209667211,"txt":"What would you have done if you had found an expensive object on your way to school?"},"tk88gxnxh3":{"type":"new","id":"tk88gxnxh3","color":"#111111","size":27,"x":278,"y":319.5,"tool":"Text","time":1585209714884},"tk88gxri3f":{"type":"new","id":"tk88gxri3f","color":"#aaaaaa","size":27,"x":286,"y":576.5,"tool":"Text","time":1585209719211,"txt":""},"tk88h16qmy":{"type":"new","id":"tk88h16qmy","color":"#ffdc00","size":27,"x":282,"y":154,"tool":"Text","time":1585209729250,"txt":""},"tk88gyd6oo":{"type":"new","id":"tk88gyd6oo","color":"#85144b","size":27,"x":707.1,"y":80.1,"tool":"Text","time":1585209748615,"txt":""},"tk88gydrwv":{"type":"new","id":"tk88gydrwv","color":"#85144b","size":27,"x":726.5,"y":167.7,"tool":"Text","time":1585209749383},"tk88gyfg8l":{"type":"new","id":"tk88gyfg8l","color":"#aaaaaa","size":27,"x":231.3,"y":271.9,"tool":"Text","time":1585209750276,"txt":""},"tk88gygnv2":{"type":"new","id":"tk88gygnv2","color":"#aaaaaa","size":27,"x":1126.1,"y":236.3,"tool":"Text","time":1585209751854},"tk88gyh6t7":{"type":"new","id":"tk88gyh6t7","color":"#aaaaaa","size":27,"x":1111.5,"y":179.1,"tool":"Text","time":1585209752532},"tk88gyhl1w":{"type":"new","id":"tk88gyhl1w","color":"#aaaaaa","size":27,"x":1014.1,"y":222.9,"tool":"Text","time":1585209753042},"tk88gyi0zj":{"type":"new","id":"tk88gyi0zj","color":"#aaaaaa","size":27,"x":1226,"y":239.9,"tool":"Text","time":1585209753618},"tk88gyijo4":{"type":"new","id":"tk88gyijo4","color":"#aaaaaa","size":27,"x":1208.9,"y":134,"tool":"Text","time":1585209754292},"tk88gyhkf3":{"type":"new","id":"tk88gyhkf3","color":"#85144b","size":27,"x":755.8,"y":499.9,"tool":"Text","time":1585209754298},"tk88gys0pd":{"type":"new","id":"tk88gys0pd","color":"#aaaaaa","size":27,"x":109.6,"y":1133.6,"tool":"Text","time":1585209766566},"tk88gyt5sb":{"type":"new","id":"tk88gyt5sb","color":"#aaaaaa","size":27,"x":1045.8,"y":164.5,"tool":"Text","time":1585209768047},"tk88gytkpl":{"type":"new","id":"tk88gytkpl","color":"#aaaaaa","size":27,"x":1145.6,"y":193.7,"tool":"Text","time":1585209768582},"tk88gytxaw":{"type":"new","id":"tk88gytxaw","color":"#aaaaaa","size":27,"x":1172.4,"y":236.3,"tool":"Text","time":1585209769036},"tk88gyyn24":{"type":"new","id":"tk88gyyn24","color":"#00ffff","size":27,"x":282.4,"y":1047.1,"tool":"Text","time":1585209775147},"tk88gyznqs":{"type":"new","id":"tk88gyznqs","color":"#00ffff","size":27,"x":135.1,"y":249.7,"tool":"Text","time":1585209776467},"tk88gz03o6":{"type":"new","id":"tk88gz03o6","color":"#00ffff","size":27,"x":132.7,"y":220.5,"tool":"Text","time":1585209777041},"tk88gz3nyi":{"type":"new","id":"tk88gz3nyi","color":"#00ffff","size":27,"x":205.7,"y":980.2,"tool":"Text","time":1585209781674},"tk88gz4rgh":{"type":"new","id":"tk88gz4rgh","color":"#00ffff","size":27,"x":1110.3,"y":190,"tool":"Text","time":1585209783081},"tk88gz5bgc":{"type":"new","id":"tk88gz5bgc","color":"#00ffff","size":27,"x":1092.1,"y":264.3,"tool":"Text","time":1585209783801},"tk88gzch3s":{"type":"new","id":"tk88gzch3s","color":"#00ffff","size":27,"x":20.7,"y":630.7,"tool":"Text","time":1585209793089},"tk88gzdkf7":{"type":"new","id":"tk88gzdkf7","color":"#ff4136","size":27,"x":1195,"y":316.5,"tool":"Text","time":1585209796007},"tk88gzjo2h":{"type":"new","id":"tk88gzjo2h","color":"#ff4136","size":27,"x":1350,"y":116.5,"tool":"Text","time":1585209803915},"tk88gzoyfy":{"type":"new","id":"tk88gzoyfy","color":"#aaaaaa","size":27,"x":1077,"y":445.5,"tool":"Text","time":1585209809227,"txt":""},"tk88gzohda":{"type":"new","id":"tk88gzohda","color":"#ff4136","size":27,"x":942,"y":355.5,"tool":"Text","time":1585209810160},"tk88gzp2x4":{"type":"new","id":"tk88gzp2x4","color":"#ff4136","size":27,"x":909,"y":358.5,"tool":"Text","time":1585209810935},"tk88gzvpho":{"type":"new","id":"tk88gzvpho","color":"#7fdbff","size":27,"x":334.7,"y":327.8,"tool":"Text","time":1585209816731},"tk88gzv0v6":{"type":"new","id":"tk88gzv0v6","color":"#aaaaaa","size":27,"x":254,"y":350.5,"tool":"Text","time":1585209817134,"txt":""},"tk88h030bq":{"type":"new","id":"tk88h030bq","color":"#111111","size":27,"x":260,"y":389,"tool":"Text","time":1585209826196,"txt":""},"tk88h031n9":{"type":"new","id":"tk88h031n9","color":"#aaaaaa","size":27,"x":172,"y":371.5,"tool":"Text","time":1585209827484},"tk88h04my5":{"type":"new","id":"tk88h04my5","color":"#7fdbff","size":27,"x":416.3,"y":520.7,"tool":"Text","time":1585209828313},"tk88gyj9hl":{"type":"new","id":"tk88gyj9hl","color":"#001f3f","size":27,"x":324,"y":199,"tool":"Text","time":1585209828337},"tk88h04bq0":{"type":"new","id":"tk88h04bq0","color":"#aaaaaa","size":27,"x":243,"y":470.5,"tool":"Text","time":1585209829144},"tk88h06r7z":{"type":"new","id":"tk88h06r7z","color":"#7fdbff","size":27,"x":428.9,"y":427.4,"tool":"Text","time":1585209831056},"tk88h07a79":{"type":"new","id":"tk88h07a79","color":"#aaaaaa","size":27,"x":198,"y":805.5,"tool":"Text","time":1585209832978},"tk88h07xt3":{"type":"new","id":"tk88h07xt3","color":"#aaaaaa","size":27,"x":198,"y":802.5,"tool":"Text","time":1585209833829},"tk88h086jk":{"type":"new","id":"tk88h086jk","color":"#aaaaaa","size":27,"x":198,"y":802.5,"tool":"Text","time":1585209834137},"tk88h08c5v":{"type":"new","id":"tk88h08c5v","color":"#aaaaaa","size":27,"x":198,"y":802.5,"tool":"Text","time":1585209834338},"tk88h08h36":{"type":"new","id":"tk88h08h36","color":"#aaaaaa","size":27,"x":198,"y":802.5,"tool":"Text","time":1585209834517,"txt":"If I "},"tk88h0ataw":{"type":"new","id":"tk88h0ataw","color":"#00ffff","size":27,"x":80.4,"y":408,"tool":"Text","time":1585209837583},"tk88h0dpnp":{"type":"new","id":"tk88h0dpnp","color":"#7fdbff","size":27,"x":492.3,"y":855,"tool":"Text","time":1585209840065},"tk88h0jq0j":{"type":"new","id":"tk88h0jq0j","color":"#ff4136","size":27,"x":1107,"y":364.5,"tool":"Text","time":1585209850641},"tk88h0mqk10":{"type":"new","id":"tk88h0mqk10","color":"#aaaaaa","size":27,"x":280,"y":577.5,"tool":"Text","time":1585209853265},"tk88h0np4c":{"type":"new","id":"tk88h0np4c","color":"#ff4136","size":27,"x":914,"y":311.5,"tool":"Text","time":1585209855804,"txt":"If I had found an expensive object, I would have given it to the police"},"tk88h0r29h":{"type":"new","id":"tk88h0r29h","color":"#aaaaaa","size":27,"x":421,"y":475.5,"tool":"Text","time":1585209858606},"tk88h0y7cm":{"type":"new","id":"tk88h0y7cm","color":"#aaaaaa","size":27,"x":350,"y":473.5,"tool":"Text","time":1585209867866,"txt":"if I had found an expensive object, maybe I would have looked if it belongs to someone "},"tk88h1lye7":{"type":"new","id":"tk88h1lye7","color":"#ff4136","size":27,"x":914,"y":352,"tool":"Text","time":1585209900194},"lk88h1rzxt":{"type":"line","id":"lk88h1rzxt","color":"#000000","size":10,"tool":"Pencil","time":1585209906510,"_children":[{"type":"child","parent":"lk88h1rzxt","x":194.8,"y":109.6,"tool":"Pencil"}]},"lk88h1tyr5":{"type":"line","id":"lk88h1tyr5","color":"#000000","size":10,"tool":"Pencil","time":1585209909071,"_children":[{"type":"child","parent":"lk88h1tyr5","x":472.4,"y":235,"tool":"Pencil"}]},"lk88h1ub3w":{"type":"line","id":"lk88h1ub3w","color":"#000000","size":10,"tool":"Pencil","time":1585209909502,"_children":[{"type":"child","parent":"lk88h1ub3w","x":450.5,"y":248.4,"tool":"Pencil"},{"type":"child","parent":"lk88h1ub3w","x":450.5,"y":248.4,"tool":"Pencil"}]},"tk88h1xluq":{"type":"new","id":"tk88h1xluq","color":"#ff4136","size":27,"x":719,"y":184.5,"tool":"Text","time":1585209915291},"tk88h2a4910":{"type":"new","id":"tk88h2a4910","color":"#000000","size":27,"x":812,"y":230.2,"tool":"Text","time":1585209929993,"txt":""},"tk88h2loty":{"type":"new","id":"tk88h2loty","color":"#000000","size":27,"x":1039.7,"y":148.6,"tool":"Text","time":1585209944989},"tk88h2wump":{"type":"new","id":"tk88h2wump","color":"#000000","size":27,"x":427.3,"y":281.3,"tool":"Text","time":1585209959454,"txt":"If I found an expensive object I would give ist away"},"tk88h2zhrl":{"type":"new","id":"tk88h2zhrl","color":"#aaaaaa","size":27,"x":175,"y":194.5,"tool":"Text","time":1585209962842},"tk88h37k4a":{"type":"new","id":"tk88h37k4a","color":"#aaaaaa","size":27,"x":296,"y":504.5,"tool":"Text","time":1585209973295,"txt":""},"tk88h3mdzq":{"type":"new","id":"tk88h3mdzq","color":"#aaaaaa","size":27,"x":249,"y":761.5,"tool":"Text","time":1585209992518,"txt":"if I had found an expensive object, maybe I would have looked if it belongs to someone "},"tk88h3qzat":{"type":"new","id":"tk88h3qzat","color":"#000000","size":27,"x":549.1,"y":59.8,"tool":"Text","time":1585209998503,"txt":""},"tk88h3s4a1":{"type":"new","id":"tk88h3s4a1","color":"#000000","size":27,"x":1009.3,"y":179.1,"tool":"Text","time":1585209999990},"tk88h3sq6t":{"type":"new","id":"tk88h3sq6t","color":"#000000","size":27,"x":1003.2,"y":194.9,"tool":"Text","time":1585210000779},"tk88h3t95d":{"type":"new","id":"tk88h3t95d","color":"#000000","size":27,"x":1146.8,"y":179.1,"tool":"Text","time":1585210001450},"tk88h3ueaa":{"type":"new","id":"tk88h3ueaa","color":"#000000","size":27,"x":1178.5,"y":198.6,"tool":"Text","time":1585210002933},"tk88h3u6c4":{"type":"new","id":"tk88h3u6c4","color":"#ff4136","size":27,"x":1225,"y":522.5,"tool":"Text","time":1585210004169,"txt":""},"tk88h3wnsu":{"type":"new","id":"tk88h3wnsu","color":"#000000","size":27,"x":1099.4,"y":719.6,"tool":"Text","time":1585210005870},"tk88h3x2hv":{"type":"new","id":"tk88h3x2hv","color":"#000000","size":27,"x":1077.4,"y":252.1,"tool":"Text","time":1585210006394},"tk88h3z4z4":{"type":"new","id":"tk88h3z4z4","color":"#aaaaaa","size":27,"x":231,"y":818.5,"tool":"Text","time":1585210009039,"txt":""},"tk88h3zcew":{"type":"new","id":"tk88h3zcew","color":"#000000","size":27,"x":1397.6,"y":398.2,"tool":"Text","time":1585210009343},"tk88h3zyzf":{"type":"new","id":"tk88h3zyzf","color":"#000000","size":27,"x":1176.1,"y":205.9,"tool":"Text","time":1585210010158},"tk88h408in":{"type":"new","id":"tk88h408in","color":"#000000","size":27,"x":1212.6,"y":185.2,"tool":"Text","time":1585210010498},"tk88h40iwo":{"type":"new","id":"tk88h40iwo","color":"#000000","size":27,"x":1250.3,"y":142.5,"tool":"Text","time":1585210010874},"tk88h40m1t":{"type":"new","id":"tk88h40m1t","color":"#aaaaaa","size":27,"x":574,"y":546.5,"tool":"Text","time":1585210010972},"tk88h41hw8":{"type":"new","id":"tk88h41hw8","color":"#aaaaaa","size":27,"x":1342,"y":776.5,"tool":"Text","time":1585210012099},"tk88h40j5m":{"type":"new","id":"tk88h40j5m","color":"#ff4136","size":27,"x":1425,"y":559.5,"tool":"Text","time":1585210012395,"txt":""},"tk88h41th2":{"type":"new","id":"tk88h41th2","color":"#000000","size":27,"x":1492.6,"y":384.8,"tool":"Text","time":1585210012552},"tk88h41uqp":{"type":"new","id":"tk88h41uqp","color":"#aaaaaa","size":27,"x":1320,"y":768.5,"tool":"Text","time":1585210012560},"tk88h42f110":{"type":"new","id":"tk88h42f110","color":"#000000","size":27,"x":1369.6,"y":191.2,"tool":"Text","time":1585210013330},"tk88h42m1m":{"type":"new","id":"tk88h42m1m","color":"#000000","size":27,"x":1383,"y":181.5,"tool":"Text","time":1585210013578},"tk88h42y5y":{"type":"new","id":"tk88h42y5y","color":"#000000","size":27,"x":1368.4,"y":147.4,"tool":"Text","time":1585210014014},"tk88h439oo":{"type":"new","id":"tk88h439oo","color":"#000000","size":27,"x":1355,"y":147.4,"tool":"Text","time":1585210014430},"tk88h43lp10":{"type":"new","id":"tk88h43lp10","color":"#000000","size":27,"x":1342.8,"y":142.5,"tool":"Text","time":1585210014868},"tk88h43vvm":{"type":"new","id":"tk88h43vvm","color":"#000000","size":27,"x":1346.5,"y":158.4,"tool":"Text","time":1585210015229},"tk88h446zj":{"type":"new","id":"tk88h446zj","color":"#000000","size":27,"x":1369.6,"y":235.1,"tool":"Text","time":1585210015629},"tk88h44o5d":{"type":"new","id":"tk88h44o5d","color":"#000000","size":27,"x":1406.2,"y":261.9,"tool":"Text","time":1585210016634},"tk88h44xhh":{"type":"new","id":"tk88h44xhh","color":"#000000","size":27,"x":1418.3,"y":235.1,"tool":"Text","time":1585210016681},"tk88h4555j":{"type":"new","id":"tk88h4555j","color":"#000000","size":27,"x":1396.4,"y":211.9,"tool":"Text","time":1585210016858},"tk88h45d76":{"type":"new","id":"tk88h45d76","color":"#000000","size":27,"x":1372.1,"y":216.8,"tool":"Text","time":1585210017147},"tk88h4dm50":{"type":"new","id":"tk88h4dm50","color":"#000000","size":27,"x":1284.4,"y":170.6,"tool":"Text","time":1585210027839},"tk88h5fzru":{"type":"new","id":"tk88h5fzru","color":"#80ffff","size":27,"x":494,"y":209.5,"tool":"Text","time":1585210077860,"txt":"If I found an expensive objekt I would give it to the facility manager."},"tk88h5mq2f":{"type":"new","id":"tk88h5mq2f","color":"#2ecc40","size":27,"x":512,"y":84.5,"tool":"Text","time":1585210087817,"txt":"If I had found an expensive objekt, I would have bought nice clothes."},"tk88h75jwb":{"type":"new","id":"tk88h75jwb","color":"#ffdc00","size":27,"x":1277.3,"y":1148.5,"tool":"Text","time":1585210156093},"tk88h75lh6":{"type":"new","id":"tk88h75lh6","color":"#ffdc00","size":27,"x":491.7,"y":1309.3,"tool":"Text","time":1585210156139,"txt":"If I"},"tk88h7bkxx":{"type":"new","id":"tk88h7bkxx","color":"#ffdc00","size":27,"x":525,"y":988.8,"tool":"Text","time":1585210163895,"txt":""},"tk88h7k5j6":{"type":"new","id":"tk88h7k5j6","color":"#2ecc40","size":27,"x":512,"y":125,"tool":"Text","time":1585210177795,"txt":""},"tk88hby2f9":{"type":"new","id":"tk88hby2f9","color":"#ff0000","size":27,"x":1378,"y":87.5,"tool":"Text","time":1585210231216,"txt":"OBJECT"},"tk88hc5g8x":{"type":"new","id":"tk88hc5g8x","color":"#ff0000","size":27,"x":1315,"y":215.5,"tool":"Text","time":1585210240794,"txt":"HAD FOUND / WOULD HAVE GIVEN"},"tk88hcms8h":{"type":"new","id":"tk88hcms8h","color":"#ff0000","size":27,"x":1052,"y":287.5,"tool":"Text","time":1585210263262,"txt":"HAD FOUND / WOULD HAVE GIVEN IT"},"tk88ha8f8f":{"type":"new","id":"tk88ha8f8f","color":"#aaaaaa","size":27,"x":1227,"y":534.5,"tool":"Text","time":1585210301026}}