{"ljx057mzii":{"type":"line","id":"ljx057mzii","color":"#7fdbff","size":10,"tool":"Pencil","time":1560761690019,"_children":[{"type":"child","parent":"ljx057mzii","x":542,"y":242,"tool":"Pencil"},{"type":"child","parent":"ljx057mzii","x":547,"y":309,"tool":"Pencil"},{"type":"child","parent":"ljx057mzii","x":562,"y":471,"tool":"Pencil"},{"type":"child","parent":"ljx057mzii","x":585,"y":496,"tool":"Pencil"},{"type":"child","parent":"ljx057mzii","x":639,"y":458,"tool":"Pencil"},{"type":"child","parent":"ljx057mzii","x":703,"y":327,"tool":"Pencil"},{"type":"child","parent":"ljx057mzii","x":773,"y":283,"tool":"Pencil"},{"type":"child","parent":"ljx057mzii","x":859,"y":326,"tool":"Pencil"},{"type":"child","parent":"ljx057mzii","x":903,"y":429,"tool":"Pencil"},{"type":"child","parent":"ljx057mzii","x":850,"y":531,"tool":"Pencil"},{"type":"child","parent":"ljx057mzii","x":729,"y":558,"tool":"Pencil"},{"type":"child","parent":"ljx057mzii","x":656,"y":539,"tool":"Pencil"},{"type":"child","parent":"ljx057mzii","x":639,"y":566,"tool":"Pencil"},{"type":"child","parent":"ljx057mzii","x":653,"y":660,"tool":"Pencil"},{"type":"child","parent":"ljx057mzii","x":703,"y":680,"tool":"Pencil"},{"type":"child","parent":"ljx057mzii","x":800,"y":646,"tool":"Pencil"},{"type":"child","parent":"ljx057mzii","x":903,"y":533,"tool":"Pencil"},{"type":"child","parent":"ljx057mzii","x":936,"y":383,"tool":"Pencil"},{"type":"child","parent":"ljx057mzii","x":925,"y":310,"tool":"Pencil"},{"type":"child","parent":"ljx057mzii","x":928,"y":310,"tool":"Pencil"},{"type":"child","parent":"ljx057mzii","x":981,"y":384,"tool":"Pencil"},{"type":"child","parent":"ljx057mzii","x":1012,"y":510,"tool":"Pencil"},{"type":"child","parent":"ljx057mzii","x":973,"y":580,"tool":"Pencil"}]},"sjx057pghe":{"type":"straight","id":"sjx057pghe","color":"#7fdbff","size":10,"x":511,"y":173,"tool":"Straight line","time":1560761693222,"x2":472,"y2":433},"sjx057q1oh":{"type":"straight","id":"sjx057q1oh","color":"#7fdbff","size":10,"x":391,"y":568,"tool":"Straight line","time":1560761693985,"x2":490,"y2":531},"rjx057roeg":{"type":"rect","id":"rjx057roeg","color":"#7fdbff","size":10,"x":452,"y":172,"x2":633,"y2":363,"tool":"Rectangle","time":1560761696100}}