{"lk8c0d6bur":{"type":"line","id":"lk8c0d6bur","color":"#2ecc40","size":10,"tool":"Pencil","time":1585423749621,"_children":[{"type":"child","parent":"lk8c0d6bur","x":346,"y":258,"tool":"Pencil"},{"type":"child","parent":"lk8c0d6bur","x":346,"y":254,"tool":"Pencil"},{"type":"child","parent":"lk8c0d6bur","x":411,"y":200,"tool":"Pencil"},{"type":"child","parent":"lk8c0d6bur","x":475,"y":155,"tool":"Pencil"},{"type":"child","parent":"lk8c0d6bur","x":496,"y":153,"tool":"Pencil"},{"type":"child","parent":"lk8c0d6bur","x":500,"y":156,"tool":"Pencil"},{"type":"child","parent":"lk8c0d6bur","x":517,"y":162,"tool":"Pencil"},{"type":"child","parent":"lk8c0d6bur","x":512,"y":167,"tool":"Pencil"},{"type":"child","parent":"lk8c0d6bur","x":468,"y":255,"tool":"Pencil"},{"type":"child","parent":"lk8c0d6bur","x":459,"y":344,"tool":"Pencil"},{"type":"child","parent":"lk8c0d6bur","x":455,"y":366,"tool":"Pencil"},{"type":"child","parent":"lk8c0d6bur","x":447,"y":370,"tool":"Pencil"},{"type":"child","parent":"lk8c0d6bur","x":382,"y":395,"tool":"Pencil"},{"type":"child","parent":"lk8c0d6bur","x":308,"y":444,"tool":"Pencil"},{"type":"child","parent":"lk8c0d6bur","x":298,"y":449,"tool":"Pencil"}]},"lk8c0d7nsn":{"type":"line","id":"lk8c0d7nsn","color":"#2ecc40","size":10,"tool":"Pencil","time":1585423751246,"_children":[{"type":"child","parent":"lk8c0d7nsn","x":275,"y":401,"tool":"Pencil"},{"type":"child","parent":"lk8c0d7nsn","x":295,"y":338,"tool":"Pencil"},{"type":"child","parent":"lk8c0d7nsn","x":325,"y":261,"tool":"Pencil"},{"type":"child","parent":"lk8c0d7nsn","x":329,"y":237,"tool":"Pencil"}]},"lk8c0d843g":{"type":"line","id":"lk8c0d843g","color":"#2ecc40","size":10,"tool":"Pencil","time":1585423752198,"_children":[{"type":"child","parent":"lk8c0d843g","x":277,"y":592,"tool":"Pencil"},{"type":"child","parent":"lk8c0d843g","x":270,"y":582,"tool":"Pencil"},{"type":"child","parent":"lk8c0d843g","x":269,"y":501,"tool":"Pencil"},{"type":"child","parent":"lk8c0d843g","x":279,"y":453,"tool":"Pencil"},{"type":"child","parent":"lk8c0d843g","x":283,"y":446,"tool":"Pencil"}]},"lk8c0d8k9j":{"type":"line","id":"lk8c0d8k9j","color":"#2ecc40","size":10,"tool":"Pencil","time":1585423752413,"_children":[{"type":"child","parent":"lk8c0d8k9j","x":321,"y":518,"tool":"Pencil"},{"type":"child","parent":"lk8c0d8k9j","x":373,"y":524,"tool":"Pencil"},{"type":"child","parent":"lk8c0d8k9j","x":441,"y":526,"tool":"Pencil"},{"type":"child","parent":"lk8c0d8k9j","x":480,"y":484,"tool":"Pencil"},{"type":"child","parent":"lk8c0d8k9j","x":517,"y":396,"tool":"Pencil"},{"type":"child","parent":"lk8c0d8k9j","x":543,"y":318,"tool":"Pencil"},{"type":"child","parent":"lk8c0d8k9j","x":533,"y":270,"tool":"Pencil"},{"type":"child","parent":"lk8c0d8k9j","x":450,"y":244,"tool":"Pencil"},{"type":"child","parent":"lk8c0d8k9j","x":369,"y":256,"tool":"Pencil"},{"type":"child","parent":"lk8c0d8k9j","x":348,"y":294,"tool":"Pencil"},{"type":"child","parent":"lk8c0d8k9j","x":359,"y":346,"tool":"Pencil"},{"type":"child","parent":"lk8c0d8k9j","x":390,"y":380,"tool":"Pencil"},{"type":"child","parent":"lk8c0d8k9j","x":393,"y":383,"tool":"Pencil"}]},"lk8c0d9s67":{"type":"line","id":"lk8c0d9s67","color":"#2ecc40","size":10,"tool":"Pencil","time":1585423754001,"_children":[{"type":"child","parent":"lk8c0d9s67","x":188,"y":467,"tool":"Pencil"},{"type":"child","parent":"lk8c0d9s67","x":192,"y":380,"tool":"Pencil"},{"type":"child","parent":"lk8c0d9s67","x":219,"y":311,"tool":"Pencil"},{"type":"child","parent":"lk8c0d9s67","x":229,"y":274,"tool":"Pencil"},{"type":"child","parent":"lk8c0d9s67","x":232,"y":260,"tool":"Pencil"}]},"lk8c0daj9h":{"type":"line","id":"lk8c0daj9h","color":"#2ecc40","size":10,"tool":"Pencil","time":1585423754974,"_children":[{"type":"child","parent":"lk8c0daj9h","x":35,"y":583,"tool":"Pencil"},{"type":"child","parent":"lk8c0daj9h","x":50,"y":439,"tool":"Pencil"},{"type":"child","parent":"lk8c0daj9h","x":70,"y":359,"tool":"Pencil"},{"type":"child","parent":"lk8c0daj9h","x":94,"y":303,"tool":"Pencil"}]}}