{"lk7u8qmmu9":{"type":"line","id":"lk7u8qmmu9","color":"#3d9970","size":10,"tool":"Pencil","time":1584349424679,"_children":[{"type":"child","parent":"lk7u8qmmu9","x":454,"y":328,"tool":"Pencil"},{"type":"child","parent":"lk7u8qmmu9","x":460,"y":329,"tool":"Pencil"},{"type":"child","parent":"lk7u8qmmu9","x":700,"y":419,"tool":"Pencil"},{"type":"child","parent":"lk7u8qmmu9","x":737,"y":507,"tool":"Pencil"},{"type":"child","parent":"lk7u8qmmu9","x":721,"y":529,"tool":"Pencil"},{"type":"child","parent":"lk7u8qmmu9","x":1033,"y":666,"tool":"Pencil"},{"type":"child","parent":"lk7u8qmmu9","x":1026,"y":683,"tool":"Pencil"},{"type":"child","parent":"lk7u8qmmu9","x":1110,"y":695,"tool":"Pencil"},{"type":"child","parent":"lk7u8qmmu9","x":1377,"y":791,"tool":"Pencil"},{"type":"child","parent":"lk7u8qmmu9","x":1391,"y":785,"tool":"Pencil"},{"type":"child","parent":"lk7u8qmmu9","x":1490,"y":486,"tool":"Pencil"},{"type":"child","parent":"lk7u8qmmu9","x":1419,"y":344,"tool":"Pencil"},{"type":"child","parent":"lk7u8qmmu9","x":1270,"y":389,"tool":"Pencil"},{"type":"child","parent":"lk7u8qmmu9","x":1254,"y":404,"tool":"Pencil"}]}}