{"ljp1s7q4pj":{"type":"line","id":"ljp1s7q4pj","color":"#1913b0","size":"10","tool":"Pencil","_children":[{"type":"child","parent":"ljp1s7q4pj","x":283,"y":658,"tool":"Pencil"},{"type":"child","parent":"ljp1s7q4pj","x":285,"y":658,"tool":"Pencil"},{"type":"child","parent":"ljp1s7q4pj","x":196,"y":683,"tool":"Pencil"},{"type":"child","parent":"ljp1s7q4pj","x":194,"y":685,"tool":"Pencil"},{"type":"child","parent":"ljp1s7q4pj","x":271,"y":709,"tool":"Pencil"},{"type":"child","parent":"ljp1s7q4pj","x":236,"y":756,"tool":"Pencil"},{"type":"child","parent":"ljp1s7q4pj","x":146,"y":810,"tool":"Pencil"},{"type":"child","parent":"ljp1s7q4pj","x":159,"y":833,"tool":"Pencil"},{"type":"child","parent":"ljp1s7q4pj","x":442,"y":877,"tool":"Pencil"},{"type":"child","parent":"ljp1s7q4pj","x":466,"y":880,"tool":"Pencil"}]},"rjp1s7tldp":{"type":"rect","id":"rjp1s7tldp","color":"#1913b0","size":"1","x":616,"y":287,"x2":977,"y2":588,"tool":"Rectangle"},"rjp1s7x49z":{"type":"rect","id":"rjp1s7x49z","color":"#ce5c00","size":"1","x":451,"y":134,"x2":677,"y2":271,"tool":"Rectangle"},"sjp1s89coi":{"type":"straight","id":"sjp1s89coi","color":"#1913b0","size":"20","x":528,"y":234,"tool":"Straight line","x2":390,"y2":388}}