{"tjp2aast9w":{"type":"new","id":"tjp2aast9w","color":"#1913b0","size":27,"x":560,"y":257.5,"tool":"Text","txt":"lk"},"tjp2aauo87":{"type":"new","id":"tjp2aauo87","color":"#1913b0","size":27,"x":560,"y":298,"tool":"Text","txt":""},"tjp2aav1xw":{"type":"new","id":"tjp2aav1xw","color":"#1913b0","size":27,"x":424,"y":318.5,"tool":"Text"},"tjp2aavj2i":{"type":"new","id":"tjp2aavj2i","color":"#1913b0","size":27,"x":528,"y":636.5,"tool":"Text","txt":"km\\"},"tjp2aaxgy8":{"type":"new","id":"tjp2aaxgy8","color":"#1913b0","size":27,"x":528,"y":677,"tool":"Text","txt":""},"tjp2aayahw":{"type":"new","id":"tjp2aayahw","color":"#1913b0","size":27,"x":1310,"y":484.5,"tool":"Text","txt":"kkkk"},"tjp2aazz54":{"type":"new","id":"tjp2aazz54","color":"#1913b0","size":27,"x":1310,"y":525,"tool":"Text","txt":""},"sjp2ab2fud":{"type":"straight","id":"sjp2ab2fud","color":"#1913b0","size":"10","x":465,"y":333,"tool":"Straight line","x2":832,"y2":428},"sjp2ab347u":{"type":"straight","id":"sjp2ab347u","color":"#1913b0","size":"10","x":720,"y":168,"tool":"Straight line","x2":928,"y2":436},"ljp2abbli1":{"type":"line","id":"ljp2abbli1","color":"#1913b0","size":"10","tool":"Pencil","_children":[{"type":"child","parent":"ljp2abbli1","x":399,"y":158,"tool":"Pencil"},{"type":"child","parent":"ljp2abbli1","x":425,"y":195,"tool":"Pencil"},{"type":"child","parent":"ljp2abbli1","x":484,"y":231,"tool":"Pencil"},{"type":"child","parent":"ljp2abbli1","x":543,"y":225,"tool":"Pencil"},{"type":"child","parent":"ljp2abbli1","x":555,"y":175,"tool":"Pencil"},{"type":"child","parent":"ljp2abbli1","x":533,"y":113,"tool":"Pencil"},{"type":"child","parent":"ljp2abbli1","x":481,"y":88,"tool":"Pencil"},{"type":"child","parent":"ljp2abbli1","x":445,"y":93,"tool":"Pencil"},{"type":"child","parent":"ljp2abbli1","x":445,"y":105,"tool":"Pencil"},{"type":"child","parent":"ljp2abbli1","x":468,"y":124,"tool":"Pencil"},{"type":"child","parent":"ljp2abbli1","x":512,"y":133,"tool":"Pencil"},{"type":"child","parent":"ljp2abbli1","x":559,"y":136,"tool":"Pencil"},{"type":"child","parent":"ljp2abbli1","x":628,"y":133,"tool":"Pencil"},{"type":"child","parent":"ljp2abbli1","x":698,"y":130,"tool":"Pencil"},{"type":"child","parent":"ljp2abbli1","x":787,"y":132,"tool":"Pencil"},{"type":"child","parent":"ljp2abbli1","x":833,"y":145,"tool":"Pencil"},{"type":"child","parent":"ljp2abbli1","x":881,"y":173,"tool":"Pencil"},{"type":"child","parent":"ljp2abbli1","x":891,"y":192,"tool":"Pencil"},{"type":"child","parent":"ljp2abbli1","x":889,"y":221,"tool":"Pencil"},{"type":"child","parent":"ljp2abbli1","x":881,"y":231,"tool":"Pencil"},{"type":"child","parent":"ljp2abbli1","x":878,"y":231,"tool":"Pencil"},{"type":"child","parent":"ljp2abbli1","x":867,"y":221,"tool":"Pencil"},{"type":"child","parent":"ljp2abbli1","x":841,"y":197,"tool":"Pencil"},{"type":"child","parent":"ljp2abbli1","x":836,"y":187,"tool":"Pencil"},{"type":"child","parent":"ljp2abbli1","x":834,"y":185,"tool":"Pencil"},{"type":"child","parent":"ljp2abbli1","x":825,"y":194,"tool":"Pencil"},{"type":"child","parent":"ljp2abbli1","x":819,"y":209,"tool":"Pencil"},{"type":"child","parent":"ljp2abbli1","x":834,"y":239,"tool":"Pencil"},{"type":"child","parent":"ljp2abbli1","x":870,"y":260,"tool":"Pencil"},{"type":"child","parent":"ljp2abbli1","x":924,"y":269,"tool":"Pencil"},{"type":"child","parent":"ljp2abbli1","x":972,"y":263,"tool":"Pencil"},{"type":"child","parent":"ljp2abbli1","x":1012,"y":238,"tool":"Pencil"},{"type":"child","parent":"ljp2abbli1","x":1035,"y":217,"tool":"Pencil"},{"type":"child","parent":"ljp2abbli1","x":1057,"y":210,"tool":"Pencil"},{"type":"child","parent":"ljp2abbli1","x":1083,"y":214,"tool":"Pencil"},{"type":"child","parent":"ljp2abbli1","x":1090,"y":221,"tool":"Pencil"},{"type":"child","parent":"ljp2abbli1","x":1065,"y":260,"tool":"Pencil"},{"type":"child","parent":"ljp2abbli1","x":1009,"y":293,"tool":"Pencil"},{"type":"child","parent":"ljp2abbli1","x":977,"y":327,"tool":"Pencil"},{"type":"child","parent":"ljp2abbli1","x":993,"y":383,"tool":"Pencil"},{"type":"child","parent":"ljp2abbli1","x":1057,"y":414,"tool":"Pencil"},{"type":"child","parent":"ljp2abbli1","x":1148,"y":388,"tool":"Pencil"},{"type":"child","parent":"ljp2abbli1","x":1205,"y":347,"tool":"Pencil"},{"type":"child","parent":"ljp2abbli1","x":1275,"y":280,"tool":"Pencil"},{"type":"child","parent":"ljp2abbli1","x":1326,"y":281,"tool":"Pencil"},{"type":"child","parent":"ljp2abbli1","x":1339,"y":289,"tool":"Pencil"},{"type":"child","parent":"ljp2abbli1","x":1339,"y":320,"tool":"Pencil"},{"type":"child","parent":"ljp2abbli1","x":1349,"y":361,"tool":"Pencil"},{"type":"child","parent":"ljp2abbli1","x":1361,"y":379,"tool":"Pencil"},{"type":"child","parent":"ljp2abbli1","x":1394,"y":390,"tool":"Pencil"},{"type":"child","parent":"ljp2abbli1","x":1430,"y":377,"tool":"Pencil"},{"type":"child","parent":"ljp2abbli1","x":1479,"y":367,"tool":"Pencil"},{"type":"child","parent":"ljp2abbli1","x":1520,"y":409,"tool":"Pencil"},{"type":"child","parent":"ljp2abbli1","x":1535,"y":461,"tool":"Pencil"},{"type":"child","parent":"ljp2abbli1","x":1505,"y":488,"tool":"Pencil"},{"type":"child","parent":"ljp2abbli1","x":1449,"y":490,"tool":"Pencil"},{"type":"child","parent":"ljp2abbli1","x":1394,"y":488,"tool":"Pencil"},{"type":"child","parent":"ljp2abbli1","x":1370,"y":475,"tool":"Pencil"},{"type":"child","parent":"ljp2abbli1","x":1350,"y":454,"tool":"Pencil"},{"type":"child","parent":"ljp2abbli1","x":1320,"y":425,"tool":"Pencil"},{"type":"child","parent":"ljp2abbli1","x":1288,"y":412,"tool":"Pencil"},{"type":"child","parent":"ljp2abbli1","x":1255,"y":409,"tool":"Pencil"},{"type":"child","parent":"ljp2abbli1","x":1239,"y":420,"tool":"Pencil"},{"type":"child","parent":"ljp2abbli1","x":1233,"y":445,"tool":"Pencil"},{"type":"child","parent":"ljp2abbli1","x":1247,"y":485,"tool":"Pencil"},{"type":"child","parent":"ljp2abbli1","x":1264,"y":504,"tool":"Pencil"},{"type":"child","parent":"ljp2abbli1","x":1282,"y":509,"tool":"Pencil"},{"type":"child","parent":"ljp2abbli1","x":1296,"y":507,"tool":"Pencil"},{"type":"child","parent":"ljp2abbli1","x":1315,"y":501,"tool":"Pencil"},{"type":"child","parent":"ljp2abbli1","x":1340,"y":499,"tool":"Pencil"},{"type":"child","parent":"ljp2abbli1","x":1351,"y":501,"tool":"Pencil"},{"type":"child","parent":"ljp2abbli1","x":1354,"y":507,"tool":"Pencil"},{"type":"child","parent":"ljp2abbli1","x":1355,"y":512,"tool":"Pencil"},{"type":"child","parent":"ljp2abbli1","x":1363,"y":524,"tool":"Pencil"},{"type":"child","parent":"ljp2abbli1","x":1382,"y":529,"tool":"Pencil"},{"type":"child","parent":"ljp2abbli1","x":1438,"y":534,"tool":"Pencil"},{"type":"child","parent":"ljp2abbli1","x":1495,"y":534,"tool":"Pencil"},{"type":"child","parent":"ljp2abbli1","x":1549,"y":527,"tool":"Pencil"},{"type":"child","parent":"ljp2abbli1","x":1597,"y":503,"tool":"Pencil"},{"type":"child","parent":"ljp2abbli1","x":1620,"y":477,"tool":"Pencil"},{"type":"child","parent":"ljp2abbli1","x":1628,"y":418,"tool":"Pencil"},{"type":"child","parent":"ljp2abbli1","x":1611,"y":374,"tool":"Pencil"},{"type":"child","parent":"ljp2abbli1","x":1578,"y":335,"tool":"Pencil"},{"type":"child","parent":"ljp2abbli1","x":1540,"y":323,"tool":"Pencil"},{"type":"child","parent":"ljp2abbli1","x":1495,"y":319,"tool":"Pencil"},{"type":"child","parent":"ljp2abbli1","x":1453,"y":324,"tool":"Pencil"},{"type":"child","parent":"ljp2abbli1","x":1428,"y":330,"tool":"Pencil"},{"type":"child","parent":"ljp2abbli1","x":1410,"y":338,"tool":"Pencil"},{"type":"child","parent":"ljp2abbli1","x":1405,"y":335,"tool":"Pencil"},{"type":"child","parent":"ljp2abbli1","x":1385,"y":294,"tool":"Pencil"},{"type":"child","parent":"ljp2abbli1","x":1369,"y":257,"tool":"Pencil"},{"type":"child","parent":"ljp2abbli1","x":1354,"y":232,"tool":"Pencil"},{"type":"child","parent":"ljp2abbli1","x":1340,"y":223,"tool":"Pencil"},{"type":"child","parent":"ljp2abbli1","x":1315,"y":221,"tool":"Pencil"},{"type":"child","parent":"ljp2abbli1","x":1273,"y":237,"tool":"Pencil"},{"type":"child","parent":"ljp2abbli1","x":1244,"y":252,"tool":"Pencil"},{"type":"child","parent":"ljp2abbli1","x":1217,"y":271,"tool":"Pencil"},{"type":"child","parent":"ljp2abbli1","x":1167,"y":302,"tool":"Pencil"},{"type":"child","parent":"ljp2abbli1","x":1129,"y":316,"tool":"Pencil"},{"type":"child","parent":"ljp2abbli1","x":1124,"y":314,"tool":"Pencil"},{"type":"child","parent":"ljp2abbli1","x":1127,"y":250,"tool":"Pencil"},{"type":"child","parent":"ljp2abbli1","x":1151,"y":217,"tool":"Pencil"},{"type":"child","parent":"ljp2abbli1","x":1155,"y":194,"tool":"Pencil"},{"type":"child","parent":"ljp2abbli1","x":1141,"y":173,"tool":"Pencil"},{"type":"child","parent":"ljp2abbli1","x":1104,"y":158,"tool":"Pencil"},{"type":"child","parent":"ljp2abbli1","x":1039,"y":153,"tool":"Pencil"},{"type":"child","parent":"ljp2abbli1","x":1012,"y":156,"tool":"Pencil"},{"type":"child","parent":"ljp2abbli1","x":987,"y":173,"tool":"Pencil"},{"type":"child","parent":"ljp2abbli1","x":970,"y":194,"tool":"Pencil"},{"type":"child","parent":"ljp2abbli1","x":964,"y":202,"tool":"Pencil"},{"type":"child","parent":"ljp2abbli1","x":955,"y":205,"tool":"Pencil"},{"type":"child","parent":"ljp2abbli1","x":949,"y":195,"tool":"Pencil"},{"type":"child","parent":"ljp2abbli1","x":921,"y":146,"tool":"Pencil"},{"type":"child","parent":"ljp2abbli1","x":885,"y":117,"tool":"Pencil"},{"type":"child","parent":"ljp2abbli1","x":841,"y":106,"tool":"Pencil"},{"type":"child","parent":"ljp2abbli1","x":776,"y":93,"tool":"Pencil"},{"type":"child","parent":"ljp2abbli1","x":701,"y":86,"tool":"Pencil"},{"type":"child","parent":"ljp2abbli1","x":657,"y":82,"tool":"Pencil"},{"type":"child","parent":"ljp2abbli1","x":623,"y":78,"tool":"Pencil"},{"type":"child","parent":"ljp2abbli1","x":587,"y":75,"tool":"Pencil"},{"type":"child","parent":"ljp2abbli1","x":559,"y":60,"tool":"Pencil"},{"type":"child","parent":"ljp2abbli1","x":514,"y":42,"tool":"Pencil"},{"type":"child","parent":"ljp2abbli1","x":454,"y":31,"tool":"Pencil"},{"type":"child","parent":"ljp2abbli1","x":432,"y":32,"tool":"Pencil"},{"type":"child","parent":"ljp2abbli1","x":423,"y":41,"tool":"Pencil"},{"type":"child","parent":"ljp2abbli1","x":420,"y":56,"tool":"Pencil"},{"type":"child","parent":"ljp2abbli1","x":420,"y":62,"tool":"Pencil"},{"type":"child","parent":"ljp2abbli1","x":423,"y":75,"tool":"Pencil"},{"type":"child","parent":"ljp2abbli1","x":429,"y":94,"tool":"Pencil"},{"type":"child","parent":"ljp2abbli1","x":436,"y":113,"tool":"Pencil"},{"type":"child","parent":"ljp2abbli1","x":442,"y":124,"tool":"Pencil"},{"type":"child","parent":"ljp2abbli1","x":455,"y":143,"tool":"Pencil"},{"type":"child","parent":"ljp2abbli1","x":478,"y":162,"tool":"Pencil"},{"type":"child","parent":"ljp2abbli1","x":490,"y":170,"tool":"Pencil"},{"type":"child","parent":"ljp2abbli1","x":500,"y":173,"tool":"Pencil"},{"type":"child","parent":"ljp2abbli1","x":515,"y":175,"tool":"Pencil"},{"type":"child","parent":"ljp2abbli1","x":528,"y":177,"tool":"Pencil"},{"type":"child","parent":"ljp2abbli1","x":551,"y":174,"tool":"Pencil"},{"type":"child","parent":"ljp2abbli1","x":567,"y":165,"tool":"Pencil"},{"type":"child","parent":"ljp2abbli1","x":574,"y":155,"tool":"Pencil"},{"type":"child","parent":"ljp2abbli1","x":577,"y":147,"tool":"Pencil"},{"type":"child","parent":"ljp2abbli1","x":577,"y":143,"tool":"Pencil"},{"type":"child","parent":"ljp2abbli1","x":577,"y":138,"tool":"Pencil"},{"type":"child","parent":"ljp2abbli1","x":575,"y":127,"tool":"Pencil"},{"type":"child","parent":"ljp2abbli1","x":567,"y":107,"tool":"Pencil"},{"type":"child","parent":"ljp2abbli1","x":554,"y":87,"tool":"Pencil"},{"type":"child","parent":"ljp2abbli1","x":533,"y":73,"tool":"Pencil"},{"type":"child","parent":"ljp2abbli1","x":508,"y":67,"tool":"Pencil"},{"type":"child","parent":"ljp2abbli1","x":472,"y":63,"tool":"Pencil"},{"type":"child","parent":"ljp2abbli1","x":453,"y":68,"tool":"Pencil"},{"type":"child","parent":"ljp2abbli1","x":426,"y":87,"tool":"Pencil"},{"type":"child","parent":"ljp2abbli1","x":418,"y":101,"tool":"Pencil"},{"type":"child","parent":"ljp2abbli1","x":416,"y":121,"tool":"Pencil"},{"type":"child","parent":"ljp2abbli1","x":421,"y":136,"tool":"Pencil"},{"type":"child","parent":"ljp2abbli1","x":427,"y":145,"tool":"Pencil"},{"type":"child","parent":"ljp2abbli1","x":442,"y":154,"tool":"Pencil"},{"type":"child","parent":"ljp2abbli1","x":471,"y":171,"tool":"Pencil"},{"type":"child","parent":"ljp2abbli1","x":480,"y":177,"tool":"Pencil"},{"type":"child","parent":"ljp2abbli1","x":484,"y":182,"tool":"Pencil"},{"type":"child","parent":"ljp2abbli1","x":486,"y":189,"tool":"Pencil"},{"type":"child","parent":"ljp2abbli1","x":485,"y":193,"tool":"Pencil"},{"type":"child","parent":"ljp2abbli1","x":480,"y":194,"tool":"Pencil"},{"type":"child","parent":"ljp2abbli1","x":472,"y":191,"tool":"Pencil"},{"type":"child","parent":"ljp2abbli1","x":452,"y":176,"tool":"Pencil"},{"type":"child","parent":"ljp2abbli1","x":428,"y":158,"tool":"Pencil"},{"type":"child","parent":"ljp2abbli1","x":415,"y":152,"tool":"Pencil"},{"type":"child","parent":"ljp2abbli1","x":405,"y":151,"tool":"Pencil"},{"type":"child","parent":"ljp2abbli1","x":390,"y":153,"tool":"Pencil"},{"type":"child","parent":"ljp2abbli1","x":386,"y":155,"tool":"Pencil"}]},"rjp2aboaes":{"type":"rect","id":"rjp2aboaes","color":"#1913b0","size":"10","x":230,"y":397,"x2":660,"y2":614,"tool":"Rectangle"},"rjp2abp9og":{"type":"rect","id":"rjp2abp9og","color":"#1913b0","size":"10","x":355,"y":471,"x2":649,"y2":408,"tool":"Rectangle"},"ljp2ac5mho":{"type":"line","id":"ljp2ac5mho","color":"#1913b0","size":"10","tool":"Pencil","_children":[{"type":"child","parent":"ljp2ac5mho","x":967,"y":523,"tool":"Pencil"},{"type":"child","parent":"ljp2ac5mho","x":1118,"y":591,"tool":"Pencil"},{"type":"child","parent":"ljp2ac5mho","x":1313,"y":694,"tool":"Pencil"},{"type":"child","parent":"ljp2ac5mho","x":1445,"y":737,"tool":"Pencil"},{"type":"child","parent":"ljp2ac5mho","x":1507,"y":752,"tool":"Pencil"},{"type":"child","parent":"ljp2ac5mho","x":1525,"y":748,"tool":"Pencil"},{"type":"child","parent":"ljp2ac5mho","x":1558,"y":720,"tool":"Pencil"},{"type":"child","parent":"ljp2ac5mho","x":1579,"y":682,"tool":"Pencil"},{"type":"child","parent":"ljp2ac5mho","x":1581,"y":654,"tool":"Pencil"},{"type":"child","parent":"ljp2ac5mho","x":1560,"y":631,"tool":"Pencil"},{"type":"child","parent":"ljp2ac5mho","x":1488,"y":622,"tool":"Pencil"},{"type":"child","parent":"ljp2ac5mho","x":1328,"y":616,"tool":"Pencil"},{"type":"child","parent":"ljp2ac5mho","x":1128,"y":590,"tool":"Pencil"},{"type":"child","parent":"ljp2ac5mho","x":1012,"y":576,"tool":"Pencil"},{"type":"child","parent":"ljp2ac5mho","x":963,"y":567,"tool":"Pencil"},{"type":"child","parent":"ljp2ac5mho","x":958,"y":564,"tool":"Pencil"},{"type":"child","parent":"ljp2ac5mho","x":958,"y":547,"tool":"Pencil"},{"type":"child","parent":"ljp2ac5mho","x":958,"y":539,"tool":"Pencil"},{"type":"child","parent":"ljp2ac5mho","x":958,"y":535,"tool":"Pencil"},{"type":"child","parent":"ljp2ac5mho","x":958,"y":528,"tool":"Pencil"},{"type":"child","parent":"ljp2ac5mho","x":958,"y":525,"tool":"Pencil"},{"type":"child","parent":"ljp2ac5mho","x":958,"y":522,"tool":"Pencil"},{"type":"child","parent":"ljp2ac5mho","x":958,"y":521,"tool":"Pencil"},{"type":"child","parent":"ljp2ac5mho","x":959,"y":519,"tool":"Pencil"},{"type":"child","parent":"ljp2ac5mho","x":963,"y":521,"tool":"Pencil"},{"type":"child","parent":"ljp2ac5mho","x":968,"y":523,"tool":"Pencil"},{"type":"child","parent":"ljp2ac5mho","x":969,"y":523,"tool":"Pencil"}]},"ljp2acba8k":{"type":"line","id":"ljp2acba8k","color":"#1913b0","size":"10","tool":"Pencil","_children":[{"type":"child","parent":"ljp2acba8k","x":1172,"y":40,"tool":"Pencil"},{"type":"child","parent":"ljp2acba8k","x":1272,"y":81,"tool":"Pencil"},{"type":"child","parent":"ljp2acba8k","x":1315,"y":106,"tool":"Pencil"}]},"ljp2acbnnz":{"type":"line","id":"ljp2acbnnz","color":"#1913b0","size":"10","tool":"Pencil","_children":[{"type":"child","parent":"ljp2acbnnz","x":1292,"y":46,"tool":"Pencil"},{"type":"child","parent":"ljp2acbnnz","x":1241,"y":87,"tool":"Pencil"},{"type":"child","parent":"ljp2acbnnz","x":1199,"y":137,"tool":"Pencil"}]},"ljp2acc3lh":{"type":"line","id":"ljp2acc3lh","color":"#1913b0","size":"10","tool":"Pencil","_children":[{"type":"child","parent":"ljp2acc3lh","x":1363,"y":124,"tool":"Pencil"},{"type":"child","parent":"ljp2acc3lh","x":1409,"y":114,"tool":"Pencil"}]},"ljp2accg3c":{"type":"line","id":"ljp2accg3c","color":"#1913b0","size":"10","tool":"Pencil","_children":[{"type":"child","parent":"ljp2accg3c","x":1453,"y":60,"tool":"Pencil"},{"type":"child","parent":"ljp2accg3c","x":1525,"y":80,"tool":"Pencil"},{"type":"child","parent":"ljp2accg3c","x":1567,"y":67,"tool":"Pencil"}]},"ljp2accs1m":{"type":"line","id":"ljp2accs1m","color":"#1913b0","size":"10","tool":"Pencil","_children":[{"type":"child","parent":"ljp2accs1m","x":1581,"y":42,"tool":"Pencil"},{"type":"child","parent":"ljp2accs1m","x":1576,"y":83,"tool":"Pencil"},{"type":"child","parent":"ljp2accs1m","x":1562,"y":157,"tool":"Pencil"},{"type":"child","parent":"ljp2accs1m","x":1558,"y":183,"tool":"Pencil"}]},"ljp2ach47v":{"type":"line","id":"ljp2ach47v","color":"#1913b0","size":"43","tool":"Pencil","_children":[{"type":"child","parent":"ljp2ach47v","x":329,"y":638,"tool":"Pencil"},{"type":"child","parent":"ljp2ach47v","x":410,"y":712,"tool":"Pencil"},{"type":"child","parent":"ljp2ach47v","x":540,"y":760,"tool":"Pencil"},{"type":"child","parent":"ljp2ach47v","x":724,"y":759,"tool":"Pencil"},{"type":"child","parent":"ljp2ach47v","x":850,"y":742,"tool":"Pencil"},{"type":"child","parent":"ljp2ach47v","x":929,"y":745,"tool":"Pencil"},{"type":"child","parent":"ljp2ach47v","x":973,"y":749,"tool":"Pencil"},{"type":"child","parent":"ljp2ach47v","x":1012,"y":757,"tool":"Pencil"},{"type":"child","parent":"ljp2ach47v","x":1031,"y":774,"tool":"Pencil"},{"type":"child","parent":"ljp2ach47v","x":1035,"y":788,"tool":"Pencil"},{"type":"child","parent":"ljp2ach47v","x":1020,"y":798,"tool":"Pencil"},{"type":"child","parent":"ljp2ach47v","x":945,"y":803,"tool":"Pencil"},{"type":"child","parent":"ljp2ach47v","x":840,"y":774,"tool":"Pencil"},{"type":"child","parent":"ljp2ach47v","x":812,"y":734,"tool":"Pencil"},{"type":"child","parent":"ljp2ach47v","x":798,"y":690,"tool":"Pencil"},{"type":"child","parent":"ljp2ach47v","x":793,"y":653,"tool":"Pencil"},{"type":"child","parent":"ljp2ach47v","x":801,"y":631,"tool":"Pencil"},{"type":"child","parent":"ljp2ach47v","x":824,"y":608,"tool":"Pencil"},{"type":"child","parent":"ljp2ach47v","x":846,"y":604,"tool":"Pencil"},{"type":"child","parent":"ljp2ach47v","x":872,"y":629,"tool":"Pencil"},{"type":"child","parent":"ljp2ach47v","x":933,"y":681,"tool":"Pencil"},{"type":"child","parent":"ljp2ach47v","x":991,"y":715,"tool":"Pencil"},{"type":"child","parent":"ljp2ach47v","x":1047,"y":737,"tool":"Pencil"},{"type":"child","parent":"ljp2ach47v","x":1085,"y":748,"tool":"Pencil"},{"type":"child","parent":"ljp2ach47v","x":1134,"y":756,"tool":"Pencil"},{"type":"child","parent":"ljp2ach47v","x":1198,"y":764,"tool":"Pencil"},{"type":"child","parent":"ljp2ach47v","x":1263,"y":769,"tool":"Pencil"},{"type":"child","parent":"ljp2ach47v","x":1340,"y":770,"tool":"Pencil"},{"type":"child","parent":"ljp2ach47v","x":1407,"y":759,"tool":"Pencil"},{"type":"child","parent":"ljp2ach47v","x":1469,"y":747,"tool":"Pencil"},{"type":"child","parent":"ljp2ach47v","x":1522,"y":737,"tool":"Pencil"},{"type":"child","parent":"ljp2ach47v","x":1565,"y":728,"tool":"Pencil"},{"type":"child","parent":"ljp2ach47v","x":1600,"y":720,"tool":"Pencil"},{"type":"child","parent":"ljp2ach47v","x":1629,"y":704,"tool":"Pencil"},{"type":"child","parent":"ljp2ach47v","x":1660,"y":678,"tool":"Pencil"},{"type":"child","parent":"ljp2ach47v","x":1691,"y":631,"tool":"Pencil"},{"type":"child","parent":"ljp2ach47v","x":1723,"y":558,"tool":"Pencil"},{"type":"child","parent":"ljp2ach47v","x":1755,"y":475,"tool":"Pencil"},{"type":"child","parent":"ljp2ach47v","x":1781,"y":397,"tool":"Pencil"},{"type":"child","parent":"ljp2ach47v","x":1800,"y":329,"tool":"Pencil"},{"type":"child","parent":"ljp2ach47v","x":1810,"y":287,"tool":"Pencil"},{"type":"child","parent":"ljp2ach47v","x":1814,"y":261,"tool":"Pencil"},{"type":"child","parent":"ljp2ach47v","x":1815,"y":248,"tool":"Pencil"},{"type":"child","parent":"ljp2ach47v","x":1814,"y":239,"tool":"Pencil"},{"type":"child","parent":"ljp2ach47v","x":1807,"y":229,"tool":"Pencil"},{"type":"child","parent":"ljp2ach47v","x":1799,"y":227,"tool":"Pencil"},{"type":"child","parent":"ljp2ach47v","x":1799,"y":228,"tool":"Pencil"},{"type":"child","parent":"ljp2ach47v","x":1805,"y":255,"tool":"Pencil"},{"type":"child","parent":"ljp2ach47v","x":1827,"y":343,"tool":"Pencil"},{"type":"child","parent":"ljp2ach47v","x":1852,"y":442,"tool":"Pencil"},{"type":"child","parent":"ljp2ach47v","x":1877,"y":563,"tool":"Pencil"},{"type":"child","parent":"ljp2ach47v","x":1897,"y":648,"tool":"Pencil"},{"type":"child","parent":"ljp2ach47v","x":1902,"y":682,"tool":"Pencil"},{"type":"child","parent":"ljp2ach47v","x":1903,"y":697,"tool":"Pencil"},{"type":"child","parent":"ljp2ach47v","x":1903,"y":699,"tool":"Pencil"},{"type":"child","parent":"ljp2ach47v","x":1860,"y":696,"tool":"Pencil"},{"type":"child","parent":"ljp2ach47v","x":1673,"y":662,"tool":"Pencil"},{"type":"child","parent":"ljp2ach47v","x":1506,"y":632,"tool":"Pencil"},{"type":"child","parent":"ljp2ach47v","x":1455,"y":622,"tool":"Pencil"},{"type":"child","parent":"ljp2ach47v","x":1445,"y":620,"tool":"Pencil"},{"type":"child","parent":"ljp2ach47v","x":1440,"y":619,"tool":"Pencil"},{"type":"child","parent":"ljp2ach47v","x":1424,"y":579,"tool":"Pencil"},{"type":"child","parent":"ljp2ach47v","x":1287,"y":436,"tool":"Pencil"},{"type":"child","parent":"ljp2ach47v","x":1046,"y":345,"tool":"Pencil"},{"type":"child","parent":"ljp2ach47v","x":859,"y":297,"tool":"Pencil"},{"type":"child","parent":"ljp2ach47v","x":753,"y":277,"tool":"Pencil"},{"type":"child","parent":"ljp2ach47v","x":688,"y":278,"tool":"Pencil"},{"type":"child","parent":"ljp2ach47v","x":649,"y":298,"tool":"Pencil"},{"type":"child","parent":"ljp2ach47v","x":631,"y":337,"tool":"Pencil"},{"type":"child","parent":"ljp2ach47v","x":637,"y":382,"tool":"Pencil"},{"type":"child","parent":"ljp2ach47v","x":682,"y":427,"tool":"Pencil"},{"type":"child","parent":"ljp2ach47v","x":802,"y":448,"tool":"Pencil"},{"type":"child","parent":"ljp2ach47v","x":916,"y":395,"tool":"Pencil"},{"type":"child","parent":"ljp2ach47v","x":1155,"y":333,"tool":"Pencil"},{"type":"child","parent":"ljp2ach47v","x":1335,"y":392,"tool":"Pencil"},{"type":"child","parent":"ljp2ach47v","x":1365,"y":476,"tool":"Pencil"},{"type":"child","parent":"ljp2ach47v","x":1193,"y":512,"tool":"Pencil"},{"type":"child","parent":"ljp2ach47v","x":572,"y":414,"tool":"Pencil"},{"type":"child","parent":"ljp2ach47v","x":314,"y":316,"tool":"Pencil"},{"type":"child","parent":"ljp2ach47v","x":309,"y":348,"tool":"Pencil"},{"type":"child","parent":"ljp2ach47v","x":389,"y":515,"tool":"Pencil"},{"type":"child","parent":"ljp2ach47v","x":541,"y":601,"tool":"Pencil"},{"type":"child","parent":"ljp2ach47v","x":742,"y":595,"tool":"Pencil"},{"type":"child","parent":"ljp2ach47v","x":975,"y":424,"tool":"Pencil"},{"type":"child","parent":"ljp2ach47v","x":1057,"y":310,"tool":"Pencil"},{"type":"child","parent":"ljp2ach47v","x":1034,"y":248,"tool":"Pencil"},{"type":"child","parent":"ljp2ach47v","x":786,"y":191,"tool":"Pencil"},{"type":"child","parent":"ljp2ach47v","x":525,"y":220,"tool":"Pencil"},{"type":"child","parent":"ljp2ach47v","x":534,"y":383,"tool":"Pencil"},{"type":"child","parent":"ljp2ach47v","x":921,"y":703,"tool":"Pencil"},{"type":"child","parent":"ljp2ach47v","x":1631,"y":762,"tool":"Pencil"},{"type":"child","parent":"ljp2ach47v","x":1824,"y":598,"tool":"Pencil"},{"type":"child","parent":"ljp2ach47v","x":1706,"y":437,"tool":"Pencil"},{"type":"child","parent":"ljp2ach47v","x":1026,"y":254,"tool":"Pencil"},{"type":"child","parent":"ljp2ach47v","x":669,"y":484,"tool":"Pencil"},{"type":"child","parent":"ljp2ach47v","x":804,"y":674,"tool":"Pencil"},{"type":"child","parent":"ljp2ach47v","x":1196,"y":568,"tool":"Pencil"},{"type":"child","parent":"ljp2ach47v","x":1318,"y":346,"tool":"Pencil"},{"type":"child","parent":"ljp2ach47v","x":1010,"y":106,"tool":"Pencil"},{"type":"child","parent":"ljp2ach47v","x":457,"y":60,"tool":"Pencil"},{"type":"child","parent":"ljp2ach47v","x":207,"y":356,"tool":"Pencil"},{"type":"child","parent":"ljp2ach47v","x":328,"y":604,"tool":"Pencil"},{"type":"child","parent":"ljp2ach47v","x":654,"y":671,"tool":"Pencil"},{"type":"child","parent":"ljp2ach47v","x":979,"y":591,"tool":"Pencil"},{"type":"child","parent":"ljp2ach47v","x":1063,"y":488,"tool":"Pencil"},{"type":"child","parent":"ljp2ach47v","x":944,"y":322,"tool":"Pencil"},{"type":"child","parent":"ljp2ach47v","x":602,"y":274,"tool":"Pencil"},{"type":"child","parent":"ljp2ach47v","x":371,"y":417,"tool":"Pencil"},{"type":"child","parent":"ljp2ach47v","x":437,"y":564,"tool":"Pencil"},{"type":"child","parent":"ljp2ach47v","x":739,"y":616,"tool":"Pencil"},{"type":"child","parent":"ljp2ach47v","x":977,"y":555,"tool":"Pencil"},{"type":"child","parent":"ljp2ach47v","x":1021,"y":519,"tool":"Pencil"},{"type":"child","parent":"ljp2ach47v","x":1004,"y":447,"tool":"Pencil"},{"type":"child","parent":"ljp2ach47v","x":796,"y":407,"tool":"Pencil"},{"type":"child","parent":"ljp2ach47v","x":688,"y":501,"tool":"Pencil"},{"type":"child","parent":"ljp2ach47v","x":699,"y":564,"tool":"Pencil"}]},"ljp2acqdxy":{"type":"line","id":"ljp2acqdxy","color":"#1913b0","size":"43","tool":"Pencil","_children":[{"type":"child","parent":"ljp2acqdxy","x":898,"y":384,"tool":"Pencil"},{"type":"child","parent":"ljp2acqdxy","x":911,"y":486,"tool":"Pencil"}]}}