{"ljp1f956p6":{"type":"line","id":"ljp1f956p6","color":"#1913b0","size":"10","tool":"Pencil","_children":[{"type":"child","parent":"ljp1f956p6","x":273,"y":95,"tool":"Pencil"},{"type":"child","parent":"ljp1f956p6","x":273,"y":96,"tool":"Pencil"},{"type":"child","parent":"ljp1f956p6","x":338,"y":196,"tool":"Pencil"},{"type":"child","parent":"ljp1f956p6","x":445,"y":326,"tool":"Pencil"},{"type":"child","parent":"ljp1f956p6","x":510,"y":369,"tool":"Pencil"},{"type":"child","parent":"ljp1f956p6","x":704,"y":271,"tool":"Pencil"},{"type":"child","parent":"ljp1f956p6","x":756,"y":219,"tool":"Pencil"},{"type":"child","parent":"ljp1f956p6","x":758,"y":219,"tool":"Pencil"},{"type":"child","parent":"ljp1f956p6","x":745,"y":235,"tool":"Pencil"},{"type":"child","parent":"ljp1f956p6","x":686,"y":319,"tool":"Pencil"},{"type":"child","parent":"ljp1f956p6","x":682,"y":333,"tool":"Pencil"},{"type":"child","parent":"ljp1f956p6","x":813,"y":256,"tool":"Pencil"},{"type":"child","parent":"ljp1f956p6","x":954,"y":205,"tool":"Pencil"},{"type":"child","parent":"ljp1f956p6","x":1020,"y":255,"tool":"Pencil"},{"type":"child","parent":"ljp1f956p6","x":1040,"y":373,"tool":"Pencil"},{"type":"child","parent":"ljp1f956p6","x":1031,"y":459,"tool":"Pencil"},{"type":"child","parent":"ljp1f956p6","x":1026,"y":467,"tool":"Pencil"},{"type":"child","parent":"ljp1f956p6","x":1025,"y":464,"tool":"Pencil"}]},"ljp1f9gvlp":{"type":"line","id":"ljp1f9gvlp","color":"#1913B0","size":"10","tool":"Pencil","_children":[{"type":"child","parent":"ljp1f9gvlp","x":462,"y":461,"tool":"Pencil"},{"type":"child","parent":"ljp1f9gvlp","x":462,"y":452,"tool":"Pencil"},{"type":"child","parent":"ljp1f9gvlp","x":546,"y":70,"tool":"Pencil"}]},"ljp1f9i5jt":{"type":"line","id":"ljp1f9i5jt","color":"#1913B0","size":"10","tool":"Pencil","_children":[{"type":"child","parent":"ljp1f9i5jt","x":963,"y":469,"tool":"Pencil"},{"type":"child","parent":"ljp1f9i5jt","x":962,"y":469,"tool":"Pencil"},{"type":"child","parent":"ljp1f9i5jt","x":585,"y":370,"tool":"Pencil"},{"type":"child","parent":"ljp1f9i5jt","x":461,"y":319,"tool":"Pencil"},{"type":"child","parent":"ljp1f9i5jt","x":436,"y":300,"tool":"Pencil"},{"type":"child","parent":"ljp1f9i5jt","x":430,"y":296,"tool":"Pencil"},{"type":"child","parent":"ljp1f9i5jt","x":430,"y":296,"tool":"Pencil"}]}}