{"tk8g4qsznn":{"type":"new","id":"tk8g4qsznn","color":"#ff2800","size":27,"x":458,"y":75.5,"tool":"Text","time":1585672968575},"tk8g4qximz":{"type":"new","id":"tk8g4qximz","color":"#ff2800","size":27,"x":698,"y":83.5,"tool":"Text","time":1585672974445,"txt":""},"rk8g4uuryz":{"type":"rect","id":"rk8g4uuryz","color":"#ff2800","size":10,"x":243,"y":141,"x2":338,"y2":292,"tool":"Rectangle","time":1585673157512},"rk8g4uw99t":{"type":"rect","id":"rk8g4uw99t","color":"#ff2800","size":10,"x":313,"y":445,"x2":428,"y2":579,"tool":"Rectangle","time":1585673159450},"sk8g4v0jyp":{"type":"straight","id":"sk8g4v0jyp","color":"#ff2800","size":10,"x":332,"y":141,"tool":"Straight line","time":1585673164999,"x2":385,"y2":120},"sk8g4v1klw":{"type":"straight","id":"sk8g4v1klw","color":"#ff2800","size":10,"x":246,"y":141,"tool":"Straight line","time":1585673166319,"x2":321,"y2":117},"sk8g4v215y":{"type":"straight","id":"sk8g4v215y","color":"#ff2800","size":10,"x":321,"y":117,"tool":"Straight line","time":1585673166914,"x2":388,"y2":115},"sk8g4v2gsb":{"type":"straight","id":"sk8g4v2gsb","color":"#ff2800","size":10,"x":389,"y":117,"tool":"Straight line","time":1585673167478,"x2":383,"y2":259},"sk8g4v3hhf":{"type":"straight","id":"sk8g4v3hhf","color":"#ff2800","size":10,"x":380,"y":264,"tool":"Straight line","time":1585673168907,"x2":340,"y2":298},"sk8g4v5dox":{"type":"straight","id":"sk8g4v5dox","color":"#ff2800","size":10,"x":318,"y":449,"tool":"Straight line","time":1585673171255,"x2":398,"y2":393},"sk8g4v5z91":{"type":"straight","id":"sk8g4v5z91","color":"#ff2800","size":10,"x":399,"y":393,"tool":"Straight line","time":1585673172037,"x2":475,"y2":395},"sk8g4v6zu4":{"type":"straight","id":"sk8g4v6zu4","color":"#ff2800","size":10,"x":475,"y":395,"tool":"Straight line","time":1585673173362,"x2":428,"y2":446},"sk8g4v8ixc":{"type":"straight","id":"sk8g4v8ixc","color":"#ff2800","size":10,"x":435,"y":585,"tool":"Straight line","time":1585673175331,"x2":482,"y2":537},"sk8g4v9499":{"type":"straight","id":"sk8g4v9499","color":"#ff2800","size":10,"x":482,"y":537,"tool":"Straight line","time":1585673176098,"x2":483,"y2":399},"sk8g4vabxj":{"type":"straight","id":"sk8g4vabxj","color":"#ff2800","size":10,"x":379,"y":210,"tool":"Straight line","time":1585673177674,"x2":452,"y2":203},"sk8g4vaxlw":{"type":"straight","id":"sk8g4vaxlw","color":"#ff2800","size":10,"x":452,"y":203,"tool":"Straight line","time":1585673178450,"x2":445,"y2":385},"sk8g4vcwew":{"type":"straight","id":"sk8g4vcwew","color":"#ff2800","size":10,"x":454,"y":381,"tool":"Straight line","time":1585673180998,"x2":533,"y2":316},"sk8g4vds1e":{"type":"straight","id":"sk8g4vds1e","color":"#ff2800","size":10,"x":402,"y":344,"tool":"Straight line","time":1585673182201,"x2":443,"y2":401},"tk8g4viqln":{"type":"new","id":"tk8g4viqln","color":"#ff2800","size":27,"x":485,"y":221.5,"tool":"Text","time":1585673188574,"txt":"sftp"},"tk8g4vkw8u":{"type":"new","id":"tk8g4vkw8u","color":"#ff2800","size":27,"x":742,"y":340.5,"tool":"Text","time":1585673191369,"txt":""},"rk8g4vnxjt":{"type":"rect","id":"rk8g4vnxjt","color":"#ff2800","size":10,"x":128,"y":299,"x2":128,"y2":309,"tool":"Rectangle","time":1585673195308},"lk8g4vsoos":{"type":"line","id":"lk8g4vsoos","color":"#ff2800","size":10,"tool":"Pencil","time":1585673201459,"_children":[{"type":"child","parent":"lk8g4vsoos","x":547,"y":218,"tool":"Pencil"},{"type":"child","parent":"lk8g4vsoos","x":544,"y":218,"tool":"Pencil"},{"type":"child","parent":"lk8g4vsoos","x":555,"y":218,"tool":"Pencil"},{"type":"child","parent":"lk8g4vsoos","x":636,"y":246,"tool":"Pencil"},{"type":"child","parent":"lk8g4vsoos","x":675,"y":271,"tool":"Pencil"},{"type":"child","parent":"lk8g4vsoos","x":677,"y":272,"tool":"Pencil"},{"type":"child","parent":"lk8g4vsoos","x":677,"y":273,"tool":"Pencil"}]},"lk8g4vto1u":{"type":"line","id":"lk8g4vto1u","color":"#ff2800","size":10,"tool":"Pencil","time":1585673202730,"_children":[{"type":"child","parent":"lk8g4vto1u","x":659,"y":212,"tool":"Pencil"},{"type":"child","parent":"lk8g4vto1u","x":676,"y":236,"tool":"Pencil"},{"type":"child","parent":"lk8g4vto1u","x":686,"y":283,"tool":"Pencil"},{"type":"child","parent":"lk8g4vto1u","x":672,"y":299,"tool":"Pencil"},{"type":"child","parent":"lk8g4vto1u","x":657,"y":303,"tool":"Pencil"}]},"lk8g4vuquj":{"type":"line","id":"lk8g4vuquj","color":"#ff2800","size":10,"tool":"Pencil","time":1585673204132,"_children":[{"type":"child","parent":"lk8g4vuquj","x":712,"y":262,"tool":"Pencil"},{"type":"child","parent":"lk8g4vuquj","x":715,"y":295,"tool":"Pencil"},{"type":"child","parent":"lk8g4vuquj","x":757,"y":329,"tool":"Pencil"},{"type":"child","parent":"lk8g4vuquj","x":808,"y":327,"tool":"Pencil"},{"type":"child","parent":"lk8g4vuquj","x":851,"y":284,"tool":"Pencil"},{"type":"child","parent":"lk8g4vuquj","x":776,"y":246,"tool":"Pencil"},{"type":"child","parent":"lk8g4vuquj","x":724,"y":255,"tool":"Pencil"},{"type":"child","parent":"lk8g4vuquj","x":717,"y":275,"tool":"Pencil"},{"type":"child","parent":"lk8g4vuquj","x":725,"y":296,"tool":"Pencil"},{"type":"child","parent":"lk8g4vuquj","x":726,"y":298,"tool":"Pencil"}]},"lk8g4vw61z":{"type":"line","id":"lk8g4vw61z","color":"#ff2800","size":10,"tool":"Pencil","time":1585673205977,"_children":[{"type":"child","parent":"lk8g4vw61z","x":709,"y":203,"tool":"Pencil"},{"type":"child","parent":"lk8g4vw61z","x":772,"y":243,"tool":"Pencil"},{"type":"child","parent":"lk8g4vw61z","x":828,"y":315,"tool":"Pencil"},{"type":"child","parent":"lk8g4vw61z","x":850,"y":331,"tool":"Pencil"}]},"lk8g4vwlgp":{"type":"line","id":"lk8g4vwlgp","color":"#ff2800","size":10,"tool":"Pencil","time":1585673206526,"_children":[{"type":"child","parent":"lk8g4vwlgp","x":730,"y":331,"tool":"Pencil"},{"type":"child","parent":"lk8g4vwlgp","x":745,"y":315,"tool":"Pencil"},{"type":"child","parent":"lk8g4vwlgp","x":834,"y":250,"tool":"Pencil"},{"type":"child","parent":"lk8g4vwlgp","x":870,"y":222,"tool":"Pencil"}]},"lk8g4vy2ll":{"type":"line","id":"lk8g4vy2ll","color":"#ff2800","size":10,"tool":"Pencil","time":1585673208441,"_children":[{"type":"child","parent":"lk8g4vy2ll","x":802,"y":354,"tool":"Pencil"},{"type":"child","parent":"lk8g4vy2ll","x":812,"y":432,"tool":"Pencil"},{"type":"child","parent":"lk8g4vy2ll","x":821,"y":540,"tool":"Pencil"},{"type":"child","parent":"lk8g4vy2ll","x":821,"y":548,"tool":"Pencil"},{"type":"child","parent":"lk8g4vy2ll","x":821,"y":548,"tool":"Pencil"}]},"lk8g4vyoyo":{"type":"line","id":"lk8g4vyoyo","color":"#ff2800","size":10,"tool":"Pencil","time":1585673209246,"_children":[{"type":"child","parent":"lk8g4vyoyo","x":749,"y":523,"tool":"Pencil"},{"type":"child","parent":"lk8g4vyoyo","x":792,"y":566,"tool":"Pencil"},{"type":"child","parent":"lk8g4vyoyo","x":828,"y":607,"tool":"Pencil"},{"type":"child","parent":"lk8g4vyoyo","x":855,"y":603,"tool":"Pencil"},{"type":"child","parent":"lk8g4vyoyo","x":881,"y":557,"tool":"Pencil"},{"type":"child","parent":"lk8g4vyoyo","x":888,"y":538,"tool":"Pencil"},{"type":"child","parent":"lk8g4vyoyo","x":888,"y":537,"tool":"Pencil"}]},"lk8g4vzhjh":{"type":"line","id":"lk8g4vzhjh","color":"#ff2800","size":10,"tool":"Pencil","time":1585673210273,"_children":[{"type":"child","parent":"lk8g4vzhjh","x":890,"y":629,"tool":"Pencil"},{"type":"child","parent":"lk8g4vzhjh","x":874,"y":627,"tool":"Pencil"},{"type":"child","parent":"lk8g4vzhjh","x":788,"y":650,"tool":"Pencil"},{"type":"child","parent":"lk8g4vzhjh","x":751,"y":692,"tool":"Pencil"},{"type":"child","parent":"lk8g4vzhjh","x":811,"y":758,"tool":"Pencil"},{"type":"child","parent":"lk8g4vzhjh","x":891,"y":748,"tool":"Pencil"},{"type":"child","parent":"lk8g4vzhjh","x":933,"y":702,"tool":"Pencil"},{"type":"child","parent":"lk8g4vzhjh","x":880,"y":656,"tool":"Pencil"},{"type":"child","parent":"lk8g4vzhjh","x":865,"y":656,"tool":"Pencil"}]},"lk8g4w0bu5":{"type":"line","id":"lk8g4w0bu5","color":"#ff2800","size":10,"tool":"Pencil","time":1585673211371,"_children":[{"type":"child","parent":"lk8g4w0bu5","x":810,"y":657,"tool":"Pencil"},{"type":"child","parent":"lk8g4w0bu5","x":861,"y":702,"tool":"Pencil"},{"type":"child","parent":"lk8g4w0bu5","x":871,"y":717,"tool":"Pencil"}]},"lk8g4w0t3d":{"type":"line","id":"lk8g4w0t3d","color":"#ff2800","size":10,"tool":"Pencil","time":1585673211985,"_children":[{"type":"child","parent":"lk8g4w0t3d","x":767,"y":740,"tool":"Pencil"},{"type":"child","parent":"lk8g4w0t3d","x":815,"y":711,"tool":"Pencil"},{"type":"child","parent":"lk8g4w0t3d","x":899,"y":676,"tool":"Pencil"},{"type":"child","parent":"lk8g4w0t3d","x":909,"y":668,"tool":"Pencil"}]},"lk8g4w1w1i":{"type":"line","id":"lk8g4w1w1i","color":"#ff2800","size":10,"tool":"Pencil","time":1585673213387,"_children":[{"type":"child","parent":"lk8g4w1w1i","x":952,"y":700,"tool":"Pencil"},{"type":"child","parent":"lk8g4w1w1i","x":996,"y":706,"tool":"Pencil"},{"type":"child","parent":"lk8g4w1w1i","x":1055,"y":700,"tool":"Pencil"},{"type":"child","parent":"lk8g4w1w1i","x":1087,"y":610,"tool":"Pencil"},{"type":"child","parent":"lk8g4w1w1i","x":1099,"y":503,"tool":"Pencil"},{"type":"child","parent":"lk8g4w1w1i","x":1091,"y":451,"tool":"Pencil"},{"type":"child","parent":"lk8g4w1w1i","x":1091,"y":450,"tool":"Pencil"}]},"lk8g4w2po9":{"type":"line","id":"lk8g4w2po9","color":"#ff2800","size":10,"tool":"Pencil","time":1585673214455,"_children":[{"type":"child","parent":"lk8g4w2po9","x":1092,"y":450,"tool":"Pencil"},{"type":"child","parent":"lk8g4w2po9","x":1126,"y":484,"tool":"Pencil"},{"type":"child","parent":"lk8g4w2po9","x":1115,"y":489,"tool":"Pencil"},{"type":"child","parent":"lk8g4w2po9","x":1091,"y":480,"tool":"Pencil"},{"type":"child","parent":"lk8g4w2po9","x":1077,"y":506,"tool":"Pencil"},{"type":"child","parent":"lk8g4w2po9","x":1071,"y":531,"tool":"Pencil"},{"type":"child","parent":"lk8g4w2po9","x":1064,"y":535,"tool":"Pencil"}]},"tk8g4wspqi":{"type":"new","id":"tk8g4wspqi","color":"#ff4136","size":50,"x":32.4,"y":233,"tool":"Text","time":1585673248180},"tk8g4wwdls":{"type":"new","id":"tk8g4wwdls","color":"#ff4136","size":50,"x":615.4,"y":494.6,"tool":"Text","time":1585673252928},"tk8g4wy2a5":{"type":"new","id":"tk8g4wy2a5","color":"#ff4136","size":50,"x":463.1,"y":125.1,"tool":"Text","time":1585673255115},"tk8g4wyhkm":{"type":"new","id":"tk8g4wyhkm","color":"#ff4136","size":50,"x":775,"y":331.4,"tool":"Text","time":1585673255663},"tk8g4xcfwa":{"type":"new","id":"tk8g4xcfwa","color":"#ff2800","size":27,"x":241,"y":797.5,"tool":"Text","time":1585673273718,"txt":"SCIEMO CHI LEGGIE"},"lk8g4xinkw":{"type":"line","id":"lk8g4xinkw","color":"#ff2800","size":10,"tool":"Pencil","time":1585673281786,"_children":[{"type":"child","parent":"lk8g4xinkw","x":226,"y":822,"tool":"Pencil"},{"type":"child","parent":"lk8g4xinkw","x":259,"y":822,"tool":"Pencil"},{"type":"child","parent":"lk8g4xinkw","x":415,"y":823,"tool":"Pencil"},{"type":"child","parent":"lk8g4xinkw","x":528,"y":849,"tool":"Pencil"},{"type":"child","parent":"lk8g4xinkw","x":508,"y":852,"tool":"Pencil"},{"type":"child","parent":"lk8g4xinkw","x":346,"y":862,"tool":"Pencil"},{"type":"child","parent":"lk8g4xinkw","x":353,"y":850,"tool":"Pencil"},{"type":"child","parent":"lk8g4xinkw","x":482,"y":844,"tool":"Pencil"},{"type":"child","parent":"lk8g4xinkw","x":467,"y":825,"tool":"Pencil"},{"type":"child","parent":"lk8g4xinkw","x":304,"y":835,"tool":"Pencil"},{"type":"child","parent":"lk8g4xinkw","x":271,"y":847,"tool":"Pencil"},{"type":"child","parent":"lk8g4xinkw","x":465,"y":842,"tool":"Pencil"},{"type":"child","parent":"lk8g4xinkw","x":469,"y":829,"tool":"Pencil"},{"type":"child","parent":"lk8g4xinkw","x":298,"y":863,"tool":"Pencil"},{"type":"child","parent":"lk8g4xinkw","x":278,"y":872,"tool":"Pencil"},{"type":"child","parent":"lk8g4xinkw","x":440,"y":864,"tool":"Pencil"},{"type":"child","parent":"lk8g4xinkw","x":375,"y":834,"tool":"Pencil"}]},"lk8g4xk570":{"type":"line","id":"lk8g4xk570","color":"#ff2800","size":10,"tool":"Pencil","time":1585673283700,"_children":[{"type":"child","parent":"lk8g4xk570","x":219,"y":624,"tool":"Pencil"},{"type":"child","parent":"lk8g4xk570","x":245,"y":662,"tool":"Pencil"},{"type":"child","parent":"lk8g4xk570","x":312,"y":730,"tool":"Pencil"},{"type":"child","parent":"lk8g4xk570","x":324,"y":749,"tool":"Pencil"},{"type":"child","parent":"lk8g4xk570","x":316,"y":748,"tool":"Pencil"},{"type":"child","parent":"lk8g4xk570","x":275,"y":740,"tool":"Pencil"},{"type":"child","parent":"lk8g4xk570","x":259,"y":730,"tool":"Pencil"},{"type":"child","parent":"lk8g4xk570","x":273,"y":729,"tool":"Pencil"},{"type":"child","parent":"lk8g4xk570","x":321,"y":738,"tool":"Pencil"},{"type":"child","parent":"lk8g4xk570","x":336,"y":735,"tool":"Pencil"},{"type":"child","parent":"lk8g4xk570","x":342,"y":683,"tool":"Pencil"},{"type":"child","parent":"lk8g4xk570","x":343,"y":666,"tool":"Pencil"}]},"lk8g4xlb9f":{"type":"line","id":"lk8g4xlb9f","color":"#ff2800","size":10,"tool":"Pencil","time":1585673285216,"_children":[{"type":"child","parent":"lk8g4xlb9f","x":430,"y":758,"tool":"Pencil"},{"type":"child","parent":"lk8g4xlb9f","x":437,"y":748,"tool":"Pencil"},{"type":"child","parent":"lk8g4xlb9f","x":524,"y":647,"tool":"Pencil"},{"type":"child","parent":"lk8g4xlb9f","x":565,"y":605,"tool":"Pencil"},{"type":"child","parent":"lk8g4xlb9f","x":565,"y":605,"tool":"Pencil"}]},"lk8g4xlyo4":{"type":"line","id":"lk8g4xlyo4","color":"#ff2800","size":10,"tool":"Pencil","time":1585673286057,"_children":[{"type":"child","parent":"lk8g4xlyo4","x":431,"y":676,"tool":"Pencil"},{"type":"child","parent":"lk8g4xlyo4","x":426,"y":699,"tool":"Pencil"},{"type":"child","parent":"lk8g4xlyo4","x":420,"y":751,"tool":"Pencil"},{"type":"child","parent":"lk8g4xlyo4","x":433,"y":759,"tool":"Pencil"},{"type":"child","parent":"lk8g4xlyo4","x":488,"y":748,"tool":"Pencil"},{"type":"child","parent":"lk8g4xlyo4","x":530,"y":743,"tool":"Pencil"}]},"lk8g4xn1di":{"type":"line","id":"lk8g4xn1di","color":"#ff2800","size":10,"tool":"Pencil","time":1585673287450,"_children":[{"type":"child","parent":"lk8g4xn1di","x":371,"y":600,"tool":"Pencil"},{"type":"child","parent":"lk8g4xn1di","x":381,"y":651,"tool":"Pencil"},{"type":"child","parent":"lk8g4xn1di","x":405,"y":722,"tool":"Pencil"},{"type":"child","parent":"lk8g4xn1di","x":407,"y":751,"tool":"Pencil"},{"type":"child","parent":"lk8g4xn1di","x":406,"y":752,"tool":"Pencil"},{"type":"child","parent":"lk8g4xn1di","x":379,"y":734,"tool":"Pencil"},{"type":"child","parent":"lk8g4xn1di","x":359,"y":691,"tool":"Pencil"},{"type":"child","parent":"lk8g4xn1di","x":351,"y":673,"tool":"Pencil"},{"type":"child","parent":"lk8g4xn1di","x":412,"y":726,"tool":"Pencil"},{"type":"child","parent":"lk8g4xn1di","x":426,"y":732,"tool":"Pencil"},{"type":"child","parent":"lk8g4xn1di","x":437,"y":693,"tool":"Pencil"}]},"lk8g4yd6bo":{"type":"line","id":"lk8g4yd6bo","color":"#ff2800","size":10,"tool":"Pencil","time":1585673321342,"_children":[{"type":"child","parent":"lk8g4yd6bo","x":663,"y":464,"tool":"Pencil"},{"type":"child","parent":"lk8g4yd6bo","x":662,"y":503,"tool":"Pencil"},{"type":"child","parent":"lk8g4yd6bo","x":644,"y":540,"tool":"Pencil"},{"type":"child","parent":"lk8g4yd6bo","x":601,"y":571,"tool":"Pencil"},{"type":"child","parent":"lk8g4yd6bo","x":571,"y":573,"tool":"Pencil"},{"type":"child","parent":"lk8g4yd6bo","x":524,"y":546,"tool":"Pencil"},{"type":"child","parent":"lk8g4yd6bo","x":513,"y":517,"tool":"Pencil"},{"type":"child","parent":"lk8g4yd6bo","x":522,"y":453,"tool":"Pencil"},{"type":"child","parent":"lk8g4yd6bo","x":577,"y":409,"tool":"Pencil"},{"type":"child","parent":"lk8g4yd6bo","x":631,"y":416,"tool":"Pencil"},{"type":"child","parent":"lk8g4yd6bo","x":663,"y":454,"tool":"Pencil"},{"type":"child","parent":"lk8g4yd6bo","x":672,"y":513,"tool":"Pencil"},{"type":"child","parent":"lk8g4yd6bo","x":683,"y":556,"tool":"Pencil"},{"type":"child","parent":"lk8g4yd6bo","x":726,"y":593,"tool":"Pencil"},{"type":"child","parent":"lk8g4yd6bo","x":755,"y":600,"tool":"Pencil"},{"type":"child","parent":"lk8g4yd6bo","x":804,"y":560,"tool":"Pencil"},{"type":"child","parent":"lk8g4yd6bo","x":820,"y":514,"tool":"Pencil"},{"type":"child","parent":"lk8g4yd6bo","x":824,"y":496,"tool":"Pencil"},{"type":"child","parent":"lk8g4yd6bo","x":776,"y":461,"tool":"Pencil"},{"type":"child","parent":"lk8g4yd6bo","x":735,"y":445,"tool":"Pencil"},{"type":"child","parent":"lk8g4yd6bo","x":684,"y":436,"tool":"Pencil"},{"type":"child","parent":"lk8g4yd6bo","x":653,"y":415,"tool":"Pencil"},{"type":"child","parent":"lk8g4yd6bo","x":648,"y":370,"tool":"Pencil"},{"type":"child","parent":"lk8g4yd6bo","x":664,"y":292,"tool":"Pencil"},{"type":"child","parent":"lk8g4yd6bo","x":689,"y":245,"tool":"Pencil"},{"type":"child","parent":"lk8g4yd6bo","x":749,"y":233,"tool":"Pencil"},{"type":"child","parent":"lk8g4yd6bo","x":817,"y":238,"tool":"Pencil"}]},"lk8g4yfhsr":{"type":"line","id":"lk8g4yfhsr","color":"#ff2800","size":10,"tool":"Pencil","time":1585673324329,"_children":[{"type":"child","parent":"lk8g4yfhsr","x":887,"y":241,"tool":"Pencil"},{"type":"child","parent":"lk8g4yfhsr","x":907,"y":295,"tool":"Pencil"},{"type":"child","parent":"lk8g4yfhsr","x":890,"y":372,"tool":"Pencil"},{"type":"child","parent":"lk8g4yfhsr","x":851,"y":446,"tool":"Pencil"},{"type":"child","parent":"lk8g4yfhsr","x":876,"y":495,"tool":"Pencil"},{"type":"child","parent":"lk8g4yfhsr","x":916,"y":543,"tool":"Pencil"},{"type":"child","parent":"lk8g4yfhsr","x":977,"y":568,"tool":"Pencil"},{"type":"child","parent":"lk8g4yfhsr","x":1025,"y":570,"tool":"Pencil"}]},"lk8h0m4g1j":{"type":"line","id":"lk8h0m4g1j","color":"#ff4136","size":10,"tool":"Pencil","time":1585726497870,"_children":[{"type":"child","parent":"lk8h0m4g1j","x":1828,"y":95,"tool":"Pencil"},{"type":"child","parent":"lk8h0m4g1j","x":1828,"y":95,"tool":"Pencil"}]}}