{"ljp1rb5oj3":{"type":"line","id":"ljp1rb5oj3","color":"#1913b0","size":"10","tool":"Pencil","_children":[{"type":"child","parent":"ljp1rb5oj3","x":368,"y":103,"tool":"Pencil"},{"type":"child","parent":"ljp1rb5oj3","x":368,"y":103,"tool":"Pencil"},{"type":"child","parent":"ljp1rb5oj3","x":376,"y":152,"tool":"Pencil"},{"type":"child","parent":"ljp1rb5oj3","x":390,"y":244,"tool":"Pencil"},{"type":"child","parent":"ljp1rb5oj3","x":391,"y":243,"tool":"Pencil"}]},"ljp1rb6mpf":{"type":"line","id":"ljp1rb6mpf","color":"#1913b0","size":"10","tool":"Pencil","_children":[{"type":"child","parent":"ljp1rb6mpf","x":559,"y":101,"tool":"Pencil"},{"type":"child","parent":"ljp1rb6mpf","x":559,"y":102,"tool":"Pencil"},{"type":"child","parent":"ljp1rb6mpf","x":575,"y":180,"tool":"Pencil"},{"type":"child","parent":"ljp1rb6mpf","x":580,"y":223,"tool":"Pencil"},{"type":"child","parent":"ljp1rb6mpf","x":582,"y":245,"tool":"Pencil"}]},"ljp1rb7epe":{"type":"line","id":"ljp1rb7epe","color":"#1913b0","size":"10","tool":"Pencil","_children":[{"type":"child","parent":"ljp1rb7epe","x":290,"y":255,"tool":"Pencil"},{"type":"child","parent":"ljp1rb7epe","x":290,"y":255,"tool":"Pencil"},{"type":"child","parent":"ljp1rb7epe","x":308,"y":344,"tool":"Pencil"},{"type":"child","parent":"ljp1rb7epe","x":312,"y":435,"tool":"Pencil"},{"type":"child","parent":"ljp1rb7epe","x":342,"y":478,"tool":"Pencil"},{"type":"child","parent":"ljp1rb7epe","x":387,"y":494,"tool":"Pencil"},{"type":"child","parent":"ljp1rb7epe","x":449,"y":496,"tool":"Pencil"},{"type":"child","parent":"ljp1rb7epe","x":500,"y":481,"tool":"Pencil"},{"type":"child","parent":"ljp1rb7epe","x":537,"y":468,"tool":"Pencil"},{"type":"child","parent":"ljp1rb7epe","x":576,"y":456,"tool":"Pencil"},{"type":"child","parent":"ljp1rb7epe","x":616,"y":433,"tool":"Pencil"},{"type":"child","parent":"ljp1rb7epe","x":675,"y":347,"tool":"Pencil"},{"type":"child","parent":"ljp1rb7epe","x":696,"y":253,"tool":"Pencil"},{"type":"child","parent":"ljp1rb7epe","x":692,"y":234,"tool":"Pencil"},{"type":"child","parent":"ljp1rb7epe","x":688,"y":228,"tool":"Pencil"},{"type":"child","parent":"ljp1rb7epe","x":685,"y":229,"tool":"Pencil"}]},"ljp1rb95ye":{"type":"line","id":"ljp1rb95ye","color":"#1913b0","size":"10","tool":"Pencil","_children":[{"type":"child","parent":"ljp1rb95ye","x":470,"y":266,"tool":"Pencil"},{"type":"child","parent":"ljp1rb95ye","x":470,"y":266,"tool":"Pencil"},{"type":"child","parent":"ljp1rb95ye","x":470,"y":272,"tool":"Pencil"},{"type":"child","parent":"ljp1rb95ye","x":471,"y":276,"tool":"Pencil"},{"type":"child","parent":"ljp1rb95ye","x":473,"y":282,"tool":"Pencil"},{"type":"child","parent":"ljp1rb95ye","x":477,"y":279,"tool":"Pencil"},{"type":"child","parent":"ljp1rb95ye","x":481,"y":274,"tool":"Pencil"},{"type":"child","parent":"ljp1rb95ye","x":483,"y":270,"tool":"Pencil"},{"type":"child","parent":"ljp1rb95ye","x":484,"y":270,"tool":"Pencil"}]},"ljp1rbbaxg":{"type":"line","id":"ljp1rbbaxg","color":"#1913b0","size":"10","tool":"Pencil","_children":[{"type":"child","parent":"ljp1rbbaxg","x":376,"y":313,"tool":"Pencil"},{"type":"child","parent":"ljp1rbbaxg","x":376,"y":314,"tool":"Pencil"},{"type":"child","parent":"ljp1rbbaxg","x":382,"y":315,"tool":"Pencil"},{"type":"child","parent":"ljp1rbbaxg","x":386,"y":316,"tool":"Pencil"},{"type":"child","parent":"ljp1rbbaxg","x":390,"y":312,"tool":"Pencil"},{"type":"child","parent":"ljp1rbbaxg","x":391,"y":309,"tool":"Pencil"},{"type":"child","parent":"ljp1rbbaxg","x":392,"y":308,"tool":"Pencil"}]},"ljp1rbcm3k":{"type":"line","id":"ljp1rbcm3k","color":"#1913b0","size":"10","tool":"Pencil","_children":[{"type":"child","parent":"ljp1rbcm3k","x":572,"y":307,"tool":"Pencil"},{"type":"child","parent":"ljp1rbcm3k","x":572,"y":308,"tool":"Pencil"},{"type":"child","parent":"ljp1rbcm3k","x":573,"y":309,"tool":"Pencil"},{"type":"child","parent":"ljp1rbcm3k","x":574,"y":311,"tool":"Pencil"},{"type":"child","parent":"ljp1rbcm3k","x":577,"y":311,"tool":"Pencil"},{"type":"child","parent":"ljp1rbcm3k","x":579,"y":311,"tool":"Pencil"},{"type":"child","parent":"ljp1rbcm3k","x":583,"y":305,"tool":"Pencil"},{"type":"child","parent":"ljp1rbcm3k","x":586,"y":303,"tool":"Pencil"},{"type":"child","parent":"ljp1rbcm3k","x":587,"y":302,"tool":"Pencil"}]},"ljp1rbepha":{"type":"line","id":"ljp1rbepha","color":"#1913b0","size":"10","tool":"Pencil","_children":[{"type":"child","parent":"ljp1rbepha","x":295,"y":249,"tool":"Pencil"},{"type":"child","parent":"ljp1rbepha","x":295,"y":250,"tool":"Pencil"},{"type":"child","parent":"ljp1rbepha","x":295,"y":263,"tool":"Pencil"},{"type":"child","parent":"ljp1rbepha","x":295,"y":278,"tool":"Pencil"},{"type":"child","parent":"ljp1rbepha","x":298,"y":290,"tool":"Pencil"},{"type":"child","parent":"ljp1rbepha","x":302,"y":305,"tool":"Pencil"},{"type":"child","parent":"ljp1rbepha","x":307,"y":318,"tool":"Pencil"},{"type":"child","parent":"ljp1rbepha","x":311,"y":325,"tool":"Pencil"},{"type":"child","parent":"ljp1rbepha","x":315,"y":332,"tool":"Pencil"},{"type":"child","parent":"ljp1rbepha","x":321,"y":340,"tool":"Pencil"},{"type":"child","parent":"ljp1rbepha","x":325,"y":347,"tool":"Pencil"},{"type":"child","parent":"ljp1rbepha","x":329,"y":354,"tool":"Pencil"},{"type":"child","parent":"ljp1rbepha","x":333,"y":359,"tool":"Pencil"},{"type":"child","parent":"ljp1rbepha","x":336,"y":364,"tool":"Pencil"},{"type":"child","parent":"ljp1rbepha","x":341,"y":374,"tool":"Pencil"},{"type":"child","parent":"ljp1rbepha","x":350,"y":388,"tool":"Pencil"},{"type":"child","parent":"ljp1rbepha","x":360,"y":398,"tool":"Pencil"},{"type":"child","parent":"ljp1rbepha","x":373,"y":402,"tool":"Pencil"},{"type":"child","parent":"ljp1rbepha","x":384,"y":406,"tool":"Pencil"},{"type":"child","parent":"ljp1rbepha","x":402,"y":410,"tool":"Pencil"},{"type":"child","parent":"ljp1rbepha","x":416,"y":413,"tool":"Pencil"},{"type":"child","parent":"ljp1rbepha","x":428,"y":415,"tool":"Pencil"},{"type":"child","parent":"ljp1rbepha","x":444,"y":417,"tool":"Pencil"},{"type":"child","parent":"ljp1rbepha","x":467,"y":419,"tool":"Pencil"},{"type":"child","parent":"ljp1rbepha","x":493,"y":419,"tool":"Pencil"},{"type":"child","parent":"ljp1rbepha","x":512,"y":415,"tool":"Pencil"},{"type":"child","parent":"ljp1rbepha","x":523,"y":409,"tool":"Pencil"},{"type":"child","parent":"ljp1rbepha","x":533,"y":404,"tool":"Pencil"},{"type":"child","parent":"ljp1rbepha","x":546,"y":398,"tool":"Pencil"},{"type":"child","parent":"ljp1rbepha","x":558,"y":393,"tool":"Pencil"},{"type":"child","parent":"ljp1rbepha","x":566,"y":387,"tool":"Pencil"},{"type":"child","parent":"ljp1rbepha","x":576,"y":380,"tool":"Pencil"},{"type":"child","parent":"ljp1rbepha","x":590,"y":372,"tool":"Pencil"},{"type":"child","parent":"ljp1rbepha","x":601,"y":364,"tool":"Pencil"},{"type":"child","parent":"ljp1rbepha","x":610,"y":357,"tool":"Pencil"},{"type":"child","parent":"ljp1rbepha","x":628,"y":340,"tool":"Pencil"},{"type":"child","parent":"ljp1rbepha","x":638,"y":325,"tool":"Pencil"},{"type":"child","parent":"ljp1rbepha","x":642,"y":313,"tool":"Pencil"},{"type":"child","parent":"ljp1rbepha","x":649,"y":291,"tool":"Pencil"},{"type":"child","parent":"ljp1rbepha","x":652,"y":285,"tool":"Pencil"},{"type":"child","parent":"ljp1rbepha","x":654,"y":283,"tool":"Pencil"},{"type":"child","parent":"ljp1rbepha","x":658,"y":276,"tool":"Pencil"},{"type":"child","parent":"ljp1rbepha","x":661,"y":273,"tool":"Pencil"},{"type":"child","parent":"ljp1rbepha","x":664,"y":267,"tool":"Pencil"},{"type":"child","parent":"ljp1rbepha","x":669,"y":258,"tool":"Pencil"},{"type":"child","parent":"ljp1rbepha","x":673,"y":249,"tool":"Pencil"},{"type":"child","parent":"ljp1rbepha","x":679,"y":243,"tool":"Pencil"},{"type":"child","parent":"ljp1rbepha","x":681,"y":240,"tool":"Pencil"},{"type":"child","parent":"ljp1rbepha","x":684,"y":236,"tool":"Pencil"},{"type":"child","parent":"ljp1rbepha","x":686,"y":232,"tool":"Pencil"},{"type":"child","parent":"ljp1rbepha","x":688,"y":229,"tool":"Pencil"},{"type":"child","parent":"ljp1rbepha","x":689,"y":227,"tool":"Pencil"},{"type":"child","parent":"ljp1rbepha","x":687,"y":227,"tool":"Pencil"}]},"ljp1rbjkg5":{"type":"line","id":"ljp1rbjkg5","color":"#1913b0","size":"10","tool":"Pencil","_children":[{"type":"child","parent":"ljp1rbjkg5","x":384,"y":495,"tool":"Pencil"},{"type":"child","parent":"ljp1rbjkg5","x":385,"y":494,"tool":"Pencil"},{"type":"child","parent":"ljp1rbjkg5","x":390,"y":490,"tool":"Pencil"},{"type":"child","parent":"ljp1rbjkg5","x":395,"y":486,"tool":"Pencil"},{"type":"child","parent":"ljp1rbjkg5","x":403,"y":479,"tool":"Pencil"},{"type":"child","parent":"ljp1rbjkg5","x":419,"y":468,"tool":"Pencil"},{"type":"child","parent":"ljp1rbjkg5","x":429,"y":463,"tool":"Pencil"},{"type":"child","parent":"ljp1rbjkg5","x":437,"y":460,"tool":"Pencil"},{"type":"child","parent":"ljp1rbjkg5","x":448,"y":460,"tool":"Pencil"},{"type":"child","parent":"ljp1rbjkg5","x":461,"y":460,"tool":"Pencil"},{"type":"child","parent":"ljp1rbjkg5","x":468,"y":460,"tool":"Pencil"},{"type":"child","parent":"ljp1rbjkg5","x":473,"y":461,"tool":"Pencil"},{"type":"child","parent":"ljp1rbjkg5","x":474,"y":461,"tool":"Pencil"},{"type":"child","parent":"ljp1rbjkg5","x":490,"y":465,"tool":"Pencil"},{"type":"child","parent":"ljp1rbjkg5","x":497,"y":468,"tool":"Pencil"},{"type":"child","parent":"ljp1rbjkg5","x":500,"y":470,"tool":"Pencil"},{"type":"child","parent":"ljp1rbjkg5","x":502,"y":471,"tool":"Pencil"},{"type":"child","parent":"ljp1rbjkg5","x":504,"y":472,"tool":"Pencil"},{"type":"child","parent":"ljp1rbjkg5","x":506,"y":473,"tool":"Pencil"},{"type":"child","parent":"ljp1rbjkg5","x":508,"y":475,"tool":"Pencil"},{"type":"child","parent":"ljp1rbjkg5","x":509,"y":475,"tool":"Pencil"},{"type":"child","parent":"ljp1rbjkg5","x":509,"y":475,"tool":"Pencil"}]},"sjp1rbrsid":{"type":"straight","id":"sjp1rbrsid","color":"#1913b0","size":"10","x":322,"y":271,"tool":"Straight line","x2":323,"y2":271},"sjp1rbs6kk":{"type":"straight","id":"sjp1rbs6kk","color":"#1913b0","size":"10","x":555,"y":176,"tool":"Straight line","x2":555,"y2":176},"sjp1rbsltg":{"type":"straight","id":"sjp1rbsltg","color":"#1913b0","size":"10","x":676,"y":178,"tool":"Straight line","x2":962,"y2":766},"sjp1rbtu0n":{"type":"straight","id":"sjp1rbtu0n","color":"#1913b0","size":"10","x":729,"y":521,"tool":"Straight line","x2":339,"y2":683},"sjp1rbuz3b":{"type":"straight","id":"sjp1rbuz3b","color":"#1913b0","size":"10","x":223,"y":281,"tool":"Straight line","x2":670,"y2":736},"sjp1rbvujp":{"type":"straight","id":"sjp1rbvujp","color":"#1913b0","size":"10","x":711,"y":643,"tool":"Straight line","x2":928,"y2":330}}