{"ljp1tclz1s":{"type":"line","id":"ljp1tclz1s","color":"#1913b0","size":"10","tool":"Pencil","_children":[{"type":"child","parent":"ljp1tclz1s","x":216.42112731933594,"y":99.07759094238281,"tool":"Pencil"}]},"ljp1tclzn2":{"type":"line","id":"ljp1tclzn2","color":"#1913b0","size":"10","tool":"Pencil","_children":[{"type":"child","parent":"ljp1tclzn2","x":202.71636962890625,"y":202.7513885498047,"tool":"Pencil"}]},"ljp1tcmmux":{"type":"line","id":"ljp1tcmmux","color":"#1913b0","size":"10","tool":"Pencil","_children":[{"type":"child","parent":"ljp1tcmmux","x":84.22722625732422,"y":556.6131591796875,"tool":"Pencil"},{"type":"child","parent":"ljp1tcmmux","x":86.22583770751953,"y":556.3424072265625,"tool":"Pencil"},{"type":"child","parent":"ljp1tcmmux","x":89.79972076416016,"y":521.6563720703125,"tool":"Pencil"},{"type":"child","parent":"ljp1tcmmux","x":92.30150604248047,"y":470.876953125,"tool":"Pencil"},{"type":"child","parent":"ljp1tcmmux","x":96.3849868774414,"y":437.62603759765625,"tool":"Pencil"},{"type":"child","parent":"ljp1tcmmux","x":95.13777160644531,"y":432.0155029296875,"tool":"Pencil"},{"type":"child","parent":"ljp1tcmmux","x":80.57738494873047,"y":437.3094482421875,"tool":"Pencil"}]},"ljp1tcp3f4":{"type":"line","id":"ljp1tcp3f4","color":"#1913b0","size":"10","tool":"Pencil","_children":[{"type":"child","parent":"ljp1tcp3f4","x":112.20779418945312,"y":60.235626220703125,"tool":"Pencil"},{"type":"child","parent":"ljp1tcp3f4","x":104.31153869628906,"y":141.68020629882812,"tool":"Pencil"},{"type":"child","parent":"ljp1tcp3f4","x":99.69609069824219,"y":172.93618774414062,"tool":"Pencil"},{"type":"child","parent":"ljp1tcp3f4","x":114.1140365600586,"y":94.31475067138672,"tool":"Pencil"},{"type":"child","parent":"ljp1tcp3f4","x":127.97949981689453,"y":123.20767974853516,"tool":"Pencil"},{"type":"child","parent":"ljp1tcp3f4","x":185.9796600341797,"y":199.89224243164062,"tool":"Pencil"},{"type":"child","parent":"ljp1tcp3f4","x":257.006103515625,"y":74.66400146484375,"tool":"Pencil"},{"type":"child","parent":"ljp1tcp3f4","x":231.1522674560547,"y":42.52825164794922,"tool":"Pencil"},{"type":"child","parent":"ljp1tcp3f4","x":226.41419982910156,"y":45.51882553100586,"tool":"Pencil"},{"type":"child","parent":"ljp1tcp3f4","x":225.41192626953125,"y":87.64017486572266,"tool":"Pencil"},{"type":"child","parent":"ljp1tcp3f4","x":232.2076873779297,"y":186.2252655029297,"tool":"Pencil"},{"type":"child","parent":"ljp1tcp3f4","x":255.55702209472656,"y":176.90866088867188,"tool":"Pencil"},{"type":"child","parent":"ljp1tcp3f4","x":266.7242126464844,"y":174.19505310058594,"tool":"Pencil"},{"type":"child","parent":"ljp1tcp3f4","x":291.5508117675781,"y":173.65982055664062,"tool":"Pencil"},{"type":"child","parent":"ljp1tcp3f4","x":303.36602783203125,"y":161.8205108642578,"tool":"Pencil"},{"type":"child","parent":"ljp1tcp3f4","x":318.5968017578125,"y":180.08737182617188,"tool":"Pencil"},{"type":"child","parent":"ljp1tcp3f4","x":329.8193054199219,"y":142.5858917236328,"tool":"Pencil"},{"type":"child","parent":"ljp1tcp3f4","x":312.2228088378906,"y":175.7943572998047,"tool":"Pencil"},{"type":"child","parent":"ljp1tcp3f4","x":345.2005920410156,"y":177.73072814941406,"tool":"Pencil"},{"type":"child","parent":"ljp1tcp3f4","x":367.9278259277344,"y":169.74810791015625,"tool":"Pencil"},{"type":"child","parent":"ljp1tcp3f4","x":388.9960632324219,"y":187.88319396972656,"tool":"Pencil"}]},"ljp1tcqpi2":{"type":"line","id":"ljp1tcqpi2","color":"#1913b0","size":"10","tool":"Pencil","_children":[{"type":"child","parent":"ljp1tcqpi2","x":296.9366760253906,"y":147.05886840820312,"tool":"Pencil"},{"type":"child","parent":"ljp1tcqpi2","x":331.044921875,"y":113.1159896850586,"tool":"Pencil"},{"type":"child","parent":"ljp1tcqpi2","x":363.2341613769531,"y":116.04251861572266,"tool":"Pencil"}]},"ljp1tcrs97":{"type":"line","id":"ljp1tcrs97","color":"#1913b0","size":"10","tool":"Pencil","_children":[{"type":"child","parent":"ljp1tcrs97","x":68.80935668945312,"y":295.0010681152344,"tool":"Pencil"},{"type":"child","parent":"ljp1tcrs97","x":124.69104766845703,"y":276.48919677734375,"tool":"Pencil"},{"type":"child","parent":"ljp1tcrs97","x":284.22406005859375,"y":243.60275268554688,"tool":"Pencil"},{"type":"child","parent":"ljp1tcrs97","x":410.75543212890625,"y":213.04356384277344,"tool":"Pencil"}]}}