{"ljqrq6ae73":{"type":"line","id":"ljqrq6ae73","color":"#111111","size":10,"tool":"Pencil","time":1547192017130,"_children":[{"type":"child","parent":"ljqrq6ae73","x":425,"y":142,"tool":"Pencil"},{"type":"child","parent":"ljqrq6ae73","x":433,"y":161,"tool":"Pencil"},{"type":"child","parent":"ljqrq6ae73","x":377,"y":233,"tool":"Pencil"},{"type":"child","parent":"ljqrq6ae73","x":382,"y":242,"tool":"Pencil"},{"type":"child","parent":"ljqrq6ae73","x":422,"y":343,"tool":"Pencil"},{"type":"child","parent":"ljqrq6ae73","x":417,"y":419,"tool":"Pencil"},{"type":"child","parent":"ljqrq6ae73","x":417,"y":413,"tool":"Pencil"}]},"ljqrq6b03a":{"type":"line","id":"ljqrq6b03a","color":"#111111","size":10,"tool":"Pencil","time":1547192017915,"_children":[{"type":"child","parent":"ljqrq6b03a","x":499,"y":159,"tool":"Pencil"},{"type":"child","parent":"ljqrq6b03a","x":478,"y":229,"tool":"Pencil"},{"type":"child","parent":"ljqrq6b03a","x":478,"y":231,"tool":"Pencil"},{"type":"child","parent":"ljqrq6b03a","x":580,"y":200,"tool":"Pencil"},{"type":"child","parent":"ljqrq6b03a","x":578,"y":228,"tool":"Pencil"},{"type":"child","parent":"ljqrq6b03a","x":510,"y":272,"tool":"Pencil"},{"type":"child","parent":"ljqrq6b03a","x":538,"y":327,"tool":"Pencil"},{"type":"child","parent":"ljqrq6b03a","x":539,"y":382,"tool":"Pencil"},{"type":"child","parent":"ljqrq6b03a","x":513,"y":355,"tool":"Pencil"}]},"ljqrq6bkhl":{"type":"line","id":"ljqrq6bkhl","color":"#111111","size":10,"tool":"Pencil","time":1547192018649,"_children":[{"type":"child","parent":"ljqrq6bkhl","x":494,"y":336,"tool":"Pencil"},{"type":"child","parent":"ljqrq6bkhl","x":471,"y":370,"tool":"Pencil"}]},"ljqrq6bqlm":{"type":"line","id":"ljqrq6bqlm","color":"#111111","size":10,"tool":"Pencil","time":1547192018870,"_children":[{"type":"child","parent":"ljqrq6bqlm","x":574,"y":326,"tool":"Pencil"},{"type":"child","parent":"ljqrq6bqlm","x":625,"y":360,"tool":"Pencil"},{"type":"child","parent":"ljqrq6bqlm","x":641,"y":369,"tool":"Pencil"}]},"ljqrq6c0mc":{"type":"line","id":"ljqrq6c0mc","color":"#111111","size":10,"tool":"Pencil","time":1547192019230,"_children":[{"type":"child","parent":"ljqrq6c0mc","x":690,"y":179,"tool":"Pencil"},{"type":"child","parent":"ljqrq6c0mc","x":686,"y":290,"tool":"Pencil"},{"type":"child","parent":"ljqrq6c0mc","x":719,"y":324,"tool":"Pencil"}]},"ljqrq6c8p4":{"type":"line","id":"ljqrq6c8p4","color":"#111111","size":10,"tool":"Pencil","time":1547192019522,"_children":[{"type":"child","parent":"ljqrq6c8p4","x":716,"y":229,"tool":"Pencil"},{"type":"child","parent":"ljqrq6c8p4","x":685,"y":320,"tool":"Pencil"},{"type":"child","parent":"ljqrq6c8p4","x":655,"y":378,"tool":"Pencil"},{"type":"child","parent":"ljqrq6c8p4","x":634,"y":325,"tool":"Pencil"}]},"ljqrq6cjit":{"type":"line","id":"ljqrq6cjit","color":"#111111","size":10,"tool":"Pencil","time":1547192019909,"_children":[{"type":"child","parent":"ljqrq6cjit","x":763,"y":190,"tool":"Pencil"},{"type":"child","parent":"ljqrq6cjit","x":784,"y":207,"tool":"Pencil"},{"type":"child","parent":"ljqrq6cjit","x":824,"y":293,"tool":"Pencil"},{"type":"child","parent":"ljqrq6cjit","x":832,"y":327,"tool":"Pencil"},{"type":"child","parent":"ljqrq6cjit","x":724,"y":308,"tool":"Pencil"},{"type":"child","parent":"ljqrq6cjit","x":930,"y":243,"tool":"Pencil"},{"type":"child","parent":"ljqrq6cjit","x":951,"y":238,"tool":"Pencil"}]}}