{"ljp1kgnijq":{"type":"line","id":"ljp1kgnijq","color":"#1913b0","size":"10","tool":"Pencil","_children":[{"type":"child","parent":"ljp1kgnijq","x":385,"y":182,"tool":"Pencil"},{"type":"child","parent":"ljp1kgnijq","x":402,"y":188,"tool":"Pencil"},{"type":"child","parent":"ljp1kgnijq","x":515,"y":232,"tool":"Pencil"},{"type":"child","parent":"ljp1kgnijq","x":547,"y":234,"tool":"Pencil"},{"type":"child","parent":"ljp1kgnijq","x":545,"y":192,"tool":"Pencil"},{"type":"child","parent":"ljp1kgnijq","x":427,"y":155,"tool":"Pencil"},{"type":"child","parent":"ljp1kgnijq","x":369,"y":207,"tool":"Pencil"},{"type":"child","parent":"ljp1kgnijq","x":408,"y":287,"tool":"Pencil"},{"type":"child","parent":"ljp1kgnijq","x":426,"y":329,"tool":"Pencil"},{"type":"child","parent":"ljp1kgnijq","x":455,"y":333,"tool":"Pencil"},{"type":"child","parent":"ljp1kgnijq","x":500,"y":311,"tool":"Pencil"},{"type":"child","parent":"ljp1kgnijq","x":532,"y":268,"tool":"Pencil"},{"type":"child","parent":"ljp1kgnijq","x":545,"y":239,"tool":"Pencil"},{"type":"child","parent":"ljp1kgnijq","x":567,"y":228,"tool":"Pencil"},{"type":"child","parent":"ljp1kgnijq","x":613,"y":261,"tool":"Pencil"},{"type":"child","parent":"ljp1kgnijq","x":622,"y":310,"tool":"Pencil"},{"type":"child","parent":"ljp1kgnijq","x":585,"y":377,"tool":"Pencil"},{"type":"child","parent":"ljp1kgnijq","x":543,"y":385,"tool":"Pencil"},{"type":"child","parent":"ljp1kgnijq","x":527,"y":310,"tool":"Pencil"},{"type":"child","parent":"ljp1kgnijq","x":591,"y":308,"tool":"Pencil"},{"type":"child","parent":"ljp1kgnijq","x":627,"y":337,"tool":"Pencil"},{"type":"child","parent":"ljp1kgnijq","x":604,"y":381,"tool":"Pencil"},{"type":"child","parent":"ljp1kgnijq","x":576,"y":368,"tool":"Pencil"},{"type":"child","parent":"ljp1kgnijq","x":605,"y":356,"tool":"Pencil"},{"type":"child","parent":"ljp1kgnijq","x":678,"y":373,"tool":"Pencil"},{"type":"child","parent":"ljp1kgnijq","x":698,"y":396,"tool":"Pencil"},{"type":"child","parent":"ljp1kgnijq","x":711,"y":385,"tool":"Pencil"}]},"ljp1kgpt0h":{"type":"line","id":"ljp1kgpt0h","color":"#1913b0","size":"10","tool":"Pencil","_children":[{"type":"child","parent":"ljp1kgpt0h","x":712,"y":228,"tool":"Pencil"},{"type":"child","parent":"ljp1kgpt0h","x":716,"y":320,"tool":"Pencil"},{"type":"child","parent":"ljp1kgpt0h","x":726,"y":413,"tool":"Pencil"}]},"ljp1kgq95n":{"type":"line","id":"ljp1kgq95n","color":"#1913b0","size":"10","tool":"Pencil","_children":[{"type":"child","parent":"ljp1kgq95n","x":741,"y":206,"tool":"Pencil"},{"type":"child","parent":"ljp1kgq95n","x":751,"y":286,"tool":"Pencil"},{"type":"child","parent":"ljp1kgq95n","x":768,"y":403,"tool":"Pencil"}]},"ljp1kgqnw3":{"type":"line","id":"ljp1kgqnw3","color":"#1913b0","size":"10","tool":"Pencil","_children":[{"type":"child","parent":"ljp1kgqnw3","x":638,"y":294,"tool":"Pencil"},{"type":"child","parent":"ljp1kgqnw3","x":706,"y":279,"tool":"Pencil"},{"type":"child","parent":"ljp1kgqnw3","x":828,"y":225,"tool":"Pencil"}]},"ljp1kgr66o":{"type":"line","id":"ljp1kgr66o","color":"#1913b0","size":"10","tool":"Pencil","_children":[{"type":"child","parent":"ljp1kgr66o","x":722,"y":346,"tool":"Pencil"},{"type":"child","parent":"ljp1kgr66o","x":821,"y":304,"tool":"Pencil"},{"type":"child","parent":"ljp1kgr66o","x":904,"y":275,"tool":"Pencil"}]},"sjp1kgvm5f":{"type":"straight","id":"sjp1kgvm5f","color":"#1913b0","size":"10","x":316,"y":402,"tool":"Straight line","x2":767,"y2":402},"sjp1kgwf22":{"type":"straight","id":"sjp1kgwf22","color":"#1913b0","size":"10","x":545,"y":497,"tool":"Straight line","x2":783,"y2":750},"rjp1kgyugu":{"type":"rect","id":"rjp1kgyugu","color":"#1913b0","size":"10","x":501,"y":483,"x2":879,"y2":723,"tool":"Rectangle"},"rjp1kh3qfi":{"type":"rect","id":"rjp1kh3qfi","color":"#96e4a2","size":"10","x":981,"y":428,"x2":1022,"y2":708,"tool":"Rectangle"},"rjp1kh5z2s":{"type":"rect","id":"rjp1kh5z2s","color":"#96e4a2","size":"50","x":488,"y":508,"x2":665,"y2":674,"tool":"Rectangle"},"rjp1kh7stx":{"type":"rect","id":"rjp1kh7stx","color":"#96e4a2","size":"1","x":404,"y":448,"x2":633,"y2":592,"tool":"Rectangle"}}