{"ljp1jwsmok":{"type":"line","id":"ljp1jwsmok","color":"#1913b0","size":"10","tool":"Pencil","_children":[{"type":"child","parent":"ljp1jwsmok","x":495,"y":261,"tool":"Pencil"},{"type":"child","parent":"ljp1jwsmok","x":492,"y":261,"tool":"Pencil"},{"type":"child","parent":"ljp1jwsmok","x":579,"y":207,"tool":"Pencil"},{"type":"child","parent":"ljp1jwsmok","x":622,"y":234,"tool":"Pencil"},{"type":"child","parent":"ljp1jwsmok","x":616,"y":256,"tool":"Pencil"}]},"ljp1jwtbog":{"type":"line","id":"ljp1jwtbog","color":"#1913b0","size":"10","tool":"Pencil","_children":[{"type":"child","parent":"ljp1jwtbog","x":550,"y":382,"tool":"Pencil"},{"type":"child","parent":"ljp1jwtbog","x":552,"y":370,"tool":"Pencil"},{"type":"child","parent":"ljp1jwtbog","x":663,"y":306,"tool":"Pencil"},{"type":"child","parent":"ljp1jwtbog","x":663,"y":377,"tool":"Pencil"},{"type":"child","parent":"ljp1jwtbog","x":593,"y":362,"tool":"Pencil"},{"type":"child","parent":"ljp1jwtbog","x":614,"y":338,"tool":"Pencil"},{"type":"child","parent":"ljp1jwtbog","x":759,"y":319,"tool":"Pencil"},{"type":"child","parent":"ljp1jwtbog","x":740,"y":319,"tool":"Pencil"},{"type":"child","parent":"ljp1jwtbog","x":743,"y":429,"tool":"Pencil"},{"type":"child","parent":"ljp1jwtbog","x":738,"y":440,"tool":"Pencil"},{"type":"child","parent":"ljp1jwtbog","x":793,"y":364,"tool":"Pencil"},{"type":"child","parent":"ljp1jwtbog","x":799,"y":371,"tool":"Pencil"},{"type":"child","parent":"ljp1jwtbog","x":785,"y":390,"tool":"Pencil"},{"type":"child","parent":"ljp1jwtbog","x":735,"y":480,"tool":"Pencil"},{"type":"child","parent":"ljp1jwtbog","x":697,"y":481,"tool":"Pencil"},{"type":"child","parent":"ljp1jwtbog","x":829,"y":475,"tool":"Pencil"},{"type":"child","parent":"ljp1jwtbog","x":826,"y":493,"tool":"Pencil"}]},"ljp1jwyhsa":{"type":"line","id":"ljp1jwyhsa","color":"#1913b0","size":"49","tool":"Pencil","_children":[{"type":"child","parent":"ljp1jwyhsa","x":480,"y":579,"tool":"Pencil"},{"type":"child","parent":"ljp1jwyhsa","x":480,"y":583,"tool":"Pencil"},{"type":"child","parent":"ljp1jwyhsa","x":534,"y":666,"tool":"Pencil"},{"type":"child","parent":"ljp1jwyhsa","x":581,"y":708,"tool":"Pencil"}]},"ljp1jwz18r":{"type":"line","id":"ljp1jwz18r","color":"#1913b0","size":"49","tool":"Pencil","_children":[{"type":"child","parent":"ljp1jwz18r","x":441,"y":730,"tool":"Pencil"},{"type":"child","parent":"ljp1jwz18r","x":459,"y":706,"tool":"Pencil"},{"type":"child","parent":"ljp1jwz18r","x":557,"y":599,"tool":"Pencil"},{"type":"child","parent":"ljp1jwz18r","x":578,"y":579,"tool":"Pencil"}]},"ljp1jwzhwq":{"type":"line","id":"ljp1jwzhwq","color":"#1913b0","size":"49","tool":"Pencil","_children":[{"type":"child","parent":"ljp1jwzhwq","x":646,"y":577,"tool":"Pencil"},{"type":"child","parent":"ljp1jwzhwq","x":645,"y":578,"tool":"Pencil"},{"type":"child","parent":"ljp1jwzhwq","x":642,"y":655,"tool":"Pencil"},{"type":"child","parent":"ljp1jwzhwq","x":646,"y":696,"tool":"Pencil"}]},"ljp1jwzyk5":{"type":"line","id":"ljp1jwzyk5","color":"#1913b0","size":"49","tool":"Pencil","_children":[{"type":"child","parent":"ljp1jwzyk5","x":651,"y":559,"tool":"Pencil"},{"type":"child","parent":"ljp1jwzyk5","x":651,"y":562,"tool":"Pencil"},{"type":"child","parent":"ljp1jwzyk5","x":694,"y":567,"tool":"Pencil"},{"type":"child","parent":"ljp1jwzyk5","x":801,"y":593,"tool":"Pencil"},{"type":"child","parent":"ljp1jwzyk5","x":723,"y":661,"tool":"Pencil"},{"type":"child","parent":"ljp1jwzyk5","x":641,"y":717,"tool":"Pencil"}]}}