{"ljp2oh9w9r":{"type":"line","id":"ljp2oh9w9r","color":"#1913b0","size":10,"tool":"Pencil","_children":[{"type":"child","parent":"ljp2oh9w9r","x":223,"y":237,"tool":"Pencil"}]},"ljp2oha4gv":{"type":"line","id":"ljp2oha4gv","color":"#1913b0","size":10,"tool":"Pencil"},"ljp2oha69u":{"type":"line","id":"ljp2oha69u","color":"#1913b0","size":10,"tool":"Pencil","_children":[{"type":"child","parent":"ljp2oha69u","x":219,"y":250,"tool":"Pencil"},{"type":"child","parent":"ljp2oha69u","x":219,"y":250,"tool":"Pencil"},{"type":"child","parent":"ljp2oha69u","x":219,"y":250,"tool":"Pencil"},{"type":"child","parent":"ljp2oha69u","x":255,"y":253,"tool":"Pencil"},{"type":"child","parent":"ljp2oha69u","x":275,"y":257,"tool":"Pencil"},{"type":"child","parent":"ljp2oha69u","x":285,"y":261,"tool":"Pencil"},{"type":"child","parent":"ljp2oha69u","x":292,"y":267,"tool":"Pencil"},{"type":"child","parent":"ljp2oha69u","x":299,"y":276,"tool":"Pencil"},{"type":"child","parent":"ljp2oha69u","x":292,"y":326,"tool":"Pencil"},{"type":"child","parent":"ljp2oha69u","x":270,"y":363,"tool":"Pencil"},{"type":"child","parent":"ljp2oha69u","x":180,"y":387,"tool":"Pencil"},{"type":"child","parent":"ljp2oha69u","x":148,"y":377,"tool":"Pencil"},{"type":"child","parent":"ljp2oha69u","x":126,"y":333,"tool":"Pencil"},{"type":"child","parent":"ljp2oha69u","x":140,"y":254,"tool":"Pencil"},{"type":"child","parent":"ljp2oha69u","x":163,"y":197,"tool":"Pencil"},{"type":"child","parent":"ljp2oha69u","x":220,"y":147,"tool":"Pencil"},{"type":"child","parent":"ljp2oha69u","x":311,"y":126,"tool":"Pencil"}]}}