{"ljqx7n7mxe":{"type":"line","id":"ljqx7n7mxe","color":"#ff851b","size":10,"tool":"Pencil","time":1547523682978,"_children":[{"type":"child","parent":"ljqx7n7mxe","x":642,"y":294,"tool":"Pencil"},{"type":"child","parent":"ljqx7n7mxe","x":599,"y":292,"tool":"Pencil"},{"type":"child","parent":"ljqx7n7mxe","x":593,"y":310,"tool":"Pencil"},{"type":"child","parent":"ljqx7n7mxe","x":600,"y":413,"tool":"Pencil"},{"type":"child","parent":"ljqx7n7mxe","x":635,"y":446,"tool":"Pencil"},{"type":"child","parent":"ljqx7n7mxe","x":821,"y":378,"tool":"Pencil"},{"type":"child","parent":"ljqx7n7mxe","x":866,"y":364,"tool":"Pencil"},{"type":"child","parent":"ljqx7n7mxe","x":881,"y":370,"tool":"Pencil"},{"type":"child","parent":"ljqx7n7mxe","x":881,"y":476,"tool":"Pencil"},{"type":"child","parent":"ljqx7n7mxe","x":863,"y":588,"tool":"Pencil"},{"type":"child","parent":"ljqx7n7mxe","x":828,"y":631,"tool":"Pencil"},{"type":"child","parent":"ljqx7n7mxe","x":807,"y":608,"tool":"Pencil"},{"type":"child","parent":"ljqx7n7mxe","x":839,"y":478,"tool":"Pencil"},{"type":"child","parent":"ljqx7n7mxe","x":855,"y":433,"tool":"Pencil"},{"type":"child","parent":"ljqx7n7mxe","x":858,"y":426,"tool":"Pencil"},{"type":"child","parent":"ljqx7n7mxe","x":838,"y":351,"tool":"Pencil"},{"type":"child","parent":"ljqx7n7mxe","x":749,"y":317,"tool":"Pencil"},{"type":"child","parent":"ljqx7n7mxe","x":683,"y":324,"tool":"Pencil"},{"type":"child","parent":"ljqx7n7mxe","x":676,"y":326,"tool":"Pencil"},{"type":"child","parent":"ljqx7n7mxe","x":925,"y":318,"tool":"Pencil"},{"type":"child","parent":"ljqx7n7mxe","x":1024,"y":337,"tool":"Pencil"},{"type":"child","parent":"ljqx7n7mxe","x":1037,"y":421,"tool":"Pencil"},{"type":"child","parent":"ljqx7n7mxe","x":1026,"y":515,"tool":"Pencil"},{"type":"child","parent":"ljqx7n7mxe","x":983,"y":512,"tool":"Pencil"},{"type":"child","parent":"ljqx7n7mxe","x":735,"y":472,"tool":"Pencil"},{"type":"child","parent":"ljqx7n7mxe","x":733,"y":470,"tool":"Pencil"},{"type":"child","parent":"ljqx7n7mxe","x":1089,"y":437,"tool":"Pencil"},{"type":"child","parent":"ljqx7n7mxe","x":1200,"y":437,"tool":"Pencil"}]},"ljqx7yujfz":{"type":"line","id":"ljqx7yujfz","color":"#0074d9","size":10,"tool":"Pencil","time":1547524225879,"_children":[{"type":"child","parent":"ljqx7yujfz","x":775,"y":161,"tool":"Pencil"},{"type":"child","parent":"ljqx7yujfz","x":775,"y":175,"tool":"Pencil"},{"type":"child","parent":"ljqx7yujfz","x":771,"y":196,"tool":"Pencil"},{"type":"child","parent":"ljqx7yujfz","x":734,"y":212,"tool":"Pencil"},{"type":"child","parent":"ljqx7yujfz","x":733,"y":213,"tool":"Pencil"},{"type":"child","parent":"ljqx7yujfz","x":837,"y":201,"tool":"Pencil"},{"type":"child","parent":"ljqx7yujfz","x":842,"y":200,"tool":"Pencil"},{"type":"child","parent":"ljqx7yujfz","x":836,"y":211,"tool":"Pencil"},{"type":"child","parent":"ljqx7yujfz","x":781,"y":278,"tool":"Pencil"},{"type":"child","parent":"ljqx7yujfz","x":692,"y":270,"tool":"Pencil"},{"type":"child","parent":"ljqx7yujfz","x":686,"y":242,"tool":"Pencil"},{"type":"child","parent":"ljqx7yujfz","x":771,"y":243,"tool":"Pencil"},{"type":"child","parent":"ljqx7yujfz","x":807,"y":296,"tool":"Pencil"},{"type":"child","parent":"ljqx7yujfz","x":811,"y":306,"tool":"Pencil"},{"type":"child","parent":"ljqx7yujfz","x":868,"y":229,"tool":"Pencil"},{"type":"child","parent":"ljqx7yujfz","x":877,"y":223,"tool":"Pencil"},{"type":"child","parent":"ljqx7yujfz","x":878,"y":236,"tool":"Pencil"}]},"ljqx7yvq05":{"type":"line","id":"ljqx7yvq05","color":"#0074d9","size":10,"tool":"Pencil","time":1547524227411,"_children":[{"type":"child","parent":"ljqx7yvq05","x":929,"y":147,"tool":"Pencil"},{"type":"child","parent":"ljqx7yvq05","x":929,"y":233,"tool":"Pencil"},{"type":"child","parent":"ljqx7yvq05","x":929,"y":364,"tool":"Pencil"},{"type":"child","parent":"ljqx7yvq05","x":929,"y":396,"tool":"Pencil"},{"type":"child","parent":"ljqx7yvq05","x":929,"y":414,"tool":"Pencil"},{"type":"child","parent":"ljqx7yvq05","x":926,"y":433,"tool":"Pencil"},{"type":"child","parent":"ljqx7yvq05","x":925,"y":430,"tool":"Pencil"}]},"ljqx7ywo9e":{"type":"line","id":"ljqx7ywo9e","color":"#0074d9","size":10,"tool":"Pencil","time":1547524228644,"_children":[{"type":"child","parent":"ljqx7ywo9e","x":1010,"y":173,"tool":"Pencil"},{"type":"child","parent":"ljqx7ywo9e","x":1013,"y":217,"tool":"Pencil"},{"type":"child","parent":"ljqx7ywo9e","x":1022,"y":262,"tool":"Pencil"}]},"ljqx7yx02j":{"type":"line","id":"ljqx7yx02j","color":"#0074d9","size":10,"tool":"Pencil","time":1547524229176,"_children":[{"type":"child","parent":"ljqx7yx02j","x":1098,"y":211,"tool":"Pencil"},{"type":"child","parent":"ljqx7yx02j","x":1101,"y":212,"tool":"Pencil"},{"type":"child","parent":"ljqx7yx02j","x":1051,"y":248,"tool":"Pencil"},{"type":"child","parent":"ljqx7yx02j","x":1039,"y":255,"tool":"Pencil"},{"type":"child","parent":"ljqx7yx02j","x":1074,"y":236,"tool":"Pencil"},{"type":"child","parent":"ljqx7yx02j","x":1086,"y":233,"tool":"Pencil"},{"type":"child","parent":"ljqx7yx02j","x":1087,"y":237,"tool":"Pencil"},{"type":"child","parent":"ljqx7yx02j","x":1072,"y":254,"tool":"Pencil"},{"type":"child","parent":"ljqx7yx02j","x":1055,"y":294,"tool":"Pencil"},{"type":"child","parent":"ljqx7yx02j","x":1219,"y":298,"tool":"Pencil"},{"type":"child","parent":"ljqx7yx02j","x":1214,"y":292,"tool":"Pencil"},{"type":"child","parent":"ljqx7yx02j","x":1105,"y":322,"tool":"Pencil"},{"type":"child","parent":"ljqx7yx02j","x":1037,"y":355,"tool":"Pencil"},{"type":"child","parent":"ljqx7yx02j","x":1144,"y":326,"tool":"Pencil"},{"type":"child","parent":"ljqx7yx02j","x":1199,"y":276,"tool":"Pencil"},{"type":"child","parent":"ljqx7yx02j","x":1204,"y":260,"tool":"Pencil"},{"type":"child","parent":"ljqx7yx02j","x":1206,"y":259,"tool":"Pencil"},{"type":"child","parent":"ljqx7yx02j","x":1259,"y":242,"tool":"Pencil"}]},"ljqx7yyh5g":{"type":"line","id":"ljqx7yyh5g","color":"#0074d9","size":10,"tool":"Pencil","time":1547524230980,"_children":[{"type":"child","parent":"ljqx7yyh5g","x":1102,"y":348,"tool":"Pencil"},{"type":"child","parent":"ljqx7yyh5g","x":1162,"y":341,"tool":"Pencil"},{"type":"child","parent":"ljqx7yyh5g","x":1213,"y":333,"tool":"Pencil"},{"type":"child","parent":"ljqx7yyh5g","x":1213,"y":333,"tool":"Pencil"}]},"ljqx7yyvm1":{"type":"line","id":"ljqx7yyvm1","color":"#0074d9","size":10,"tool":"Pencil","time":1547524231500,"_children":[{"type":"child","parent":"ljqx7yyvm1","x":1199,"y":310,"tool":"Pencil"},{"type":"child","parent":"ljqx7yyvm1","x":1181,"y":355,"tool":"Pencil"},{"type":"child","parent":"ljqx7yyvm1","x":1145,"y":414,"tool":"Pencil"}]},"ljqx7yz6x2":{"type":"line","id":"ljqx7yz6x2","color":"#0074d9","size":10,"tool":"Pencil","time":1547524231907,"_children":[{"type":"child","parent":"ljqx7yz6x2","x":1180,"y":371,"tool":"Pencil"},{"type":"child","parent":"ljqx7yz6x2","x":1185,"y":413,"tool":"Pencil"},{"type":"child","parent":"ljqx7yz6x2","x":1238,"y":474,"tool":"Pencil"},{"type":"child","parent":"ljqx7yz6x2","x":1242,"y":474,"tool":"Pencil"}]},"ljqx7yzmnz":{"type":"line","id":"ljqx7yzmnz","color":"#0074d9","size":10,"tool":"Pencil","time":1547524232474,"_children":[{"type":"child","parent":"ljqx7yzmnz","x":1285,"y":373,"tool":"Pencil"},{"type":"child","parent":"ljqx7yzmnz","x":1477,"y":349,"tool":"Pencil"}]},"ljqx7yzu9p":{"type":"line","id":"ljqx7yzu9p","color":"#0074d9","size":10,"tool":"Pencil","time":1547524232746,"_children":[{"type":"child","parent":"ljqx7yzu9p","x":1531,"y":292,"tool":"Pencil"},{"type":"child","parent":"ljqx7yzu9p","x":1472,"y":341,"tool":"Pencil"},{"type":"child","parent":"ljqx7yzu9p","x":1432,"y":426,"tool":"Pencil"},{"type":"child","parent":"ljqx7yzu9p","x":1428,"y":439,"tool":"Pencil"}]},"ljqx7z06j1":{"type":"line","id":"ljqx7z06j1","color":"#0074d9","size":10,"tool":"Pencil","time":1547524233189,"_children":[{"type":"child","parent":"ljqx7z06j1","x":1377,"y":446,"tool":"Pencil"},{"type":"child","parent":"ljqx7z06j1","x":1411,"y":444,"tool":"Pencil"},{"type":"child","parent":"ljqx7z06j1","x":1381,"y":491,"tool":"Pencil"},{"type":"child","parent":"ljqx7z06j1","x":1365,"y":527,"tool":"Pencil"},{"type":"child","parent":"ljqx7z06j1","x":1503,"y":493,"tool":"Pencil"},{"type":"child","parent":"ljqx7z06j1","x":1485,"y":475,"tool":"Pencil"},{"type":"child","parent":"ljqx7z06j1","x":1340,"y":514,"tool":"Pencil"},{"type":"child","parent":"ljqx7z06j1","x":1334,"y":516,"tool":"Pencil"}]}}