{"ljp1j27n7o":{"type":"line","id":"ljp1j27n7o","color":"#1913b0","size":"10","tool":"Pencil","_children":[{"type":"child","parent":"ljp1j27n7o","x":545,"y":403,"tool":"Pencil"},{"type":"child","parent":"ljp1j27n7o","x":654,"y":329,"tool":"Pencil"},{"type":"child","parent":"ljp1j27n7o","x":812,"y":312,"tool":"Pencil"},{"type":"child","parent":"ljp1j27n7o","x":945,"y":365,"tool":"Pencil"},{"type":"child","parent":"ljp1j27n7o","x":1012,"y":481,"tool":"Pencil"},{"type":"child","parent":"ljp1j27n7o","x":1060,"y":582,"tool":"Pencil"},{"type":"child","parent":"ljp1j27n7o","x":1231,"y":570,"tool":"Pencil"},{"type":"child","parent":"ljp1j27n7o","x":1488,"y":404,"tool":"Pencil"},{"type":"child","parent":"ljp1j27n7o","x":1484,"y":342,"tool":"Pencil"},{"type":"child","parent":"ljp1j27n7o","x":1370,"y":322,"tool":"Pencil"},{"type":"child","parent":"ljp1j27n7o","x":1163,"y":388,"tool":"Pencil"},{"type":"child","parent":"ljp1j27n7o","x":1059,"y":355,"tool":"Pencil"},{"type":"child","parent":"ljp1j27n7o","x":1013,"y":260,"tool":"Pencil"},{"type":"child","parent":"ljp1j27n7o","x":960,"y":221,"tool":"Pencil"},{"type":"child","parent":"ljp1j27n7o","x":784,"y":236,"tool":"Pencil"},{"type":"child","parent":"ljp1j27n7o","x":495,"y":408,"tool":"Pencil"},{"type":"child","parent":"ljp1j27n7o","x":373,"y":558,"tool":"Pencil"},{"type":"child","parent":"ljp1j27n7o","x":366,"y":631,"tool":"Pencil"},{"type":"child","parent":"ljp1j27n7o","x":491,"y":689,"tool":"Pencil"}]},"tjp1j2c3zb":{"type":"new","id":"tjp1j2c3zb","color":"#1913b0","size":27,"x":707,"y":584.5,"tool":"Text","txt":""},"rjp1j2ncrv":{"type":"rect","id":"rjp1j2ncrv","color":"#1913b0","size":"10","x":438,"y":236,"x2":537,"y2":291,"tool":"Rectangle"},"rjp1j2ny4z":{"type":"rect","id":"rjp1j2ny4z","color":"#1913b0","size":"10","x":500,"y":194,"x2":559,"y2":83,"tool":"Rectangle"},"rjp1j2oc6l":{"type":"rect","id":"rjp1j2oc6l","color":"#1913b0","size":"10","x":608,"y":101,"x2":781,"y2":193,"tool":"Rectangle"},"ljp1j2qdsb":{"type":"line","id":"ljp1j2qdsb","color":"#1913b0","size":"28","tool":"Pencil","_children":[{"type":"child","parent":"ljp1j2qdsb","x":674,"y":582,"tool":"Pencil"},{"type":"child","parent":"ljp1j2qdsb","x":736,"y":632,"tool":"Pencil"},{"type":"child","parent":"ljp1j2qdsb","x":792,"y":663,"tool":"Pencil"},{"type":"child","parent":"ljp1j2qdsb","x":848,"y":669,"tool":"Pencil"},{"type":"child","parent":"ljp1j2qdsb","x":921,"y":667,"tool":"Pencil"},{"type":"child","parent":"ljp1j2qdsb","x":995,"y":680,"tool":"Pencil"},{"type":"child","parent":"ljp1j2qdsb","x":1084,"y":696,"tool":"Pencil"},{"type":"child","parent":"ljp1j2qdsb","x":1134,"y":732,"tool":"Pencil"},{"type":"child","parent":"ljp1j2qdsb","x":1192,"y":792,"tool":"Pencil"},{"type":"child","parent":"ljp1j2qdsb","x":1268,"y":783,"tool":"Pencil"},{"type":"child","parent":"ljp1j2qdsb","x":1345,"y":692,"tool":"Pencil"},{"type":"child","parent":"ljp1j2qdsb","x":1353,"y":653,"tool":"Pencil"},{"type":"child","parent":"ljp1j2qdsb","x":1354,"y":638,"tool":"Pencil"},{"type":"child","parent":"ljp1j2qdsb","x":1377,"y":617,"tool":"Pencil"},{"type":"child","parent":"ljp1j2qdsb","x":1452,"y":606,"tool":"Pencil"},{"type":"child","parent":"ljp1j2qdsb","x":1525,"y":605,"tool":"Pencil"},{"type":"child","parent":"ljp1j2qdsb","x":1559,"y":623,"tool":"Pencil"},{"type":"child","parent":"ljp1j2qdsb","x":1588,"y":638,"tool":"Pencil"},{"type":"child","parent":"ljp1j2qdsb","x":1635,"y":611,"tool":"Pencil"},{"type":"child","parent":"ljp1j2qdsb","x":1635,"y":559,"tool":"Pencil"},{"type":"child","parent":"ljp1j2qdsb","x":1636,"y":555,"tool":"Pencil"},{"type":"child","parent":"ljp1j2qdsb","x":1702,"y":639,"tool":"Pencil"},{"type":"child","parent":"ljp1j2qdsb","x":1717,"y":742,"tool":"Pencil"},{"type":"child","parent":"ljp1j2qdsb","x":1639,"y":814,"tool":"Pencil"},{"type":"child","parent":"ljp1j2qdsb","x":1405,"y":777,"tool":"Pencil"},{"type":"child","parent":"ljp1j2qdsb","x":1371,"y":703,"tool":"Pencil"},{"type":"child","parent":"ljp1j2qdsb","x":1378,"y":669,"tool":"Pencil"},{"type":"child","parent":"ljp1j2qdsb","x":1346,"y":770,"tool":"Pencil"},{"type":"child","parent":"ljp1j2qdsb","x":1467,"y":770,"tool":"Pencil"},{"type":"child","parent":"ljp1j2qdsb","x":1284,"y":679,"tool":"Pencil"},{"type":"child","parent":"ljp1j2qdsb","x":1298,"y":724,"tool":"Pencil"},{"type":"child","parent":"ljp1j2qdsb","x":1275,"y":702,"tool":"Pencil"},{"type":"child","parent":"ljp1j2qdsb","x":1245,"y":749,"tool":"Pencil"},{"type":"child","parent":"ljp1j2qdsb","x":1299,"y":745,"tool":"Pencil"},{"type":"child","parent":"ljp1j2qdsb","x":1079,"y":668,"tool":"Pencil"},{"type":"child","parent":"ljp1j2qdsb","x":912,"y":717,"tool":"Pencil"},{"type":"child","parent":"ljp1j2qdsb","x":904,"y":768,"tool":"Pencil"},{"type":"child","parent":"ljp1j2qdsb","x":996,"y":661,"tool":"Pencil"},{"type":"child","parent":"ljp1j2qdsb","x":852,"y":468,"tool":"Pencil"},{"type":"child","parent":"ljp1j2qdsb","x":670,"y":532,"tool":"Pencil"},{"type":"child","parent":"ljp1j2qdsb","x":670,"y":659,"tool":"Pencil"},{"type":"child","parent":"ljp1j2qdsb","x":745,"y":568,"tool":"Pencil"},{"type":"child","parent":"ljp1j2qdsb","x":552,"y":455,"tool":"Pencil"},{"type":"child","parent":"ljp1j2qdsb","x":468,"y":610,"tool":"Pencil"},{"type":"child","parent":"ljp1j2qdsb","x":615,"y":610,"tool":"Pencil"},{"type":"child","parent":"ljp1j2qdsb","x":515,"y":426,"tool":"Pencil"},{"type":"child","parent":"ljp1j2qdsb","x":354,"y":477,"tool":"Pencil"},{"type":"child","parent":"ljp1j2qdsb","x":387,"y":615,"tool":"Pencil"},{"type":"child","parent":"ljp1j2qdsb","x":506,"y":565,"tool":"Pencil"},{"type":"child","parent":"ljp1j2qdsb","x":344,"y":430,"tool":"Pencil"},{"type":"child","parent":"ljp1j2qdsb","x":197,"y":520,"tool":"Pencil"}]},"ljp1j2vpdc":{"type":"line","id":"ljp1j2vpdc","color":"#1913b0","size":"28","tool":"Pencil","_children":[{"type":"child","parent":"ljp1j2vpdc","x":528,"y":826,"tool":"Pencil"},{"type":"child","parent":"ljp1j2vpdc","x":420,"y":828,"tool":"Pencil"},{"type":"child","parent":"ljp1j2vpdc","x":375,"y":918,"tool":"Pencil"},{"type":"child","parent":"ljp1j2vpdc","x":653,"y":846,"tool":"Pencil"},{"type":"child","parent":"ljp1j2vpdc","x":592,"y":685,"tool":"Pencil"},{"type":"child","parent":"ljp1j2vpdc","x":543,"y":820,"tool":"Pencil"},{"type":"child","parent":"ljp1j2vpdc","x":746,"y":826,"tool":"Pencil"},{"type":"child","parent":"ljp1j2vpdc","x":652,"y":714,"tool":"Pencil"},{"type":"child","parent":"ljp1j2vpdc","x":509,"y":833,"tool":"Pencil"},{"type":"child","parent":"ljp1j2vpdc","x":770,"y":960,"tool":"Pencil"},{"type":"child","parent":"ljp1j2vpdc","x":947,"y":823,"tool":"Pencil"},{"type":"child","parent":"ljp1j2vpdc","x":895,"y":817,"tool":"Pencil"},{"type":"child","parent":"ljp1j2vpdc","x":1074,"y":950,"tool":"Pencil"},{"type":"child","parent":"ljp1j2vpdc","x":1230,"y":898,"tool":"Pencil"},{"type":"child","parent":"ljp1j2vpdc","x":1131,"y":860,"tool":"Pencil"},{"type":"child","parent":"ljp1j2vpdc","x":1158,"y":967,"tool":"Pencil"},{"type":"child","parent":"ljp1j2vpdc","x":1332,"y":930,"tool":"Pencil"},{"type":"child","parent":"ljp1j2vpdc","x":1324,"y":861,"tool":"Pencil"},{"type":"child","parent":"ljp1j2vpdc","x":1365,"y":915,"tool":"Pencil"},{"type":"child","parent":"ljp1j2vpdc","x":1575,"y":912,"tool":"Pencil"}]}}