{"tjp5mo9zf0":{"type":"new","id":"tjp5mo9zf0","color":"#39CCCC","size":27,"x":415,"y":174,"tool":"Text","time":1543679091358,"txt":"formation"},"tjp5modao4":{"type":"new","id":"tjp5modao4","color":"#39CCCC","size":27,"x":415,"y":215,"tool":"Text","time":1543679095648,"txt":""},"tjp5moe5x10":{"type":"new","id":"tjp5moe5x10","color":"#39CCCC","size":27,"x":447,"y":307,"tool":"Text","time":1543679096848},"tjp5moff93":{"type":"new","id":"tjp5moff93","color":"#39CCCC","size":27,"x":425,"y":315,"tool":"Text","time":1543679098405,"txt":"Apprentissage"},"tjp5momc7n":{"type":"new","id":"tjp5momc7n","color":"#39CCCC","size":27,"x":425,"y":356,"tool":"Text","time":1543679107371,"txt":""},"sjp5mop9xc":{"type":"straight","id":"sjp5mop9xc","color":"#39CCCC","size":10,"x":486,"y":173,"tool":"Straight line","time":1543679111173,"x2":517,"y2":308},"sjp5moxd4c":{"type":"straight","id":"sjp5moxd4c","color":"#39CCCC","size":3,"x":444,"y":183,"tool":"Straight line","time":1543679121742,"x2":473,"y2":296},"ljp5mp4dsm":{"type":"line","id":"ljp5mp4dsm","color":"#39CCCC","size":3,"tool":"Pencil","time":1543679130755,"_children":[{"type":"child","parent":"ljp5mp4dsm","x":463,"y":289,"tool":"Pencil"},{"type":"child","parent":"ljp5mp4dsm","x":464,"y":289,"tool":"Pencil"},{"type":"child","parent":"ljp5mp4dsm","x":473,"y":291,"tool":"Pencil"},{"type":"child","parent":"ljp5mp4dsm","x":474,"y":290,"tool":"Pencil"},{"type":"child","parent":"ljp5mp4dsm","x":476,"y":275,"tool":"Pencil"},{"type":"child","parent":"ljp5mp4dsm","x":479,"y":271,"tool":"Pencil"},{"type":"child","parent":"ljp5mp4dsm","x":479,"y":271,"tool":"Pencil"}]},"ljp5mpayr4":{"type":"line","id":"ljp5mpayr4","color":"#1a0","size":3,"tool":"Pencil","time":1543679139284,"_children":[{"type":"child","parent":"ljp5mpayr4","x":305,"y":283,"tool":"Pencil"},{"type":"child","parent":"ljp5mpayr4","x":304,"y":283,"tool":"Pencil"},{"type":"child","parent":"ljp5mpayr4","x":279,"y":259,"tool":"Pencil"},{"type":"child","parent":"ljp5mpayr4","x":275,"y":135,"tool":"Pencil"},{"type":"child","parent":"ljp5mpayr4","x":335,"y":150,"tool":"Pencil"},{"type":"child","parent":"ljp5mpayr4","x":349,"y":240,"tool":"Pencil"},{"type":"child","parent":"ljp5mpayr4","x":296,"y":286,"tool":"Pencil"},{"type":"child","parent":"ljp5mpayr4","x":267,"y":292,"tool":"Pencil"},{"type":"child","parent":"ljp5mpayr4","x":264,"y":272,"tool":"Pencil"},{"type":"child","parent":"ljp5mpayr4","x":265,"y":269,"tool":"Pencil"}]}}