{"rjp47m14rv":{"type":"rect","id":"rjp47m14rv","color":"#1913b0","size":10,"x":758,"y":287,"x2":1352,"y2":730,"tool":"Rectangle"},"ljp4a3dpt2":{"type":"line","id":"ljp4a3dpt2","color":"#1913b0","size":10,"tool":"Pencil","time":1543597494884,"_children":[{"type":"child","parent":"ljp4a3dpt2","x":332,"y":282,"tool":"Pencil"},{"type":"child","parent":"ljp4a3dpt2","x":335,"y":333,"tool":"Pencil"},{"type":"child","parent":"ljp4a3dpt2","x":336,"y":376,"tool":"Pencil"},{"type":"child","parent":"ljp4a3dpt2","x":335,"y":397,"tool":"Pencil"},{"type":"child","parent":"ljp4a3dpt2","x":335,"y":413,"tool":"Pencil"},{"type":"child","parent":"ljp4a3dpt2","x":336,"y":432,"tool":"Pencil"},{"type":"child","parent":"ljp4a3dpt2","x":338,"y":459,"tool":"Pencil"},{"type":"child","parent":"ljp4a3dpt2","x":339,"y":496,"tool":"Pencil"},{"type":"child","parent":"ljp4a3dpt2","x":339,"y":513,"tool":"Pencil"},{"type":"child","parent":"ljp4a3dpt2","x":339,"y":531,"tool":"Pencil"},{"type":"child","parent":"ljp4a3dpt2","x":339,"y":544,"tool":"Pencil"},{"type":"child","parent":"ljp4a3dpt2","x":339,"y":554,"tool":"Pencil"},{"type":"child","parent":"ljp4a3dpt2","x":339,"y":564,"tool":"Pencil"},{"type":"child","parent":"ljp4a3dpt2","x":339,"y":567,"tool":"Pencil"}]},"ljp4a3h4nd":{"type":"line","id":"ljp4a3h4nd","color":"#1913b0","size":10,"tool":"Pencil","time":1543597499305,"_children":[{"type":"child","parent":"ljp4a3h4nd","x":336,"y":393,"tool":"Pencil"},{"type":"child","parent":"ljp4a3h4nd","x":341,"y":394,"tool":"Pencil"},{"type":"child","parent":"ljp4a3h4nd","x":366,"y":398,"tool":"Pencil"},{"type":"child","parent":"ljp4a3h4nd","x":391,"y":402,"tool":"Pencil"},{"type":"child","parent":"ljp4a3h4nd","x":408,"y":402,"tool":"Pencil"},{"type":"child","parent":"ljp4a3h4nd","x":423,"y":402,"tool":"Pencil"},{"type":"child","parent":"ljp4a3h4nd","x":434,"y":402,"tool":"Pencil"},{"type":"child","parent":"ljp4a3h4nd","x":451,"y":401,"tool":"Pencil"},{"type":"child","parent":"ljp4a3h4nd","x":474,"y":401,"tool":"Pencil"},{"type":"child","parent":"ljp4a3h4nd","x":496,"y":400,"tool":"Pencil"},{"type":"child","parent":"ljp4a3h4nd","x":514,"y":399,"tool":"Pencil"},{"type":"child","parent":"ljp4a3h4nd","x":524,"y":399,"tool":"Pencil"},{"type":"child","parent":"ljp4a3h4nd","x":527,"y":398,"tool":"Pencil"}]}}