{"ljp1vi89uz":{"type":"line","id":"ljp1vi89uz","color":"#1913b0","size":"10","tool":"Pencil"},"ljp1vi8sac":{"type":"line","id":"ljp1vi8sac","color":"#1913b0","size":"10","tool":"Pencil","_children":[{"type":"child","parent":"ljp1vi8sac","x":206.8085174560547,"y":454.05517578125,"tool":"Pencil"}]},"ljp1vi8wce":{"type":"line","id":"ljp1vi8wce","color":"#1913b0","size":"10","tool":"Pencil","_children":[{"type":"child","parent":"ljp1vi8wce","x":212.46994018554688,"y":443.39404296875,"tool":"Pencil"},{"type":"child","parent":"ljp1vi8wce","x":216.4662322998047,"y":416.074951171875,"tool":"Pencil"},{"type":"child","parent":"ljp1vi8wce","x":224.7918701171875,"y":376.7620849609375,"tool":"Pencil"},{"type":"child","parent":"ljp1vi8wce","x":235.44866943359375,"y":355.106689453125,"tool":"Pencil"}]},"ljp1vi9e96":{"type":"line","id":"ljp1vi9e96","color":"#1913b0","size":"10","tool":"Pencil","_children":[{"type":"child","parent":"ljp1vi9e96","x":281.4061279296875,"y":312.4622497558594,"tool":"Pencil"},{"type":"child","parent":"ljp1vi9e96","x":244.7733612060547,"y":319.1254577636719,"tool":"Pencil"},{"type":"child","parent":"ljp1vi9e96","x":195.48565673828125,"y":350.775634765625,"tool":"Pencil"},{"type":"child","parent":"ljp1vi9e96","x":208.4736328125,"y":387.75634765625,"tool":"Pencil"},{"type":"child","parent":"ljp1vi9e96","x":232.45144653320312,"y":421.7386474609375,"tool":"Pencil"},{"type":"child","parent":"ljp1vi9e96","x":227.12303161621094,"y":441.06195068359375,"tool":"Pencil"},{"type":"child","parent":"ljp1vi9e96","x":194.48660278320312,"y":441.06195068359375,"tool":"Pencil"},{"type":"child","parent":"ljp1vi9e96","x":225.1248779296875,"y":361.1036071777344,"tool":"Pencil"}]},"ljp1via7nh":{"type":"line","id":"ljp1via7nh","color":"#1913b0","size":"10","tool":"Pencil","_children":[{"type":"child","parent":"ljp1via7nh","x":295.0601501464844,"y":358.10516357421875,"tool":"Pencil"},{"type":"child","parent":"ljp1via7nh","x":265.7539367675781,"y":388.4226989746094,"tool":"Pencil"},{"type":"child","parent":"ljp1via7nh","x":251.43386840820312,"y":452.3893737792969,"tool":"Pencil"},{"type":"child","parent":"ljp1via7nh","x":243.10824584960938,"y":476.37689208984375,"tool":"Pencil"}]},"ljp1viamx9":{"type":"line","id":"ljp1viamx9","color":"#1913b0","size":"10","tool":"Pencil","_children":[{"type":"child","parent":"ljp1viamx9","x":275.41168212890625,"y":319.791748046875,"tool":"Pencil"},{"type":"child","parent":"ljp1viamx9","x":264.4218444824219,"y":344.7787780761719,"tool":"Pencil"},{"type":"child","parent":"ljp1viamx9","x":269.0841979980469,"y":417.74078369140625,"tool":"Pencil"},{"type":"child","parent":"ljp1viamx9","x":271.4153747558594,"y":447.3919677734375,"tool":"Pencil"}]},"ljp1vib5sy":{"type":"line","id":"ljp1vib5sy","color":"#1913b0","size":"10","tool":"Pencil","_children":[{"type":"child","parent":"ljp1vib5sy","x":169.17669677734375,"y":318.79229736328125,"tool":"Pencil"},{"type":"child","parent":"ljp1vib5sy","x":190.82330322265625,"y":315.79388427734375,"tool":"Pencil"},{"type":"child","parent":"ljp1vib5sy","x":247.43756103515625,"y":306.1322021484375,"tool":"Pencil"}]}}