{"tk89athdsf":{"type":"new","id":"tk89athdsf","color":"#f012be","size":27,"x":454,"y":64.5,"tool":"Text","time":1585259911094,"txt":"хмј"},"lk89atjk08":{"type":"line","id":"lk89atjk08","color":"#f012be","size":10,"tool":"Pencil","time":1585259913902,"_children":[{"type":"child","parent":"lk89atjk08","x":179,"y":116,"tool":"Pencil"},{"type":"child","parent":"lk89atjk08","x":180,"y":116,"tool":"Pencil"},{"type":"child","parent":"lk89atjk08","x":185,"y":116,"tool":"Pencil"},{"type":"child","parent":"lk89atjk08","x":189,"y":131,"tool":"Pencil"},{"type":"child","parent":"lk89atjk08","x":188,"y":149,"tool":"Pencil"},{"type":"child","parent":"lk89atjk08","x":186,"y":148,"tool":"Pencil"},{"type":"child","parent":"lk89atjk08","x":194,"y":146,"tool":"Pencil"},{"type":"child","parent":"lk89atjk08","x":201,"y":148,"tool":"Pencil"},{"type":"child","parent":"lk89atjk08","x":216,"y":152,"tool":"Pencil"},{"type":"child","parent":"lk89atjk08","x":217,"y":152,"tool":"Pencil"}]},"lk89atkgr7":{"type":"line","id":"lk89atkgr7","color":"#f012be","size":10,"tool":"Pencil","time":1585259915074,"_children":[{"type":"child","parent":"lk89atkgr7","x":182,"y":165,"tool":"Pencil"},{"type":"child","parent":"lk89atkgr7","x":182,"y":166,"tool":"Pencil"},{"type":"child","parent":"lk89atkgr7","x":247,"y":171,"tool":"Pencil"},{"type":"child","parent":"lk89atkgr7","x":267,"y":172,"tool":"Pencil"}]},"lk89atkzzk":{"type":"line","id":"lk89atkzzk","color":"#f012be","size":10,"tool":"Pencil","time":1585259915804,"_children":[{"type":"child","parent":"lk89atkzzk","x":196,"y":223,"tool":"Pencil"},{"type":"child","parent":"lk89atkzzk","x":220,"y":239,"tool":"Pencil"},{"type":"child","parent":"lk89atkzzk","x":235,"y":212,"tool":"Pencil"},{"type":"child","parent":"lk89atkzzk","x":162,"y":180,"tool":"Pencil"},{"type":"child","parent":"lk89atkzzk","x":170,"y":176,"tool":"Pencil"},{"type":"child","parent":"lk89atkzzk","x":180,"y":193,"tool":"Pencil"},{"type":"child","parent":"lk89atkzzk","x":172,"y":226,"tool":"Pencil"}]}}