{"lk3r48519x":{"type":"line","id":"lk3r48519x","color":"#111111","size":10,"tool":"Pencil","time":1575453036453,"_children":[{"type":"child","parent":"lk3r48519x","x":821,"y":250,"tool":"Pencil"}]},"lk3r485sev":{"type":"line","id":"lk3r485sev","color":"#111111","size":10,"tool":"Pencil","time":1575453037426,"_children":[{"type":"child","parent":"lk3r485sev","x":823,"y":241,"tool":"Pencil"}]},"lk3r48l2aa":{"type":"line","id":"lk3r48l2aa","color":"#111111","size":10,"tool":"Pencil","time":1575453057223,"_children":[{"type":"child","parent":"lk3r48l2aa","x":823,"y":387,"tool":"Pencil"}]},"lk3r48rm5s":{"type":"line","id":"lk3r48rm5s","color":"#111111","size":10,"tool":"Pencil","time":1575453065712,"_children":[{"type":"child","parent":"lk3r48rm5s","x":845,"y":525,"tool":"Pencil"}]},"lk3r49s4z8":{"type":"line","id":"lk3r49s4z8","color":"#111111","size":10,"tool":"Pencil","time":1575453113048,"_children":[{"type":"child","parent":"lk3r49s4z8","x":1265,"y":577,"tool":"Pencil"}]},"lk3r49sypl":{"type":"line","id":"lk3r49sypl","color":"#111111","size":10,"tool":"Pencil","time":1575453114119,"_children":[{"type":"child","parent":"lk3r49sypl","x":1263,"y":582,"tool":"Pencil"}]},"lk3r49tfiy":{"type":"line","id":"lk3r49tfiy","color":"#111111","size":10,"tool":"Pencil","time":1575453114723,"_children":[{"type":"child","parent":"lk3r49tfiy","x":1265,"y":589,"tool":"Pencil"}]},"tk48nkxkk8":{"type":"new","id":"tk48nkxkk8","color":"#000000","size":13,"x":2040,"y":204.5,"tool":"Text","time":1576513747630,"txt":""},"tk48nmgndu":{"type":"new","id":"tk48nmgndu","color":"#000000","size":43,"x":2433,"y":677.5,"tool":"Text","time":1576513819013,"txt":""},"tk48nnramj":{"type":"new","id":"tk48nnramj","color":"#000000","size":30,"x":555,"y":320,"tool":"Text","time":1576513879464,"txt":""},"lk48nohpcv":{"type":"line","id":"lk48nohpcv","color":"#000000","size":9,"tool":"Pencil","time":1576513913693,"_children":[{"type":"child","parent":"lk48nohpcv","x":369,"y":536,"tool":"Pencil"}]},"lk48nw6zxz":{"type":"line","id":"lk48nw6zxz","color":"#ff0300","size":50,"tool":"Pencil","time":1576514273068,"_children":[{"type":"child","parent":"lk48nw6zxz","x":2132,"y":416,"tool":"Pencil"}]},"lk48nwf306":{"type":"line","id":"lk48nwf306","color":"#ff0300","size":50,"tool":"Pencil","time":1576514283547,"_children":[{"type":"child","parent":"lk48nwf306","x":1151,"y":279,"tool":"Pencil"}]},"lk48nwq90v":{"type":"line","id":"lk48nwq90v","color":"#ff0300","size":50,"tool":"Pencil","time":1576514298019,"_children":[{"type":"child","parent":"lk48nwq90v","x":1229,"y":745,"tool":"Pencil"}]},"tk48nypu01":{"type":"new","id":"tk48nypu01","color":"#ff0300","size":13,"x":291,"y":92.5,"tool":"Text","time":1576514390792,"txt":""},"sk48nzbm3g":{"type":"straight","id":"sk48nzbm3g","color":"#ff0300","size":1,"x":1187,"y":255,"tool":"Straight line","time":1576514419020,"x2":1187,"y2":255},"tk48o15ke3":{"type":"new","id":"tk48o15ke3","color":"#fff100","size":31,"x":1114,"y":347.5,"tool":"Text","time":1576514504495,"txt":""},"tk48o1dqki":{"type":"new","id":"tk48o1dqki","color":"#ff0012","size":31,"x":1105,"y":354.5,"tool":"Text","time":1576514515086,"txt":""},"tk48o5p2ts":{"type":"new","id":"tk48o5p2ts","color":"#ff0300","size":13,"x":947,"y":935,"tool":"Text","time":1576514716407,"txt":""},"lk48o78fpf":{"type":"line","id":"lk48o78fpf","color":"#ff0300","size":50,"tool":"Pencil","time":1576514788157,"_children":[{"type":"child","parent":"lk48o78fpf","x":2071,"y":746,"tool":"Pencil"}]},"lk48o797wc":{"type":"line","id":"lk48o797wc","color":"#ff0300","size":50,"tool":"Pencil","time":1576514789166,"_children":[{"type":"child","parent":"lk48o797wc","x":2078,"y":746,"tool":"Pencil"}]},"lk48o7alx6":{"type":"line","id":"lk48o7alx6","color":"#ff0300","size":50,"tool":"Pencil","time":1576514790970,"_children":[{"type":"child","parent":"lk48o7alx6","x":2081,"y":743,"tool":"Pencil"}]},"tk48o8ohdf":{"type":"new","id":"tk48o8ohdf","color":"#001499","size":22,"x":445,"y":1151,"tool":"Text","time":1576514855606,"txt":""}}