{"ljp243mgu5":{"type":"line","id":"ljp243mgu5","color":"#1913b0","size":"10","tool":"Pencil","_children":[{"type":"child","parent":"ljp243mgu5","x":602,"y":459,"tool":"Pencil"},{"type":"child","parent":"ljp243mgu5","x":610,"y":507,"tool":"Pencil"},{"type":"child","parent":"ljp243mgu5","x":857,"y":578,"tool":"Pencil"},{"type":"child","parent":"ljp243mgu5","x":868,"y":643,"tool":"Pencil"},{"type":"child","parent":"ljp243mgu5","x":668,"y":654,"tool":"Pencil"},{"type":"child","parent":"ljp243mgu5","x":885,"y":599,"tool":"Pencil"},{"type":"child","parent":"ljp243mgu5","x":756,"y":533,"tool":"Pencil"}]},"ljp243nkev":{"type":"line","id":"ljp243nkev","color":"#1913b0","size":"10","tool":"Pencil","_children":[{"type":"child","parent":"ljp243nkev","x":569,"y":293,"tool":"Pencil"},{"type":"child","parent":"ljp243nkev","x":565,"y":295,"tool":"Pencil"},{"type":"child","parent":"ljp243nkev","x":431,"y":402,"tool":"Pencil"},{"type":"child","parent":"ljp243nkev","x":334,"y":519,"tool":"Pencil"},{"type":"child","parent":"ljp243nkev","x":334,"y":520,"tool":"Pencil"},{"type":"child","parent":"ljp243nkev","x":440,"y":535,"tool":"Pencil"},{"type":"child","parent":"ljp243nkev","x":576,"y":590,"tool":"Pencil"},{"type":"child","parent":"ljp243nkev","x":577,"y":592,"tool":"Pencil"},{"type":"child","parent":"ljp243nkev","x":402,"y":700,"tool":"Pencil"},{"type":"child","parent":"ljp243nkev","x":348,"y":738,"tool":"Pencil"},{"type":"child","parent":"ljp243nkev","x":446,"y":552,"tool":"Pencil"},{"type":"child","parent":"ljp243nkev","x":440,"y":507,"tool":"Pencil"},{"type":"child","parent":"ljp243nkev","x":536,"y":592,"tool":"Pencil"},{"type":"child","parent":"ljp243nkev","x":601,"y":539,"tool":"Pencil"},{"type":"child","parent":"ljp243nkev","x":495,"y":562,"tool":"Pencil"},{"type":"child","parent":"ljp243nkev","x":625,"y":703,"tool":"Pencil"},{"type":"child","parent":"ljp243nkev","x":657,"y":714,"tool":"Pencil"},{"type":"child","parent":"ljp243nkev","x":892,"y":751,"tool":"Pencil"},{"type":"child","parent":"ljp243nkev","x":1077,"y":784,"tool":"Pencil"},{"type":"child","parent":"ljp243nkev","x":974,"y":795,"tool":"Pencil"},{"type":"child","parent":"ljp243nkev","x":765,"y":750,"tool":"Pencil"},{"type":"child","parent":"ljp243nkev","x":1100,"y":618,"tool":"Pencil"},{"type":"child","parent":"ljp243nkev","x":977,"y":457,"tool":"Pencil"},{"type":"child","parent":"ljp243nkev","x":904,"y":442,"tool":"Pencil"},{"type":"child","parent":"ljp243nkev","x":905,"y":503,"tool":"Pencil"},{"type":"child","parent":"ljp243nkev","x":915,"y":560,"tool":"Pencil"},{"type":"child","parent":"ljp243nkev","x":881,"y":501,"tool":"Pencil"},{"type":"child","parent":"ljp243nkev","x":1010,"y":401,"tool":"Pencil"},{"type":"child","parent":"ljp243nkev","x":1179,"y":361,"tool":"Pencil"},{"type":"child","parent":"ljp243nkev","x":940,"y":338,"tool":"Pencil"},{"type":"child","parent":"ljp243nkev","x":1116,"y":555,"tool":"Pencil"},{"type":"child","parent":"ljp243nkev","x":1116,"y":568,"tool":"Pencil"}]},"tjp243ruf1":{"type":"new","id":"tjp243ruf1","color":"#1913b0","size":27,"x":338,"y":144.5,"tool":"Text","txt":"sdfsdfdsf"},"tjp243skf4":{"type":"new","id":"tjp243skf4","color":"#1913b0","size":27,"x":406,"y":274.5,"tool":"Text","txt":"sdf"},"tjp243sxiv":{"type":"new","id":"tjp243sxiv","color":"#1913b0","size":27,"x":690,"y":270.5,"tool":"Text","txt":"dsfsd"},"tjp243t4d5":{"type":"new","id":"tjp243t4d5","color":"#1913b0","size":27,"x":791,"y":316.5,"tool":"Text","txt":"f"},"tjp243t9jw":{"type":"new","id":"tjp243t9jw","color":"#1913b0","size":27,"x":963,"y":337.5,"tool":"Text","txt":"fsd"},"tjp243tfmr":{"type":"new","id":"tjp243tfmr","color":"#1913b0","size":27,"x":923,"y":433.5,"tool":"Text","txt":"fsdf"},"tjp243tn36":{"type":"new","id":"tjp243tn36","color":"#1913b0","size":27,"x":731,"y":487.5,"tool":"Text","txt":""},"tjp243ts06":{"type":"new","id":"tjp243ts06","color":"#1913b0","size":27,"x":609,"y":431.5,"tool":"Text","txt":"f"},"rjp243uj96":{"type":"rect","id":"rjp243uj96","color":"#1913b0","size":"10","x":309,"y":310,"x2":586,"y2":484,"tool":"Rectangle"},"rjp243v1ts":{"type":"rect","id":"rjp243v1ts","color":"#1913b0","size":"10","x":395,"y":216,"x2":554,"y2":330,"tool":"Rectangle"},"ljp2444qc4":{"type":"line","id":"ljp2444qc4","color":"#004080","size":"10","tool":"Pencil","_children":[{"type":"child","parent":"ljp2444qc4","x":949,"y":306,"tool":"Pencil"},{"type":"child","parent":"ljp2444qc4","x":1078,"y":362,"tool":"Pencil"},{"type":"child","parent":"ljp2444qc4","x":1529,"y":506,"tool":"Pencil"},{"type":"child","parent":"ljp2444qc4","x":1723,"y":609,"tool":"Pencil"},{"type":"child","parent":"ljp2444qc4","x":1632,"y":712,"tool":"Pencil"},{"type":"child","parent":"ljp2444qc4","x":1171,"y":801,"tool":"Pencil"},{"type":"child","parent":"ljp2444qc4","x":1328,"y":677,"tool":"Pencil"},{"type":"child","parent":"ljp2444qc4","x":1304,"y":456,"tool":"Pencil"},{"type":"child","parent":"ljp2444qc4","x":1150,"y":531,"tool":"Pencil"},{"type":"child","parent":"ljp2444qc4","x":1425,"y":672,"tool":"Pencil"},{"type":"child","parent":"ljp2444qc4","x":1289,"y":606,"tool":"Pencil"},{"type":"child","parent":"ljp2444qc4","x":1355,"y":372,"tool":"Pencil"},{"type":"child","parent":"ljp2444qc4","x":1446,"y":385,"tool":"Pencil"},{"type":"child","parent":"ljp2444qc4","x":1377,"y":431,"tool":"Pencil"},{"type":"child","parent":"ljp2444qc4","x":1121,"y":421,"tool":"Pencil"},{"type":"child","parent":"ljp2444qc4","x":1407,"y":578,"tool":"Pencil"},{"type":"child","parent":"ljp2444qc4","x":1169,"y":294,"tool":"Pencil"},{"type":"child","parent":"ljp2444qc4","x":1157,"y":318,"tool":"Pencil"},{"type":"child","parent":"ljp2444qc4","x":1222,"y":419,"tool":"Pencil"},{"type":"child","parent":"ljp2444qc4","x":1055,"y":275,"tool":"Pencil"},{"type":"child","parent":"ljp2444qc4","x":1424,"y":330,"tool":"Pencil"},{"type":"child","parent":"ljp2444qc4","x":1426,"y":361,"tool":"Pencil"}]},"ljp2446t2b":{"type":"line","id":"ljp2446t2b","color":"#004080","size":"10","tool":"Pencil","_children":[{"type":"child","parent":"ljp2446t2b","x":516,"y":181,"tool":"Pencil"},{"type":"child","parent":"ljp2446t2b","x":564,"y":264,"tool":"Pencil"},{"type":"child","parent":"ljp2446t2b","x":987,"y":427,"tool":"Pencil"},{"type":"child","parent":"ljp2446t2b","x":867,"y":520,"tool":"Pencil"},{"type":"child","parent":"ljp2446t2b","x":562,"y":656,"tool":"Pencil"},{"type":"child","parent":"ljp2446t2b","x":600,"y":519,"tool":"Pencil"},{"type":"child","parent":"ljp2446t2b","x":698,"y":468,"tool":"Pencil"},{"type":"child","parent":"ljp2446t2b","x":612,"y":544,"tool":"Pencil"}]},"ljp24495e2":{"type":"line","id":"ljp24495e2","color":"#004080","size":"30","tool":"Pencil","_children":[{"type":"child","parent":"ljp24495e2","x":420,"y":628,"tool":"Pencil"},{"type":"child","parent":"ljp24495e2","x":539,"y":754,"tool":"Pencil"},{"type":"child","parent":"ljp24495e2","x":711,"y":822,"tool":"Pencil"},{"type":"child","parent":"ljp24495e2","x":790,"y":821,"tool":"Pencil"},{"type":"child","parent":"ljp24495e2","x":710,"y":828,"tool":"Pencil"},{"type":"child","parent":"ljp24495e2","x":243,"y":890,"tool":"Pencil"},{"type":"child","parent":"ljp24495e2","x":302,"y":744,"tool":"Pencil"},{"type":"child","parent":"ljp24495e2","x":546,"y":597,"tool":"Pencil"},{"type":"child","parent":"ljp24495e2","x":433,"y":469,"tool":"Pencil"},{"type":"child","parent":"ljp24495e2","x":345,"y":584,"tool":"Pencil"},{"type":"child","parent":"ljp24495e2","x":615,"y":850,"tool":"Pencil"}]}}