{"tk80ov90c2":{"type":"new","id":"tk80ov90c2","color":"#ff851b","size":27,"x":225,"y":101.5,"tool":"Text","time":1584739308594,"txt":""},"tk80ova4nl":{"type":"new","id":"tk80ova4nl","color":"#ff851b","size":27,"x":780,"y":241.5,"tool":"Text","time":1584739310045},"tk80ovb9re":{"type":"new","id":"tk80ovb9re","color":"#ff851b","size":27,"x":805,"y":411.5,"tool":"Text","time":1584739311525,"txt":""},"tk80ozkeni":{"type":"new","id":"tk80ozkeni","color":"#001f3f","size":27,"x":657.3,"y":995.3,"tool":"Text","time":1584739512161,"txt":""},"tk80ozkxgq":{"type":"new","id":"tk80ozkxgq","color":"#001f3f","size":27,"x":542.7,"y":640.7,"tool":"Text","time":1584739512843},"tk80ozlc18":{"type":"new","id":"tk80ozlc18","color":"#001f3f","size":27,"x":525.6,"y":639.1,"tool":"Text","time":1584739513361},"tk80ozlyhk":{"type":"new","id":"tk80ozlyhk","color":"#001f3f","size":27,"x":631.3,"y":781.3,"tool":"Text","time":1584739514169},"tk80p1dh7u":{"type":"new","id":"tk80p1dh7u","color":"#001f3f","size":27,"x":707,"y":454.5,"tool":"Text","time":1584739595975,"txt":""},"lk80p2cnaw":{"type":"line","id":"lk80p2cnaw","color":"#001f3f","size":10,"tool":"Pencil","time":1584739641564,"_children":[{"type":"child","parent":"lk80p2cnaw","x":743,"y":155,"tool":"Pencil"}]},"lk80p2cpsp":{"type":"line","id":"lk80p2cpsp","color":"#001f3f","size":10,"tool":"Pencil","time":1584739641659,"_children":[{"type":"child","parent":"lk80p2cpsp","x":748,"y":152,"tool":"Pencil"}]},"lk80p2e73j":{"type":"line","id":"lk80p2e73j","color":"#001f3f","size":10,"tool":"Pencil","time":1584739643557},"tk80pa53cw":{"type":"new","id":"tk80pa53cw","color":"#001f3f","size":27,"x":1335,"y":259,"tool":"Text","time":1584740004263,"txt":""},"tk80pa9xe1":{"type":"new","id":"tk80pa9xe1","color":"#001f3f","size":27,"x":1384,"y":305.5,"tool":"Text","time":1584740010532,"txt":""},"tk80paaevf":{"type":"new","id":"tk80paaevf","color":"#001f3f","size":27,"x":651,"y":151.5,"tool":"Text","time":1584740011158},"tk80pad1aw":{"type":"new","id":"tk80pad1aw","color":"#001f3f","size":27,"x":1510,"y":223.5,"tool":"Text","time":1584740014564},"lk80pq4i5t":{"type":"line","id":"lk80pq4i5t","color":"#3d9970","size":10,"tool":"Pencil","time":1584740750837},"tk80pqh5bh":{"type":"new","id":"tk80pqh5bh","color":"#3d9970","size":27,"x":1144,"y":330.5,"tool":"Text","time":1584740767336},"lk80pqpg73":{"type":"line","id":"lk80pqpg73","color":"#3d9970","size":10,"tool":"Pencil","time":1584740777912},"lk80pqr01q":{"type":"line","id":"lk80pqr01q","color":"#3d9970","size":10,"tool":"Pencil","time":1584740779923,"_children":[{"type":"child","parent":"lk80pqr01q","x":1352,"y":498,"tool":"Pencil"}]},"lk80ps75mn":{"type":"line","id":"lk80ps75mn","color":"#3d9970","size":1,"tool":"Pencil","time":1584740847499,"_children":[{"type":"child","parent":"lk80ps75mn","x":1305,"y":474,"tool":"Pencil"},{"type":"child","parent":"lk80ps75mn","x":1305,"y":474,"tool":"Pencil"}]},"lk80ps7pad":{"type":"line","id":"lk80ps7pad","color":"#3d9970","size":1,"tool":"Pencil","time":1584740848207,"_children":[{"type":"child","parent":"lk80ps7pad","x":1291,"y":462,"tool":"Pencil"},{"type":"child","parent":"lk80ps7pad","x":1291,"y":462,"tool":"Pencil"}]},"lk80ps84ij":{"type":"line","id":"lk80ps84ij","color":"#3d9970","size":1,"tool":"Pencil","time":1584740848754,"_children":[{"type":"child","parent":"lk80ps84ij","x":1272,"y":451,"tool":"Pencil"},{"type":"child","parent":"lk80ps84ij","x":1272,"y":451,"tool":"Pencil"}]},"lk80ps8wux":{"type":"line","id":"lk80ps8wux","color":"#3d9970","size":1,"tool":"Pencil","time":1584740849813,"_children":[{"type":"child","parent":"lk80ps8wux","x":1233,"y":434,"tool":"Pencil"},{"type":"child","parent":"lk80ps8wux","x":1233,"y":434,"tool":"Pencil"}]},"lk80ps9bul":{"type":"line","id":"lk80ps9bul","color":"#3d9970","size":1,"tool":"Pencil","time":1584740850332,"_children":[{"type":"child","parent":"lk80ps9bul","x":1202,"y":416,"tool":"Pencil"},{"type":"child","parent":"lk80ps9bul","x":1202,"y":416,"tool":"Pencil"}]},"lk80ps9qi10":{"type":"line","id":"lk80ps9qi10","color":"#3d9970","size":1,"tool":"Pencil","time":1584740850845,"_children":[{"type":"child","parent":"lk80ps9qi10","x":1172,"y":402,"tool":"Pencil"},{"type":"child","parent":"lk80ps9qi10","x":1172,"y":402,"tool":"Pencil"}]},"lk80psa1ni":{"type":"line","id":"lk80psa1ni","color":"#3d9970","size":1,"tool":"Pencil","time":1584740851286,"_children":[{"type":"child","parent":"lk80psa1ni","x":1155,"y":392,"tool":"Pencil"},{"type":"child","parent":"lk80psa1ni","x":1155,"y":392,"tool":"Pencil"}]},"lk80psac84":{"type":"line","id":"lk80psac84","color":"#3d9970","size":1,"tool":"Pencil","time":1584740851624,"_children":[{"type":"child","parent":"lk80psac84","x":1136,"y":383,"tool":"Pencil"},{"type":"child","parent":"lk80psac84","x":1136,"y":383,"tool":"Pencil"}]},"lk80psbiz3":{"type":"line","id":"lk80psbiz3","color":"#3d9970","size":1,"tool":"Pencil","time":1584740853174,"_children":[{"type":"child","parent":"lk80psbiz3","x":1143,"y":388,"tool":"Pencil"},{"type":"child","parent":"lk80psbiz3","x":1143,"y":388,"tool":"Pencil"}]},"lk80psca7k":{"type":"line","id":"lk80psca7k","color":"#3d9970","size":1,"tool":"Pencil","time":1584740854144,"_children":[{"type":"child","parent":"lk80psca7k","x":1186,"y":409,"tool":"Pencil"},{"type":"child","parent":"lk80psca7k","x":1186,"y":409,"tool":"Pencil"}]},"lk80pscw0s":{"type":"line","id":"lk80pscw0s","color":"#3d9970","size":1,"tool":"Pencil","time":1584740854929,"_children":[{"type":"child","parent":"lk80pscw0s","x":1208,"y":422,"tool":"Pencil"},{"type":"child","parent":"lk80pscw0s","x":1208,"y":422,"tool":"Pencil"}]},"lk80psd9di":{"type":"line","id":"lk80psd9di","color":"#3d9970","size":1,"tool":"Pencil","time":1584740855409,"_children":[{"type":"child","parent":"lk80psd9di","x":1227,"y":432,"tool":"Pencil"},{"type":"child","parent":"lk80psd9di","x":1227,"y":432,"tool":"Pencil"}]},"lk80psdz8a":{"type":"line","id":"lk80psdz8a","color":"#3d9970","size":1,"tool":"Pencil","time":1584740856376,"_children":[{"type":"child","parent":"lk80psdz8a","x":1269,"y":446,"tool":"Pencil"},{"type":"child","parent":"lk80psdz8a","x":1269,"y":446,"tool":"Pencil"}]},"lk80pseaqh":{"type":"line","id":"lk80pseaqh","color":"#3d9970","size":1,"tool":"Pencil","time":1584740856768,"_children":[{"type":"child","parent":"lk80pseaqh","x":1293,"y":458,"tool":"Pencil"},{"type":"child","parent":"lk80pseaqh","x":1293,"y":458,"tool":"Pencil"}]},"lk80psep6k":{"type":"line","id":"lk80psep6k","color":"#3d9970","size":1,"tool":"Pencil","time":1584740857275,"_children":[{"type":"child","parent":"lk80psep6k","x":1308,"y":466,"tool":"Pencil"},{"type":"child","parent":"lk80psep6k","x":1308,"y":466,"tool":"Pencil"}]},"lk80psf46i":{"type":"line","id":"lk80psf46i","color":"#3d9970","size":1,"tool":"Pencil","time":1584740857819,"_children":[{"type":"child","parent":"lk80psf46i","x":1319,"y":473,"tool":"Pencil"},{"type":"child","parent":"lk80psf46i","x":1319,"y":473,"tool":"Pencil"}]},"lk80psgl8p":{"type":"line","id":"lk80psgl8p","color":"#3d9970","size":1,"tool":"Pencil","time":1584740859725,"_children":[{"type":"child","parent":"lk80psgl8p","x":1326,"y":479,"tool":"Pencil"},{"type":"child","parent":"lk80psgl8p","x":1326,"y":479,"tool":"Pencil"}]},"lk80psh9sl":{"type":"line","id":"lk80psh9sl","color":"#3d9970","size":1,"tool":"Pencil","time":1584740860608,"_children":[{"type":"child","parent":"lk80psh9sl","x":1352,"y":493,"tool":"Pencil"},{"type":"child","parent":"lk80psh9sl","x":1352,"y":493,"tool":"Pencil"}]},"lk80pshnwm":{"type":"line","id":"lk80pshnwm","color":"#3d9970","size":1,"tool":"Pencil","time":1584740861120,"_children":[{"type":"child","parent":"lk80pshnwm","x":1342,"y":485,"tool":"Pencil"},{"type":"child","parent":"lk80pshnwm","x":1342,"y":485,"tool":"Pencil"}]},"lk80pshz1j":{"type":"line","id":"lk80pshz1j","color":"#3d9970","size":1,"tool":"Pencil","time":1584740861520,"_children":[{"type":"child","parent":"lk80pshz1j","x":1337,"y":485,"tool":"Pencil"}]},"lk80psi0oj":{"type":"line","id":"lk80psi0oj","color":"#3d9970","size":1,"tool":"Pencil","time":1584740861576,"_children":[{"type":"child","parent":"lk80psi0oj","x":1337,"y":485,"tool":"Pencil"}]},"lk84k82pb6":{"type":"line","id":"lk84k82pb6","color":"#b51a00","size":10,"tool":"Pencil","time":1584973374476,"_children":[{"type":"child","parent":"lk84k82pb6","x":845,"y":456,"tool":"Pencil"}]},"lk84k8fgij":{"type":"line","id":"lk84k8fgij","color":"#ffdc00","size":10,"tool":"Pencil","time":1584973390133,"_children":[{"type":"child","parent":"lk84k8fgij","x":1537,"y":834,"tool":"Pencil"}]},"lk84k8fr6q":{"type":"line","id":"lk84k8fr6q","color":"#ffdc00","size":10,"tool":"Pencil","time":1584973390517,"_children":[{"type":"child","parent":"lk84k8fr6q","x":1516,"y":861,"tool":"Pencil"}]},"lk84k8i80y":{"type":"line","id":"lk84k8i80y","color":"#ffdc00","size":10,"tool":"Pencil","time":1584973393720,"_children":[{"type":"child","parent":"lk84k8i80y","x":1344,"y":861,"tool":"Pencil"}]},"tk84lmf75y":{"type":"new","id":"tk84lmf75y","color":"#ffdc00","size":27,"x":1406,"y":69.5,"tool":"Text","time":1584975722590},"tk84lmgvu9":{"type":"new","id":"tk84lmgvu9","color":"#ffdc00","size":27,"x":187,"y":695.5,"tool":"Text","time":1584975724764},"lk85ybp1vt":{"type":"line","id":"lk85ybp1vt","color":"#0080ff","size":4,"tool":"Pencil","time":1585057524485,"_children":[{"type":"child","parent":"lk85ybp1vt","x":311,"y":229,"tool":"Pencil"},{"type":"child","parent":"lk85ybp1vt","x":266,"y":259,"tool":"Pencil"},{"type":"child","parent":"lk85ybp1vt","x":234,"y":355,"tool":"Pencil"},{"type":"child","parent":"lk85ybp1vt","x":307,"y":422,"tool":"Pencil"},{"type":"child","parent":"lk85ybp1vt","x":412,"y":413,"tool":"Pencil"},{"type":"child","parent":"lk85ybp1vt","x":432,"y":315,"tool":"Pencil"},{"type":"child","parent":"lk85ybp1vt","x":397,"y":250,"tool":"Pencil"},{"type":"child","parent":"lk85ybp1vt","x":363,"y":204,"tool":"Pencil"},{"type":"child","parent":"lk85ybp1vt","x":328,"y":206,"tool":"Pencil"},{"type":"child","parent":"lk85ybp1vt","x":308,"y":212,"tool":"Pencil"},{"type":"child","parent":"lk85ybp1vt","x":304,"y":222,"tool":"Pencil"}]},"lk85ybrhm2":{"type":"line","id":"lk85ybrhm2","color":"#0080ff","size":4,"tool":"Pencil","time":1585057527643,"_children":[{"type":"child","parent":"lk85ybrhm2","x":634,"y":108,"tool":"Pencil"},{"type":"child","parent":"lk85ybrhm2","x":632,"y":134,"tool":"Pencil"}]},"lk85ybrsjd":{"type":"line","id":"lk85ybrsjd","color":"#0080ff","size":4,"tool":"Pencil","time":1585057528038,"_children":[{"type":"child","parent":"lk85ybrsjd","x":631,"y":242,"tool":"Pencil"},{"type":"child","parent":"lk85ybrsjd","x":634,"y":265,"tool":"Pencil"},{"type":"child","parent":"lk85ybrsjd","x":637,"y":280,"tool":"Pencil"}]},"lk85ybs434":{"type":"line","id":"lk85ybs434","color":"#0080ff","size":4,"tool":"Pencil","time":1585057528451,"_children":[{"type":"child","parent":"lk85ybs434","x":647,"y":375,"tool":"Pencil"},{"type":"child","parent":"lk85ybs434","x":647,"y":395,"tool":"Pencil"}]},"lk85ybsebd":{"type":"line","id":"lk85ybsebd","color":"#0080ff","size":4,"tool":"Pencil","time":1585057528820,"_children":[{"type":"child","parent":"lk85ybsebd","x":656,"y":505,"tool":"Pencil"},{"type":"child","parent":"lk85ybsebd","x":660,"y":529,"tool":"Pencil"}]},"lk85ybtlme":{"type":"line","id":"lk85ybtlme","color":"#0080ff","size":4,"tool":"Pencil","time":1585057530379,"_children":[{"type":"child","parent":"lk85ybtlme","x":405,"y":238,"tool":"Pencil"},{"type":"child","parent":"lk85ybtlme","x":468,"y":217,"tool":"Pencil"},{"type":"child","parent":"lk85ybtlme","x":589,"y":199,"tool":"Pencil"},{"type":"child","parent":"lk85ybtlme","x":648,"y":197,"tool":"Pencil"},{"type":"child","parent":"lk85ybtlme","x":678,"y":200,"tool":"Pencil"},{"type":"child","parent":"lk85ybtlme","x":684,"y":202,"tool":"Pencil"},{"type":"child","parent":"lk85ybtlme","x":712,"y":208,"tool":"Pencil"}]},"lk85ybucz8":{"type":"line","id":"lk85ybucz8","color":"#0080ff","size":4,"tool":"Pencil","time":1585057531365,"_children":[{"type":"child","parent":"lk85ybucz8","x":737,"y":182,"tool":"Pencil"},{"type":"child","parent":"lk85ybucz8","x":768,"y":211,"tool":"Pencil"},{"type":"child","parent":"lk85ybucz8","x":750,"y":237,"tool":"Pencil"},{"type":"child","parent":"lk85ybucz8","x":734,"y":250,"tool":"Pencil"}]},"lk85ybwi42":{"type":"line","id":"lk85ybwi42","color":"#0080ff","size":4,"tool":"Pencil","time":1585057534141,"_children":[{"type":"child","parent":"lk85ybwi42","x":837,"y":480,"tool":"Pencil"},{"type":"child","parent":"lk85ybwi42","x":822,"y":522,"tool":"Pencil"},{"type":"child","parent":"lk85ybwi42","x":1057,"y":603,"tool":"Pencil"},{"type":"child","parent":"lk85ybwi42","x":1200,"y":590,"tool":"Pencil"},{"type":"child","parent":"lk85ybwi42","x":1241,"y":534,"tool":"Pencil"},{"type":"child","parent":"lk85ybwi42","x":1175,"y":491,"tool":"Pencil"},{"type":"child","parent":"lk85ybwi42","x":1028,"y":458,"tool":"Pencil"},{"type":"child","parent":"lk85ybwi42","x":924,"y":458,"tool":"Pencil"},{"type":"child","parent":"lk85ybwi42","x":872,"y":473,"tool":"Pencil"},{"type":"child","parent":"lk85ybwi42","x":852,"y":484,"tool":"Pencil"},{"type":"child","parent":"lk85ybwi42","x":848,"y":490,"tool":"Pencil"},{"type":"child","parent":"lk85ybwi42","x":848,"y":490,"tool":"Pencil"}]},"lk85ybxm09":{"type":"line","id":"lk85ybxm09","color":"#0080ff","size":4,"tool":"Pencil","time":1585057535577,"_children":[{"type":"child","parent":"lk85ybxm09","x":1019,"y":525,"tool":"Pencil"},{"type":"child","parent":"lk85ybxm09","x":1048,"y":502,"tool":"Pencil"},{"type":"child","parent":"lk85ybxm09","x":1051,"y":529,"tool":"Pencil"},{"type":"child","parent":"lk85ybxm09","x":1050,"y":543,"tool":"Pencil"}]},"lk85ybz228":{"type":"line","id":"lk85ybz228","color":"#0080ff","size":4,"tool":"Pencil","time":1585057537450,"_children":[{"type":"child","parent":"lk85ybz228","x":313,"y":298,"tool":"Pencil"},{"type":"child","parent":"lk85ybz228","x":321,"y":286,"tool":"Pencil"},{"type":"child","parent":"lk85ybz228","x":332,"y":273,"tool":"Pencil"},{"type":"child","parent":"lk85ybz228","x":344,"y":342,"tool":"Pencil"},{"type":"child","parent":"lk85ybz228","x":344,"y":354,"tool":"Pencil"}]},"lk85yc0ffy":{"type":"line","id":"lk85yc0ffy","color":"#0080ff","size":4,"tool":"Pencil","time":1585057539228,"_children":[{"type":"child","parent":"lk85yc0ffy","x":926,"y":134,"tool":"Pencil"},{"type":"child","parent":"lk85yc0ffy","x":926,"y":210,"tool":"Pencil"},{"type":"child","parent":"lk85yc0ffy","x":927,"y":285,"tool":"Pencil"}]},"lk85yc17fp":{"type":"line","id":"lk85yc17fp","color":"#0080ff","size":4,"tool":"Pencil","time":1585057540236,"_children":[{"type":"child","parent":"lk85yc17fp","x":927,"y":134,"tool":"Pencil"},{"type":"child","parent":"lk85yc17fp","x":993,"y":134,"tool":"Pencil"},{"type":"child","parent":"lk85yc17fp","x":1044,"y":134,"tool":"Pencil"},{"type":"child","parent":"lk85yc17fp","x":1044,"y":151,"tool":"Pencil"},{"type":"child","parent":"lk85yc17fp","x":1058,"y":269,"tool":"Pencil"},{"type":"child","parent":"lk85yc17fp","x":1059,"y":298,"tool":"Pencil"},{"type":"child","parent":"lk85yc17fp","x":972,"y":295,"tool":"Pencil"},{"type":"child","parent":"lk85yc17fp","x":909,"y":294,"tool":"Pencil"},{"type":"child","parent":"lk85yc17fp","x":908,"y":294,"tool":"Pencil"}]},"lk85yc2jv1":{"type":"line","id":"lk85yc2jv1","color":"#0080ff","size":4,"tool":"Pencil","time":1585057541980,"_children":[{"type":"child","parent":"lk85yc2jv1","x":1124,"y":130,"tool":"Pencil"},{"type":"child","parent":"lk85yc2jv1","x":1124,"y":253,"tool":"Pencil"},{"type":"child","parent":"lk85yc2jv1","x":1125,"y":316,"tool":"Pencil"}]},"lk85yc31fo":{"type":"line","id":"lk85yc31fo","color":"#0080ff","size":4,"tool":"Pencil","time":1585057542612,"_children":[{"type":"child","parent":"lk85yc31fo","x":1129,"y":142,"tool":"Pencil"},{"type":"child","parent":"lk85yc31fo","x":1228,"y":138,"tool":"Pencil"},{"type":"child","parent":"lk85yc31fo","x":1231,"y":138,"tool":"Pencil"},{"type":"child","parent":"lk85yc31fo","x":1240,"y":241,"tool":"Pencil"},{"type":"child","parent":"lk85yc31fo","x":1249,"y":293,"tool":"Pencil"},{"type":"child","parent":"lk85yc31fo","x":1250,"y":297,"tool":"Pencil"},{"type":"child","parent":"lk85yc31fo","x":1232,"y":302,"tool":"Pencil"},{"type":"child","parent":"lk85yc31fo","x":1183,"y":306,"tool":"Pencil"},{"type":"child","parent":"lk85yc31fo","x":1156,"y":310,"tool":"Pencil"}]},"lk85yc476p":{"type":"line","id":"lk85yc476p","color":"#0080ff","size":4,"tool":"Pencil","time":1585057544176,"_children":[{"type":"child","parent":"lk85yc476p","x":1313,"y":153,"tool":"Pencil"},{"type":"child","parent":"lk85yc476p","x":1313,"y":226,"tool":"Pencil"},{"type":"child","parent":"lk85yc476p","x":1320,"y":246,"tool":"Pencil"}]},"lk85yc4mkc":{"type":"line","id":"lk85yc4mkc","color":"#0080ff","size":4,"tool":"Pencil","time":1585057544671,"_children":[{"type":"child","parent":"lk85yc4mkc","x":1322,"y":162,"tool":"Pencil"},{"type":"child","parent":"lk85yc4mkc","x":1432,"y":145,"tool":"Pencil"},{"type":"child","parent":"lk85yc4mkc","x":1460,"y":149,"tool":"Pencil"},{"type":"child","parent":"lk85yc4mkc","x":1460,"y":240,"tool":"Pencil"},{"type":"child","parent":"lk85yc4mkc","x":1473,"y":298,"tool":"Pencil"},{"type":"child","parent":"lk85yc4mkc","x":1472,"y":302,"tool":"Pencil"},{"type":"child","parent":"lk85yc4mkc","x":1374,"y":324,"tool":"Pencil"},{"type":"child","parent":"lk85yc4mkc","x":1352,"y":326,"tool":"Pencil"},{"type":"child","parent":"lk85yc4mkc","x":1331,"y":214,"tool":"Pencil"},{"type":"child","parent":"lk85yc4mkc","x":1327,"y":208,"tool":"Pencil"}]},"lk85yc5zeq":{"type":"line","id":"lk85yc5zeq","color":"#0080ff","size":4,"tool":"Pencil","time":1585057546427,"_children":[{"type":"child","parent":"lk85yc5zeq","x":981,"y":100,"tool":"Pencil"},{"type":"child","parent":"lk85yc5zeq","x":896,"y":150,"tool":"Pencil"},{"type":"child","parent":"lk85yc5zeq","x":852,"y":274,"tool":"Pencil"},{"type":"child","parent":"lk85yc5zeq","x":1070,"y":450,"tool":"Pencil"},{"type":"child","parent":"lk85yc5zeq","x":1411,"y":474,"tool":"Pencil"}]},"lk85yc8v8a":{"type":"line","id":"lk85yc8v8a","color":"#0080ff","size":4,"tool":"Pencil","time":1585057550164,"_children":[{"type":"child","parent":"lk85yc8v8a","x":834,"y":317,"tool":"Pencil"},{"type":"child","parent":"lk85yc8v8a","x":772,"y":352,"tool":"Pencil"},{"type":"child","parent":"lk85yc8v8a","x":740,"y":398,"tool":"Pencil"},{"type":"child","parent":"lk85yc8v8a","x":752,"y":420,"tool":"Pencil"},{"type":"child","parent":"lk85yc8v8a","x":757,"y":422,"tool":"Pencil"}]},"lk85yc9ebe":{"type":"line","id":"lk85yc9ebe","color":"#0080ff","size":4,"tool":"Pencil","time":1585057550851,"_children":[{"type":"child","parent":"lk85yc9ebe","x":768,"y":410,"tool":"Pencil"},{"type":"child","parent":"lk85yc9ebe","x":749,"y":445,"tool":"Pencil"},{"type":"child","parent":"lk85yc9ebe","x":752,"y":442,"tool":"Pencil"}]},"lk85yc9nvs":{"type":"line","id":"lk85yc9nvs","color":"#0080ff","size":4,"tool":"Pencil","time":1585057551195,"_children":[{"type":"child","parent":"lk85yc9nvs","x":765,"y":416,"tool":"Pencil"},{"type":"child","parent":"lk85yc9nvs","x":784,"y":446,"tool":"Pencil"},{"type":"child","parent":"lk85yc9nvs","x":763,"y":456,"tool":"Pencil"},{"type":"child","parent":"lk85yc9nvs","x":753,"y":460,"tool":"Pencil"}]},"lk85yca97j":{"type":"line","id":"lk85yca97j","color":"#0080ff","size":4,"tool":"Pencil","time":1585057551963,"_children":[{"type":"child","parent":"lk85yca97j","x":367,"y":594,"tool":"Pencil"},{"type":"child","parent":"lk85yca97j","x":436,"y":654,"tool":"Pencil"},{"type":"child","parent":"lk85yca97j","x":438,"y":642,"tool":"Pencil"}]},"lk85ycajod":{"type":"line","id":"lk85ycajod","color":"#0080ff","size":4,"tool":"Pencil","time":1585057552340,"_children":[{"type":"child","parent":"lk85ycajod","x":436,"y":593,"tool":"Pencil"},{"type":"child","parent":"lk85ycajod","x":411,"y":653,"tool":"Pencil"},{"type":"child","parent":"lk85ycajod","x":401,"y":677,"tool":"Pencil"}]},"lk85ycbznm":{"type":"line","id":"lk85ycbznm","color":"#0080ff","size":4,"tool":"Pencil","time":1585057554211,"_children":[{"type":"child","parent":"lk85ycbznm","x":464,"y":604,"tool":"Pencil"},{"type":"child","parent":"lk85ycbznm","x":467,"y":574,"tool":"Pencil"},{"type":"child","parent":"lk85ycbznm","x":487,"y":650,"tool":"Pencil"},{"type":"child","parent":"lk85ycbznm","x":488,"y":654,"tool":"Pencil"}]},"lk85yce8zo":{"type":"line","id":"lk85yce8zo","color":"#0080ff","size":4,"tool":"Pencil","time":1585057557139,"_children":[{"type":"child","parent":"lk85yce8zo","x":971,"y":214,"tool":"Pencil"},{"type":"child","parent":"lk85yce8zo","x":976,"y":198,"tool":"Pencil"},{"type":"child","parent":"lk85yce8zo","x":982,"y":196,"tool":"Pencil"},{"type":"child","parent":"lk85yce8zo","x":998,"y":226,"tool":"Pencil"},{"type":"child","parent":"lk85yce8zo","x":1000,"y":246,"tool":"Pencil"}]},"lk85ycf0z3":{"type":"line","id":"lk85ycf0z3","color":"#0080ff","size":4,"tool":"Pencil","time":1585057558148,"_children":[{"type":"child","parent":"lk85ycf0z3","x":1162,"y":213,"tool":"Pencil"},{"type":"child","parent":"lk85ycf0z3","x":1164,"y":210,"tool":"Pencil"},{"type":"child","parent":"lk85ycf0z3","x":1170,"y":201,"tool":"Pencil"},{"type":"child","parent":"lk85ycf0z3","x":1189,"y":226,"tool":"Pencil"},{"type":"child","parent":"lk85ycf0z3","x":1188,"y":258,"tool":"Pencil"},{"type":"child","parent":"lk85ycf0z3","x":1187,"y":266,"tool":"Pencil"}]},"lk85ycfsju":{"type":"line","id":"lk85ycfsju","color":"#0080ff","size":4,"tool":"Pencil","time":1585057559140,"_children":[{"type":"child","parent":"lk85ycfsju","x":1351,"y":220,"tool":"Pencil"},{"type":"child","parent":"lk85ycfsju","x":1369,"y":211,"tool":"Pencil"},{"type":"child","parent":"lk85ycfsju","x":1392,"y":211,"tool":"Pencil"},{"type":"child","parent":"lk85ycfsju","x":1388,"y":233,"tool":"Pencil"},{"type":"child","parent":"lk85ycfsju","x":1377,"y":260,"tool":"Pencil"},{"type":"child","parent":"lk85ycfsju","x":1384,"y":262,"tool":"Pencil"},{"type":"child","parent":"lk85ycfsju","x":1422,"y":259,"tool":"Pencil"},{"type":"child","parent":"lk85ycfsju","x":1424,"y":258,"tool":"Pencil"}]}}