{"lk5fpnj03r":{"type":"line","id":"lk5fpnj03r","color":"#ffdc00","size":50,"tool":"Pencil","time":1579117274425,"_children":[{"type":"child","parent":"lk5fpnj03r","x":727,"y":179,"tool":"Pencil"},{"type":"child","parent":"lk5fpnj03r","x":689,"y":196,"tool":"Pencil"},{"type":"child","parent":"lk5fpnj03r","x":683,"y":252,"tool":"Pencil"},{"type":"child","parent":"lk5fpnj03r","x":741,"y":286,"tool":"Pencil"},{"type":"child","parent":"lk5fpnj03r","x":810,"y":240,"tool":"Pencil"},{"type":"child","parent":"lk5fpnj03r","x":825,"y":149,"tool":"Pencil"},{"type":"child","parent":"lk5fpnj03r","x":755,"y":129,"tool":"Pencil"},{"type":"child","parent":"lk5fpnj03r","x":668,"y":197,"tool":"Pencil"},{"type":"child","parent":"lk5fpnj03r","x":660,"y":265,"tool":"Pencil"},{"type":"child","parent":"lk5fpnj03r","x":719,"y":304,"tool":"Pencil"},{"type":"child","parent":"lk5fpnj03r","x":778,"y":271,"tool":"Pencil"},{"type":"child","parent":"lk5fpnj03r","x":774,"y":188,"tool":"Pencil"},{"type":"child","parent":"lk5fpnj03r","x":725,"y":186,"tool":"Pencil"},{"type":"child","parent":"lk5fpnj03r","x":720,"y":234,"tool":"Pencil"},{"type":"child","parent":"lk5fpnj03r","x":769,"y":231,"tool":"Pencil"},{"type":"child","parent":"lk5fpnj03r","x":774,"y":176,"tool":"Pencil"},{"type":"child","parent":"lk5fpnj03r","x":719,"y":196,"tool":"Pencil"},{"type":"child","parent":"lk5fpnj03r","x":734,"y":246,"tool":"Pencil"},{"type":"child","parent":"lk5fpnj03r","x":780,"y":211,"tool":"Pencil"},{"type":"child","parent":"lk5fpnj03r","x":763,"y":190,"tool":"Pencil"},{"type":"child","parent":"lk5fpnj03r","x":764,"y":200,"tool":"Pencil"},{"type":"child","parent":"lk5fpnj03r","x":774,"y":182,"tool":"Pencil"},{"type":"child","parent":"lk5fpnj03r","x":758,"y":208,"tool":"Pencil"},{"type":"child","parent":"lk5fpnj03r","x":786,"y":191,"tool":"Pencil"},{"type":"child","parent":"lk5fpnj03r","x":782,"y":188,"tool":"Pencil"},{"type":"child","parent":"lk5fpnj03r","x":756,"y":216,"tool":"Pencil"},{"type":"child","parent":"lk5fpnj03r","x":759,"y":216,"tool":"Pencil"},{"type":"child","parent":"lk5fpnj03r","x":753,"y":222,"tool":"Pencil"},{"type":"child","parent":"lk5fpnj03r","x":783,"y":181,"tool":"Pencil"},{"type":"child","parent":"lk5fpnj03r","x":785,"y":162,"tool":"Pencil"},{"type":"child","parent":"lk5fpnj03r","x":798,"y":152,"tool":"Pencil"},{"type":"child","parent":"lk5fpnj03r","x":804,"y":151,"tool":"Pencil"},{"type":"child","parent":"lk5fpnj03r","x":793,"y":165,"tool":"Pencil"}]},"lk5fpnljzy":{"type":"line","id":"lk5fpnljzy","color":"#ffdc00","size":50,"tool":"Pencil","time":1579117277733,"_children":[{"type":"child","parent":"lk5fpnljzy","x":680,"y":462,"tool":"Pencil"},{"type":"child","parent":"lk5fpnljzy","x":668,"y":479,"tool":"Pencil"},{"type":"child","parent":"lk5fpnljzy","x":698,"y":543,"tool":"Pencil"},{"type":"child","parent":"lk5fpnljzy","x":769,"y":547,"tool":"Pencil"},{"type":"child","parent":"lk5fpnljzy","x":805,"y":485,"tool":"Pencil"},{"type":"child","parent":"lk5fpnljzy","x":758,"y":436,"tool":"Pencil"},{"type":"child","parent":"lk5fpnljzy","x":680,"y":456,"tool":"Pencil"},{"type":"child","parent":"lk5fpnljzy","x":669,"y":516,"tool":"Pencil"},{"type":"child","parent":"lk5fpnljzy","x":725,"y":570,"tool":"Pencil"},{"type":"child","parent":"lk5fpnljzy","x":770,"y":550,"tool":"Pencil"},{"type":"child","parent":"lk5fpnljzy","x":764,"y":482,"tool":"Pencil"},{"type":"child","parent":"lk5fpnljzy","x":712,"y":466,"tool":"Pencil"},{"type":"child","parent":"lk5fpnljzy","x":705,"y":515,"tool":"Pencil"},{"type":"child","parent":"lk5fpnljzy","x":750,"y":538,"tool":"Pencil"},{"type":"child","parent":"lk5fpnljzy","x":761,"y":481,"tool":"Pencil"},{"type":"child","parent":"lk5fpnljzy","x":718,"y":490,"tool":"Pencil"},{"type":"child","parent":"lk5fpnljzy","x":726,"y":532,"tool":"Pencil"},{"type":"child","parent":"lk5fpnljzy","x":745,"y":505,"tool":"Pencil"},{"type":"child","parent":"lk5fpnljzy","x":736,"y":514,"tool":"Pencil"},{"type":"child","parent":"lk5fpnljzy","x":737,"y":512,"tool":"Pencil"},{"type":"child","parent":"lk5fpnljzy","x":739,"y":505,"tool":"Pencil"}]},"lk5fpnpb8f":{"type":"line","id":"lk5fpnpb8f","color":"#ffdc00","size":50,"tool":"Pencil","time":1579117282602,"_children":[{"type":"child","parent":"lk5fpnpb8f","x":923,"y":289,"tool":"Pencil"},{"type":"child","parent":"lk5fpnpb8f","x":899,"y":303,"tool":"Pencil"},{"type":"child","parent":"lk5fpnpb8f","x":895,"y":369,"tool":"Pencil"},{"type":"child","parent":"lk5fpnpb8f","x":945,"y":397,"tool":"Pencil"},{"type":"child","parent":"lk5fpnpb8f","x":980,"y":300,"tool":"Pencil"},{"type":"child","parent":"lk5fpnpb8f","x":960,"y":229,"tool":"Pencil"},{"type":"child","parent":"lk5fpnpb8f","x":874,"y":287,"tool":"Pencil"},{"type":"child","parent":"lk5fpnpb8f","x":859,"y":373,"tool":"Pencil"},{"type":"child","parent":"lk5fpnpb8f","x":933,"y":422,"tool":"Pencil"},{"type":"child","parent":"lk5fpnpb8f","x":982,"y":354,"tool":"Pencil"},{"type":"child","parent":"lk5fpnpb8f","x":967,"y":258,"tool":"Pencil"},{"type":"child","parent":"lk5fpnpb8f","x":895,"y":281,"tool":"Pencil"},{"type":"child","parent":"lk5fpnpb8f","x":887,"y":372,"tool":"Pencil"},{"type":"child","parent":"lk5fpnpb8f","x":939,"y":373,"tool":"Pencil"},{"type":"child","parent":"lk5fpnpb8f","x":941,"y":305,"tool":"Pencil"},{"type":"child","parent":"lk5fpnpb8f","x":913,"y":343,"tool":"Pencil"},{"type":"child","parent":"lk5fpnpb8f","x":941,"y":331,"tool":"Pencil"},{"type":"child","parent":"lk5fpnpb8f","x":944,"y":312,"tool":"Pencil"},{"type":"child","parent":"lk5fpnpb8f","x":935,"y":346,"tool":"Pencil"},{"type":"child","parent":"lk5fpnpb8f","x":956,"y":294,"tool":"Pencil"},{"type":"child","parent":"lk5fpnpb8f","x":946,"y":280,"tool":"Pencil"},{"type":"child","parent":"lk5fpnpb8f","x":930,"y":316,"tool":"Pencil"},{"type":"child","parent":"lk5fpnpb8f","x":944,"y":303,"tool":"Pencil"}]},"lk5fpnr54j":{"type":"line","id":"lk5fpnr54j","color":"#ffdc00","size":50,"tool":"Pencil","time":1579117284974,"_children":[{"type":"child","parent":"lk5fpnr54j","x":508,"y":173,"tool":"Pencil"},{"type":"child","parent":"lk5fpnr54j","x":536,"y":189,"tool":"Pencil"},{"type":"child","parent":"lk5fpnr54j","x":591,"y":125,"tool":"Pencil"},{"type":"child","parent":"lk5fpnr54j","x":568,"y":72,"tool":"Pencil"},{"type":"child","parent":"lk5fpnr54j","x":480,"y":109,"tool":"Pencil"},{"type":"child","parent":"lk5fpnr54j","x":457,"y":182,"tool":"Pencil"},{"type":"child","parent":"lk5fpnr54j","x":519,"y":223,"tool":"Pencil"},{"type":"child","parent":"lk5fpnr54j","x":585,"y":174,"tool":"Pencil"},{"type":"child","parent":"lk5fpnr54j","x":574,"y":99,"tool":"Pencil"},{"type":"child","parent":"lk5fpnr54j","x":512,"y":106,"tool":"Pencil"},{"type":"child","parent":"lk5fpnr54j","x":500,"y":160,"tool":"Pencil"},{"type":"child","parent":"lk5fpnr54j","x":545,"y":168,"tool":"Pencil"},{"type":"child","parent":"lk5fpnr54j","x":549,"y":113,"tool":"Pencil"},{"type":"child","parent":"lk5fpnr54j","x":501,"y":135,"tool":"Pencil"},{"type":"child","parent":"lk5fpnr54j","x":517,"y":187,"tool":"Pencil"},{"type":"child","parent":"lk5fpnr54j","x":572,"y":154,"tool":"Pencil"},{"type":"child","parent":"lk5fpnr54j","x":553,"y":127,"tool":"Pencil"},{"type":"child","parent":"lk5fpnr54j","x":539,"y":151,"tool":"Pencil"}]},"lk5fpnvaxn":{"type":"line","id":"lk5fpnvaxn","color":"#ffdc00","size":50,"tool":"Pencil","time":1579117290487,"_children":[{"type":"child","parent":"lk5fpnvaxn","x":464,"y":605,"tool":"Pencil"},{"type":"child","parent":"lk5fpnvaxn","x":496,"y":576,"tool":"Pencil"},{"type":"child","parent":"lk5fpnvaxn","x":559,"y":562,"tool":"Pencil"},{"type":"child","parent":"lk5fpnvaxn","x":598,"y":598,"tool":"Pencil"},{"type":"child","parent":"lk5fpnvaxn","x":577,"y":647,"tool":"Pencil"},{"type":"child","parent":"lk5fpnvaxn","x":513,"y":662,"tool":"Pencil"},{"type":"child","parent":"lk5fpnvaxn","x":462,"y":644,"tool":"Pencil"},{"type":"child","parent":"lk5fpnvaxn","x":475,"y":598,"tool":"Pencil"},{"type":"child","parent":"lk5fpnvaxn","x":533,"y":586,"tool":"Pencil"},{"type":"child","parent":"lk5fpnvaxn","x":554,"y":622,"tool":"Pencil"},{"type":"child","parent":"lk5fpnvaxn","x":514,"y":650,"tool":"Pencil"},{"type":"child","parent":"lk5fpnvaxn","x":496,"y":614,"tool":"Pencil"},{"type":"child","parent":"lk5fpnvaxn","x":550,"y":592,"tool":"Pencil"},{"type":"child","parent":"lk5fpnvaxn","x":565,"y":618,"tool":"Pencil"},{"type":"child","parent":"lk5fpnvaxn","x":530,"y":629,"tool":"Pencil"},{"type":"child","parent":"lk5fpnvaxn","x":528,"y":610,"tool":"Pencil"},{"type":"child","parent":"lk5fpnvaxn","x":552,"y":611,"tool":"Pencil"},{"type":"child","parent":"lk5fpnvaxn","x":556,"y":619,"tool":"Pencil"}]},"tk5fpo2vxh":{"type":"new","id":"tk5fpo2vxh","color":"#ffdc00","size":50,"x":312,"y":435.5,"tool":"Text","time":1579117300193}}