{"ljp1nonwcn":{"type":"line","id":"ljp1nonwcn","color":"#1913B0","size":"10","tool":"Pencil","_children":[{"type":"child","parent":"ljp1nonwcn","x":489,"y":317,"tool":"Pencil"},{"type":"child","parent":"ljp1nonwcn","x":537,"y":330,"tool":"Pencil"},{"type":"child","parent":"ljp1nonwcn","x":603,"y":387,"tool":"Pencil"},{"type":"child","parent":"ljp1nonwcn","x":661,"y":560,"tool":"Pencil"},{"type":"child","parent":"ljp1nonwcn","x":786,"y":654,"tool":"Pencil"},{"type":"child","parent":"ljp1nonwcn","x":876,"y":650,"tool":"Pencil"},{"type":"child","parent":"ljp1nonwcn","x":901,"y":636,"tool":"Pencil"},{"type":"child","parent":"ljp1nonwcn","x":903,"y":634,"tool":"Pencil"}]},"sjp1nopt01":{"type":"straight","id":"sjp1nopt01","color":"#1913B0","size":"10","x":534,"y":296,"tool":"Straight line","x2":1154,"y2":291},"sjp1noqctn":{"type":"straight","id":"sjp1noqctn","color":"#1913B0","size":"10","x":1154,"y":291,"tool":"Straight line","x2":1160,"y2":541},"sjp1noqp9o":{"type":"straight","id":"sjp1noqp9o","color":"#1913B0","size":"10","x":1162,"y":543,"tool":"Straight line","x2":1416,"y2":549},"sjp1nord0z":{"type":"straight","id":"sjp1nord0z","color":"#1913B0","size":"10","x":1316,"y":334,"tool":"Straight line","x2":1029,"y2":550},"sjp1nosb7t":{"type":"straight","id":"sjp1nosb7t","color":"#1913B0","size":"10","x":924,"y":511,"tool":"Straight line","x2":713,"y2":458}}