{"tjp1l8a15e":{"type":"new","id":"tjp1l8a15e","color":"#1913b0","size":27,"x":597,"y":217.5,"tool":"Text","txt":"test text. "},"rjp1l8qebq":{"type":"rect","id":"rjp1l8qebq","color":"#1913b0","size":"10","x":582,"y":185,"x2":709,"y2":237,"tool":"Rectangle"},"ljp1l8uvjx":{"type":"line","id":"ljp1l8uvjx","color":"#1913b0","size":"10","tool":"Pencil","_children":[{"type":"child","parent":"ljp1l8uvjx","x":623,"y":329,"tool":"Pencil"},{"type":"child","parent":"ljp1l8uvjx","x":624,"y":328,"tool":"Pencil"},{"type":"child","parent":"ljp1l8uvjx","x":672,"y":332,"tool":"Pencil"},{"type":"child","parent":"ljp1l8uvjx","x":675,"y":335,"tool":"Pencil"},{"type":"child","parent":"ljp1l8uvjx","x":659,"y":347,"tool":"Pencil"},{"type":"child","parent":"ljp1l8uvjx","x":631,"y":362,"tool":"Pencil"},{"type":"child","parent":"ljp1l8uvjx","x":644,"y":371,"tool":"Pencil"},{"type":"child","parent":"ljp1l8uvjx","x":644,"y":378,"tool":"Pencil"},{"type":"child","parent":"ljp1l8uvjx","x":640,"y":396,"tool":"Pencil"},{"type":"child","parent":"ljp1l8uvjx","x":644,"y":400,"tool":"Pencil"},{"type":"child","parent":"ljp1l8uvjx","x":640,"y":411,"tool":"Pencil"},{"type":"child","parent":"ljp1l8uvjx","x":630,"y":447,"tool":"Pencil"},{"type":"child","parent":"ljp1l8uvjx","x":630,"y":459,"tool":"Pencil"},{"type":"child","parent":"ljp1l8uvjx","x":632,"y":468,"tool":"Pencil"},{"type":"child","parent":"ljp1l8uvjx","x":633,"y":479,"tool":"Pencil"},{"type":"child","parent":"ljp1l8uvjx","x":634,"y":482,"tool":"Pencil"}]},"ljp1l934ip":{"type":"line","id":"ljp1l934ip","color":"#1913b0","size":"10","tool":"Pencil","_children":[{"type":"child","parent":"ljp1l934ip","x":337,"y":234,"tool":"Pencil"},{"type":"child","parent":"ljp1l934ip","x":337,"y":234,"tool":"Pencil"}]}}