{"ljwep83udb":{"type":"line","id":"ljwep83udb","color":"#f012be","size":10,"tool":"Pencil","time":1559465051223,"_children":[{"type":"child","parent":"ljwep83udb","x":377,"y":108,"tool":"Pencil"},{"type":"child","parent":"ljwep83udb","x":563,"y":125,"tool":"Pencil"}]},"ljwep84pd10":{"type":"line","id":"ljwep84pd10","color":"#f012be","size":10,"tool":"Pencil","time":1559465052338,"_children":[{"type":"child","parent":"ljwep84pd10","x":469,"y":124,"tool":"Pencil"},{"type":"child","parent":"ljwep84pd10","x":466,"y":180,"tool":"Pencil"},{"type":"child","parent":"ljwep84pd10","x":467,"y":449,"tool":"Pencil"}]},"ljwep85t7c":{"type":"line","id":"ljwep85t7c","color":"#f012be","size":10,"tool":"Pencil","time":1559465053772,"_children":[{"type":"child","parent":"ljwep85t7c","x":624,"y":120,"tool":"Pencil"},{"type":"child","parent":"ljwep85t7c","x":624,"y":159,"tool":"Pencil"},{"type":"child","parent":"ljwep85t7c","x":639,"y":451,"tool":"Pencil"},{"type":"child","parent":"ljwep85t7c","x":639,"y":487,"tool":"Pencil"}]},"ljwep86btr":{"type":"line","id":"ljwep86btr","color":"#f012be","size":10,"tool":"Pencil","time":1559465054443,"_children":[{"type":"child","parent":"ljwep86btr","x":637,"y":338,"tool":"Pencil"},{"type":"child","parent":"ljwep86btr","x":674,"y":317,"tool":"Pencil"},{"type":"child","parent":"ljwep86btr","x":717,"y":312,"tool":"Pencil"},{"type":"child","parent":"ljwep86btr","x":739,"y":415,"tool":"Pencil"},{"type":"child","parent":"ljwep86btr","x":731,"y":446,"tool":"Pencil"}]},"ljwep87laz":{"type":"line","id":"ljwep87laz","color":"#f012be","size":10,"tool":"Pencil","time":1559465056079,"_children":[{"type":"child","parent":"ljwep87laz","x":794,"y":318,"tool":"Pencil"},{"type":"child","parent":"ljwep87laz","x":839,"y":313,"tool":"Pencil"},{"type":"child","parent":"ljwep87laz","x":848,"y":359,"tool":"Pencil"},{"type":"child","parent":"ljwep87laz","x":817,"y":435,"tool":"Pencil"},{"type":"child","parent":"ljwep87laz","x":816,"y":439,"tool":"Pencil"}]},"ljwep881sg":{"type":"line","id":"ljwep881sg","color":"#f012be","size":10,"tool":"Pencil","time":1559465056674,"_children":[{"type":"child","parent":"ljwep881sg","x":823,"y":248,"tool":"Pencil"},{"type":"child","parent":"ljwep881sg","x":823,"y":249,"tool":"Pencil"}]},"ljwep88mo2":{"type":"line","id":"ljwep88mo2","color":"#f012be","size":10,"tool":"Pencil","time":1559465057425,"_children":[{"type":"child","parent":"ljwep88mo2","x":958,"y":315,"tool":"Pencil"},{"type":"child","parent":"ljwep88mo2","x":954,"y":314,"tool":"Pencil"},{"type":"child","parent":"ljwep88mo2","x":897,"y":335,"tool":"Pencil"},{"type":"child","parent":"ljwep88mo2","x":1001,"y":405,"tool":"Pencil"},{"type":"child","parent":"ljwep88mo2","x":1005,"y":408,"tool":"Pencil"},{"type":"child","parent":"ljwep88mo2","x":946,"y":434,"tool":"Pencil"},{"type":"child","parent":"ljwep88mo2","x":931,"y":443,"tool":"Pencil"}]},"ljwep8cg0w":{"type":"line","id":"ljwep8cg0w","color":"#f012be","size":10,"tool":"Pencil","time":1559465062370,"_children":[{"type":"child","parent":"ljwep8cg0w","x":1186,"y":323,"tool":"Pencil"},{"type":"child","parent":"ljwep8cg0w","x":1280,"y":358,"tool":"Pencil"},{"type":"child","parent":"ljwep8cg0w","x":1308,"y":424,"tool":"Pencil"},{"type":"child","parent":"ljwep8cg0w","x":1296,"y":439,"tool":"Pencil"},{"type":"child","parent":"ljwep8cg0w","x":1333,"y":441,"tool":"Pencil"},{"type":"child","parent":"ljwep8cg0w","x":1370,"y":430,"tool":"Pencil"}]},"ljwep8cz1d":{"type":"line","id":"ljwep8cz1d","color":"#f012be","size":10,"tool":"Pencil","time":1559465063054,"_children":[{"type":"child","parent":"ljwep8cz1d","x":1252,"y":258,"tool":"Pencil"},{"type":"child","parent":"ljwep8cz1d","x":1265,"y":266,"tool":"Pencil"}]},"ljwep8dhlb":{"type":"line","id":"ljwep8dhlb","color":"#f012be","size":10,"tool":"Pencil","time":1559465063722,"_children":[{"type":"child","parent":"ljwep8dhlb","x":1470,"y":310,"tool":"Pencil"},{"type":"child","parent":"ljwep8dhlb","x":1419,"y":329,"tool":"Pencil"},{"type":"child","parent":"ljwep8dhlb","x":1440,"y":387,"tool":"Pencil"},{"type":"child","parent":"ljwep8dhlb","x":1475,"y":405,"tool":"Pencil"},{"type":"child","parent":"ljwep8dhlb","x":1455,"y":455,"tool":"Pencil"},{"type":"child","parent":"ljwep8dhlb","x":1420,"y":479,"tool":"Pencil"}]},"ljwep8u9ym":{"type":"line","id":"ljwep8u9ym","color":"#dbd0dd","size":10,"tool":"Pencil","time":1559465085481,"_children":[{"type":"child","parent":"ljwep8u9ym","x":961,"y":558,"tool":"Pencil"},{"type":"child","parent":"ljwep8u9ym","x":922,"y":557,"tool":"Pencil"},{"type":"child","parent":"ljwep8u9ym","x":898,"y":558,"tool":"Pencil"},{"type":"child","parent":"ljwep8u9ym","x":880,"y":560,"tool":"Pencil"},{"type":"child","parent":"ljwep8u9ym","x":879,"y":564,"tool":"Pencil"}]},"ljwep8uqtj":{"type":"line","id":"ljwep8uqtj","color":"#dbd0dd","size":10,"tool":"Pencil","time":1559465086086,"_children":[{"type":"child","parent":"ljwep8uqtj","x":897,"y":556,"tool":"Pencil"},{"type":"child","parent":"ljwep8uqtj","x":893,"y":557,"tool":"Pencil"},{"type":"child","parent":"ljwep8uqtj","x":866,"y":566,"tool":"Pencil"}]},"ljwep8v2wl":{"type":"line","id":"ljwep8v2wl","color":"#dbd0dd","size":10,"tool":"Pencil","time":1559465086521,"_children":[{"type":"child","parent":"ljwep8v2wl","x":884,"y":556,"tool":"Pencil"},{"type":"child","parent":"ljwep8v2wl","x":883,"y":571,"tool":"Pencil"},{"type":"child","parent":"ljwep8v2wl","x":884,"y":572,"tool":"Pencil"},{"type":"child","parent":"ljwep8v2wl","x":924,"y":566,"tool":"Pencil"}]},"ljwep8vflh":{"type":"line","id":"ljwep8vflh","color":"#dbd0dd","size":10,"tool":"Pencil","time":1559465086978,"_children":[{"type":"child","parent":"ljwep8vflh","x":867,"y":565,"tool":"Pencil"},{"type":"child","parent":"ljwep8vflh","x":927,"y":565,"tool":"Pencil"},{"type":"child","parent":"ljwep8vflh","x":958,"y":563,"tool":"Pencil"}]},"ljwep8vpuw":{"type":"line","id":"ljwep8vpuw","color":"#dbd0dd","size":10,"tool":"Pencil","time":1559465087347,"_children":[{"type":"child","parent":"ljwep8vpuw","x":895,"y":562,"tool":"Pencil"},{"type":"child","parent":"ljwep8vpuw","x":931,"y":568,"tool":"Pencil"}]},"ljwep8vzz5":{"type":"line","id":"ljwep8vzz5","color":"#dbd0dd","size":10,"tool":"Pencil","time":1559465087712,"_children":[{"type":"child","parent":"ljwep8vzz5","x":934,"y":569,"tool":"Pencil"},{"type":"child","parent":"ljwep8vzz5","x":956,"y":569,"tool":"Pencil"}]},"ljwep8w99l":{"type":"line","id":"ljwep8w99l","color":"#dbd0dd","size":10,"tool":"Pencil","time":1559465088047,"_children":[{"type":"child","parent":"ljwep8w99l","x":944,"y":563,"tool":"Pencil"},{"type":"child","parent":"ljwep8w99l","x":960,"y":567,"tool":"Pencil"}]},"ljwep8wghi":{"type":"line","id":"ljwep8wghi","color":"#dbd0dd","size":10,"tool":"Pencil","time":1559465088307,"_children":[{"type":"child","parent":"ljwep8wghi","x":965,"y":564,"tool":"Pencil"},{"type":"child","parent":"ljwep8wghi","x":969,"y":567,"tool":"Pencil"}]},"ljwep8wm8v":{"type":"line","id":"ljwep8wm8v","color":"#dbd0dd","size":10,"tool":"Pencil","time":1559465088514,"_children":[{"type":"child","parent":"ljwep8wm8v","x":985,"y":569,"tool":"Pencil"},{"type":"child","parent":"ljwep8wm8v","x":986,"y":577,"tool":"Pencil"}]},"ljwep8wxbs":{"type":"line","id":"ljwep8wxbs","color":"#dbd0dd","size":10,"tool":"Pencil","time":1559465088913,"_children":[{"type":"child","parent":"ljwep8wxbs","x":951,"y":559,"tool":"Pencil"},{"type":"child","parent":"ljwep8wxbs","x":998,"y":568,"tool":"Pencil"}]},"ljwep8x7li":{"type":"line","id":"ljwep8x7li","color":"#dbd0dd","size":10,"tool":"Pencil","time":1559465089282,"_children":[{"type":"child","parent":"ljwep8x7li","x":982,"y":567,"tool":"Pencil"},{"type":"child","parent":"ljwep8x7li","x":1021,"y":579,"tool":"Pencil"},{"type":"child","parent":"ljwep8x7li","x":1044,"y":584,"tool":"Pencil"}]},"ljwep8xhqq":{"type":"line","id":"ljwep8xhqq","color":"#dbd0dd","size":10,"tool":"Pencil","time":1559465089648,"_children":[{"type":"child","parent":"ljwep8xhqq","x":987,"y":572,"tool":"Pencil"},{"type":"child","parent":"ljwep8xhqq","x":1009,"y":581,"tool":"Pencil"},{"type":"child","parent":"ljwep8xhqq","x":1040,"y":588,"tool":"Pencil"}]},"ljwep8xshs":{"type":"line","id":"ljwep8xshs","color":"#dbd0dd","size":10,"tool":"Pencil","time":1559465090036,"_children":[{"type":"child","parent":"ljwep8xshs","x":986,"y":575,"tool":"Pencil"},{"type":"child","parent":"ljwep8xshs","x":1012,"y":585,"tool":"Pencil"}]},"ljwep8y0s1":{"type":"line","id":"ljwep8y0s1","color":"#dbd0dd","size":10,"tool":"Pencil","time":1559465090334,"_children":[{"type":"child","parent":"ljwep8y0s1","x":965,"y":564,"tool":"Pencil"},{"type":"child","parent":"ljwep8y0s1","x":985,"y":583,"tool":"Pencil"}]},"ljwep8ya18":{"type":"line","id":"ljwep8ya18","color":"#dbd0dd","size":10,"tool":"Pencil","time":1559465090666,"_children":[{"type":"child","parent":"ljwep8ya18","x":959,"y":571,"tool":"Pencil"},{"type":"child","parent":"ljwep8ya18","x":977,"y":589,"tool":"Pencil"}]},"ljwep8yia3":{"type":"line","id":"ljwep8yia3","color":"#dbd0dd","size":10,"tool":"Pencil","time":1559465090963,"_children":[{"type":"child","parent":"ljwep8yia3","x":922,"y":568,"tool":"Pencil"},{"type":"child","parent":"ljwep8yia3","x":935,"y":585,"tool":"Pencil"}]},"ljwep8yqea":{"type":"line","id":"ljwep8yqea","color":"#dbd0dd","size":10,"tool":"Pencil","time":1559465091256,"_children":[{"type":"child","parent":"ljwep8yqea","x":911,"y":570,"tool":"Pencil"},{"type":"child","parent":"ljwep8yqea","x":914,"y":586,"tool":"Pencil"}]},"ljwep8ywsi":{"type":"line","id":"ljwep8ywsi","color":"#dbd0dd","size":10,"tool":"Pencil","time":1559465091485,"_children":[{"type":"child","parent":"ljwep8ywsi","x":893,"y":571,"tool":"Pencil"},{"type":"child","parent":"ljwep8ywsi","x":890,"y":578,"tool":"Pencil"}]},"ljwep8z2g2":{"type":"line","id":"ljwep8z2g2","color":"#dbd0dd","size":10,"tool":"Pencil","time":1559465091689,"_children":[{"type":"child","parent":"ljwep8z2g2","x":879,"y":575,"tool":"Pencil"},{"type":"child","parent":"ljwep8z2g2","x":879,"y":575,"tool":"Pencil"}]},"ljwep8z7ma":{"type":"line","id":"ljwep8z7ma","color":"#dbd0dd","size":10,"tool":"Pencil","time":1559465091876,"_children":[{"type":"child","parent":"ljwep8z7ma","x":862,"y":574,"tool":"Pencil"},{"type":"child","parent":"ljwep8z7ma","x":860,"y":582,"tool":"Pencil"}]},"ljwep8zgwl":{"type":"line","id":"ljwep8zgwl","color":"#dbd0dd","size":10,"tool":"Pencil","time":1559465092209,"_children":[{"type":"child","parent":"ljwep8zgwl","x":913,"y":566,"tool":"Pencil"},{"type":"child","parent":"ljwep8zgwl","x":899,"y":569,"tool":"Pencil"},{"type":"child","parent":"ljwep8zgwl","x":857,"y":576,"tool":"Pencil"},{"type":"child","parent":"ljwep8zgwl","x":857,"y":576,"tool":"Pencil"}]},"ljwep8ztdl":{"type":"line","id":"ljwep8ztdl","color":"#dbd0dd","size":10,"tool":"Pencil","time":1559465092658,"_children":[{"type":"child","parent":"ljwep8ztdl","x":889,"y":574,"tool":"Pencil"},{"type":"child","parent":"ljwep8ztdl","x":858,"y":578,"tool":"Pencil"},{"type":"child","parent":"ljwep8ztdl","x":825,"y":578,"tool":"Pencil"}]},"ljwep90h3x":{"type":"line","id":"ljwep90h3x","color":"#dbd0dd","size":10,"tool":"Pencil","time":1559465093513,"_children":[{"type":"child","parent":"ljwep90h3x","x":868,"y":570,"tool":"Pencil"},{"type":"child","parent":"ljwep90h3x","x":861,"y":577,"tool":"Pencil"},{"type":"child","parent":"ljwep90h3x","x":844,"y":598,"tool":"Pencil"}]},"ljwep93xst":{"type":"line","id":"ljwep93xst","color":"#ffffff","size":10,"tool":"Pencil","time":1559465098004,"_children":[{"type":"child","parent":"ljwep93xst","x":832,"y":572,"tool":"Pencil"},{"type":"child","parent":"ljwep93xst","x":832,"y":582,"tool":"Pencil"},{"type":"child","parent":"ljwep93xst","x":831,"y":592,"tool":"Pencil"}]},"ljwep94a7s":{"type":"line","id":"ljwep94a7s","color":"#ffffff","size":10,"tool":"Pencil","time":1559465098448,"_children":[{"type":"child","parent":"ljwep94a7s","x":838,"y":572,"tool":"Pencil"},{"type":"child","parent":"ljwep94a7s","x":839,"y":583,"tool":"Pencil"},{"type":"child","parent":"ljwep94a7s","x":833,"y":588,"tool":"Pencil"}]},"ljwep94kcs":{"type":"line","id":"ljwep94kcs","color":"#ffffff","size":10,"tool":"Pencil","time":1559465098814,"_children":[{"type":"child","parent":"ljwep94kcs","x":845,"y":570,"tool":"Pencil"},{"type":"child","parent":"ljwep94kcs","x":845,"y":575,"tool":"Pencil"},{"type":"child","parent":"ljwep94kcs","x":839,"y":585,"tool":"Pencil"}]},"ljwep94wh4":{"type":"line","id":"ljwep94wh4","color":"#ffffff","size":10,"tool":"Pencil","time":1559465099251,"_children":[{"type":"child","parent":"ljwep94wh4","x":849,"y":570,"tool":"Pencil"},{"type":"child","parent":"ljwep94wh4","x":827,"y":577,"tool":"Pencil"},{"type":"child","parent":"ljwep94wh4","x":806,"y":578,"tool":"Pencil"}]},"ljwep9561m":{"type":"line","id":"ljwep9561m","color":"#ffffff","size":10,"tool":"Pencil","time":1559465099595,"_children":[{"type":"child","parent":"ljwep9561m","x":823,"y":564,"tool":"Pencil"},{"type":"child","parent":"ljwep9561m","x":820,"y":588,"tool":"Pencil"}]},"ljwep95cyz":{"type":"line","id":"ljwep95cyz","color":"#ffffff","size":10,"tool":"Pencil","time":1559465099847,"_children":[{"type":"child","parent":"ljwep95cyz","x":824,"y":568,"tool":"Pencil"},{"type":"child","parent":"ljwep95cyz","x":814,"y":592,"tool":"Pencil"}]},"ljwep95ihb":{"type":"line","id":"ljwep95ihb","color":"#ffffff","size":10,"tool":"Pencil","time":1559465100043,"_children":[{"type":"child","parent":"ljwep95ihb","x":819,"y":574,"tool":"Pencil"},{"type":"child","parent":"ljwep95ihb","x":807,"y":590,"tool":"Pencil"}]},"ljwep969re":{"type":"line","id":"ljwep969re","color":"#ffffff","size":10,"tool":"Pencil","time":1559465101024,"_children":[{"type":"child","parent":"ljwep969re","x":1025,"y":559,"tool":"Pencil"},{"type":"child","parent":"ljwep969re","x":1041,"y":592,"tool":"Pencil"},{"type":"child","parent":"ljwep969re","x":1054,"y":608,"tool":"Pencil"}]},"ljwep96jbj":{"type":"line","id":"ljwep96jbj","color":"#ffffff","size":10,"tool":"Pencil","time":1559465101369,"_children":[{"type":"child","parent":"ljwep96jbj","x":1005,"y":562,"tool":"Pencil"},{"type":"child","parent":"ljwep96jbj","x":1054,"y":590,"tool":"Pencil"}]},"ljwep96tq8":{"type":"line","id":"ljwep96tq8","color":"#ffffff","size":10,"tool":"Pencil","time":1559465101743,"_children":[{"type":"child","parent":"ljwep96tq8","x":1023,"y":556,"tool":"Pencil"},{"type":"child","parent":"ljwep96tq8","x":1043,"y":605,"tool":"Pencil"}]},"ljwep973ld":{"type":"line","id":"ljwep973ld","color":"#ffffff","size":10,"tool":"Pencil","time":1559465102100,"_children":[{"type":"child","parent":"ljwep973ld","x":1021,"y":570,"tool":"Pencil"},{"type":"child","parent":"ljwep973ld","x":1041,"y":612,"tool":"Pencil"}]},"ljwep97j6n":{"type":"line","id":"ljwep97j6n","color":"#ffffff","size":10,"tool":"Pencil","time":1559465102660,"_children":[{"type":"child","parent":"ljwep97j6n","x":1023,"y":558,"tool":"Pencil"},{"type":"child","parent":"ljwep97j6n","x":1063,"y":594,"tool":"Pencil"}]},"ljwep9j53a":{"type":"line","id":"ljwep9j53a","color":"#e2ca1d","size":10,"tool":"Pencil","time":1559465117704,"_children":[{"type":"child","parent":"ljwep9j53a","x":884,"y":593,"tool":"Pencil"},{"type":"child","parent":"ljwep9j53a","x":878,"y":596,"tool":"Pencil"},{"type":"child","parent":"ljwep9j53a","x":833,"y":623,"tool":"Pencil"}]},"ljwep9jfsf":{"type":"line","id":"ljwep9jfsf","color":"#e2ca1d","size":10,"tool":"Pencil","time":1559465118090,"_children":[{"type":"child","parent":"ljwep9jfsf","x":873,"y":579,"tool":"Pencil"},{"type":"child","parent":"ljwep9jfsf","x":871,"y":589,"tool":"Pencil"},{"type":"child","parent":"ljwep9jfsf","x":854,"y":619,"tool":"Pencil"}]},"ljwep9jplu":{"type":"line","id":"ljwep9jplu","color":"#e2ca1d","size":10,"tool":"Pencil","time":1559465118443,"_children":[{"type":"child","parent":"ljwep9jplu","x":875,"y":579,"tool":"Pencil"},{"type":"child","parent":"ljwep9jplu","x":855,"y":598,"tool":"Pencil"},{"type":"child","parent":"ljwep9jplu","x":845,"y":619,"tool":"Pencil"}]},"ljwep9k038":{"type":"line","id":"ljwep9k038","color":"#e2ca1d","size":10,"tool":"Pencil","time":1559465118821,"_children":[{"type":"child","parent":"ljwep9k038","x":846,"y":587,"tool":"Pencil"},{"type":"child","parent":"ljwep9k038","x":843,"y":606,"tool":"Pencil"},{"type":"child","parent":"ljwep9k038","x":840,"y":634,"tool":"Pencil"}]},"ljwep9k9ra":{"type":"line","id":"ljwep9k9ra","color":"#e2ca1d","size":10,"tool":"Pencil","time":1559465119169,"_children":[{"type":"child","parent":"ljwep9k9ra","x":852,"y":598,"tool":"Pencil"},{"type":"child","parent":"ljwep9k9ra","x":841,"y":630,"tool":"Pencil"},{"type":"child","parent":"ljwep9k9ra","x":830,"y":654,"tool":"Pencil"}]},"ljwep9kjuk":{"type":"line","id":"ljwep9kjuk","color":"#e2ca1d","size":10,"tool":"Pencil","time":1559465119532,"_children":[{"type":"child","parent":"ljwep9kjuk","x":857,"y":607,"tool":"Pencil"},{"type":"child","parent":"ljwep9kjuk","x":840,"y":635,"tool":"Pencil"}]},"ljwep9ksuh":{"type":"line","id":"ljwep9ksuh","color":"#e2ca1d","size":10,"tool":"Pencil","time":1559465119856,"_children":[{"type":"child","parent":"ljwep9ksuh","x":840,"y":608,"tool":"Pencil"},{"type":"child","parent":"ljwep9ksuh","x":833,"y":630,"tool":"Pencil"},{"type":"child","parent":"ljwep9ksuh","x":833,"y":650,"tool":"Pencil"}]},"ljwep9l3ww":{"type":"line","id":"ljwep9l3ww","color":"#e2ca1d","size":10,"tool":"Pencil","time":1559465120255,"_children":[{"type":"child","parent":"ljwep9l3ww","x":842,"y":609,"tool":"Pencil"},{"type":"child","parent":"ljwep9l3ww","x":827,"y":646,"tool":"Pencil"}]},"ljwep9lf3w":{"type":"line","id":"ljwep9lf3w","color":"#e2ca1d","size":10,"tool":"Pencil","time":1559465120657,"_children":[{"type":"child","parent":"ljwep9lf3w","x":871,"y":614,"tool":"Pencil"},{"type":"child","parent":"ljwep9lf3w","x":860,"y":643,"tool":"Pencil"}]},"ljwep9lp9m":{"type":"line","id":"ljwep9lp9m","color":"#e2ca1d","size":10,"tool":"Pencil","time":1559465121024,"_children":[{"type":"child","parent":"ljwep9lp9m","x":895,"y":604,"tool":"Pencil"},{"type":"child","parent":"ljwep9lp9m","x":876,"y":628,"tool":"Pencil"}]},"ljwep9lxd9":{"type":"line","id":"ljwep9lxd9","color":"#e2ca1d","size":10,"tool":"Pencil","time":1559465121314,"_children":[{"type":"child","parent":"ljwep9lxd9","x":900,"y":590,"tool":"Pencil"},{"type":"child","parent":"ljwep9lxd9","x":891,"y":617,"tool":"Pencil"}]},"ljwep9m45q":{"type":"line","id":"ljwep9m45q","color":"#e2ca1d","size":10,"tool":"Pencil","time":1559465121559,"_children":[{"type":"child","parent":"ljwep9m45q","x":927,"y":604,"tool":"Pencil"},{"type":"child","parent":"ljwep9m45q","x":928,"y":627,"tool":"Pencil"}]},"ljwep9mart":{"type":"line","id":"ljwep9mart","color":"#e2ca1d","size":10,"tool":"Pencil","time":1559465121796,"_children":[{"type":"child","parent":"ljwep9mart","x":948,"y":610,"tool":"Pencil"},{"type":"child","parent":"ljwep9mart","x":951,"y":632,"tool":"Pencil"}]},"ljwep9mh7m":{"type":"line","id":"ljwep9mh7m","color":"#e2ca1d","size":10,"tool":"Pencil","time":1559465122030,"_children":[{"type":"child","parent":"ljwep9mh7m","x":967,"y":614,"tool":"Pencil"},{"type":"child","parent":"ljwep9mh7m","x":969,"y":618,"tool":"Pencil"}]},"ljwep9n8yb":{"type":"line","id":"ljwep9n8yb","color":"#e2ca1d","size":10,"tool":"Pencil","time":1559465123028,"_children":[{"type":"child","parent":"ljwep9n8yb","x":1015,"y":605,"tool":"Pencil"},{"type":"child","parent":"ljwep9n8yb","x":1024,"y":614,"tool":"Pencil"},{"type":"child","parent":"ljwep9n8yb","x":1027,"y":615,"tool":"Pencil"}]},"ljwep9nsqx":{"type":"line","id":"ljwep9nsqx","color":"#e2ca1d","size":10,"tool":"Pencil","time":1559465123740,"_children":[{"type":"child","parent":"ljwep9nsqx","x":1020,"y":605,"tool":"Pencil"},{"type":"child","parent":"ljwep9nsqx","x":1021,"y":605,"tool":"Pencil"}]},"ljwep9u9d4":{"type":"line","id":"ljwep9u9d4","color":"#e2ca1d","size":10,"tool":"Pencil","time":1559465132124,"_children":[{"type":"child","parent":"ljwep9u9d4","x":949,"y":577,"tool":"Pencil"},{"type":"child","parent":"ljwep9u9d4","x":951,"y":605,"tool":"Pencil"},{"type":"child","parent":"ljwep9u9d4","x":951,"y":624,"tool":"Pencil"}]},"ljwep9uk8h":{"type":"line","id":"ljwep9uk8h","color":"#e2ca1d","size":10,"tool":"Pencil","time":1559465132508,"_children":[{"type":"child","parent":"ljwep9uk8h","x":952,"y":575,"tool":"Pencil"},{"type":"child","parent":"ljwep9uk8h","x":928,"y":607,"tool":"Pencil"},{"type":"child","parent":"ljwep9uk8h","x":919,"y":626,"tool":"Pencil"}]},"ljwep9uu39":{"type":"line","id":"ljwep9uu39","color":"#e2ca1d","size":10,"tool":"Pencil","time":1559465132862,"_children":[{"type":"child","parent":"ljwep9uu39","x":929,"y":588,"tool":"Pencil"},{"type":"child","parent":"ljwep9uu39","x":911,"y":619,"tool":"Pencil"}]},"ljwep9v5wo":{"type":"line","id":"ljwep9v5wo","color":"#e2ca1d","size":10,"tool":"Pencil","time":1559465133287,"_children":[{"type":"child","parent":"ljwep9v5wo","x":877,"y":588,"tool":"Pencil"},{"type":"child","parent":"ljwep9v5wo","x":906,"y":602,"tool":"Pencil"},{"type":"child","parent":"ljwep9v5wo","x":940,"y":604,"tool":"Pencil"}]},"ljwep9vgxz":{"type":"line","id":"ljwep9vgxz","color":"#e2ca1d","size":10,"tool":"Pencil","time":1559465133687,"_children":[{"type":"child","parent":"ljwep9vgxz","x":896,"y":582,"tool":"Pencil"},{"type":"child","parent":"ljwep9vgxz","x":926,"y":582,"tool":"Pencil"},{"type":"child","parent":"ljwep9vgxz","x":950,"y":579,"tool":"Pencil"}]},"ljwep9vr7g":{"type":"line","id":"ljwep9vr7g","color":"#e2ca1d","size":10,"tool":"Pencil","time":1559465134054,"_children":[{"type":"child","parent":"ljwep9vr7g","x":895,"y":591,"tool":"Pencil"},{"type":"child","parent":"ljwep9vr7g","x":915,"y":598,"tool":"Pencil"},{"type":"child","parent":"ljwep9vr7g","x":946,"y":603,"tool":"Pencil"}]},"ljwep9w11o":{"type":"line","id":"ljwep9w11o","color":"#e2ca1d","size":10,"tool":"Pencil","time":1559465134408,"_children":[{"type":"child","parent":"ljwep9w11o","x":874,"y":592,"tool":"Pencil"},{"type":"child","parent":"ljwep9w11o","x":911,"y":603,"tool":"Pencil"}]},"ljwep9w9ru":{"type":"line","id":"ljwep9w9ru","color":"#e2ca1d","size":10,"tool":"Pencil","time":1559465134721,"_children":[{"type":"child","parent":"ljwep9w9ru","x":881,"y":616,"tool":"Pencil"},{"type":"child","parent":"ljwep9w9ru","x":892,"y":617,"tool":"Pencil"}]},"ljwep9wm4m":{"type":"line","id":"ljwep9wm4m","color":"#e2ca1d","size":10,"tool":"Pencil","time":1559465135166,"_children":[{"type":"child","parent":"ljwep9wm4m","x":857,"y":629,"tool":"Pencil"},{"type":"child","parent":"ljwep9wm4m","x":889,"y":621,"tool":"Pencil"}]},"ljwep9wxik":{"type":"line","id":"ljwep9wxik","color":"#e2ca1d","size":10,"tool":"Pencil","time":1559465135575,"_children":[{"type":"child","parent":"ljwep9wxik","x":851,"y":611,"tool":"Pencil"},{"type":"child","parent":"ljwep9wxik","x":905,"y":602,"tool":"Pencil"},{"type":"child","parent":"ljwep9wxik","x":961,"y":598,"tool":"Pencil"}]},"ljwep9xa6k":{"type":"line","id":"ljwep9xa6k","color":"#e2ca1d","size":10,"tool":"Pencil","time":1559465136303,"_children":[{"type":"child","parent":"ljwep9xa6k","x":864,"y":619,"tool":"Pencil"},{"type":"child","parent":"ljwep9xa6k","x":885,"y":616,"tool":"Pencil"}]},"ljwep9yh7x":{"type":"line","id":"ljwep9yh7x","color":"#e2ca1d","size":10,"tool":"Pencil","time":1559465137581,"_children":[{"type":"child","parent":"ljwep9yh7x","x":840,"y":671,"tool":"Pencil"},{"type":"child","parent":"ljwep9yh7x","x":847,"y":685,"tool":"Pencil"},{"type":"child","parent":"ljwep9yh7x","x":842,"y":715,"tool":"Pencil"}]},"ljwep9ysm8":{"type":"line","id":"ljwep9ysm8","color":"#e2ca1d","size":10,"tool":"Pencil","time":1559465137992,"_children":[{"type":"child","parent":"ljwep9ysm8","x":840,"y":671,"tool":"Pencil"},{"type":"child","parent":"ljwep9ysm8","x":835,"y":699,"tool":"Pencil"}]},"ljwep9z2go":{"type":"line","id":"ljwep9z2go","color":"#e2ca1d","size":10,"tool":"Pencil","time":1559465138349,"_children":[{"type":"child","parent":"ljwep9z2go","x":818,"y":668,"tool":"Pencil"},{"type":"child","parent":"ljwep9z2go","x":821,"y":699,"tool":"Pencil"},{"type":"child","parent":"ljwep9z2go","x":852,"y":717,"tool":"Pencil"}]},"ljwep9zdok":{"type":"line","id":"ljwep9zdok","color":"#e2ca1d","size":10,"tool":"Pencil","time":1559465138750,"_children":[{"type":"child","parent":"ljwep9zdok","x":847,"y":678,"tool":"Pencil"},{"type":"child","parent":"ljwep9zdok","x":842,"y":705,"tool":"Pencil"},{"type":"child","parent":"ljwep9zdok","x":857,"y":744,"tool":"Pencil"}]},"ljwep9znz3":{"type":"line","id":"ljwep9znz3","color":"#e2ca1d","size":10,"tool":"Pencil","time":1559465139121,"_children":[{"type":"child","parent":"ljwep9znz3","x":823,"y":698,"tool":"Pencil"},{"type":"child","parent":"ljwep9znz3","x":818,"y":736,"tool":"Pencil"}]},"ljwep9zylv":{"type":"line","id":"ljwep9zylv","color":"#e2ca1d","size":10,"tool":"Pencil","time":1559465139503,"_children":[{"type":"child","parent":"ljwep9zylv","x":843,"y":700,"tool":"Pencil"},{"type":"child","parent":"ljwep9zylv","x":837,"y":730,"tool":"Pencil"},{"type":"child","parent":"ljwep9zylv","x":839,"y":744,"tool":"Pencil"}]},"ljwepa07fg":{"type":"line","id":"ljwepa07fg","color":"#e2ca1d","size":10,"tool":"Pencil","time":1559465139821,"_children":[{"type":"child","parent":"ljwepa07fg","x":822,"y":706,"tool":"Pencil"},{"type":"child","parent":"ljwepa07fg","x":827,"y":743,"tool":"Pencil"},{"type":"child","parent":"ljwepa07fg","x":841,"y":751,"tool":"Pencil"}]},"ljwepa0grb":{"type":"line","id":"ljwepa0grb","color":"#e2ca1d","size":10,"tool":"Pencil","time":1559465140157,"_children":[{"type":"child","parent":"ljwepa0grb","x":826,"y":723,"tool":"Pencil"},{"type":"child","parent":"ljwepa0grb","x":844,"y":764,"tool":"Pencil"}]},"ljwepa0q02":{"type":"line","id":"ljwepa0q02","color":"#e2ca1d","size":10,"tool":"Pencil","time":1559465140490,"_children":[{"type":"child","parent":"ljwepa0q02","x":855,"y":742,"tool":"Pencil"},{"type":"child","parent":"ljwepa0q02","x":869,"y":768,"tool":"Pencil"}]},"ljwepa11kd":{"type":"line","id":"ljwepa11kd","color":"#e2ca1d","size":10,"tool":"Pencil","time":1559465140910,"_children":[{"type":"child","parent":"ljwepa11kd","x":868,"y":715,"tool":"Pencil"},{"type":"child","parent":"ljwepa11kd","x":869,"y":745,"tool":"Pencil"}]},"ljwepa1b6g":{"type":"line","id":"ljwepa1b6g","color":"#e2ca1d","size":10,"tool":"Pencil","time":1559465141252,"_children":[{"type":"child","parent":"ljwepa1b6g","x":849,"y":698,"tool":"Pencil"},{"type":"child","parent":"ljwepa1b6g","x":852,"y":725,"tool":"Pencil"},{"type":"child","parent":"ljwepa1b6g","x":851,"y":753,"tool":"Pencil"}]},"ljwepa1la6":{"type":"line","id":"ljwepa1la6","color":"#e2ca1d","size":10,"tool":"Pencil","time":1559465141616,"_children":[{"type":"child","parent":"ljwepa1la6","x":855,"y":683,"tool":"Pencil"},{"type":"child","parent":"ljwepa1la6","x":850,"y":714,"tool":"Pencil"}]},"ljwepa1wbn":{"type":"line","id":"ljwepa1wbn","color":"#e2ca1d","size":10,"tool":"Pencil","time":1559465142013,"_children":[{"type":"child","parent":"ljwepa1wbn","x":862,"y":679,"tool":"Pencil"},{"type":"child","parent":"ljwepa1wbn","x":864,"y":675,"tool":"Pencil"}]},"ljwepa32o3":{"type":"line","id":"ljwepa32o3","color":"#e2ca1d","size":10,"tool":"Pencil","time":1559465143539,"_children":[{"type":"child","parent":"ljwepa32o3","x":1023,"y":619,"tool":"Pencil"},{"type":"child","parent":"ljwepa32o3","x":1045,"y":630,"tool":"Pencil"}]},"ljwepa3bk2":{"type":"line","id":"ljwepa3bk2","color":"#e2ca1d","size":10,"tool":"Pencil","time":1559465143858,"_children":[{"type":"child","parent":"ljwepa3bk2","x":1017,"y":607,"tool":"Pencil"},{"type":"child","parent":"ljwepa3bk2","x":1037,"y":640,"tool":"Pencil"},{"type":"child","parent":"ljwepa3bk2","x":1049,"y":650,"tool":"Pencil"}]},"ljwepa3kak":{"type":"line","id":"ljwepa3kak","color":"#e2ca1d","size":10,"tool":"Pencil","time":1559465144173,"_children":[{"type":"child","parent":"ljwepa3kak","x":1038,"y":618,"tool":"Pencil"},{"type":"child","parent":"ljwepa3kak","x":1043,"y":635,"tool":"Pencil"}]},"ljwepa3rea":{"type":"line","id":"ljwepa3rea","color":"#e2ca1d","size":10,"tool":"Pencil","time":1559465144428,"_children":[{"type":"child","parent":"ljwepa3rea","x":1044,"y":610,"tool":"Pencil"},{"type":"child","parent":"ljwepa3rea","x":1049,"y":646,"tool":"Pencil"}]},"ljwepa4d92":{"type":"line","id":"ljwepa4d92","color":"#e2ca1d","size":10,"tool":"Pencil","time":1559465145215,"_children":[{"type":"child","parent":"ljwepa4d92","x":1001,"y":742,"tool":"Pencil"},{"type":"child","parent":"ljwepa4d92","x":1001,"y":742,"tool":"Pencil"}]},"ljwepa4jli":{"type":"line","id":"ljwepa4jli","color":"#e2ca1d","size":10,"tool":"Pencil","time":1559465145444,"_children":[{"type":"child","parent":"ljwepa4jli","x":1000,"y":716,"tool":"Pencil"},{"type":"child","parent":"ljwepa4jli","x":1001,"y":716,"tool":"Pencil"}]},"ljwepa4p0i":{"type":"line","id":"ljwepa4p0i","color":"#e2ca1d","size":10,"tool":"Pencil","time":1559465145638,"_children":[{"type":"child","parent":"ljwepa4p0i","x":1019,"y":714,"tool":"Pencil"},{"type":"child","parent":"ljwepa4p0i","x":1029,"y":738,"tool":"Pencil"}]},"ljwepa4uhn":{"type":"line","id":"ljwepa4uhn","color":"#e2ca1d","size":10,"tool":"Pencil","time":1559465145835,"_children":[{"type":"child","parent":"ljwepa4uhn","x":961,"y":725,"tool":"Pencil"},{"type":"child","parent":"ljwepa4uhn","x":962,"y":725,"tool":"Pencil"}]},"ljwepa4za1":{"type":"line","id":"ljwepa4za1","color":"#e2ca1d","size":10,"tool":"Pencil","time":1559465146007,"_children":[{"type":"child","parent":"ljwepa4za1","x":1011,"y":721,"tool":"Pencil"},{"type":"child","parent":"ljwepa4za1","x":1023,"y":736,"tool":"Pencil"}]},"ljwepa546o":{"type":"line","id":"ljwepa546o","color":"#e2ca1d","size":10,"tool":"Pencil","time":1559465146184,"_children":[{"type":"child","parent":"ljwepa546o","x":1021,"y":742,"tool":"Pencil"},{"type":"child","parent":"ljwepa546o","x":1006,"y":744,"tool":"Pencil"}]},"ljwepa58iq":{"type":"line","id":"ljwepa58iq","color":"#e2ca1d","size":10,"tool":"Pencil","time":1559465146340,"_children":[{"type":"child","parent":"ljwepa58iq","x":993,"y":730,"tool":"Pencil"},{"type":"child","parent":"ljwepa58iq","x":994,"y":738,"tool":"Pencil"}]},"ljwepa5dqp":{"type":"line","id":"ljwepa5dqp","color":"#e2ca1d","size":10,"tool":"Pencil","time":1559465146530,"_children":[{"type":"child","parent":"ljwepa5dqp","x":1017,"y":740,"tool":"Pencil"}]},"ljwepa5hrs":{"type":"line","id":"ljwepa5hrs","color":"#e2ca1d","size":10,"tool":"Pencil","time":1559465146673,"_children":[{"type":"child","parent":"ljwepa5hrs","x":996,"y":720,"tool":"Pencil"},{"type":"child","parent":"ljwepa5hrs","x":989,"y":729,"tool":"Pencil"}]},"ljwepa5ms1":{"type":"line","id":"ljwepa5ms1","color":"#e2ca1d","size":10,"tool":"Pencil","time":1559465146854,"_children":[{"type":"child","parent":"ljwepa5ms1","x":992,"y":733,"tool":"Pencil"}]},"ljwepa5r0c":{"type":"line","id":"ljwepa5r0c","color":"#e2ca1d","size":10,"tool":"Pencil","time":1559465147006,"_children":[{"type":"child","parent":"ljwepa5r0c","x":1015,"y":733,"tool":"Pencil"},{"type":"child","parent":"ljwepa5r0c","x":1016,"y":733,"tool":"Pencil"}]},"ljwepa5vle":{"type":"line","id":"ljwepa5vle","color":"#e2ca1d","size":10,"tool":"Pencil","time":1559465147171,"_children":[{"type":"child","parent":"ljwepa5vle","x":1008,"y":736,"tool":"Pencil"},{"type":"child","parent":"ljwepa5vle","x":1008,"y":736,"tool":"Pencil"}]},"ljwepa5zlz":{"type":"line","id":"ljwepa5zlz","color":"#e2ca1d","size":10,"tool":"Pencil","time":1559465147314,"_children":[{"type":"child","parent":"ljwepa5zlz","x":1011,"y":730,"tool":"Pencil"}]},"ljwepa69v3":{"type":"line","id":"ljwepa69v3","color":"#e2ca1d","size":10,"tool":"Pencil","time":1559465147685,"_children":[{"type":"child","parent":"ljwepa69v3","x":971,"y":649,"tool":"Pencil"},{"type":"child","parent":"ljwepa69v3","x":969,"y":649,"tool":"Pencil"}]},"ljwepa6fnf":{"type":"line","id":"ljwepa6fnf","color":"#e2ca1d","size":10,"tool":"Pencil","time":1559465147893,"_children":[{"type":"child","parent":"ljwepa6fnf","x":948,"y":635,"tool":"Pencil"},{"type":"child","parent":"ljwepa6fnf","x":963,"y":640,"tool":"Pencil"}]},"ljwepa6kv6":{"type":"line","id":"ljwepa6kv6","color":"#e2ca1d","size":10,"tool":"Pencil","time":1559465148081,"_children":[{"type":"child","parent":"ljwepa6kv6","x":958,"y":650,"tool":"Pencil"}]},"ljwepa6ooz":{"type":"line","id":"ljwepa6ooz","color":"#e2ca1d","size":10,"tool":"Pencil","time":1559465148219,"_children":[{"type":"child","parent":"ljwepa6ooz","x":925,"y":635,"tool":"Pencil"},{"type":"child","parent":"ljwepa6ooz","x":925,"y":635,"tool":"Pencil"}]},"ljwepa6t61":{"type":"line","id":"ljwepa6t61","color":"#e2ca1d","size":10,"tool":"Pencil","time":1559465148380,"_children":[{"type":"child","parent":"ljwepa6t61","x":943,"y":636,"tool":"Pencil"}]},"ljwepa6ytb":{"type":"line","id":"ljwepa6ytb","color":"#e2ca1d","size":10,"tool":"Pencil","time":1559465148583,"_children":[{"type":"child","parent":"ljwepa6ytb","x":971,"y":642,"tool":"Pencil"},{"type":"child","parent":"ljwepa6ytb","x":971,"y":642,"tool":"Pencil"}]},"ljwepa73ld":{"type":"line","id":"ljwepa73ld","color":"#e2ca1d","size":10,"tool":"Pencil","time":1559465148756,"_children":[{"type":"child","parent":"ljwepa73ld","x":927,"y":649,"tool":"Pencil"},{"type":"child","parent":"ljwepa73ld","x":927,"y":649,"tool":"Pencil"}]},"ljwepa78bh":{"type":"line","id":"ljwepa78bh","color":"#e2ca1d","size":10,"tool":"Pencil","time":1559465148926,"_children":[{"type":"child","parent":"ljwepa78bh","x":936,"y":634,"tool":"Pencil"},{"type":"child","parent":"ljwepa78bh","x":936,"y":634,"tool":"Pencil"}]},"ljwepa7cqf":{"type":"line","id":"ljwepa7cqf","color":"#e2ca1d","size":10,"tool":"Pencil","time":1559465149083,"_children":[{"type":"child","parent":"ljwepa7cqf","x":963,"y":642,"tool":"Pencil"},{"type":"child","parent":"ljwepa7cqf","x":964,"y":662,"tool":"Pencil"}]},"ljwepa7hgt":{"type":"line","id":"ljwepa7hgt","color":"#e2ca1d","size":10,"tool":"Pencil","time":1559465149254,"_children":[{"type":"child","parent":"ljwepa7hgt","x":940,"y":651,"tool":"Pencil"},{"type":"child","parent":"ljwepa7hgt","x":940,"y":651,"tool":"Pencil"}]},"ljwepa7mb9":{"type":"line","id":"ljwepa7mb9","color":"#e2ca1d","size":10,"tool":"Pencil","time":1559465149429},"ljwepa87dr":{"type":"line","id":"ljwepa87dr","color":"#e2ca1d","size":10,"tool":"Pencil","time":1559465150188,"_children":[{"type":"child","parent":"ljwepa87dr","x":988,"y":723,"tool":"Pencil"}]},"ljwepa8fym":{"type":"line","id":"ljwepa8fym","color":"#e2ca1d","size":10,"tool":"Pencil","time":1559465150496,"_children":[{"type":"child","parent":"ljwepa8fym","x":966,"y":707,"tool":"Pencil"}]},"ljwepa8qve":{"type":"line","id":"ljwepa8qve","color":"#e2ca1d","size":10,"tool":"Pencil","time":1559465150890,"_children":[{"type":"child","parent":"ljwepa8qve","x":956,"y":707,"tool":"Pencil"},{"type":"child","parent":"ljwepa8qve","x":963,"y":719,"tool":"Pencil"}]},"ljwepa8w61":{"type":"line","id":"ljwepa8w61","color":"#e2ca1d","size":10,"tool":"Pencil","time":1559465151081,"_children":[{"type":"child","parent":"ljwepa8w61","x":980,"y":728,"tool":"Pencil"},{"type":"child","parent":"ljwepa8w61","x":980,"y":728,"tool":"Pencil"}]},"ljwepa9iji":{"type":"line","id":"ljwepa9iji","color":"#e2ca1d","size":10,"tool":"Pencil","time":1559465151886,"_children":[{"type":"child","parent":"ljwepa9iji","x":880,"y":649,"tool":"Pencil"},{"type":"child","parent":"ljwepa9iji","x":881,"y":649,"tool":"Pencil"}]},"ljwepa9okg":{"type":"line","id":"ljwepa9okg","color":"#e2ca1d","size":10,"tool":"Pencil","time":1559465152103,"_children":[{"type":"child","parent":"ljwepa9okg","x":904,"y":635,"tool":"Pencil"},{"type":"child","parent":"ljwepa9okg","x":904,"y":635,"tool":"Pencil"}]},"ljwepa9u1r":{"type":"line","id":"ljwepa9u1r","color":"#e2ca1d","size":10,"tool":"Pencil","time":1559465152299,"_children":[{"type":"child","parent":"ljwepa9u1r","x":918,"y":633,"tool":"Pencil"}]},"ljwepa9zjz":{"type":"line","id":"ljwepa9zjz","color":"#e2ca1d","size":10,"tool":"Pencil","time":1559465152497,"_children":[{"type":"child","parent":"ljwepa9zjz","x":899,"y":638,"tool":"Pencil"},{"type":"child","parent":"ljwepa9zjz","x":899,"y":638,"tool":"Pencil"}]},"ljwepaa4wt":{"type":"line","id":"ljwepaa4wt","color":"#e2ca1d","size":10,"tool":"Pencil","time":1559465152690,"_children":[{"type":"child","parent":"ljwepaa4wt","x":914,"y":625,"tool":"Pencil"}]},"ljwepaaabh":{"type":"line","id":"ljwepaaabh","color":"#e2ca1d","size":10,"tool":"Pencil","time":1559465152886,"_children":[{"type":"child","parent":"ljwepaaabh","x":891,"y":621,"tool":"Pencil"},{"type":"child","parent":"ljwepaaabh","x":890,"y":621,"tool":"Pencil"}]},"ljwepaaf710":{"type":"line","id":"ljwepaaf710","color":"#e2ca1d","size":10,"tool":"Pencil","time":1559465153061,"_children":[{"type":"child","parent":"ljwepaaf710","x":902,"y":632,"tool":"Pencil"},{"type":"child","parent":"ljwepaaf710","x":910,"y":639,"tool":"Pencil"}]},"ljwepaakav":{"type":"line","id":"ljwepaakav","color":"#e2ca1d","size":10,"tool":"Pencil","time":1559465153244,"_children":[{"type":"child","parent":"ljwepaakav","x":927,"y":639,"tool":"Pencil"},{"type":"child","parent":"ljwepaakav","x":929,"y":639,"tool":"Pencil"}]},"ljwepaaqlk":{"type":"line","id":"ljwepaaqlk","color":"#e2ca1d","size":10,"tool":"Pencil","time":1559465153471,"_children":[{"type":"child","parent":"ljwepaaqlk","x":944,"y":616,"tool":"Pencil"}]},"ljwepagkgp":{"type":"line","id":"ljwepagkgp","color":"#5576f9","size":10,"tool":"Pencil","time":1559465161026,"_children":[{"type":"child","parent":"ljwepagkgp","x":979,"y":598,"tool":"Pencil"},{"type":"child","parent":"ljwepagkgp","x":967,"y":619,"tool":"Pencil"}]},"ljwepagt1v":{"type":"line","id":"ljwepagt1v","color":"#5576f9","size":10,"tool":"Pencil","time":1559465161336,"_children":[{"type":"child","parent":"ljwepagt1v","x":977,"y":602,"tool":"Pencil"},{"type":"child","parent":"ljwepagt1v","x":970,"y":632,"tool":"Pencil"}]},"ljwepah0n2":{"type":"line","id":"ljwepah0n2","color":"#5576f9","size":10,"tool":"Pencil","time":1559465161609,"_children":[{"type":"child","parent":"ljwepah0n2","x":984,"y":603,"tool":"Pencil"},{"type":"child","parent":"ljwepah0n2","x":981,"y":627,"tool":"Pencil"}]},"ljwepah7m7":{"type":"line","id":"ljwepah7m7","color":"#5576f9","size":10,"tool":"Pencil","time":1559465161861,"_children":[{"type":"child","parent":"ljwepah7m7","x":991,"y":614,"tool":"Pencil"},{"type":"child","parent":"ljwepah7m7","x":990,"y":631,"tool":"Pencil"}]},"ljwepahej1":{"type":"line","id":"ljwepahej1","color":"#5576f9","size":10,"tool":"Pencil","time":1559465162109,"_children":[{"type":"child","parent":"ljwepahej1","x":1000,"y":617,"tool":"Pencil"},{"type":"child","parent":"ljwepahej1","x":1000,"y":617,"tool":"Pencil"}]},"ljwepahlja":{"type":"line","id":"ljwepahlja","color":"#5576f9","size":10,"tool":"Pencil","time":1559465162361,"_children":[{"type":"child","parent":"ljwepahlja","x":997,"y":591,"tool":"Pencil"},{"type":"child","parent":"ljwepahlja","x":997,"y":592,"tool":"Pencil"}]},"ljwepahrf5":{"type":"line","id":"ljwepahrf5","color":"#5576f9","size":10,"tool":"Pencil","time":1559465162578,"_children":[{"type":"child","parent":"ljwepahrf5","x":1004,"y":608,"tool":"Pencil"},{"type":"child","parent":"ljwepahrf5","x":1005,"y":609,"tool":"Pencil"}]},"ljwepahwo2":{"type":"line","id":"ljwepahwo2","color":"#5576f9","size":10,"tool":"Pencil","time":1559465162762,"_children":[{"type":"child","parent":"ljwepahwo2","x":988,"y":590,"tool":"Pencil"},{"type":"child","parent":"ljwepahwo2","x":988,"y":602,"tool":"Pencil"}]},"ljwepai1pz":{"type":"line","id":"ljwepai1pz","color":"#5576f9","size":10,"tool":"Pencil","time":1559465162943,"_children":[{"type":"child","parent":"ljwepai1pz","x":1001,"y":608,"tool":"Pencil"},{"type":"child","parent":"ljwepai1pz","x":1022,"y":625,"tool":"Pencil"}]},"ljwepai6pg":{"type":"line","id":"ljwepai6pg","color":"#5576f9","size":10,"tool":"Pencil","time":1559465163123,"_children":[{"type":"child","parent":"ljwepai6pg","x":1022,"y":629,"tool":"Pencil"},{"type":"child","parent":"ljwepai6pg","x":1020,"y":640,"tool":"Pencil"}]},"ljwepaiblv":{"type":"line","id":"ljwepaiblv","color":"#5576f9","size":10,"tool":"Pencil","time":1559465163300,"_children":[{"type":"child","parent":"ljwepaiblv","x":1003,"y":628,"tool":"Pencil"},{"type":"child","parent":"ljwepaiblv","x":1002,"y":628,"tool":"Pencil"}]},"ljwepaig84":{"type":"line","id":"ljwepaig84","color":"#5576f9","size":10,"tool":"Pencil","time":1559465163467,"_children":[{"type":"child","parent":"ljwepaig84","x":995,"y":621,"tool":"Pencil"},{"type":"child","parent":"ljwepaig84","x":992,"y":652,"tool":"Pencil"}]},"ljwepailc5":{"type":"line","id":"ljwepailc5","color":"#5576f9","size":10,"tool":"Pencil","time":1559465163650,"_children":[{"type":"child","parent":"ljwepailc5","x":990,"y":655,"tool":"Pencil"},{"type":"child","parent":"ljwepailc5","x":989,"y":661,"tool":"Pencil"}]},"ljwepaiqat":{"type":"line","id":"ljwepaiqat","color":"#5576f9","size":10,"tool":"Pencil","time":1559465163828,"_children":[{"type":"child","parent":"ljwepaiqat","x":979,"y":659,"tool":"Pencil"},{"type":"child","parent":"ljwepaiqat","x":977,"y":659,"tool":"Pencil"}]},"ljwepaiv1z":{"type":"line","id":"ljwepaiv1z","color":"#5576f9","size":10,"tool":"Pencil","time":1559465163999,"_children":[{"type":"child","parent":"ljwepaiv1z","x":983,"y":648,"tool":"Pencil"},{"type":"child","parent":"ljwepaiv1z","x":987,"y":679,"tool":"Pencil"}]},"ljwepaj0en":{"type":"line","id":"ljwepaj0en","color":"#5576f9","size":10,"tool":"Pencil","time":1559465164193,"_children":[{"type":"child","parent":"ljwepaj0en","x":980,"y":687,"tool":"Pencil"},{"type":"child","parent":"ljwepaj0en","x":980,"y":687,"tool":"Pencil"}]},"ljwepaj5es":{"type":"line","id":"ljwepaj5es","color":"#5576f9","size":10,"tool":"Pencil","time":1559465164373,"_children":[{"type":"child","parent":"ljwepaj5es","x":975,"y":675,"tool":"Pencil"},{"type":"child","parent":"ljwepaj5es","x":975,"y":675,"tool":"Pencil"}]},"ljwepaja7c":{"type":"line","id":"ljwepaja7c","color":"#5576f9","size":10,"tool":"Pencil","time":1559465164546,"_children":[{"type":"child","parent":"ljwepaja7c","x":975,"y":678,"tool":"Pencil"},{"type":"child","parent":"ljwepaja7c","x":985,"y":710,"tool":"Pencil"}]},"ljwepajfh10":{"type":"line","id":"ljwepajfh10","color":"#5576f9","size":10,"tool":"Pencil","time":1559465164739,"_children":[{"type":"child","parent":"ljwepajfh10","x":997,"y":682,"tool":"Pencil"},{"type":"child","parent":"ljwepajfh10","x":997,"y":682,"tool":"Pencil"}]},"ljwepajkcx":{"type":"line","id":"ljwepajkcx","color":"#5576f9","size":10,"tool":"Pencil","time":1559465164911,"_children":[{"type":"child","parent":"ljwepajkcx","x":1009,"y":666,"tool":"Pencil"},{"type":"child","parent":"ljwepajkcx","x":1009,"y":666,"tool":"Pencil"}]},"ljwepajowh":{"type":"line","id":"ljwepajowh","color":"#5576f9","size":10,"tool":"Pencil","time":1559465165075,"_children":[{"type":"child","parent":"ljwepajowh","x":995,"y":684,"tool":"Pencil"},{"type":"child","parent":"ljwepajowh","x":991,"y":710,"tool":"Pencil"}]},"ljwepajtvl":{"type":"line","id":"ljwepajtvl","color":"#5576f9","size":10,"tool":"Pencil","time":1559465165254,"_children":[{"type":"child","parent":"ljwepajtvl","x":1022,"y":674,"tool":"Pencil"},{"type":"child","parent":"ljwepajtvl","x":1022,"y":673,"tool":"Pencil"}]},"ljwepajyhw":{"type":"line","id":"ljwepajyhw","color":"#5576f9","size":10,"tool":"Pencil","time":1559465165428,"_children":[{"type":"child","parent":"ljwepajyhw","x":1000,"y":641,"tool":"Pencil"},{"type":"child","parent":"ljwepajyhw","x":1000,"y":642,"tool":"Pencil"}]},"ljwepak37f":{"type":"line","id":"ljwepak37f","color":"#5576f9","size":10,"tool":"Pencil","time":1559465165590,"_children":[{"type":"child","parent":"ljwepak37f","x":1005,"y":682,"tool":"Pencil"},{"type":"child","parent":"ljwepak37f","x":1010,"y":689,"tool":"Pencil"}]},"ljwepak85g":{"type":"line","id":"ljwepak85g","color":"#5576f9","size":10,"tool":"Pencil","time":1559465165768,"_children":[{"type":"child","parent":"ljwepak85g","x":1014,"y":678,"tool":"Pencil"},{"type":"child","parent":"ljwepak85g","x":1015,"y":660,"tool":"Pencil"}]},"ljwepakci2":{"type":"line","id":"ljwepakci2","color":"#5576f9","size":10,"tool":"Pencil","time":1559465165924,"_children":[{"type":"child","parent":"ljwepakci2","x":1015,"y":642,"tool":"Pencil"},{"type":"child","parent":"ljwepakci2","x":1016,"y":652,"tool":"Pencil"}]},"ljwepakh6w":{"type":"line","id":"ljwepakh6w","color":"#5576f9","size":10,"tool":"Pencil","time":1559465166093,"_children":[{"type":"child","parent":"ljwepakh6w","x":1022,"y":663,"tool":"Pencil"}]},"ljwepaklct":{"type":"line","id":"ljwepaklct","color":"#5576f9","size":10,"tool":"Pencil","time":1559465166243,"_children":[{"type":"child","parent":"ljwepaklct","x":1029,"y":645,"tool":"Pencil"},{"type":"child","parent":"ljwepaklct","x":1019,"y":645,"tool":"Pencil"}]},"ljwepakosz":{"type":"line","id":"ljwepakosz","color":"#5576f9","size":10,"tool":"Pencil","time":1559465166366,"_children":[{"type":"child","parent":"ljwepakosz","x":1002,"y":663,"tool":"Pencil"}]},"ljwepaktxa":{"type":"line","id":"ljwepaktxa","color":"#5576f9","size":10,"tool":"Pencil","time":1559465166551,"_children":[{"type":"child","parent":"ljwepaktxa","x":1006,"y":665,"tool":"Pencil"},{"type":"child","parent":"ljwepaktxa","x":1026,"y":663,"tool":"Pencil"}]},"ljwepakywg":{"type":"line","id":"ljwepakywg","color":"#5576f9","size":10,"tool":"Pencil","time":1559465166730,"_children":[{"type":"child","parent":"ljwepakywg","x":1033,"y":663,"tool":"Pencil"},{"type":"child","parent":"ljwepakywg","x":1005,"y":674,"tool":"Pencil"}]},"ljwepal3ub":{"type":"line","id":"ljwepal3ub","color":"#5576f9","size":10,"tool":"Pencil","time":1559465166908,"_children":[{"type":"child","parent":"ljwepal3ub","x":1000,"y":654,"tool":"Pencil"},{"type":"child","parent":"ljwepal3ub","x":1004,"y":651,"tool":"Pencil"}]},"ljwepal8j7":{"type":"line","id":"ljwepal8j7","color":"#5576f9","size":10,"tool":"Pencil","time":1559465167078,"_children":[{"type":"child","parent":"ljwepal8j7","x":1026,"y":642,"tool":"Pencil"},{"type":"child","parent":"ljwepal8j7","x":1036,"y":661,"tool":"Pencil"}]},"ljwepaldl9":{"type":"line","id":"ljwepaldl9","color":"#5576f9","size":10,"tool":"Pencil","time":1559465167260,"_children":[{"type":"child","parent":"ljwepaldl9","x":1041,"y":680,"tool":"Pencil"},{"type":"child","parent":"ljwepaldl9","x":1041,"y":680,"tool":"Pencil"}]},"ljwepaliq3":{"type":"line","id":"ljwepaliq3","color":"#5576f9","size":10,"tool":"Pencil","time":1559465167444,"_children":[{"type":"child","parent":"ljwepaliq3","x":1020,"y":669,"tool":"Pencil"},{"type":"child","parent":"ljwepaliq3","x":1018,"y":674,"tool":"Pencil"}]},"ljwepalof8":{"type":"line","id":"ljwepalof8","color":"#5576f9","size":10,"tool":"Pencil","time":1559465167649,"_children":[{"type":"child","parent":"ljwepalof8","x":1019,"y":698,"tool":"Pencil"},{"type":"child","parent":"ljwepalof8","x":1034,"y":706,"tool":"Pencil"}]},"ljwepaltbs":{"type":"line","id":"ljwepaltbs","color":"#5576f9","size":10,"tool":"Pencil","time":1559465167826,"_children":[{"type":"child","parent":"ljwepaltbs","x":1040,"y":674,"tool":"Pencil"},{"type":"child","parent":"ljwepaltbs","x":1040,"y":672,"tool":"Pencil"}]},"ljwepaly63":{"type":"line","id":"ljwepaly63","color":"#5576f9","size":10,"tool":"Pencil","time":1559465168001,"_children":[{"type":"child","parent":"ljwepaly63","x":1041,"y":662,"tool":"Pencil"},{"type":"child","parent":"ljwepaly63","x":1047,"y":678,"tool":"Pencil"}]},"ljwepam3h8":{"type":"line","id":"ljwepam3h8","color":"#5576f9","size":10,"tool":"Pencil","time":1559465168192,"_children":[{"type":"child","parent":"ljwepam3h8","x":1050,"y":699,"tool":"Pencil"},{"type":"child","parent":"ljwepam3h8","x":1050,"y":699,"tool":"Pencil"}]},"ljwepam914":{"type":"line","id":"ljwepam914","color":"#5576f9","size":10,"tool":"Pencil","time":1559465168392,"_children":[{"type":"child","parent":"ljwepam914","x":1030,"y":674,"tool":"Pencil"},{"type":"child","parent":"ljwepam914","x":1030,"y":674,"tool":"Pencil"}]},"ljwepamelq":{"type":"line","id":"ljwepamelq","color":"#5576f9","size":10,"tool":"Pencil","time":1559465168592,"_children":[{"type":"child","parent":"ljwepamelq","x":1064,"y":695,"tool":"Pencil"}]},"ljwepaprle":{"type":"line","id":"ljwepaprle","color":"#ffff00","size":10,"tool":"Pencil","time":1559465172948,"_children":[{"type":"child","parent":"ljwepaprle","x":1061,"y":671,"tool":"Pencil"},{"type":"child","parent":"ljwepaprle","x":1061,"y":671,"tool":"Pencil"}]},"ljwepapy6h":{"type":"line","id":"ljwepapy6h","color":"#ffff00","size":10,"tool":"Pencil","time":1559465173186,"_children":[{"type":"child","parent":"ljwepapy6h","x":1052,"y":706,"tool":"Pencil"},{"type":"child","parent":"ljwepapy6h","x":1052,"y":708,"tool":"Pencil"}]},"ljwepaq3hn":{"type":"line","id":"ljwepaq3hn","color":"#ffff00","size":10,"tool":"Pencil","time":1559465173376,"_children":[{"type":"child","parent":"ljwepaq3hn","x":1035,"y":731,"tool":"Pencil"},{"type":"child","parent":"ljwepaq3hn","x":1035,"y":731,"tool":"Pencil"}]},"ljwepaqa1m":{"type":"line","id":"ljwepaqa1m","color":"#ffff00","size":10,"tool":"Pencil","time":1559465173611,"_children":[{"type":"child","parent":"ljwepaqa1m","x":1057,"y":716,"tool":"Pencil"}]},"ljwepaqedj":{"type":"line","id":"ljwepaqedj","color":"#ffff00","size":10,"tool":"Pencil","time":1559465173767,"_children":[{"type":"child","parent":"ljwepaqedj","x":1063,"y":677,"tool":"Pencil"},{"type":"child","parent":"ljwepaqedj","x":1064,"y":684,"tool":"Pencil"},{"type":"child","parent":"ljwepaqedj","x":1059,"y":716,"tool":"Pencil"}]},"ljwepaqreq":{"type":"line","id":"ljwepaqreq","color":"#ffff00","size":10,"tool":"Pencil","time":1559465174237,"_children":[{"type":"child","parent":"ljwepaqreq","x":1063,"y":691,"tool":"Pencil"},{"type":"child","parent":"ljwepaqreq","x":1068,"y":709,"tool":"Pencil"}]},"ljwepaqxo7":{"type":"line","id":"ljwepaqxo7","color":"#ffff00","size":10,"tool":"Pencil","time":1559465174462,"_children":[{"type":"child","parent":"ljwepaqxo7","x":1074,"y":718,"tool":"Pencil"}]},"ljwepavjf6":{"type":"line","id":"ljwepavjf6","color":"#0080c0","size":10,"tool":"Pencil","time":1559465180429,"_children":[{"type":"child","parent":"ljwepavjf6","x":1046,"y":705,"tool":"Pencil"},{"type":"child","parent":"ljwepavjf6","x":1046,"y":705,"tool":"Pencil"}]},"ljwepavp9m":{"type":"line","id":"ljwepavp9m","color":"#0080c0","size":10,"tool":"Pencil","time":1559465180643,"_children":[{"type":"child","parent":"ljwepavp9m","x":1029,"y":679,"tool":"Pencil"},{"type":"child","parent":"ljwepavp9m","x":1030,"y":703,"tool":"Pencil"},{"type":"child","parent":"ljwepavp9m","x":1035,"y":731,"tool":"Pencil"}]},"ljwepavyp8":{"type":"line","id":"ljwepavyp8","color":"#0080c0","size":10,"tool":"Pencil","time":1559465180982,"_children":[{"type":"child","parent":"ljwepavyp8","x":1048,"y":691,"tool":"Pencil"},{"type":"child","parent":"ljwepavyp8","x":1054,"y":717,"tool":"Pencil"}]},"ljwepaw77t":{"type":"line","id":"ljwepaw77t","color":"#0080c0","size":10,"tool":"Pencil","time":1559465181286,"_children":[{"type":"child","parent":"ljwepaw77t","x":1047,"y":692,"tool":"Pencil"},{"type":"child","parent":"ljwepaw77t","x":1045,"y":736,"tool":"Pencil"}]},"ljwepawx2d":{"type":"line","id":"ljwepawx2d","color":"#0080c0","size":10,"tool":"Pencil","time":1559465182217,"_children":[{"type":"child","parent":"ljwepawx2d","x":1060,"y":722,"tool":"Pencil"},{"type":"child","parent":"ljwepawx2d","x":1056,"y":740,"tool":"Pencil"},{"type":"child","parent":"ljwepawx2d","x":1048,"y":754,"tool":"Pencil"}]},"ljwepax6nc":{"type":"line","id":"ljwepax6nc","color":"#0080c0","size":10,"tool":"Pencil","time":1559465182562,"_children":[{"type":"child","parent":"ljwepax6nc","x":1052,"y":746,"tool":"Pencil"},{"type":"child","parent":"ljwepax6nc","x":1041,"y":761,"tool":"Pencil"},{"type":"child","parent":"ljwepax6nc","x":981,"y":767,"tool":"Pencil"}]},"ljwepaxcx7":{"type":"line","id":"ljwepaxcx7","color":"#0080c0","size":10,"tool":"Pencil","time":1559465182788,"_children":[{"type":"child","parent":"ljwepaxcx7","x":980,"y":764,"tool":"Pencil"},{"type":"child","parent":"ljwepaxcx7","x":980,"y":764,"tool":"Pencil"}]},"ljwepaxjcd":{"type":"line","id":"ljwepaxjcd","color":"#0080c0","size":10,"tool":"Pencil","time":1559465183019,"_children":[{"type":"child","parent":"ljwepaxjcd","x":923,"y":745,"tool":"Pencil"},{"type":"child","parent":"ljwepaxjcd","x":924,"y":745,"tool":"Pencil"}]},"ljwepaxopp":{"type":"line","id":"ljwepaxopp","color":"#0080c0","size":10,"tool":"Pencil","time":1559465183213,"_children":[{"type":"child","parent":"ljwepaxopp","x":1006,"y":744,"tool":"Pencil"},{"type":"child","parent":"ljwepaxopp","x":1007,"y":752,"tool":"Pencil"}]},"ljwepaxvik":{"type":"line","id":"ljwepaxvik","color":"#0080c0","size":10,"tool":"Pencil","time":1559465183457,"_children":[{"type":"child","parent":"ljwepaxvik","x":963,"y":738,"tool":"Pencil"},{"type":"child","parent":"ljwepaxvik","x":958,"y":757,"tool":"Pencil"}]},"ljwepay1f0":{"type":"line","id":"ljwepay1f0","color":"#0080c0","size":10,"tool":"Pencil","time":1559465183671,"_children":[{"type":"child","parent":"ljwepay1f0","x":1004,"y":767,"tool":"Pencil"},{"type":"child","parent":"ljwepay1f0","x":952,"y":744,"tool":"Pencil"}]},"ljwepay6lc":{"type":"line","id":"ljwepay6lc","color":"#0080c0","size":10,"tool":"Pencil","time":1559465183856,"_children":[{"type":"child","parent":"ljwepay6lc","x":908,"y":696,"tool":"Pencil"},{"type":"child","parent":"ljwepay6lc","x":910,"y":709,"tool":"Pencil"}]},"ljwepayc910":{"type":"line","id":"ljwepayc910","color":"#0080c0","size":10,"tool":"Pencil","time":1559465184061,"_children":[{"type":"child","parent":"ljwepayc910","x":905,"y":658,"tool":"Pencil"},{"type":"child","parent":"ljwepayc910","x":904,"y":686,"tool":"Pencil"}]},"ljwepayk53":{"type":"line","id":"ljwepayk53","color":"#0080c0","size":10,"tool":"Pencil","time":1559465184345,"_children":[{"type":"child","parent":"ljwepayk53","x":889,"y":670,"tool":"Pencil"},{"type":"child","parent":"ljwepayk53","x":884,"y":696,"tool":"Pencil"},{"type":"child","parent":"ljwepayk53","x":882,"y":711,"tool":"Pencil"}]},"ljwepayu4f":{"type":"line","id":"ljwepayu4f","color":"#0080c0","size":10,"tool":"Pencil","time":1559465184704,"_children":[{"type":"child","parent":"ljwepayu4f","x":882,"y":681,"tool":"Pencil"},{"type":"child","parent":"ljwepayu4f","x":875,"y":711,"tool":"Pencil"},{"type":"child","parent":"ljwepayu4f","x":888,"y":741,"tool":"Pencil"}]},"ljwepaz497":{"type":"line","id":"ljwepaz497","color":"#0080c0","size":10,"tool":"Pencil","time":1559465185069,"_children":[{"type":"child","parent":"ljwepaz497","x":899,"y":674,"tool":"Pencil"},{"type":"child","parent":"ljwepaz497","x":895,"y":717,"tool":"Pencil"},{"type":"child","parent":"ljwepaz497","x":898,"y":748,"tool":"Pencil"}]},"ljwepazddw":{"type":"line","id":"ljwepazddw","color":"#0080c0","size":10,"tool":"Pencil","time":1559465185396,"_children":[{"type":"child","parent":"ljwepazddw","x":898,"y":687,"tool":"Pencil"},{"type":"child","parent":"ljwepazddw","x":902,"y":731,"tool":"Pencil"},{"type":"child","parent":"ljwepazddw","x":907,"y":755,"tool":"Pencil"}]},"ljwepazm8f":{"type":"line","id":"ljwepazm8f","color":"#0080c0","size":10,"tool":"Pencil","time":1559465185715,"_children":[{"type":"child","parent":"ljwepazm8f","x":905,"y":684,"tool":"Pencil"},{"type":"child","parent":"ljwepazm8f","x":910,"y":719,"tool":"Pencil"},{"type":"child","parent":"ljwepazm8f","x":914,"y":748,"tool":"Pencil"}]},"ljwepazubs":{"type":"line","id":"ljwepazubs","color":"#0080c0","size":10,"tool":"Pencil","time":1559465186007,"_children":[{"type":"child","parent":"ljwepazubs","x":930,"y":696,"tool":"Pencil"},{"type":"child","parent":"ljwepazubs","x":929,"y":741,"tool":"Pencil"},{"type":"child","parent":"ljwepazubs","x":929,"y":753,"tool":"Pencil"}]},"ljwepb0i11":{"type":"line","id":"ljwepb0i11","color":"#0080c0","size":10,"tool":"Pencil","time":1559465186860,"_children":[{"type":"child","parent":"ljwepb0i11","x":954,"y":676,"tool":"Pencil"},{"type":"child","parent":"ljwepb0i11","x":963,"y":686,"tool":"Pencil"},{"type":"child","parent":"ljwepb0i11","x":974,"y":689,"tool":"Pencil"}]},"ljwepb0ve6":{"type":"line","id":"ljwepb0ve6","color":"#0080c0","size":10,"tool":"Pencil","time":1559465187341,"_children":[{"type":"child","parent":"ljwepb0ve6","x":925,"y":674,"tool":"Pencil"},{"type":"child","parent":"ljwepb0ve6","x":927,"y":708,"tool":"Pencil"},{"type":"child","parent":"ljwepb0ve6","x":931,"y":723,"tool":"Pencil"}]},"ljwepb15vp":{"type":"line","id":"ljwepb15vp","color":"#0080c0","size":10,"tool":"Pencil","time":1559465187718,"_children":[{"type":"child","parent":"ljwepb15vp","x":927,"y":691,"tool":"Pencil"},{"type":"child","parent":"ljwepb15vp","x":924,"y":700,"tool":"Pencil"},{"type":"child","parent":"ljwepb15vp","x":918,"y":719,"tool":"Pencil"}]},"ljwepb1g7k":{"type":"line","id":"ljwepb1g7k","color":"#0080c0","size":10,"tool":"Pencil","time":1559465188090,"_children":[{"type":"child","parent":"ljwepb1g7k","x":920,"y":679,"tool":"Pencil"},{"type":"child","parent":"ljwepb1g7k","x":909,"y":717,"tool":"Pencil"},{"type":"child","parent":"ljwepb1g7k","x":909,"y":747,"tool":"Pencil"}]},"ljwepb1ocq":{"type":"line","id":"ljwepb1ocq","color":"#0080c0","size":10,"tool":"Pencil","time":1559465188383,"_children":[{"type":"child","parent":"ljwepb1ocq","x":921,"y":703,"tool":"Pencil"},{"type":"child","parent":"ljwepb1ocq","x":911,"y":755,"tool":"Pencil"},{"type":"child","parent":"ljwepb1ocq","x":916,"y":777,"tool":"Pencil"}]},"ljwepb1yax":{"type":"line","id":"ljwepb1yax","color":"#0080c0","size":10,"tool":"Pencil","time":1559465188741,"_children":[{"type":"child","parent":"ljwepb1yax","x":892,"y":736,"tool":"Pencil"},{"type":"child","parent":"ljwepb1yax","x":898,"y":756,"tool":"Pencil"},{"type":"child","parent":"ljwepb1yax","x":942,"y":774,"tool":"Pencil"}]},"ljwepb29op":{"type":"line","id":"ljwepb29op","color":"#0080c0","size":10,"tool":"Pencil","time":1559465189151,"_children":[{"type":"child","parent":"ljwepb29op","x":888,"y":753,"tool":"Pencil"},{"type":"child","parent":"ljwepb29op","x":918,"y":771,"tool":"Pencil"},{"type":"child","parent":"ljwepb29op","x":977,"y":769,"tool":"Pencil"},{"type":"child","parent":"ljwepb29op","x":980,"y":767,"tool":"Pencil"}]},"ljwepb2ksu":{"type":"line","id":"ljwepb2ksu","color":"#0080c0","size":10,"tool":"Pencil","time":1559465189552,"_children":[{"type":"child","parent":"ljwepb2ksu","x":910,"y":767,"tool":"Pencil"},{"type":"child","parent":"ljwepb2ksu","x":934,"y":769,"tool":"Pencil"},{"type":"child","parent":"ljwepb2ksu","x":969,"y":765,"tool":"Pencil"},{"type":"child","parent":"ljwepb2ksu","x":966,"y":765,"tool":"Pencil"}]},"ljwepb2vq6":{"type":"line","id":"ljwepb2vq6","color":"#0080c0","size":10,"tool":"Pencil","time":1559465189945,"_children":[{"type":"child","parent":"ljwepb2vq6","x":908,"y":765,"tool":"Pencil"},{"type":"child","parent":"ljwepb2vq6","x":938,"y":768,"tool":"Pencil"}]},"ljwepb3clp":{"type":"line","id":"ljwepb3clp","color":"#0080c0","size":10,"tool":"Pencil","time":1559465190552,"_children":[{"type":"child","parent":"ljwepb3clp","x":870,"y":775,"tool":"Pencil"},{"type":"child","parent":"ljwepb3clp","x":893,"y":781,"tool":"Pencil"},{"type":"child","parent":"ljwepb3clp","x":940,"y":782,"tool":"Pencil"}]},"ljwepb3o9b":{"type":"line","id":"ljwepb3o9b","color":"#0080c0","size":10,"tool":"Pencil","time":1559465190972,"_children":[{"type":"child","parent":"ljwepb3o9b","x":865,"y":783,"tool":"Pencil"},{"type":"child","parent":"ljwepb3o9b","x":866,"y":783,"tool":"Pencil"},{"type":"child","parent":"ljwepb3o9b","x":983,"y":777,"tool":"Pencil"}]},"ljwepb40fr":{"type":"line","id":"ljwepb40fr","color":"#0080c0","size":10,"tool":"Pencil","time":1559465191410,"_children":[{"type":"child","parent":"ljwepb40fr","x":877,"y":781,"tool":"Pencil"},{"type":"child","parent":"ljwepb40fr","x":878,"y":787,"tool":"Pencil"},{"type":"child","parent":"ljwepb40fr","x":958,"y":785,"tool":"Pencil"},{"type":"child","parent":"ljwepb40fr","x":991,"y":785,"tool":"Pencil"},{"type":"child","parent":"ljwepb40fr","x":1019,"y":779,"tool":"Pencil"},{"type":"child","parent":"ljwepb40fr","x":1023,"y":777,"tool":"Pencil"},{"type":"child","parent":"ljwepb40fr","x":1043,"y":762,"tool":"Pencil"},{"type":"child","parent":"ljwepb40fr","x":1056,"y":758,"tool":"Pencil"},{"type":"child","parent":"ljwepb40fr","x":1069,"y":757,"tool":"Pencil"},{"type":"child","parent":"ljwepb40fr","x":1073,"y":744,"tool":"Pencil"},{"type":"child","parent":"ljwepb40fr","x":1073,"y":744,"tool":"Pencil"}]},"ljwepb51pl":{"type":"line","id":"ljwepb51pl","color":"#0080c0","size":10,"tool":"Pencil","time":1559465192752,"_children":[{"type":"child","parent":"ljwepb51pl","x":889,"y":780,"tool":"Pencil"},{"type":"child","parent":"ljwepb51pl","x":888,"y":780,"tool":"Pencil"},{"type":"child","parent":"ljwepb51pl","x":864,"y":786,"tool":"Pencil"}]},"ljwepb5ain":{"type":"line","id":"ljwepb5ain","color":"#0080c0","size":10,"tool":"Pencil","time":1559465193071,"_children":[{"type":"child","parent":"ljwepb5ain","x":906,"y":778,"tool":"Pencil"},{"type":"child","parent":"ljwepb5ain","x":896,"y":783,"tool":"Pencil"}]},"ljwepb5wzx":{"type":"line","id":"ljwepb5wzx","color":"#0080c0","size":10,"tool":"Pencil","time":1559465193882,"_children":[{"type":"child","parent":"ljwepb5wzx","x":854,"y":659,"tool":"Pencil"},{"type":"child","parent":"ljwepb5wzx","x":891,"y":671,"tool":"Pencil"}]},"ljwepb65pd":{"type":"line","id":"ljwepb65pd","color":"#0080c0","size":10,"tool":"Pencil","time":1559465194193,"_children":[{"type":"child","parent":"ljwepb65pd","x":833,"y":656,"tool":"Pencil"},{"type":"child","parent":"ljwepb65pd","x":850,"y":661,"tool":"Pencil"}]},"ljwepb6ggr":{"type":"line","id":"ljwepb6ggr","color":"#0080c0","size":10,"tool":"Pencil","time":1559465194579,"_children":[{"type":"child","parent":"ljwepb6ggr","x":897,"y":665,"tool":"Pencil"},{"type":"child","parent":"ljwepb6ggr","x":917,"y":662,"tool":"Pencil"}]},"ljwepb6q33":{"type":"line","id":"ljwepb6q33","color":"#0080c0","size":10,"tool":"Pencil","time":1559465194927,"_children":[{"type":"child","parent":"ljwepb6q33","x":914,"y":653,"tool":"Pencil"},{"type":"child","parent":"ljwepb6q33","x":905,"y":659,"tool":"Pencil"}]},"ljwepb9btw":{"type":"line","id":"ljwepb9btw","color":"#c0c0c0","size":10,"tool":"Pencil","time":1559465198300,"_children":[{"type":"child","parent":"ljwepb9btw","x":879,"y":785,"tool":"Pencil"},{"type":"child","parent":"ljwepb9btw","x":888,"y":793,"tool":"Pencil"},{"type":"child","parent":"ljwepb9btw","x":951,"y":805,"tool":"Pencil"}]},"ljwepb9p81":{"type":"line","id":"ljwepb9p81","color":"#c0c0c0","size":10,"tool":"Pencil","time":1559465198783,"_children":[{"type":"child","parent":"ljwepb9p81","x":837,"y":798,"tool":"Pencil"},{"type":"child","parent":"ljwepb9p81","x":893,"y":804,"tool":"Pencil"},{"type":"child","parent":"ljwepb9p81","x":978,"y":804,"tool":"Pencil"},{"type":"child","parent":"ljwepb9p81","x":1006,"y":799,"tool":"Pencil"}]},"ljwepba1jy":{"type":"line","id":"ljwepba1jy","color":"#c0c0c0","size":10,"tool":"Pencil","time":1559465199226,"_children":[{"type":"child","parent":"ljwepba1jy","x":963,"y":803,"tool":"Pencil"},{"type":"child","parent":"ljwepba1jy","x":990,"y":802,"tool":"Pencil"}]},"ljwepbabk6":{"type":"line","id":"ljwepbabk6","color":"#c0c0c0","size":10,"tool":"Pencil","time":1559465199589,"_children":[{"type":"child","parent":"ljwepbabk6","x":976,"y":796,"tool":"Pencil"},{"type":"child","parent":"ljwepbabk6","x":1000,"y":793,"tool":"Pencil"}]},"ljwepbal0b":{"type":"line","id":"ljwepbal0b","color":"#c0c0c0","size":10,"tool":"Pencil","time":1559465199927,"_children":[{"type":"child","parent":"ljwepbal0b","x":993,"y":788,"tool":"Pencil"},{"type":"child","parent":"ljwepbal0b","x":1002,"y":788,"tool":"Pencil"}]},"ljwepbat0j":{"type":"line","id":"ljwepbat0j","color":"#c0c0c0","size":10,"tool":"Pencil","time":1559465200215,"_children":[{"type":"child","parent":"ljwepbat0j","x":921,"y":790,"tool":"Pencil"},{"type":"child","parent":"ljwepbat0j","x":947,"y":800,"tool":"Pencil"}]},"ljwepbb1sv":{"type":"line","id":"ljwepbb1sv","color":"#c0c0c0","size":10,"tool":"Pencil","time":1559465200532,"_children":[{"type":"child","parent":"ljwepbb1sv","x":934,"y":802,"tool":"Pencil"},{"type":"child","parent":"ljwepbb1sv","x":944,"y":805,"tool":"Pencil"}]},"ljwepbb9gu":{"type":"line","id":"ljwepbb9gu","color":"#c0c0c0","size":10,"tool":"Pencil","time":1559465200808,"_children":[{"type":"child","parent":"ljwepbb9gu","x":954,"y":808,"tool":"Pencil"},{"type":"child","parent":"ljwepbb9gu","x":963,"y":811,"tool":"Pencil"}]},"ljwepbgye1":{"type":"line","id":"ljwepbgye1","color":"#008000","size":10,"tool":"Pencil","time":1559465208187,"_children":[{"type":"child","parent":"ljwepbgye1","x":952,"y":608,"tool":"Pencil"},{"type":"child","parent":"ljwepbgye1","x":944,"y":623,"tool":"Pencil"}]},"ljwepbhb2o":{"type":"line","id":"ljwepbhb2o","color":"#008000","size":10,"tool":"Pencil","time":1559465208642,"_children":[{"type":"child","parent":"ljwepbhb2o","x":939,"y":615,"tool":"Pencil"},{"type":"child","parent":"ljwepbhb2o","x":919,"y":620,"tool":"Pencil"}]},"ljwepbhil6":{"type":"line","id":"ljwepbhil6","color":"#008000","size":10,"tool":"Pencil","time":1559465208913,"_children":[{"type":"child","parent":"ljwepbhil6","x":933,"y":623,"tool":"Pencil"}]},"ljwepbhmp2":{"type":"line","id":"ljwepbhmp2","color":"#008000","size":10,"tool":"Pencil","time":1559465209061,"_children":[{"type":"child","parent":"ljwepbhmp2","x":942,"y":601,"tool":"Pencil"},{"type":"child","parent":"ljwepbhmp2","x":942,"y":600,"tool":"Pencil"}]},"ljwepbhr4m":{"type":"line","id":"ljwepbhr4m","color":"#008000","size":10,"tool":"Pencil","time":1559465209219,"_children":[{"type":"child","parent":"ljwepbhr4m","x":940,"y":587,"tool":"Pencil"},{"type":"child","parent":"ljwepbhr4m","x":940,"y":587,"tool":"Pencil"}]},"ljwepbhv7b":{"type":"line","id":"ljwepbhv7b","color":"#008000","size":10,"tool":"Pencil","time":1559465209367,"_children":[{"type":"child","parent":"ljwepbhv7b","x":933,"y":592,"tool":"Pencil"},{"type":"child","parent":"ljwepbhv7b","x":922,"y":619,"tool":"Pencil"}]},"ljwepbi0qp":{"type":"line","id":"ljwepbi0qp","color":"#008000","size":10,"tool":"Pencil","time":1559465209565,"_children":[{"type":"child","parent":"ljwepbi0qp","x":921,"y":615,"tool":"Pencil"},{"type":"child","parent":"ljwepbi0qp","x":920,"y":615,"tool":"Pencil"}]},"ljwepbi5x9":{"type":"line","id":"ljwepbi5x9","color":"#008000","size":10,"tool":"Pencil","time":1559465209753,"_children":[{"type":"child","parent":"ljwepbi5x9","x":909,"y":595,"tool":"Pencil"}]},"ljwepbial8":{"type":"line","id":"ljwepbial8","color":"#008000","size":10,"tool":"Pencil","time":1559465209921,"_children":[{"type":"child","parent":"ljwepbial8","x":892,"y":604,"tool":"Pencil"},{"type":"child","parent":"ljwepbial8","x":891,"y":606,"tool":"Pencil"}]},"ljwepbiffo":{"type":"line","id":"ljwepbiffo","color":"#008000","size":10,"tool":"Pencil","time":1559465210094,"_children":[{"type":"child","parent":"ljwepbiffo","x":884,"y":605,"tool":"Pencil"},{"type":"child","parent":"ljwepbiffo","x":876,"y":605,"tool":"Pencil"}]},"ljwepbikt8":{"type":"line","id":"ljwepbikt8","color":"#008000","size":10,"tool":"Pencil","time":1559465210289,"_children":[{"type":"child","parent":"ljwepbikt8","x":867,"y":601,"tool":"Pencil"},{"type":"child","parent":"ljwepbikt8","x":867,"y":601,"tool":"Pencil"}]},"ljwepbizpp":{"type":"line","id":"ljwepbizpp","color":"#008000","size":10,"tool":"Pencil","time":1559465210825,"_children":[{"type":"child","parent":"ljwepbizpp","x":848,"y":598,"tool":"Pencil"},{"type":"child","parent":"ljwepbizpp","x":848,"y":598,"tool":"Pencil"}]},"ljwepbja110":{"type":"line","id":"ljwepbja110","color":"#008000","size":10,"tool":"Pencil","time":1559465211197,"_children":[{"type":"child","parent":"ljwepbja110","x":841,"y":617,"tool":"Pencil"},{"type":"child","parent":"ljwepbja110","x":841,"y":617,"tool":"Pencil"}]},"ljwepbjf7w":{"type":"line","id":"ljwepbjf7w","color":"#008000","size":10,"tool":"Pencil","time":1559465211393,"_children":[{"type":"child","parent":"ljwepbjf7w","x":879,"y":619,"tool":"Pencil"},{"type":"child","parent":"ljwepbjf7w","x":880,"y":619,"tool":"Pencil"}]},"ljwepbjkmd":{"type":"line","id":"ljwepbjkmd","color":"#008000","size":10,"tool":"Pencil","time":1559465211578,"_children":[{"type":"child","parent":"ljwepbjkmd","x":888,"y":619,"tool":"Pencil"}]},"ljwepbkdln":{"type":"line","id":"ljwepbkdln","color":"#008000","size":10,"tool":"Pencil","time":1559465212621,"_children":[{"type":"child","parent":"ljwepbkdln","x":821,"y":725,"tool":"Pencil"}]},"ljwepbkk3f":{"type":"line","id":"ljwepbkk3f","color":"#008000","size":10,"tool":"Pencil","time":1559465212856,"_children":[{"type":"child","parent":"ljwepbkk3f","x":841,"y":732,"tool":"Pencil"},{"type":"child","parent":"ljwepbkk3f","x":841,"y":732,"tool":"Pencil"}]},"ljwepbkpee":{"type":"line","id":"ljwepbkpee","color":"#008000","size":10,"tool":"Pencil","time":1559465213046,"_children":[{"type":"child","parent":"ljwepbkpee","x":834,"y":751,"tool":"Pencil"},{"type":"child","parent":"ljwepbkpee","x":834,"y":751,"tool":"Pencil"}]},"ljwepbkv9z":{"type":"line","id":"ljwepbkv9z","color":"#008000","size":10,"tool":"Pencil","time":1559465213256,"_children":[{"type":"child","parent":"ljwepbkv9z","x":844,"y":741,"tool":"Pencil"},{"type":"child","parent":"ljwepbkv9z","x":845,"y":741,"tool":"Pencil"}]},"ljwepbl10p":{"type":"line","id":"ljwepbl10p","color":"#008000","size":10,"tool":"Pencil","time":1559465213464,"_children":[{"type":"child","parent":"ljwepbl10p","x":849,"y":729,"tool":"Pencil"},{"type":"child","parent":"ljwepbl10p","x":849,"y":729,"tool":"Pencil"}]},"ljwepbl6gb":{"type":"line","id":"ljwepbl6gb","color":"#008000","size":10,"tool":"Pencil","time":1559465213662,"_children":[{"type":"child","parent":"ljwepbl6gb","x":851,"y":718,"tool":"Pencil"},{"type":"child","parent":"ljwepbl6gb","x":852,"y":718,"tool":"Pencil"}]},"ljwepblcz6":{"type":"line","id":"ljwepblcz6","color":"#008000","size":10,"tool":"Pencil","time":1559465213895,"_children":[{"type":"child","parent":"ljwepblcz6","x":851,"y":749,"tool":"Pencil"},{"type":"child","parent":"ljwepblcz6","x":851,"y":746,"tool":"Pencil"}]},"ljwepblvs4":{"type":"line","id":"ljwepblvs4","color":"#008000","size":10,"tool":"Pencil","time":1559465214573,"_children":[{"type":"child","parent":"ljwepblvs4","x":1037,"y":630,"tool":"Pencil"},{"type":"child","parent":"ljwepblvs4","x":1037,"y":630,"tool":"Pencil"}]},"ljwepbm3nn":{"type":"line","id":"ljwepbm3nn","color":"#008000","size":10,"tool":"Pencil","time":1559465214854,"_children":[{"type":"child","parent":"ljwepbm3nn","x":1042,"y":625,"tool":"Pencil"},{"type":"child","parent":"ljwepbm3nn","x":1042,"y":625,"tool":"Pencil"}]},"ljwepbm9c9":{"type":"line","id":"ljwepbm9c9","color":"#008000","size":10,"tool":"Pencil","time":1559465215061,"_children":[{"type":"child","parent":"ljwepbm9c9","x":1044,"y":620,"tool":"Pencil"},{"type":"child","parent":"ljwepbm9c9","x":1044,"y":620,"tool":"Pencil"}]},"ljwepbmerb":{"type":"line","id":"ljwepbmerb","color":"#008000","size":10,"tool":"Pencil","time":1559465215255,"_children":[{"type":"child","parent":"ljwepbmerb","x":1045,"y":619,"tool":"Pencil"},{"type":"child","parent":"ljwepbmerb","x":1047,"y":619,"tool":"Pencil"}]},"ljwepbnopr":{"type":"line","id":"ljwepbnopr","color":"#008000","size":10,"tool":"Pencil","time":1559465216909,"_children":[{"type":"child","parent":"ljwepbnopr","x":907,"y":609,"tool":"Pencil"},{"type":"child","parent":"ljwepbnopr","x":907,"y":609,"tool":"Pencil"}]},"ljwepbnuzb":{"type":"line","id":"ljwepbnuzb","color":"#008000","size":10,"tool":"Pencil","time":1559465217134,"_children":[{"type":"child","parent":"ljwepbnuzb","x":882,"y":608,"tool":"Pencil"},{"type":"child","parent":"ljwepbnuzb","x":882,"y":609,"tool":"Pencil"}]},"ljwepbo19h":{"type":"line","id":"ljwepbo19h","color":"#008000","size":10,"tool":"Pencil","time":1559465217361,"_children":[{"type":"child","parent":"ljwepbo19h","x":895,"y":632,"tool":"Pencil"},{"type":"child","parent":"ljwepbo19h","x":896,"y":633,"tool":"Pencil"}]},"ljwepbok2o":{"type":"line","id":"ljwepbok2o","color":"#008000","size":10,"tool":"Pencil","time":1559465218038,"_children":[{"type":"child","parent":"ljwepbok2o","x":871,"y":618,"tool":"Pencil"},{"type":"child","parent":"ljwepbok2o","x":871,"y":618,"tool":"Pencil"}]},"ljwepboqi8":{"type":"line","id":"ljwepboqi8","color":"#008000","size":10,"tool":"Pencil","time":1559465218269,"_children":[{"type":"child","parent":"ljwepboqi8","x":924,"y":610,"tool":"Pencil"},{"type":"child","parent":"ljwepboqi8","x":924,"y":610,"tool":"Pencil"}]},"ljwepboxn0":{"type":"line","id":"ljwepboxn0","color":"#008000","size":10,"tool":"Pencil","time":1559465218530,"_children":[{"type":"child","parent":"ljwepboxn0","x":921,"y":595,"tool":"Pencil"},{"type":"child","parent":"ljwepboxn0","x":902,"y":613,"tool":"Pencil"}]},"ljwepbp7m3":{"type":"line","id":"ljwepbp7m3","color":"#008000","size":10,"tool":"Pencil","time":1559465218887,"_children":[{"type":"child","parent":"ljwepbp7m3","x":897,"y":598,"tool":"Pencil"},{"type":"child","parent":"ljwepbp7m3","x":895,"y":598,"tool":"Pencil"}]},"ljwepbpd410":{"type":"line","id":"ljwepbpd410","color":"#008000","size":10,"tool":"Pencil","time":1559465219084,"_children":[{"type":"child","parent":"ljwepbpd410","x":861,"y":604,"tool":"Pencil"},{"type":"child","parent":"ljwepbpd410","x":861,"y":605,"tool":"Pencil"}]},"ljwepbq0n5":{"type":"line","id":"ljwepbq0n5","color":"#008000","size":10,"tool":"Pencil","time":1559465219932,"_children":[{"type":"child","parent":"ljwepbq0n5","x":891,"y":622,"tool":"Pencil"},{"type":"child","parent":"ljwepbq0n5","x":891,"y":622,"tool":"Pencil"}]},"ljwepbq71t":{"type":"line","id":"ljwepbq71t","color":"#008000","size":10,"tool":"Pencil","time":1559465220161,"_children":[{"type":"child","parent":"ljwepbq71t","x":862,"y":630,"tool":"Pencil"},{"type":"child","parent":"ljwepbq71t","x":862,"y":630,"tool":"Pencil"}]},"ljwepbqd8r":{"type":"line","id":"ljwepbqd8r","color":"#008000","size":10,"tool":"Pencil","time":1559465220384,"_children":[{"type":"child","parent":"ljwepbqd8r","x":854,"y":629,"tool":"Pencil"}]},"ljwepe4n9s":{"type":"line","id":"ljwepe4n9s","color":"#ff851b","size":5,"tool":"Pencil","time":1559465339274,"_children":[{"type":"child","parent":"ljwepe4n9s","x":2723.3,"y":1653.3,"tool":"Pencil"},{"type":"child","parent":"ljwepe4n9s","x":2750,"y":1771.7,"tool":"Pencil"},{"type":"child","parent":"ljwepe4n9s","x":2766.7,"y":1858.3,"tool":"Pencil"}]},"ljwepe4zo8":{"type":"line","id":"ljwepe4zo8","color":"#ff851b","size":5,"tool":"Pencil","time":1559465339722,"_children":[{"type":"child","parent":"ljwepe4zo8","x":2940,"y":1678.3,"tool":"Pencil"},{"type":"child","parent":"ljwepe4zo8","x":2958.3,"y":1686.7,"tool":"Pencil"},{"type":"child","parent":"ljwepe4zo8","x":3060,"y":1725,"tool":"Pencil"},{"type":"child","parent":"ljwepe4zo8","x":2855,"y":1738.3,"tool":"Pencil"},{"type":"child","parent":"ljwepe4zo8","x":2676.7,"y":1723.3,"tool":"Pencil"}]},"ljwepe5eac":{"type":"line","id":"ljwepe5eac","color":"#ff851b","size":5,"tool":"Pencil","time":1559465340247,"_children":[{"type":"child","parent":"ljwepe5eac","x":2771.7,"y":1736.7,"tool":"Pencil"},{"type":"child","parent":"ljwepe5eac","x":2731.7,"y":1810,"tool":"Pencil"},{"type":"child","parent":"ljwepe5eac","x":2460,"y":1843.3,"tool":"Pencil"}]},"ljwepe5ne4":{"type":"line","id":"ljwepe5ne4","color":"#ff851b","size":5,"tool":"Pencil","time":1559465340576,"_children":[{"type":"child","parent":"ljwepe5ne4","x":2858.3,"y":1788.3,"tool":"Pencil"},{"type":"child","parent":"ljwepe5ne4","x":2733.3,"y":1735,"tool":"Pencil"}]},"ljwepe5wk4":{"type":"line","id":"ljwepe5wk4","color":"#ff851b","size":5,"tool":"Pencil","time":1559465340904,"_children":[{"type":"child","parent":"ljwepe5wk4","x":2743.3,"y":1800,"tool":"Pencil"},{"type":"child","parent":"ljwepe5wk4","x":2511.7,"y":1823.3,"tool":"Pencil"}]},"ljwepe60pr":{"type":"line","id":"ljwepe60pr","color":"#ff851b","size":5,"tool":"Pencil","time":1559465341052,"_children":[{"type":"child","parent":"ljwepe60pr","x":2443.3,"y":1851.7,"tool":"Pencil"}]},"ljwepe65q8":{"type":"line","id":"ljwepe65q8","color":"#ff851b","size":5,"tool":"Pencil","time":1559465341236,"_children":[{"type":"child","parent":"ljwepe65q8","x":2551.7,"y":1750,"tool":"Pencil"},{"type":"child","parent":"ljwepe65q8","x":2750,"y":1811.7,"tool":"Pencil"}]},"ljwepeqz45":{"type":"line","id":"ljwepeqz45","color":"#400000","size":8,"tool":"Pencil","time":1559465368212,"_children":[{"type":"child","parent":"ljwepeqz45","x":2061.7,"y":1938.3,"tool":"Pencil"},{"type":"child","parent":"ljwepeqz45","x":2071.7,"y":1936.7,"tool":"Pencil"},{"type":"child","parent":"ljwepeqz45","x":2466.7,"y":2008.3,"tool":"Pencil"},{"type":"child","parent":"ljwepeqz45","x":2463.3,"y":2021.7,"tool":"Pencil"},{"type":"child","parent":"ljwepeqz45","x":2251.7,"y":2031.7,"tool":"Pencil"},{"type":"child","parent":"ljwepeqz45","x":2330,"y":2040,"tool":"Pencil"},{"type":"child","parent":"ljwepeqz45","x":2456.7,"y":2066.7,"tool":"Pencil"},{"type":"child","parent":"ljwepeqz45","x":2423.3,"y":2093.3,"tool":"Pencil"},{"type":"child","parent":"ljwepeqz45","x":2423.3,"y":2100,"tool":"Pencil"},{"type":"child","parent":"ljwepeqz45","x":2456.7,"y":2126.7,"tool":"Pencil"},{"type":"child","parent":"ljwepeqz45","x":2456.7,"y":2126.7,"tool":"Pencil"}]},"ljwepez4rw":{"type":"line","id":"ljwepez4rw","color":"#400000","size":37,"opacity":0.6,"tool":"Pencil","time":1559465378783,"_children":[{"type":"child","parent":"ljwepez4rw","x":2318.3,"y":1913.3,"tool":"Pencil"},{"type":"child","parent":"ljwepez4rw","x":2316.7,"y":1915,"tool":"Pencil"},{"type":"child","parent":"ljwepez4rw","x":2306.7,"y":2046.7,"tool":"Pencil"},{"type":"child","parent":"ljwepez4rw","x":2320,"y":2060,"tool":"Pencil"},{"type":"child","parent":"ljwepez4rw","x":2488.3,"y":2078.3,"tool":"Pencil"},{"type":"child","parent":"ljwepez4rw","x":2510,"y":2081.7,"tool":"Pencil"},{"type":"child","parent":"ljwepez4rw","x":2511.7,"y":2083.3,"tool":"Pencil"},{"type":"child","parent":"ljwepez4rw","x":2513.3,"y":2085,"tool":"Pencil"}]},"ljwepezz40":{"type":"line","id":"ljwepezz40","color":"#400000","size":37,"opacity":0.6,"tool":"Pencil","time":1559465379876,"_children":[{"type":"child","parent":"ljwepezz40","x":2533.3,"y":2015,"tool":"Pencil"},{"type":"child","parent":"ljwepezz40","x":2535,"y":2020,"tool":"Pencil"},{"type":"child","parent":"ljwepezz40","x":2578.3,"y":2106.7,"tool":"Pencil"},{"type":"child","parent":"ljwepezz40","x":2678.3,"y":2155,"tool":"Pencil"},{"type":"child","parent":"ljwepezz40","x":2773.3,"y":2180,"tool":"Pencil"},{"type":"child","parent":"ljwepezz40","x":2901.7,"y":2203.3,"tool":"Pencil"},{"type":"child","parent":"ljwepezz40","x":2908.3,"y":2203.3,"tool":"Pencil"}]},"ljwepf0t7b":{"type":"line","id":"ljwepf0t7b","color":"#400000","size":37,"opacity":0.6,"tool":"Pencil","time":1559465380958,"_children":[{"type":"child","parent":"ljwepf0t7b","x":2686.7,"y":2080,"tool":"Pencil"},{"type":"child","parent":"ljwepf0t7b","x":2686.7,"y":2081.7,"tool":"Pencil"},{"type":"child","parent":"ljwepf0t7b","x":2688.3,"y":2135,"tool":"Pencil"},{"type":"child","parent":"ljwepf0t7b","x":2690,"y":2143.3,"tool":"Pencil"},{"type":"child","parent":"ljwepf0t7b","x":2696.7,"y":2146.7,"tool":"Pencil"},{"type":"child","parent":"ljwepf0t7b","x":2695,"y":2150,"tool":"Pencil"}]},"tjwepffwjw":{"type":"new","id":"tjwepffwjw","color":"#400000","size":50,"opacity":0.6,"x":1523.8,"y":1366.8,"tool":"Text","time":1559465400520},"rjwepfi4b3":{"type":"rect","id":"rjwepfi4b3","color":"#400000","size":37,"opacity":0.6,"x":1677.8711484593837,"y":1291.3165266106441,"x2":3030.8123249299715,"y2":2092.436974789916,"tool":"Rectangle","time":1559465403391},"sjwepfkcwv":{"type":"straight","id":"sjwepfkcwv","color":"#400000","size":37,"opacity":0.6,"x":1932.8,"y":1616.2,"tool":"Straight line","time":1559465406293,"x2":2935.5742296918766,"y2":2137.254901960784},"sjwepfkybf":{"type":"straight","id":"sjwepfkybf","color":"#400000","size":37,"opacity":0.6,"x":2473.4,"y":1574.2,"tool":"Straight line","time":1559465407063,"x2":2495.798319327731,"y2":2218.487394957983},"sjwepflkt9":{"type":"straight","id":"sjwepflkt9","color":"#400000","size":37,"opacity":0.6,"x":3574.2,"y":1425.8,"tool":"Straight line","time":1559465407874,"x2":2481.7927170868343,"y2":2201.6806722689075},"sjwepfmqa3":{"type":"straight","id":"sjwepfmqa3","color":"#400000","size":37,"opacity":0.6,"x":1372.5,"y":1571.4,"tool":"Straight line","time":1559465409368,"x2":3406.162464985994,"y2":1397.7591036414565},"ljwepfsdau":{"type":"line","id":"ljwepfsdau","color":"#400000","size":37,"opacity":0.6,"tool":"Pencil","time":1559465416674,"_children":[{"type":"child","parent":"ljwepfsdau","x":1969.2,"y":1154.1,"tool":"Pencil"},{"type":"child","parent":"ljwepfsdau","x":1977.6,"y":1156.9,"tool":"Pencil"},{"type":"child","parent":"ljwepfsdau","x":2358.5,"y":1187.7,"tool":"Pencil"},{"type":"child","parent":"ljwepfsdau","x":2411.8,"y":1176.5,"tool":"Pencil"},{"type":"child","parent":"ljwepfsdau","x":2630.3,"y":1215.7,"tool":"Pencil"},{"type":"child","parent":"ljwepfsdau","x":2739.5,"y":1288.5,"tool":"Pencil"},{"type":"child","parent":"ljwepfsdau","x":2837.5,"y":1403.4,"tool":"Pencil"},{"type":"child","parent":"ljwepfsdau","x":2888,"y":1577,"tool":"Pencil"},{"type":"child","parent":"ljwepfsdau","x":2899.2,"y":1717.1,"tool":"Pencil"},{"type":"child","parent":"ljwepfsdau","x":2910.4,"y":1859.9,"tool":"Pencil"},{"type":"child","parent":"ljwepfsdau","x":2941.2,"y":1921.6,"tool":"Pencil"}]},"ljwepftio7":{"type":"line","id":"ljwepftio7","color":"#400000","size":37,"opacity":0.6,"tool":"Pencil","time":1559465418166,"_children":[{"type":"child","parent":"ljwepftio7","x":3310.9,"y":1409,"tool":"Pencil"},{"type":"child","parent":"ljwepftio7","x":3313.7,"y":1409,"tool":"Pencil"},{"type":"child","parent":"ljwepftio7","x":3375.4,"y":1593.8,"tool":"Pencil"},{"type":"child","parent":"ljwepftio7","x":3549,"y":1902,"tool":"Pencil"},{"type":"child","parent":"ljwepftio7","x":3711.5,"y":2095.2,"tool":"Pencil"},{"type":"child","parent":"ljwepftio7","x":3798.3,"y":2184.9,"tool":"Pencil"},{"type":"child","parent":"ljwepftio7","x":3801.1,"y":2187.7,"tool":"Pencil"}]},"ljwepfu58j":{"type":"line","id":"ljwepfu58j","color":"#400000","size":37,"opacity":0.6,"tool":"Pencil","time":1559465418976,"_children":[{"type":"child","parent":"ljwepfu58j","x":3817.9,"y":1582.6,"tool":"Pencil"},{"type":"child","parent":"ljwepfu58j","x":3812.3,"y":1588.2,"tool":"Pencil"},{"type":"child","parent":"ljwepfu58j","x":3498.6,"y":1714.3,"tool":"Pencil"},{"type":"child","parent":"ljwepfu58j","x":3277.3,"y":1823.5,"tool":"Pencil"},{"type":"child","parent":"ljwepfu58j","x":3148.5,"y":1862.7,"tool":"Pencil"},{"type":"child","parent":"ljwepfu58j","x":3120.4,"y":1868.3,"tool":"Pencil"}]}}