{"ljp3ta8jz4":{"type":"line","id":"ljp3ta8jz4","color":"#1913B0","size":10,"tool":"Pencil","_children":[{"type":"child","parent":"ljp3ta8jz4","x":560,"y":218,"tool":"Pencil"}]},"ljp3taibck":{"type":"line","id":"ljp3taibck","color":"#1913b0","size":10,"tool":"Pencil","_children":[{"type":"child","parent":"ljp3taibck","x":168,"y":70,"tool":"Pencil"},{"type":"child","parent":"ljp3taibck","x":204,"y":67,"tool":"Pencil"},{"type":"child","parent":"ljp3taibck","x":234,"y":74,"tool":"Pencil"},{"type":"child","parent":"ljp3taibck","x":272,"y":94,"tool":"Pencil"},{"type":"child","parent":"ljp3taibck","x":289,"y":118,"tool":"Pencil"},{"type":"child","parent":"ljp3taibck","x":316,"y":148,"tool":"Pencil"},{"type":"child","parent":"ljp3taibck","x":361,"y":177,"tool":"Pencil"},{"type":"child","parent":"ljp3taibck","x":394,"y":186,"tool":"Pencil"},{"type":"child","parent":"ljp3taibck","x":442,"y":199,"tool":"Pencil"},{"type":"child","parent":"ljp3taibck","x":473,"y":202,"tool":"Pencil"},{"type":"child","parent":"ljp3taibck","x":515,"y":195,"tool":"Pencil"},{"type":"child","parent":"ljp3taibck","x":534,"y":157,"tool":"Pencil"},{"type":"child","parent":"ljp3taibck","x":538,"y":136,"tool":"Pencil"},{"type":"child","parent":"ljp3taibck","x":526,"y":93,"tool":"Pencil"},{"type":"child","parent":"ljp3taibck","x":521,"y":82,"tool":"Pencil"},{"type":"child","parent":"ljp3taibck","x":497,"y":74,"tool":"Pencil"},{"type":"child","parent":"ljp3taibck","x":487,"y":73,"tool":"Pencil"},{"type":"child","parent":"ljp3taibck","x":458,"y":86,"tool":"Pencil"},{"type":"child","parent":"ljp3taibck","x":448,"y":90,"tool":"Pencil"},{"type":"child","parent":"ljp3taibck","x":413,"y":90,"tool":"Pencil"},{"type":"child","parent":"ljp3taibck","x":382,"y":79,"tool":"Pencil"},{"type":"child","parent":"ljp3taibck","x":368,"y":65,"tool":"Pencil"},{"type":"child","parent":"ljp3taibck","x":354,"y":36,"tool":"Pencil"},{"type":"child","parent":"ljp3taibck","x":348,"y":13,"tool":"Pencil"}]}}