{"ljuwl1kjn6":{"type":"line","id":"ljuwl1kjn6","color":"#2ecc40","size":10,"tool":"Pencil","time":1556192862708,"_children":[{"type":"child","parent":"ljuwl1kjn6","x":315,"y":150,"tool":"Pencil"},{"type":"child","parent":"ljuwl1kjn6","x":311,"y":189,"tool":"Pencil"},{"type":"child","parent":"ljuwl1kjn6","x":311,"y":204,"tool":"Pencil"},{"type":"child","parent":"ljuwl1kjn6","x":311,"y":204,"tool":"Pencil"},{"type":"child","parent":"ljuwl1kjn6","x":311,"y":205,"tool":"Pencil"},{"type":"child","parent":"ljuwl1kjn6","x":426,"y":211,"tool":"Pencil"},{"type":"child","parent":"ljuwl1kjn6","x":516,"y":215,"tool":"Pencil"},{"type":"child","parent":"ljuwl1kjn6","x":550,"y":207,"tool":"Pencil"},{"type":"child","parent":"ljuwl1kjn6","x":566,"y":207,"tool":"Pencil"},{"type":"child","parent":"ljuwl1kjn6","x":583,"y":207,"tool":"Pencil"},{"type":"child","parent":"ljuwl1kjn6","x":646,"y":207,"tool":"Pencil"},{"type":"child","parent":"ljuwl1kjn6","x":662,"y":207,"tool":"Pencil"},{"type":"child","parent":"ljuwl1kjn6","x":668,"y":207,"tool":"Pencil"},{"type":"child","parent":"ljuwl1kjn6","x":811,"y":207,"tool":"Pencil"},{"type":"child","parent":"ljuwl1kjn6","x":837,"y":207,"tool":"Pencil"},{"type":"child","parent":"ljuwl1kjn6","x":840,"y":206,"tool":"Pencil"},{"type":"child","parent":"ljuwl1kjn6","x":838,"y":147,"tool":"Pencil"},{"type":"child","parent":"ljuwl1kjn6","x":834,"y":137,"tool":"Pencil"},{"type":"child","parent":"ljuwl1kjn6","x":833,"y":134,"tool":"Pencil"},{"type":"child","parent":"ljuwl1kjn6","x":833,"y":133,"tool":"Pencil"},{"type":"child","parent":"ljuwl1kjn6","x":827,"y":133,"tool":"Pencil"},{"type":"child","parent":"ljuwl1kjn6","x":783,"y":136,"tool":"Pencil"},{"type":"child","parent":"ljuwl1kjn6","x":727,"y":136,"tool":"Pencil"},{"type":"child","parent":"ljuwl1kjn6","x":665,"y":136,"tool":"Pencil"},{"type":"child","parent":"ljuwl1kjn6","x":636,"y":136,"tool":"Pencil"},{"type":"child","parent":"ljuwl1kjn6","x":452,"y":130,"tool":"Pencil"},{"type":"child","parent":"ljuwl1kjn6","x":340,"y":127,"tool":"Pencil"},{"type":"child","parent":"ljuwl1kjn6","x":323,"y":126,"tool":"Pencil"},{"type":"child","parent":"ljuwl1kjn6","x":317,"y":126,"tool":"Pencil"},{"type":"child","parent":"ljuwl1kjn6","x":308,"y":126,"tool":"Pencil"},{"type":"child","parent":"ljuwl1kjn6","x":308,"y":127,"tool":"Pencil"},{"type":"child","parent":"ljuwl1kjn6","x":310,"y":138,"tool":"Pencil"},{"type":"child","parent":"ljuwl1kjn6","x":311,"y":143,"tool":"Pencil"},{"type":"child","parent":"ljuwl1kjn6","x":312,"y":146,"tool":"Pencil"},{"type":"child","parent":"ljuwl1kjn6","x":312,"y":146,"tool":"Pencil"}]},"ljuwl1zsnu":{"type":"line","id":"ljuwl1zsnu","color":"#2ecc40","size":10,"tool":"Pencil","time":1556192870598,"_children":[{"type":"child","parent":"ljuwl1zsnu","x":541,"y":136,"tool":"Pencil"},{"type":"child","parent":"ljuwl1zsnu","x":534,"y":166,"tool":"Pencil"},{"type":"child","parent":"ljuwl1zsnu","x":532,"y":203,"tool":"Pencil"},{"type":"child","parent":"ljuwl1zsnu","x":532,"y":215,"tool":"Pencil"},{"type":"child","parent":"ljuwl1zsnu","x":533,"y":215,"tool":"Pencil"},{"type":"child","parent":"ljuwl1zsnu","x":567,"y":212,"tool":"Pencil"},{"type":"child","parent":"ljuwl1zsnu","x":583,"y":211,"tool":"Pencil"},{"type":"child","parent":"ljuwl1zsnu","x":591,"y":207,"tool":"Pencil"},{"type":"child","parent":"ljuwl1zsnu","x":595,"y":205,"tool":"Pencil"},{"type":"child","parent":"ljuwl1zsnu","x":595,"y":204,"tool":"Pencil"},{"type":"child","parent":"ljuwl1zsnu","x":595,"y":167,"tool":"Pencil"},{"type":"child","parent":"ljuwl1zsnu","x":593,"y":146,"tool":"Pencil"},{"type":"child","parent":"ljuwl1zsnu","x":593,"y":141,"tool":"Pencil"},{"type":"child","parent":"ljuwl1zsnu","x":593,"y":140,"tool":"Pencil"},{"type":"child","parent":"ljuwl1zsnu","x":593,"y":139,"tool":"Pencil"}]},"ljuwl21lle":{"type":"line","id":"ljuwl21lle","color":"#2ecc40","size":10,"tool":"Pencil","time":1556192872930,"_children":[{"type":"child","parent":"ljuwl21lle","x":566,"y":219,"tool":"Pencil"},{"type":"child","parent":"ljuwl21lle","x":566,"y":286,"tool":"Pencil"},{"type":"child","parent":"ljuwl21lle","x":566,"y":305,"tool":"Pencil"},{"type":"child","parent":"ljuwl21lle","x":566,"y":305,"tool":"Pencil"}]},"ljuwl22d5a":{"type":"line","id":"ljuwl22d5a","color":"#2ecc40","size":10,"tool":"Pencil","time":1556192873914,"_children":[{"type":"child","parent":"ljuwl22d5a","x":547,"y":236,"tool":"Pencil"},{"type":"child","parent":"ljuwl22d5a","x":556,"y":222,"tool":"Pencil"},{"type":"child","parent":"ljuwl22d5a","x":560,"y":218,"tool":"Pencil"},{"type":"child","parent":"ljuwl22d5a","x":562,"y":217,"tool":"Pencil"},{"type":"child","parent":"ljuwl22d5a","x":565,"y":216,"tool":"Pencil"},{"type":"child","parent":"ljuwl22d5a","x":583,"y":230,"tool":"Pencil"},{"type":"child","parent":"ljuwl22d5a","x":597,"y":251,"tool":"Pencil"},{"type":"child","parent":"ljuwl22d5a","x":597,"y":252,"tool":"Pencil"}]},"tjuwl25miy":{"type":"new","id":"tjuwl25miy","color":"#2ecc40","size":27,"x":481,"y":355.5,"tool":"Text","time":1556192878142,"txt":"pivot"},"tjuwl27cor":{"type":"new","id":"tjuwl27cor","color":"#2ecc40","size":27,"x":539,"y":403.5,"tool":"Text","time":1556192880389,"txt":""},"ljuwl2iwrx":{"type":"line","id":"ljuwl2iwrx","color":"#ff4136","size":10,"tool":"Pencil","time":1556192895353,"_children":[{"type":"child","parent":"ljuwl2iwrx","x":363,"y":135,"tool":"Pencil"},{"type":"child","parent":"ljuwl2iwrx","x":364,"y":150,"tool":"Pencil"},{"type":"child","parent":"ljuwl2iwrx","x":361,"y":178,"tool":"Pencil"},{"type":"child","parent":"ljuwl2iwrx","x":359,"y":195,"tool":"Pencil"},{"type":"child","parent":"ljuwl2iwrx","x":359,"y":203,"tool":"Pencil"}]},"ljuwl2jxw7":{"type":"line","id":"ljuwl2jxw7","color":"#ff4136","size":10,"tool":"Pencil","time":1556192896690,"_children":[{"type":"child","parent":"ljuwl2jxw7","x":431,"y":137,"tool":"Pencil"},{"type":"child","parent":"ljuwl2jxw7","x":434,"y":160,"tool":"Pencil"},{"type":"child","parent":"ljuwl2jxw7","x":436,"y":182,"tool":"Pencil"},{"type":"child","parent":"ljuwl2jxw7","x":437,"y":195,"tool":"Pencil"},{"type":"child","parent":"ljuwl2jxw7","x":437,"y":203,"tool":"Pencil"},{"type":"child","parent":"ljuwl2jxw7","x":437,"y":212,"tool":"Pencil"}]},"ljuwl2kqru":{"type":"line","id":"ljuwl2kqru","color":"#ff4136","size":10,"tool":"Pencil","time":1556192897728,"_children":[{"type":"child","parent":"ljuwl2kqru","x":488,"y":145,"tool":"Pencil"},{"type":"child","parent":"ljuwl2kqru","x":491,"y":161,"tool":"Pencil"},{"type":"child","parent":"ljuwl2kqru","x":494,"y":196,"tool":"Pencil"},{"type":"child","parent":"ljuwl2kqru","x":494,"y":214,"tool":"Pencil"}]},"ljuwl2llpo":{"type":"line","id":"ljuwl2llpo","color":"#ff4136","size":10,"tool":"Pencil","time":1556192898842,"_children":[{"type":"child","parent":"ljuwl2llpo","x":649,"y":145,"tool":"Pencil"},{"type":"child","parent":"ljuwl2llpo","x":650,"y":145,"tool":"Pencil"},{"type":"child","parent":"ljuwl2llpo","x":651,"y":176,"tool":"Pencil"},{"type":"child","parent":"ljuwl2llpo","x":650,"y":189,"tool":"Pencil"},{"type":"child","parent":"ljuwl2llpo","x":647,"y":195,"tool":"Pencil"}]},"ljuwl2mjl1":{"type":"line","id":"ljuwl2mjl1","color":"#ff4136","size":10,"tool":"Pencil","time":1556192900063,"_children":[{"type":"child","parent":"ljuwl2mjl1","x":698,"y":140,"tool":"Pencil"},{"type":"child","parent":"ljuwl2mjl1","x":701,"y":163,"tool":"Pencil"},{"type":"child","parent":"ljuwl2mjl1","x":702,"y":177,"tool":"Pencil"},{"type":"child","parent":"ljuwl2mjl1","x":702,"y":182,"tool":"Pencil"},{"type":"child","parent":"ljuwl2mjl1","x":702,"y":183,"tool":"Pencil"}]},"ljuwl2nh0w":{"type":"line","id":"ljuwl2nh0w","color":"#ff4136","size":10,"tool":"Pencil","time":1556192901265,"_children":[{"type":"child","parent":"ljuwl2nh0w","x":759,"y":149,"tool":"Pencil"},{"type":"child","parent":"ljuwl2nh0w","x":759,"y":164,"tool":"Pencil"},{"type":"child","parent":"ljuwl2nh0w","x":759,"y":181,"tool":"Pencil"},{"type":"child","parent":"ljuwl2nh0w","x":759,"y":188,"tool":"Pencil"},{"type":"child","parent":"ljuwl2nh0w","x":759,"y":189,"tool":"Pencil"}]},"ljuwl2vjgy":{"type":"line","id":"ljuwl2vjgy","color":"#ff4136","size":10,"tool":"Pencil","time":1556192911724,"_children":[{"type":"child","parent":"ljuwl2vjgy","x":615,"y":218,"tool":"Pencil"},{"type":"child","parent":"ljuwl2vjgy","x":614,"y":224,"tool":"Pencil"},{"type":"child","parent":"ljuwl2vjgy","x":611,"y":241,"tool":"Pencil"},{"type":"child","parent":"ljuwl2vjgy","x":611,"y":241,"tool":"Pencil"}]},"ljuwl3crfl":{"type":"line","id":"ljuwl3crfl","color":"#ff4136","size":10,"tool":"Pencil","time":1556192934040,"_children":[{"type":"child","parent":"ljuwl3crfl","x":611,"y":231,"tool":"Pencil"},{"type":"child","parent":"ljuwl3crfl","x":612,"y":235,"tool":"Pencil"},{"type":"child","parent":"ljuwl3crfl","x":612,"y":240,"tool":"Pencil"},{"type":"child","parent":"ljuwl3crfl","x":606,"y":249,"tool":"Pencil"},{"type":"child","parent":"ljuwl3crfl","x":595,"y":257,"tool":"Pencil"},{"type":"child","parent":"ljuwl3crfl","x":584,"y":263,"tool":"Pencil"},{"type":"child","parent":"ljuwl3crfl","x":565,"y":264,"tool":"Pencil"},{"type":"child","parent":"ljuwl3crfl","x":544,"y":259,"tool":"Pencil"},{"type":"child","parent":"ljuwl3crfl","x":529,"y":257,"tool":"Pencil"},{"type":"child","parent":"ljuwl3crfl","x":526,"y":251,"tool":"Pencil"},{"type":"child","parent":"ljuwl3crfl","x":525,"y":242,"tool":"Pencil"},{"type":"child","parent":"ljuwl3crfl","x":525,"y":238,"tool":"Pencil"},{"type":"child","parent":"ljuwl3crfl","x":524,"y":234,"tool":"Pencil"},{"type":"child","parent":"ljuwl3crfl","x":524,"y":229,"tool":"Pencil"},{"type":"child","parent":"ljuwl3crfl","x":524,"y":229,"tool":"Pencil"}]},"ljuwl3ee5i":{"type":"line","id":"ljuwl3ee5i","color":"#ff4136","size":10,"tool":"Pencil","time":1556192936155,"_children":[{"type":"child","parent":"ljuwl3ee5i","x":521,"y":227,"tool":"Pencil"},{"type":"child","parent":"ljuwl3ee5i","x":515,"y":239,"tool":"Pencil"},{"type":"child","parent":"ljuwl3ee5i","x":511,"y":250,"tool":"Pencil"},{"type":"child","parent":"ljuwl3ee5i","x":507,"y":255,"tool":"Pencil"},{"type":"child","parent":"ljuwl3ee5i","x":503,"y":258,"tool":"Pencil"},{"type":"child","parent":"ljuwl3ee5i","x":498,"y":261,"tool":"Pencil"},{"type":"child","parent":"ljuwl3ee5i","x":496,"y":262,"tool":"Pencil"}]},"ljuwl3fx7x":{"type":"line","id":"ljuwl3fx7x","color":"#ff4136","size":10,"tool":"Pencil","time":1556192938139,"_children":[{"type":"child","parent":"ljuwl3fx7x","x":522,"y":224,"tool":"Pencil"},{"type":"child","parent":"ljuwl3fx7x","x":529,"y":234,"tool":"Pencil"},{"type":"child","parent":"ljuwl3fx7x","x":533,"y":240,"tool":"Pencil"},{"type":"child","parent":"ljuwl3fx7x","x":537,"y":241,"tool":"Pencil"},{"type":"child","parent":"ljuwl3fx7x","x":540,"y":242,"tool":"Pencil"},{"type":"child","parent":"ljuwl3fx7x","x":541,"y":242,"tool":"Pencil"},{"type":"child","parent":"ljuwl3fx7x","x":543,"y":243,"tool":"Pencil"},{"type":"child","parent":"ljuwl3fx7x","x":543,"y":243,"tool":"Pencil"}]},"ljuwl4050m":{"type":"line","id":"ljuwl4050m","color":"#2ecc40","size":10,"tool":"Pencil","time":1556192964347,"_children":[{"type":"child","parent":"ljuwl4050m","x":304,"y":443,"tool":"Pencil"},{"type":"child","parent":"ljuwl4050m","x":304,"y":489,"tool":"Pencil"},{"type":"child","parent":"ljuwl4050m","x":304,"y":569,"tool":"Pencil"},{"type":"child","parent":"ljuwl4050m","x":304,"y":574,"tool":"Pencil"},{"type":"child","parent":"ljuwl4050m","x":304,"y":580,"tool":"Pencil"},{"type":"child","parent":"ljuwl4050m","x":308,"y":580,"tool":"Pencil"},{"type":"child","parent":"ljuwl4050m","x":468,"y":580,"tool":"Pencil"},{"type":"child","parent":"ljuwl4050m","x":603,"y":580,"tool":"Pencil"},{"type":"child","parent":"ljuwl4050m","x":658,"y":580,"tool":"Pencil"},{"type":"child","parent":"ljuwl4050m","x":951,"y":580,"tool":"Pencil"},{"type":"child","parent":"ljuwl4050m","x":1040,"y":579,"tool":"Pencil"},{"type":"child","parent":"ljuwl4050m","x":1048,"y":576,"tool":"Pencil"},{"type":"child","parent":"ljuwl4050m","x":1053,"y":576,"tool":"Pencil"},{"type":"child","parent":"ljuwl4050m","x":1053,"y":571,"tool":"Pencil"},{"type":"child","parent":"ljuwl4050m","x":1036,"y":439,"tool":"Pencil"},{"type":"child","parent":"ljuwl4050m","x":1034,"y":419,"tool":"Pencil"},{"type":"child","parent":"ljuwl4050m","x":1035,"y":408,"tool":"Pencil"},{"type":"child","parent":"ljuwl4050m","x":1015,"y":408,"tool":"Pencil"},{"type":"child","parent":"ljuwl4050m","x":860,"y":434,"tool":"Pencil"},{"type":"child","parent":"ljuwl4050m","x":756,"y":434,"tool":"Pencil"},{"type":"child","parent":"ljuwl4050m","x":727,"y":438,"tool":"Pencil"},{"type":"child","parent":"ljuwl4050m","x":566,"y":450,"tool":"Pencil"},{"type":"child","parent":"ljuwl4050m","x":467,"y":460,"tool":"Pencil"},{"type":"child","parent":"ljuwl4050m","x":418,"y":461,"tool":"Pencil"},{"type":"child","parent":"ljuwl4050m","x":396,"y":461,"tool":"Pencil"},{"type":"child","parent":"ljuwl4050m","x":374,"y":453,"tool":"Pencil"},{"type":"child","parent":"ljuwl4050m","x":353,"y":450,"tool":"Pencil"},{"type":"child","parent":"ljuwl4050m","x":335,"y":447,"tool":"Pencil"},{"type":"child","parent":"ljuwl4050m","x":330,"y":447,"tool":"Pencil"},{"type":"child","parent":"ljuwl4050m","x":323,"y":445,"tool":"Pencil"},{"type":"child","parent":"ljuwl4050m","x":315,"y":445,"tool":"Pencil"},{"type":"child","parent":"ljuwl4050m","x":311,"y":445,"tool":"Pencil"},{"type":"child","parent":"ljuwl4050m","x":310,"y":445,"tool":"Pencil"}]},"ljuwl435hq":{"type":"line","id":"ljuwl435hq","color":"#2ecc40","size":10,"tool":"Pencil","time":1556192968257,"_children":[{"type":"child","parent":"ljuwl435hq","x":542,"y":458,"tool":"Pencil"},{"type":"child","parent":"ljuwl435hq","x":542,"y":461,"tool":"Pencil"},{"type":"child","parent":"ljuwl435hq","x":542,"y":507,"tool":"Pencil"},{"type":"child","parent":"ljuwl435hq","x":542,"y":524,"tool":"Pencil"},{"type":"child","parent":"ljuwl435hq","x":542,"y":543,"tool":"Pencil"},{"type":"child","parent":"ljuwl435hq","x":542,"y":566,"tool":"Pencil"},{"type":"child","parent":"ljuwl435hq","x":542,"y":567,"tool":"Pencil"}]},"ljuwl44nrk":{"type":"line","id":"ljuwl44nrk","color":"#2ecc40","size":10,"tool":"Pencil","time":1556192970205,"_children":[{"type":"child","parent":"ljuwl44nrk","x":859,"y":438,"tool":"Pencil"},{"type":"child","parent":"ljuwl44nrk","x":859,"y":470,"tool":"Pencil"},{"type":"child","parent":"ljuwl44nrk","x":859,"y":513,"tool":"Pencil"},{"type":"child","parent":"ljuwl44nrk","x":859,"y":530,"tool":"Pencil"},{"type":"child","parent":"ljuwl44nrk","x":859,"y":556,"tool":"Pencil"},{"type":"child","parent":"ljuwl44nrk","x":859,"y":567,"tool":"Pencil"},{"type":"child","parent":"ljuwl44nrk","x":859,"y":572,"tool":"Pencil"},{"type":"child","parent":"ljuwl44nrk","x":859,"y":572,"tool":"Pencil"},{"type":"child","parent":"ljuwl44nrk","x":859,"y":572,"tool":"Pencil"}]},"tjuwl47x1x":{"type":"new","id":"tjuwl47x1x","color":"#2ecc40","size":27,"x":370,"y":514.5,"tool":"Text","time":1556192974424,"txt":"<p"},"tjuwl49qzj":{"type":"new","id":"tjuwl49qzj","color":"#2ecc40","size":27,"x":942,"y":503.5,"tool":"Text","time":1556192976802,"txt":""},"tjuwl4a51w":{"type":"new","id":"tjuwl4a51w","color":"#2ecc40","size":27,"x":904,"y":503.5,"tool":"Text","time":1556192977319,"txt":">=p"},"tjuwl4d0gz":{"type":"new","id":"tjuwl4d0gz","color":"#2ecc40","size":27,"x":659,"y":512.5,"tool":"Text","time":1556192981035,"txt":"pas trié"},"tjuwl4f0kb":{"type":"new","id":"tjuwl4f0kb","color":"#2ecc40","size":27,"x":890,"y":309.5,"tool":"Text","time":1556192983624,"txt":""},"ljuwl4i535":{"type":"line","id":"ljuwl4i535","color":"#2ecc40","size":10,"tool":"Pencil","time":1556192987685,"_children":[{"type":"child","parent":"ljuwl4i535","x":547,"y":524,"tool":"Pencil"},{"type":"child","parent":"ljuwl4i535","x":555,"y":524,"tool":"Pencil"},{"type":"child","parent":"ljuwl4i535","x":580,"y":524,"tool":"Pencil"},{"type":"child","parent":"ljuwl4i535","x":586,"y":524,"tool":"Pencil"}]},"ljuwl4iq8j":{"type":"line","id":"ljuwl4iq8j","color":"#2ecc40","size":10,"tool":"Pencil","time":1556192988435,"_children":[{"type":"child","parent":"ljuwl4iq8j","x":571,"y":503,"tool":"Pencil"},{"type":"child","parent":"ljuwl4iq8j","x":587,"y":504,"tool":"Pencil"},{"type":"child","parent":"ljuwl4iq8j","x":598,"y":514,"tool":"Pencil"},{"type":"child","parent":"ljuwl4iq8j","x":603,"y":521,"tool":"Pencil"},{"type":"child","parent":"ljuwl4iq8j","x":568,"y":548,"tool":"Pencil"},{"type":"child","parent":"ljuwl4iq8j","x":568,"y":548,"tool":"Pencil"}]},"ljuwl4k75d":{"type":"line","id":"ljuwl4k75d","color":"#2ecc40","size":10,"tool":"Pencil","time":1556192990344,"_children":[{"type":"child","parent":"ljuwl4k75d","x":855,"y":513,"tool":"Pencil"},{"type":"child","parent":"ljuwl4k75d","x":824,"y":513,"tool":"Pencil"},{"type":"child","parent":"ljuwl4k75d","x":806,"y":513,"tool":"Pencil"},{"type":"child","parent":"ljuwl4k75d","x":805,"y":513,"tool":"Pencil"}]},"ljuwl4kuoe":{"type":"line","id":"ljuwl4kuoe","color":"#2ecc40","size":10,"tool":"Pencil","time":1556192991184,"_children":[{"type":"child","parent":"ljuwl4kuoe","x":821,"y":497,"tool":"Pencil"},{"type":"child","parent":"ljuwl4kuoe","x":808,"y":499,"tool":"Pencil"},{"type":"child","parent":"ljuwl4kuoe","x":795,"y":507,"tool":"Pencil"},{"type":"child","parent":"ljuwl4kuoe","x":795,"y":509,"tool":"Pencil"},{"type":"child","parent":"ljuwl4kuoe","x":812,"y":530,"tool":"Pencil"},{"type":"child","parent":"ljuwl4kuoe","x":815,"y":535,"tool":"Pencil"},{"type":"child","parent":"ljuwl4kuoe","x":816,"y":535,"tool":"Pencil"}]}}