{"tjp322xqnn":{"type":"new","id":"tjp322xqnn","color":"#1913b0","size":27,"x":118,"y":267,"tool":"Text","txt":""},"ljp324ib5b":{"type":"line","id":"ljp324ib5b","color":"#1913b0","size":10,"tool":"Pencil","_children":[{"type":"child","parent":"ljp324ib5b","x":360,"y":366,"tool":"Pencil"},{"type":"child","parent":"ljp324ib5b","x":352,"y":383,"tool":"Pencil"},{"type":"child","parent":"ljp324ib5b","x":310,"y":447,"tool":"Pencil"},{"type":"child","parent":"ljp324ib5b","x":239,"y":451,"tool":"Pencil"},{"type":"child","parent":"ljp324ib5b","x":185,"y":393,"tool":"Pencil"},{"type":"child","parent":"ljp324ib5b","x":177,"y":393,"tool":"Pencil"},{"type":"child","parent":"ljp324ib5b","x":182,"y":466,"tool":"Pencil"},{"type":"child","parent":"ljp324ib5b","x":224,"y":547,"tool":"Pencil"},{"type":"child","parent":"ljp324ib5b","x":311,"y":544,"tool":"Pencil"},{"type":"child","parent":"ljp324ib5b","x":371,"y":477,"tool":"Pencil"},{"type":"child","parent":"ljp324ib5b","x":364,"y":407,"tool":"Pencil"}]}}