{"rk8hfgsmob":{"type":"rect","id":"rk8hfgsmob","color":"#B10DC9","size":10,"x":538,"y":164,"x2":538,"y2":164,"tool":"Rectangle","time":1585751443401},"rk8hfgtwyu":{"type":"rect","id":"rk8hfgtwyu","color":"#B10DC9","size":10,"x":523,"y":103,"x2":522,"y2":110,"tool":"Rectangle","time":1585751445060},"lk8hfh76b6":{"type":"line","id":"lk8hfh76b6","color":"#B10DC9","size":10,"tool":"Pencil","time":1585751462261,"_children":[{"type":"child","parent":"lk8hfh76b6","x":387,"y":55,"tool":"Pencil"},{"type":"child","parent":"lk8hfh76b6","x":388,"y":60,"tool":"Pencil"},{"type":"child","parent":"lk8hfh76b6","x":389,"y":90,"tool":"Pencil"},{"type":"child","parent":"lk8hfh76b6","x":392,"y":118,"tool":"Pencil"}]},"lk8hfh7m0m":{"type":"line","id":"lk8hfh7m0m","color":"#B10DC9","size":10,"tool":"Pencil","time":1585751462809,"_children":[{"type":"child","parent":"lk8hfh7m0m","x":341,"y":137,"tool":"Pencil"},{"type":"child","parent":"lk8hfh7m0m","x":353,"y":134,"tool":"Pencil"},{"type":"child","parent":"lk8hfh7m0m","x":395,"y":137,"tool":"Pencil"},{"type":"child","parent":"lk8hfh7m0m","x":436,"y":138,"tool":"Pencil"},{"type":"child","parent":"lk8hfh7m0m","x":443,"y":138,"tool":"Pencil"}]},"lk8hfh80sz":{"type":"line","id":"lk8hfh80sz","color":"#B10DC9","size":10,"tool":"Pencil","time":1585751463345,"_children":[{"type":"child","parent":"lk8hfh80sz","x":380,"y":165,"tool":"Pencil"},{"type":"child","parent":"lk8hfh80sz","x":380,"y":184,"tool":"Pencil"},{"type":"child","parent":"lk8hfh80sz","x":376,"y":202,"tool":"Pencil"},{"type":"child","parent":"lk8hfh80sz","x":389,"y":202,"tool":"Pencil"},{"type":"child","parent":"lk8hfh80sz","x":410,"y":199,"tool":"Pencil"},{"type":"child","parent":"lk8hfh80sz","x":417,"y":196,"tool":"Pencil"}]},"lk8hfh8g2d":{"type":"line","id":"lk8hfh8g2d","color":"#B10DC9","size":10,"tool":"Pencil","time":1585751463889,"_children":[{"type":"child","parent":"lk8hfh8g2d","x":417,"y":157,"tool":"Pencil"},{"type":"child","parent":"lk8hfh8g2d","x":415,"y":175,"tool":"Pencil"},{"type":"child","parent":"lk8hfh8g2d","x":415,"y":217,"tool":"Pencil"},{"type":"child","parent":"lk8hfh8g2d","x":415,"y":239,"tool":"Pencil"},{"type":"child","parent":"lk8hfh8g2d","x":416,"y":242,"tool":"Pencil"}]},"lk8hfh96xf":{"type":"line","id":"lk8hfh96xf","color":"#B10DC9","size":10,"tool":"Pencil","time":1585751464862,"_children":[{"type":"child","parent":"lk8hfh96xf","x":293,"y":374,"tool":"Pencil"},{"type":"child","parent":"lk8hfh96xf","x":292,"y":371,"tool":"Pencil"},{"type":"child","parent":"lk8hfh96xf","x":295,"y":401,"tool":"Pencil"},{"type":"child","parent":"lk8hfh96xf","x":296,"y":419,"tool":"Pencil"}]},"lk8hfh9ihb":{"type":"line","id":"lk8hfh9ihb","color":"#B10DC9","size":10,"tool":"Pencil","time":1585751465285,"_children":[{"type":"child","parent":"lk8hfh9ihb","x":274,"y":395,"tool":"Pencil"},{"type":"child","parent":"lk8hfh9ihb","x":280,"y":398,"tool":"Pencil"},{"type":"child","parent":"lk8hfh9ihb","x":304,"y":398,"tool":"Pencil"}]},"lk8hfha022":{"type":"line","id":"lk8hfha022","color":"#B10DC9","size":10,"tool":"Pencil","time":1585751465917,"_children":[{"type":"child","parent":"lk8hfha022","x":405,"y":315,"tool":"Pencil"},{"type":"child","parent":"lk8hfha022","x":406,"y":329,"tool":"Pencil"},{"type":"child","parent":"lk8hfha022","x":406,"y":360,"tool":"Pencil"}]},"lk8hfhabns":{"type":"line","id":"lk8hfhabns","color":"#B10DC9","size":10,"tool":"Pencil","time":1585751466328,"_children":[{"type":"child","parent":"lk8hfhabns","x":372,"y":394,"tool":"Pencil"},{"type":"child","parent":"lk8hfhabns","x":397,"y":391,"tool":"Pencil"},{"type":"child","parent":"lk8hfhabns","x":432,"y":391,"tool":"Pencil"},{"type":"child","parent":"lk8hfhabns","x":448,"y":394,"tool":"Pencil"}]},"lk8hfhapaw":{"type":"line","id":"lk8hfhapaw","color":"#B10DC9","size":10,"tool":"Pencil","time":1585751466821,"_children":[{"type":"child","parent":"lk8hfhapaw","x":406,"y":427,"tool":"Pencil"},{"type":"child","parent":"lk8hfhapaw","x":402,"y":446,"tool":"Pencil"},{"type":"child","parent":"lk8hfhapaw","x":402,"y":455,"tool":"Pencil"},{"type":"child","parent":"lk8hfhapaw","x":424,"y":455,"tool":"Pencil"},{"type":"child","parent":"lk8hfhapaw","x":439,"y":455,"tool":"Pencil"}]},"lk8hfhbo93":{"type":"line","id":"lk8hfhbo93","color":"#B10DC9","size":10,"tool":"Pencil","time":1585751468078,"_children":[{"type":"child","parent":"lk8hfhbo93","x":266,"y":538,"tool":"Pencil"},{"type":"child","parent":"lk8hfhbo93","x":259,"y":525,"tool":"Pencil"},{"type":"child","parent":"lk8hfhbo93","x":264,"y":518,"tool":"Pencil"},{"type":"child","parent":"lk8hfhbo93","x":309,"y":517,"tool":"Pencil"},{"type":"child","parent":"lk8hfhbo93","x":384,"y":517,"tool":"Pencil"},{"type":"child","parent":"lk8hfhbo93","x":465,"y":525,"tool":"Pencil"},{"type":"child","parent":"lk8hfhbo93","x":524,"y":529,"tool":"Pencil"},{"type":"child","parent":"lk8hfhbo93","x":544,"y":531,"tool":"Pencil"}]},"lk8hfhdtse":{"type":"line","id":"lk8hfhdtse","color":"#B10DC9","size":10,"tool":"Pencil","time":1585751470863,"_children":[{"type":"child","parent":"lk8hfhdtse","x":494,"y":540,"tool":"Pencil"},{"type":"child","parent":"lk8hfhdtse","x":474,"y":582,"tool":"Pencil"},{"type":"child","parent":"lk8hfhdtse","x":444,"y":639,"tool":"Pencil"}]},"lk8hfhec31":{"type":"line","id":"lk8hfhec31","color":"#B10DC9","size":10,"tool":"Pencil","time":1585751471526,"_children":[{"type":"child","parent":"lk8hfhec31","x":495,"y":600,"tool":"Pencil"},{"type":"child","parent":"lk8hfhec31","x":495,"y":616,"tool":"Pencil"},{"type":"child","parent":"lk8hfhec31","x":504,"y":624,"tool":"Pencil"},{"type":"child","parent":"lk8hfhec31","x":520,"y":623,"tool":"Pencil"}]},"lk8hfhenpa":{"type":"line","id":"lk8hfhenpa","color":"#B10DC9","size":10,"tool":"Pencil","time":1585751471938,"_children":[{"type":"child","parent":"lk8hfhenpa","x":518,"y":590,"tool":"Pencil"},{"type":"child","parent":"lk8hfhenpa","x":519,"y":630,"tool":"Pencil"},{"type":"child","parent":"lk8hfhenpa","x":521,"y":658,"tool":"Pencil"}]}}