{"lk4s9nea87":{"type":"line","id":"lk4s9nea87","color":"#85144b","size":10,"tool":"Pencil","time":1577699861320,"_children":[{"type":"child","parent":"lk4s9nea87","x":601,"y":236,"tool":"Pencil"},{"type":"child","parent":"lk4s9nea87","x":687,"y":235,"tool":"Pencil"},{"type":"child","parent":"lk4s9nea87","x":736,"y":247,"tool":"Pencil"},{"type":"child","parent":"lk4s9nea87","x":747,"y":293,"tool":"Pencil"},{"type":"child","parent":"lk4s9nea87","x":720,"y":379,"tool":"Pencil"},{"type":"child","parent":"lk4s9nea87","x":689,"y":420,"tool":"Pencil"},{"type":"child","parent":"lk4s9nea87","x":644,"y":421,"tool":"Pencil"},{"type":"child","parent":"lk4s9nea87","x":615,"y":393,"tool":"Pencil"},{"type":"child","parent":"lk4s9nea87","x":602,"y":363,"tool":"Pencil"},{"type":"child","parent":"lk4s9nea87","x":600,"y":345,"tool":"Pencil"},{"type":"child","parent":"lk4s9nea87","x":615,"y":328,"tool":"Pencil"},{"type":"child","parent":"lk4s9nea87","x":692,"y":315,"tool":"Pencil"},{"type":"child","parent":"lk4s9nea87","x":775,"y":315,"tool":"Pencil"},{"type":"child","parent":"lk4s9nea87","x":831,"y":315,"tool":"Pencil"},{"type":"child","parent":"lk4s9nea87","x":858,"y":318,"tool":"Pencil"},{"type":"child","parent":"lk4s9nea87","x":883,"y":244,"tool":"Pencil"},{"type":"child","parent":"lk4s9nea87","x":898,"y":196,"tool":"Pencil"},{"type":"child","parent":"lk4s9nea87","x":921,"y":197,"tool":"Pencil"},{"type":"child","parent":"lk4s9nea87","x":951,"y":225,"tool":"Pencil"},{"type":"child","parent":"lk4s9nea87","x":938,"y":264,"tool":"Pencil"},{"type":"child","parent":"lk4s9nea87","x":930,"y":295,"tool":"Pencil"},{"type":"child","parent":"lk4s9nea87","x":955,"y":331,"tool":"Pencil"},{"type":"child","parent":"lk4s9nea87","x":959,"y":354,"tool":"Pencil"},{"type":"child","parent":"lk4s9nea87","x":890,"y":371,"tool":"Pencil"},{"type":"child","parent":"lk4s9nea87","x":865,"y":330,"tool":"Pencil"},{"type":"child","parent":"lk4s9nea87","x":864,"y":312,"tool":"Pencil"},{"type":"child","parent":"lk4s9nea87","x":894,"y":480,"tool":"Pencil"},{"type":"child","parent":"lk4s9nea87","x":902,"y":572,"tool":"Pencil"},{"type":"child","parent":"lk4s9nea87","x":902,"y":582,"tool":"Pencil"},{"type":"child","parent":"lk4s9nea87","x":900,"y":583,"tool":"Pencil"},{"type":"child","parent":"lk4s9nea87","x":787,"y":557,"tool":"Pencil"},{"type":"child","parent":"lk4s9nea87","x":777,"y":544,"tool":"Pencil"},{"type":"child","parent":"lk4s9nea87","x":1058,"y":455,"tool":"Pencil"},{"type":"child","parent":"lk4s9nea87","x":1368,"y":424,"tool":"Pencil"},{"type":"child","parent":"lk4s9nea87","x":1362,"y":402,"tool":"Pencil"},{"type":"child","parent":"lk4s9nea87","x":1232,"y":359,"tool":"Pencil"},{"type":"child","parent":"lk4s9nea87","x":1174,"y":373,"tool":"Pencil"},{"type":"child","parent":"lk4s9nea87","x":1059,"y":610,"tool":"Pencil"},{"type":"child","parent":"lk4s9nea87","x":989,"y":731,"tool":"Pencil"},{"type":"child","parent":"lk4s9nea87","x":1042,"y":721,"tool":"Pencil"},{"type":"child","parent":"lk4s9nea87","x":1120,"y":717,"tool":"Pencil"},{"type":"child","parent":"lk4s9nea87","x":1136,"y":756,"tool":"Pencil"},{"type":"child","parent":"lk4s9nea87","x":1349,"y":699,"tool":"Pencil"},{"type":"child","parent":"lk4s9nea87","x":1323,"y":563,"tool":"Pencil"},{"type":"child","parent":"lk4s9nea87","x":1292,"y":561,"tool":"Pencil"}]}}