{"rjp450b49p":{"type":"rect","id":"rjp450b49p","color":"#b09513","size":10,"x":468,"y":160,"x2":827,"y2":346,"tool":"Rectangle"},"tjp450mqj9":{"type":"new","id":"tjp450mqj9","color":"#b09513","size":27,"x":516,"y":281,"tool":"Text","txt":"147.99"},"tjp450p36q":{"type":"new","id":"tjp450p36q","color":"#b09513","size":27,"x":516,"y":322,"tool":"Text","txt":""},"tjp450pmds":{"type":"new","id":"tjp450pmds","color":"#b09513","size":27,"x":1119,"y":350,"tool":"Text"},"tjp450qtlr":{"type":"new","id":"tjp450qtlr","color":"#b09513","size":27,"x":489,"y":282,"tool":"Text","txt":""},"tjp450ravm":{"type":"new","id":"tjp450ravm","color":"#b09513","size":27,"x":573,"y":431,"tool":"Text"},"tjp450z0jt":{"type":"new","id":"tjp450z0jt","color":"#b09513","size":27,"x":1122,"y":496,"tool":"Text","txt":""},"tjp450zm3q":{"type":"new","id":"tjp450zm3q","color":"#b09513","size":27,"x":1062,"y":509,"tool":"Text"},"tjp451frzj":{"type":"new","id":"tjp451frzj","color":"#b09513","size":27,"x":1140,"y":405,"tool":"Text"},"tjp451gwci":{"type":"new","id":"tjp451gwci","color":"#b09513","size":27,"x":1073,"y":304,"tool":"Text","txt":""},"tjp451jb1d":{"type":"new","id":"tjp451jb1d","color":"#b09513","size":27,"x":1012,"y":557,"tool":"Text"},"tjp451kngq":{"type":"new","id":"tjp451kngq","color":"#b09513","size":27,"x":1067,"y":552,"tool":"Text"},"tjp451mhpd":{"type":"new","id":"tjp451mhpd","color":"#b09513","size":27,"x":1088,"y":428,"tool":"Text","txt":""},"tjp451nq75":{"type":"new","id":"tjp451nq75","color":"#b09513","size":27,"x":1170,"y":503,"tool":"Text"},"tjp451qkfz":{"type":"new","id":"tjp451qkfz","color":"#b09513","size":27,"x":771,"y":517,"tool":"Text","txt":""},"ljp451yxn2":{"type":"line","id":"ljp451yxn2","color":"#b09513","size":28,"tool":"Pencil","_children":[{"type":"child","parent":"ljp451yxn2","x":596,"y":462,"tool":"Pencil"},{"type":"child","parent":"ljp451yxn2","x":582,"y":457,"tool":"Pencil"},{"type":"child","parent":"ljp451yxn2","x":478,"y":491,"tool":"Pencil"},{"type":"child","parent":"ljp451yxn2","x":505,"y":578,"tool":"Pencil"},{"type":"child","parent":"ljp451yxn2","x":647,"y":610,"tool":"Pencil"},{"type":"child","parent":"ljp451yxn2","x":799,"y":548,"tool":"Pencil"},{"type":"child","parent":"ljp451yxn2","x":810,"y":489,"tool":"Pencil"}]},"ljp4520lwg":{"type":"line","id":"ljp4520lwg","color":"#b09513","size":4,"tool":"Pencil","_children":[{"type":"child","parent":"ljp4520lwg","x":1045,"y":421,"tool":"Pencil"},{"type":"child","parent":"ljp4520lwg","x":940,"y":417,"tool":"Pencil"},{"type":"child","parent":"ljp4520lwg","x":773,"y":526,"tool":"Pencil"},{"type":"child","parent":"ljp4520lwg","x":852,"y":600,"tool":"Pencil"},{"type":"child","parent":"ljp4520lwg","x":1014,"y":528,"tool":"Pencil"},{"type":"child","parent":"ljp4520lwg","x":989,"y":411,"tool":"Pencil"},{"type":"child","parent":"ljp4520lwg","x":966,"y":405,"tool":"Pencil"}]}}