{"ljp1eu0p1a":{"type":"line","id":"ljp1eu0p1a","color":"#1913b0","size":"10","tool":"Pencil","_children":[{"type":"child","parent":"ljp1eu0p1a","x":361,"y":227,"tool":"Pencil"},{"type":"child","parent":"ljp1eu0p1a","x":360,"y":232,"tool":"Pencil"},{"type":"child","parent":"ljp1eu0p1a","x":360,"y":253,"tool":"Pencil"},{"type":"child","parent":"ljp1eu0p1a","x":361,"y":276,"tool":"Pencil"},{"type":"child","parent":"ljp1eu0p1a","x":362,"y":278,"tool":"Pencil"}]},"ljp1eu1mdx":{"type":"line","id":"ljp1eu1mdx","color":"#1913b0","size":"10","tool":"Pencil","_children":[{"type":"child","parent":"ljp1eu1mdx","x":395,"y":216,"tool":"Pencil"},{"type":"child","parent":"ljp1eu1mdx","x":395,"y":220,"tool":"Pencil"},{"type":"child","parent":"ljp1eu1mdx","x":395,"y":272,"tool":"Pencil"},{"type":"child","parent":"ljp1eu1mdx","x":397,"y":294,"tool":"Pencil"}]},"ljp1eu2b1z":{"type":"line","id":"ljp1eu2b1z","color":"#1913b0","size":"10","tool":"Pencil","_children":[{"type":"child","parent":"ljp1eu2b1z","x":349,"y":255,"tool":"Pencil"},{"type":"child","parent":"ljp1eu2b1z","x":359,"y":256,"tool":"Pencil"},{"type":"child","parent":"ljp1eu2b1z","x":398,"y":256,"tool":"Pencil"},{"type":"child","parent":"ljp1eu2b1z","x":406,"y":255,"tool":"Pencil"}]},"ljp1eu2tw4":{"type":"line","id":"ljp1eu2tw4","color":"#1913b0","size":"10","tool":"Pencil","_children":[{"type":"child","parent":"ljp1eu2tw4","x":424,"y":258,"tool":"Pencil"},{"type":"child","parent":"ljp1eu2tw4","x":427,"y":267,"tool":"Pencil"},{"type":"child","parent":"ljp1eu2tw4","x":429,"y":277,"tool":"Pencil"},{"type":"child","parent":"ljp1eu2tw4","x":429,"y":282,"tool":"Pencil"}]},"ljp1eu3bpc":{"type":"line","id":"ljp1eu3bpc","color":"#1913b0","size":"10","tool":"Pencil","_children":[{"type":"child","parent":"ljp1eu3bpc","x":414,"y":237,"tool":"Pencil"},{"type":"child","parent":"ljp1eu3bpc","x":414,"y":237,"tool":"Pencil"}]}}