{"ljp2k6icp4":{"type":"line","id":"ljp2k6icp4","color":"#1913b0","size":10,"tool":"Pencil","_children":[{"type":"child","parent":"ljp2k6icp4","x":363,"y":218,"tool":"Pencil"},{"type":"child","parent":"ljp2k6icp4","x":364,"y":218,"tool":"Pencil"},{"type":"child","parent":"ljp2k6icp4","x":432,"y":201,"tool":"Pencil"},{"type":"child","parent":"ljp2k6icp4","x":531,"y":244,"tool":"Pencil"},{"type":"child","parent":"ljp2k6icp4","x":594,"y":341,"tool":"Pencil"},{"type":"child","parent":"ljp2k6icp4","x":571,"y":366,"tool":"Pencil"},{"type":"child","parent":"ljp2k6icp4","x":484,"y":370,"tool":"Pencil"},{"type":"child","parent":"ljp2k6icp4","x":392,"y":346,"tool":"Pencil"},{"type":"child","parent":"ljp2k6icp4","x":360,"y":328,"tool":"Pencil"},{"type":"child","parent":"ljp2k6icp4","x":361,"y":277,"tool":"Pencil"},{"type":"child","parent":"ljp2k6icp4","x":366,"y":242,"tool":"Pencil"},{"type":"child","parent":"ljp2k6icp4","x":376,"y":232,"tool":"Pencil"},{"type":"child","parent":"ljp2k6icp4","x":388,"y":224,"tool":"Pencil"},{"type":"child","parent":"ljp2k6icp4","x":391,"y":222,"tool":"Pencil"},{"type":"child","parent":"ljp2k6icp4","x":391,"y":221,"tool":"Pencil"},{"type":"child","parent":"ljp2k6icp4","x":391,"y":221,"tool":"Pencil"},{"type":"child","parent":"ljp2k6icp4","x":391,"y":220,"tool":"Pencil"},{"type":"child","parent":"ljp2k6icp4","x":391,"y":220,"tool":"Pencil"},{"type":"child","parent":"ljp2k6icp4","x":391,"y":220,"tool":"Pencil"}]},"tjp2k6lfv9":{"type":"new","id":"tjp2k6lfv9","color":"#1913b0","size":27,"x":581,"y":248,"tool":"Text","txt":"ddd"},"tjp2k6nhdw":{"type":"new","id":"tjp2k6nhdw","color":"#1913b0","size":27,"x":957,"y":346,"tool":"Text","txt":""},"tjp2k6ozon":{"type":"new","id":"tjp2k6ozon","color":"#1913b0","size":27,"x":314,"y":374,"tool":"Text"},"tjp2k6pvpk":{"type":"new","id":"tjp2k6pvpk","color":"#1913b0","size":27,"x":741,"y":243,"tool":"Text","txt":"gggg"},"tjp2k6rnif":{"type":"new","id":"tjp2k6rnif","color":"#1913b0","size":27,"x":741,"y":284,"tool":"Text","txt":""},"tjp2k6sfwa":{"type":"new","id":"tjp2k6sfwa","color":"#1913b0","size":27,"x":433,"y":537,"tool":"Text","txt":"ffff"},"tjp2k6tzuh":{"type":"new","id":"tjp2k6tzuh","color":"#1913b0","size":27,"x":869,"y":447,"tool":"Text","txt":"dddd"},"tjp2k6vk7v":{"type":"new","id":"tjp2k6vk7v","color":"#1913b0","size":27,"x":661,"y":615,"tool":"Text","txt":"wtf"},"tjp2k6y2ua":{"type":"new","id":"tjp2k6y2ua","color":"#1913b0","size":27,"x":683,"y":558,"tool":"Text","txt":"fddd"}}