{"ljp1mvvpmh":{"type":"line","id":"ljp1mvvpmh","color":"#1913b0","size":10,"tool":"Pencil","_children":[{"type":"child","parent":"ljp1mvvpmh","x":465,"y":145,"tool":"Pencil"},{"type":"child","parent":"ljp1mvvpmh","x":431,"y":200,"tool":"Pencil"},{"type":"child","parent":"ljp1mvvpmh","x":422,"y":271,"tool":"Pencil"},{"type":"child","parent":"ljp1mvvpmh","x":500,"y":321,"tool":"Pencil"},{"type":"child","parent":"ljp1mvvpmh","x":717,"y":276,"tool":"Pencil"},{"type":"child","parent":"ljp1mvvpmh","x":747,"y":211,"tool":"Pencil"},{"type":"child","parent":"ljp1mvvpmh","x":713,"y":199,"tool":"Pencil"},{"type":"child","parent":"ljp1mvvpmh","x":688,"y":206,"tool":"Pencil"}]},"ljp1mvwmm3":{"type":"line","id":"ljp1mvwmm3","color":"#1913b0","size":10,"tool":"Pencil","_children":[{"type":"child","parent":"ljp1mvwmm3","x":773,"y":277,"tool":"Pencil"},{"type":"child","parent":"ljp1mvwmm3","x":790,"y":254,"tool":"Pencil"},{"type":"child","parent":"ljp1mvwmm3","x":822,"y":200,"tool":"Pencil"},{"type":"child","parent":"ljp1mvwmm3","x":863,"y":168,"tool":"Pencil"},{"type":"child","parent":"ljp1mvwmm3","x":1038,"y":133,"tool":"Pencil"},{"type":"child","parent":"ljp1mvwmm3","x":1194,"y":123,"tool":"Pencil"},{"type":"child","parent":"ljp1mvwmm3","x":1225,"y":128,"tool":"Pencil"},{"type":"child","parent":"ljp1mvwmm3","x":1245,"y":140,"tool":"Pencil"},{"type":"child","parent":"ljp1mvwmm3","x":1263,"y":160,"tool":"Pencil"},{"type":"child","parent":"ljp1mvwmm3","x":1268,"y":170,"tool":"Pencil"},{"type":"child","parent":"ljp1mvwmm3","x":1271,"y":187,"tool":"Pencil"},{"type":"child","parent":"ljp1mvwmm3","x":1271,"y":198,"tool":"Pencil"},{"type":"child","parent":"ljp1mvwmm3","x":1269,"y":208,"tool":"Pencil"},{"type":"child","parent":"ljp1mvwmm3","x":1266,"y":214,"tool":"Pencil"},{"type":"child","parent":"ljp1mvwmm3","x":1261,"y":222,"tool":"Pencil"},{"type":"child","parent":"ljp1mvwmm3","x":1248,"y":229,"tool":"Pencil"},{"type":"child","parent":"ljp1mvwmm3","x":1193,"y":243,"tool":"Pencil"},{"type":"child","parent":"ljp1mvwmm3","x":1066,"y":269,"tool":"Pencil"},{"type":"child","parent":"ljp1mvwmm3","x":1024,"y":280,"tool":"Pencil"},{"type":"child","parent":"ljp1mvwmm3","x":1002,"y":290,"tool":"Pencil"},{"type":"child","parent":"ljp1mvwmm3","x":979,"y":308,"tool":"Pencil"},{"type":"child","parent":"ljp1mvwmm3","x":964,"y":346,"tool":"Pencil"},{"type":"child","parent":"ljp1mvwmm3","x":985,"y":404,"tool":"Pencil"},{"type":"child","parent":"ljp1mvwmm3","x":1068,"y":460,"tool":"Pencil"},{"type":"child","parent":"ljp1mvwmm3","x":1310,"y":457,"tool":"Pencil"},{"type":"child","parent":"ljp1mvwmm3","x":1504,"y":376,"tool":"Pencil"},{"type":"child","parent":"ljp1mvwmm3","x":1524,"y":349,"tool":"Pencil"}]},"tjp1mvzhkp":{"type":"new","id":"tjp1mvzhkp","color":"#1913b0","size":27,"x":453,"y":436.5,"tool":"Text"},"tjp1mw0ayk":{"type":"new","id":"tjp1mw0ayk","color":"#1913b0","size":27,"x":393,"y":480.5,"tool":"Text"},"tjp1mw0y9r":{"type":"new","id":"tjp1mw0y9r","color":"#1913b0","size":27,"x":521,"y":497.5,"tool":"Text"},"sjp1mwaci8":{"type":"straight","id":"sjp1mwaci8","color":"#1913b0","size":10,"x":317,"y":407,"tool":"Straight line","x2":887,"y2":580},"sjp1mwaz90":{"type":"straight","id":"sjp1mwaz90","color":"#1913b0","size":10,"x":869,"y":460,"tool":"Straight line","x2":582,"y2":715},"sjp1mwbt2q":{"type":"straight","id":"sjp1mwbt2q","color":"#1913b0","size":10,"x":286,"y":504,"tool":"Straight line","x2":286,"y2":504},"rjp1mwcr1q":{"type":"rect","id":"rjp1mwcr1q","color":"#1913b0","size":10,"x":461,"y":390,"x2":1102,"y2":820,"tool":"Rectangle"},"lk2wv6eacz":{"type":"line","id":"lk2wv6eacz","color":"#85144b","size":10,"tool":"Pencil","time":1573624131367,"_children":[{"type":"child","parent":"lk2wv6eacz","x":678,"y":107,"tool":"Pencil"},{"type":"child","parent":"lk2wv6eacz","x":680,"y":108,"tool":"Pencil"},{"type":"child","parent":"lk2wv6eacz","x":730,"y":118,"tool":"Pencil"},{"type":"child","parent":"lk2wv6eacz","x":699,"y":140,"tool":"Pencil"},{"type":"child","parent":"lk2wv6eacz","x":720,"y":145,"tool":"Pencil"},{"type":"child","parent":"lk2wv6eacz","x":743,"y":154,"tool":"Pencil"},{"type":"child","parent":"lk2wv6eacz","x":734,"y":183,"tool":"Pencil"},{"type":"child","parent":"lk2wv6eacz","x":751,"y":192,"tool":"Pencil"},{"type":"child","parent":"lk2wv6eacz","x":751,"y":198,"tool":"Pencil"},{"type":"child","parent":"lk2wv6eacz","x":762,"y":215,"tool":"Pencil"},{"type":"child","parent":"lk2wv6eacz","x":762,"y":218,"tool":"Pencil"},{"type":"child","parent":"lk2wv6eacz","x":772,"y":240,"tool":"Pencil"},{"type":"child","parent":"lk2wv6eacz","x":772,"y":266,"tool":"Pencil"},{"type":"child","parent":"lk2wv6eacz","x":779,"y":297,"tool":"Pencil"},{"type":"child","parent":"lk2wv6eacz","x":775,"y":307,"tool":"Pencil"},{"type":"child","parent":"lk2wv6eacz","x":787,"y":335,"tool":"Pencil"},{"type":"child","parent":"lk2wv6eacz","x":780,"y":341,"tool":"Pencil"},{"type":"child","parent":"lk2wv6eacz","x":801,"y":363,"tool":"Pencil"},{"type":"child","parent":"lk2wv6eacz","x":802,"y":367,"tool":"Pencil"},{"type":"child","parent":"lk2wv6eacz","x":802,"y":372,"tool":"Pencil"}]},"lk2x85k1od":{"type":"line","id":"lk2x85k1od","color":"#85144b","size":10,"tool":"Pencil","time":1573645927333,"_children":[{"type":"child","parent":"lk2x85k1od","x":880,"y":27,"tool":"Pencil"},{"type":"child","parent":"lk2x85k1od","x":918,"y":53,"tool":"Pencil"},{"type":"child","parent":"lk2x85k1od","x":930,"y":77,"tool":"Pencil"},{"type":"child","parent":"lk2x85k1od","x":903,"y":124,"tool":"Pencil"},{"type":"child","parent":"lk2x85k1od","x":933,"y":166,"tool":"Pencil"},{"type":"child","parent":"lk2x85k1od","x":924,"y":195,"tool":"Pencil"},{"type":"child","parent":"lk2x85k1od","x":923,"y":250,"tool":"Pencil"},{"type":"child","parent":"lk2x85k1od","x":956,"y":295,"tool":"Pencil"},{"type":"child","parent":"lk2x85k1od","x":956,"y":300,"tool":"Pencil"}]},"lk2x85qvud":{"type":"line","id":"lk2x85qvud","color":"#7fdbff","size":10,"tool":"Pencil","time":1573645936175,"_children":[{"type":"child","parent":"lk2x85qvud","x":433,"y":53,"tool":"Pencil"},{"type":"child","parent":"lk2x85qvud","x":484,"y":71,"tool":"Pencil"},{"type":"child","parent":"lk2x85qvud","x":637,"y":121,"tool":"Pencil"},{"type":"child","parent":"lk2x85qvud","x":603,"y":175,"tool":"Pencil"},{"type":"child","parent":"lk2x85qvud","x":781,"y":229,"tool":"Pencil"},{"type":"child","parent":"lk2x85qvud","x":763,"y":268,"tool":"Pencil"},{"type":"child","parent":"lk2x85qvud","x":908,"y":342,"tool":"Pencil"},{"type":"child","parent":"lk2x85qvud","x":933,"y":376,"tool":"Pencil"},{"type":"child","parent":"lk2x85qvud","x":971,"y":401,"tool":"Pencil"}]}}