{"ljp25ueuzp":{"type":"line","id":"ljp25ueuzp","color":"#1913B0","size":"10","tool":"Pencil","_children":[{"type":"child","parent":"ljp25ueuzp","x":104,"y":158,"tool":"Pencil"},{"type":"child","parent":"ljp25ueuzp","x":120,"y":166,"tool":"Pencil"},{"type":"child","parent":"ljp25ueuzp","x":154,"y":211,"tool":"Pencil"},{"type":"child","parent":"ljp25ueuzp","x":180,"y":277,"tool":"Pencil"},{"type":"child","parent":"ljp25ueuzp","x":183,"y":326,"tool":"Pencil"},{"type":"child","parent":"ljp25ueuzp","x":183,"y":336,"tool":"Pencil"},{"type":"child","parent":"ljp25ueuzp","x":183,"y":318,"tool":"Pencil"},{"type":"child","parent":"ljp25ueuzp","x":172,"y":273,"tool":"Pencil"},{"type":"child","parent":"ljp25ueuzp","x":163,"y":231,"tool":"Pencil"},{"type":"child","parent":"ljp25ueuzp","x":186,"y":222,"tool":"Pencil"},{"type":"child","parent":"ljp25ueuzp","x":219,"y":234,"tool":"Pencil"},{"type":"child","parent":"ljp25ueuzp","x":239,"y":247,"tool":"Pencil"},{"type":"child","parent":"ljp25ueuzp","x":244,"y":251,"tool":"Pencil"}]}}