{"lk5edpyhd0":{"type":"line","id":"lk5edpyhd0","color":"#3d9970","size":10,"tool":"Pencil","time":1579036766222,"_children":[{"type":"child","parent":"lk5edpyhd0","x":310,"y":374,"tool":"Pencil"},{"type":"child","parent":"lk5edpyhd0","x":310,"y":372,"tool":"Pencil"},{"type":"child","parent":"lk5edpyhd0","x":350,"y":304,"tool":"Pencil"},{"type":"child","parent":"lk5edpyhd0","x":553,"y":336,"tool":"Pencil"},{"type":"child","parent":"lk5edpyhd0","x":544,"y":467,"tool":"Pencil"},{"type":"child","parent":"lk5edpyhd0","x":374,"y":493,"tool":"Pencil"},{"type":"child","parent":"lk5edpyhd0","x":311,"y":415,"tool":"Pencil"},{"type":"child","parent":"lk5edpyhd0","x":513,"y":364,"tool":"Pencil"},{"type":"child","parent":"lk5edpyhd0","x":664,"y":511,"tool":"Pencil"},{"type":"child","parent":"lk5edpyhd0","x":549,"y":553,"tool":"Pencil"},{"type":"child","parent":"lk5edpyhd0","x":464,"y":488,"tool":"Pencil"},{"type":"child","parent":"lk5edpyhd0","x":598,"y":489,"tool":"Pencil"},{"type":"child","parent":"lk5edpyhd0","x":740,"y":543,"tool":"Pencil"},{"type":"child","parent":"lk5edpyhd0","x":759,"y":525,"tool":"Pencil"},{"type":"child","parent":"lk5edpyhd0","x":770,"y":407,"tool":"Pencil"},{"type":"child","parent":"lk5edpyhd0","x":719,"y":311,"tool":"Pencil"},{"type":"child","parent":"lk5edpyhd0","x":608,"y":276,"tool":"Pencil"},{"type":"child","parent":"lk5edpyhd0","x":531,"y":342,"tool":"Pencil"},{"type":"child","parent":"lk5edpyhd0","x":493,"y":412,"tool":"Pencil"},{"type":"child","parent":"lk5edpyhd0","x":586,"y":516,"tool":"Pencil"},{"type":"child","parent":"lk5edpyhd0","x":812,"y":489,"tool":"Pencil"},{"type":"child","parent":"lk5edpyhd0","x":880,"y":357,"tool":"Pencil"},{"type":"child","parent":"lk5edpyhd0","x":774,"y":302,"tool":"Pencil"},{"type":"child","parent":"lk5edpyhd0","x":700,"y":293,"tool":"Pencil"},{"type":"child","parent":"lk5edpyhd0","x":683,"y":290,"tool":"Pencil"},{"type":"child","parent":"lk5edpyhd0","x":645,"y":260,"tool":"Pencil"},{"type":"child","parent":"lk5edpyhd0","x":552,"y":235,"tool":"Pencil"}]}}