{"lk8eixkomc":{"type":"line","id":"lk8eixkomc","color":"#ff4136","size":10,"tool":"Pencil","time":1585575866650,"_children":[{"type":"child","parent":"lk8eixkomc","x":596,"y":269,"tool":"Pencil"},{"type":"child","parent":"lk8eixkomc","x":576,"y":375,"tool":"Pencil"},{"type":"child","parent":"lk8eixkomc","x":575,"y":408,"tool":"Pencil"},{"type":"child","parent":"lk8eixkomc","x":571,"y":369,"tool":"Pencil"},{"type":"child","parent":"lk8eixkomc","x":545,"y":314,"tool":"Pencil"},{"type":"child","parent":"lk8eixkomc","x":525,"y":266,"tool":"Pencil"},{"type":"child","parent":"lk8eixkomc","x":536,"y":261,"tool":"Pencil"},{"type":"child","parent":"lk8eixkomc","x":611,"y":259,"tool":"Pencil"},{"type":"child","parent":"lk8eixkomc","x":661,"y":260,"tool":"Pencil"},{"type":"child","parent":"lk8eixkomc","x":663,"y":261,"tool":"Pencil"}]},"lk8eixlnau":{"type":"line","id":"lk8eixlnau","color":"#ff4136","size":10,"tool":"Pencil","time":1585575867903,"_children":[{"type":"child","parent":"lk8eixlnau","x":625,"y":366,"tool":"Pencil"},{"type":"child","parent":"lk8eixlnau","x":648,"y":373,"tool":"Pencil"},{"type":"child","parent":"lk8eixlnau","x":689,"y":355,"tool":"Pencil"},{"type":"child","parent":"lk8eixlnau","x":703,"y":335,"tool":"Pencil"},{"type":"child","parent":"lk8eixlnau","x":656,"y":337,"tool":"Pencil"},{"type":"child","parent":"lk8eixlnau","x":610,"y":383,"tool":"Pencil"},{"type":"child","parent":"lk8eixlnau","x":625,"y":411,"tool":"Pencil"},{"type":"child","parent":"lk8eixlnau","x":659,"y":411,"tool":"Pencil"},{"type":"child","parent":"lk8eixlnau","x":661,"y":411,"tool":"Pencil"}]},"lk8eixmbpl":{"type":"line","id":"lk8eixmbpl","color":"#ff4136","size":10,"tool":"Pencil","time":1585575868785,"_children":[{"type":"child","parent":"lk8eixmbpl","x":771,"y":349,"tool":"Pencil"},{"type":"child","parent":"lk8eixmbpl","x":737,"y":351,"tool":"Pencil"},{"type":"child","parent":"lk8eixmbpl","x":717,"y":361,"tool":"Pencil"},{"type":"child","parent":"lk8eixmbpl","x":745,"y":386,"tool":"Pencil"},{"type":"child","parent":"lk8eixmbpl","x":748,"y":400,"tool":"Pencil"},{"type":"child","parent":"lk8eixmbpl","x":707,"y":412,"tool":"Pencil"},{"type":"child","parent":"lk8eixmbpl","x":703,"y":412,"tool":"Pencil"}]},"lk8eixmwpu":{"type":"line","id":"lk8eixmwpu","color":"#ff4136","size":10,"tool":"Pencil","time":1585575869541,"_children":[{"type":"child","parent":"lk8eixmwpu","x":823,"y":278,"tool":"Pencil"},{"type":"child","parent":"lk8eixmwpu","x":811,"y":315,"tool":"Pencil"},{"type":"child","parent":"lk8eixmwpu","x":792,"y":388,"tool":"Pencil"},{"type":"child","parent":"lk8eixmwpu","x":810,"y":421,"tool":"Pencil"},{"type":"child","parent":"lk8eixmwpu","x":842,"y":413,"tool":"Pencil"}]},"lk8eixnayf":{"type":"line","id":"lk8eixnayf","color":"#ff4136","size":10,"tool":"Pencil","time":1585575870044,"_children":[{"type":"child","parent":"lk8eixnayf","x":781,"y":335,"tool":"Pencil"},{"type":"child","parent":"lk8eixnayf","x":813,"y":332,"tool":"Pencil"},{"type":"child","parent":"lk8eixnayf","x":843,"y":328,"tool":"Pencil"}]},"lk8ej4znn3":{"type":"line","id":"lk8ej4znn3","color":"#ff4136","size":10,"tool":"Pencil","time":1585576212649,"_children":[{"type":"child","parent":"lk8ej4znn3","x":1026,"y":523,"tool":"Pencil"},{"type":"child","parent":"lk8ej4znn3","x":1016,"y":529,"tool":"Pencil"},{"type":"child","parent":"lk8ej4znn3","x":1032,"y":571,"tool":"Pencil"},{"type":"child","parent":"lk8ej4znn3","x":1101,"y":553,"tool":"Pencil"},{"type":"child","parent":"lk8ej4znn3","x":1121,"y":533,"tool":"Pencil"},{"type":"child","parent":"lk8ej4znn3","x":1073,"y":526,"tool":"Pencil"},{"type":"child","parent":"lk8ej4znn3","x":1064,"y":558,"tool":"Pencil"},{"type":"child","parent":"lk8ej4znn3","x":1120,"y":539,"tool":"Pencil"},{"type":"child","parent":"lk8ej4znn3","x":1138,"y":509,"tool":"Pencil"},{"type":"child","parent":"lk8ej4znn3","x":1133,"y":507,"tool":"Pencil"},{"type":"child","parent":"lk8ej4znn3","x":1157,"y":531,"tool":"Pencil"},{"type":"child","parent":"lk8ej4znn3","x":1210,"y":516,"tool":"Pencil"},{"type":"child","parent":"lk8ej4znn3","x":1212,"y":515,"tool":"Pencil"},{"type":"child","parent":"lk8ej4znn3","x":1210,"y":519,"tool":"Pencil"}]}}